/*tag1.0 start*/
/*==============================================================*/
/* Table: fw_attachment                                         */
/*==============================================================*/
create table fw_attachment (
   id                   char(32)             not null,
   id_owner             char(32)             null,
   path                 varchar(200)         null,
   serverFilename       varchar(200)         null,
   sourceFilename       varchar(200)         null,
   fileNum              int                  null,
   fileSize             varchar(50)          null,
   fileKind             varchar(20)          null,
   status               char(1)              null,
   ft                   char(19)             null,
   lt                   char(19)             null,
   fu                   char(32)             null,
   lu                   char(32)             null
)
go

alter table fw_attachment
   add constraint PK_FW_ATTACHMENT primary key nonclustered (id)
go

/*==============================================================*/
/* Table: fw_attachmentconfig                                   */
/*==============================================================*/
create table fw_attachmentconfig (
   id                   char(32)             not null,
   code                 varchar(50)          null,
   saveDir              varchar(200)         null,
   dirLevel             int                  null,
   fileSize             int                  null,
   fileCount            int                  null,
   extension            varchar(200)         null,
   description          varchar(200)         null,
   ft                   char(19)             null,
   lt                   char(19)             null,
   fu                   char(32)             null,
   lu                   char(32)             null
)
go

alter table fw_attachmentconfig
   add constraint PK_FW_ATTACHMENTCONFIG primary key nonclustered (id)
go

/*==============================================================*/
/* Table: fw_attachmentsetting                                  */
/*==============================================================*/
create table fw_attachmentsetting (
   id                   char(32)             not null,
   limitFileExtention   varchar(500)         null,
   ft                   char(19)             null,
   lt                   char(19)             null,
   fu                   char(32)             null,
   lu                   char(32)             null
)
go

alter table fw_attachmentsetting
   add constraint PK_FW_ATTACHMENTSETTING primary key nonclustered (id)
go

insert into fw_attachmentsetting(id,limitFileExtention,ft,fu) values('20120529172911015406605916273091','','2012-05-29 17:29:11','20120507134700000110225236178825');
insert into fw_attachmentconfig(id,code,saveDir,dirLevel,extension,description,ft,fu) values('20120529172911031725770385248824','default','K:\temp',1,'','','2012-05-29 17:29:11','20120507134700000110225236178825');
/*tag1.0 end*/
/*tag1.0.8 start*/
insert into fw_attachmentconfig(id,code,saveDir,dirLevel,fileSize,fileCount,extension,description,ft,lt,fu,lu) values('20130413143416257473632078172989','fw_ueditor','f:/temp','1',null,null,'','','2013-04-13 14:34:16',null,'20120507134700000110225236178825',null);
/*tag1.0.8 end*/

/*tag1.0 start*/
/*==============================================================*/
/* Table: bd_applicationgroup                                   */
/*==============================================================*/
create table bd_applicationgroup (
   id                   char(32)             not null,
   id_user              char(32)             not null,
   name                 varchar(200)         null,
   num                  int                  null,
   defaultFlag          char(1)              null,
   delFlag              char(1)              null,
   editableFlag         char(1)              null,
   ft                   char(19)             null,
   lt                   char(19)             null,
   fu                   char(32)             null,
   lu                   char(32)             null
)
go

alter table bd_applicationgroup
   add constraint PK_BD_APPLICATIONGROUP primary key nonclustered (id)
go

/*==============================================================*/
/* Table: bd_classcurriculum                                    */
/*==============================================================*/
create table bd_classcurriculum (
   id                   char(32)             not null,
   id_eclass            char(32)             null,
   id_course            char(32)             null,
   id_teacher           char(32)             null,
   id_classroom         char(32)             null,
   weekNumber           int                  null,
   dayOfWeek            int                  null,
   lessonNumber         int                  null,
   startTime            char(5)              null,
   endTime              char(5)              null,
   ft                   char(19)             null,
   lt                   char(19)             null,
   fu                   char(32)             null,
   lu                   char(32)             null
)
go

alter table bd_classcurriculum
   add constraint PK_BD_CLASSCURRICULUM primary key nonclustered (id)
go

/*==============================================================*/
/* Table: bd_classcurriculumchange                              */
/*==============================================================*/
create table bd_classcurriculumchange (
   id                   char(32)             not null,
   id_eclass            char(32)             null,
   id_fromcourse        char(32)             null,
   id_fromteacher       char(32)             null,
   id_tocourse          char(32)             null,
   id_toteacher         char(32)             null,
   weekNumber           int                  null,
   dayOfWeek            int                  null,
   lessonNumber         int                  null,
   startTime            char(5)              null,
   endTime              char(5)              null,
   reasonDict           varchar(20)          null,
   description          varchar(200)         null,
   ft                   char(19)             null,
   lt                   char(19)             null,
   fu                   char(32)             null,
   lu                   char(32)             null
)
go

alter table bd_classcurriculumchange
   add constraint PK_BD_CLASSCURRICULUMCHANGE primary key nonclustered (id)
go

/*==============================================================*/
/* Table: bd_classroom                                          */
/*==============================================================*/
create table bd_classroom (
   id                   char(32)             not null,
   id_school            char(32)             null,
   code                 varchar(20)          null,
   name                 varchar(100)         null,
   position             varchar(200)         null,
   capacity             int                  null,
   status               char(1)              null,
   kindDict             varchar(20)          null,
   ft                   char(19)             null,
   lt                   char(19)             null,
   fu                   char(32)             null,
   lu                   char(32)             null
)
go

alter table bd_classroom
   add constraint PK_BD_CLASSROOM primary key nonclustered (id)
go

/*==============================================================*/
/* Table: bd_classroomcourse                                    */
/*==============================================================*/
create table bd_classroomcourse (
   id                   char(32)             not null,
   id_classroom         char(32)             null,
   id_eclass            char(32)             null,
   id_course            char(32)             null,
   ft                   char(19)             null,
   lt                   char(19)             null,
   fu                   char(32)             null,
   lu                   char(32)             null
)
go

alter table bd_classroomcourse
   add constraint PK_BD_CLASSROOMCOURSE primary key nonclustered (id)
go

/*==============================================================*/
/* Table: bd_classroomseat                                      */
/*==============================================================*/
create table bd_classroomseat (
   id                   char(32)             not null,
   id_classroom         char(32)             null,
   seatCode             varchar(10)          null,
   lineNum              int                  null,
   colNum               int                  null,
   ft                   char(19)             null,
   lt                   char(19)             null,
   fu                   char(32)             null,
   lu                   char(32)             null
)
go

alter table bd_classroomseat
   add constraint PK_BD_CLASSROOMSEAT primary key nonclustered (id)
go

/*==============================================================*/
/* Table: bd_classstudent                                       */
/*==============================================================*/
create table bd_classstudent (
   id                   char(32)             not null,
   id_eclass            char(32)             null,
   id_student           char(32)             null,
   ft                   char(19)             null,
   lt                   char(19)             null,
   fu                   char(32)             null,
   lu                   char(32)             null
)
go

alter table bd_classstudent
   add constraint PK_BD_CLASSSTUDENT primary key nonclustered (id)
go

/*==============================================================*/
/* Table: bd_configitem_configresult                            */
/*==============================================================*/
create table bd_configitem_configresult (
   id_configurationitem char(32)             not null,
   id_configurationresult char(32)             not null
)
go

alter table bd_configitem_configresult
   add constraint PK_BD_CONFIGITEM_CONFIGRESULT primary key nonclustered (id_configurationitem, id_configurationresult)
go

/*==============================================================*/
/* Table: bd_configuration                                      */
/*==============================================================*/
create table bd_configuration (
   id                   char(32)             not null,
   id_module            char(32)             null,
   kind                 char(1)              null,
   configurationMode    char(1)              null,
   name                 varchar(50)          null,
   code                 varchar(50)          null,
   description          varchar(200)         null,
   visibleFlag          char(1)              null,
   ft                   char(19)             null,
   lt                   char(19)             null,
   fu                   char(32)             null,
   lu                   char(32)             null
)
go

alter table bd_configuration
   add constraint PK_BD_CONFIGURATION primary key nonclustered (id)
go

/*==============================================================*/
/* Table: bd_configurationitem                                  */
/*==============================================================*/
create table bd_configurationitem (
   id                   char(32)             not null,
   id_configuration     char(32)             null,
   name                 varchar(50)          null,
   value                varchar(50)          null,
   defaultFlag          char(1)              null,
   ft                   char(19)             null,
   lt                   char(19)             null,
   fu                   char(32)             null,
   lu                   char(32)             null
)
go

alter table bd_configurationitem
   add constraint PK_BD_CONFIGURATIONITEM primary key nonclustered (id)
go

/*==============================================================*/
/* Table: bd_configurationresult                                */
/*==============================================================*/
create table bd_configurationresult (
   id                   char(32)             not null,
   id_configuration     char(32)             null,
   id_user              char(32)             null,
   customValue          varchar(50)          null,
   ft                   char(19)             null,
   lt                   char(19)             null,
   fu                   char(32)             null,
   lu                   char(32)             null
)
go

alter table bd_configurationresult
   add constraint PK_BD_CONFIGURATIONRESULT primary key nonclustered (id)
go

/*==============================================================*/
/* Table: bd_course                                             */
/*==============================================================*/
create table bd_course (
   id                   char(32)             not null,
   id_subject           char(32)             null,
   name                 varchar(200)         null,
   shortName            varchar(10)          null,
   displayName_en       varchar(200)         null,
   num                  int                  null,
   displayName_zh       varchar(200)         null,
   courseKindDict       varchar(20)          null,
   directionDict        varchar(20)          null,
   enableFlag           char(1)              null,
   ft                   char(19)             null,
   lt                   char(19)             null,
   fu                   char(32)             null,
   lu                   char(32)             null
)
go

alter table bd_course
   add constraint PK_BD_COURSE primary key nonclustered (id)
go

/*==============================================================*/
/* Table: bd_datascopeclass                                     */
/*==============================================================*/
create table bd_datascopeclass (
   id                   char(32)             not null,
   name                 varchar(20)          null,
   code                 varchar(20)          null,
   classPath            varchar(200)         null,
   num                  int                  null,
   description          varchar(200)         null,
   ft                   char(19)             null,
   lt                   char(19)             null,
   fu                   char(32)             null,
   lu                   char(32)             null
)
go

alter table bd_datascopeclass
   add constraint PK_BD_DATASCOPECLASS primary key nonclustered (id)
go

/*==============================================================*/
/* Table: bd_department                                         */
/*==============================================================*/
create table bd_department (
   id                   char(32)             not null,
   id_parent            char(32)             null,
   id_school            char(32)             null,
   name                 varchar(100)         null,
   num                  int                  null,
   departmentKind       char(1)              null,
   enableFlag           char(1)              null,
   ft                   char(19)             null,
   lt                   char(19)             null,
   fu                   char(32)             null,
   lu                   char(32)             null
)
go

alter table bd_department
   add constraint PK_BD_DEPARTMENT primary key nonclustered (id)
go

/*==============================================================*/
/* Table: bd_departmentposition                                 */
/*==============================================================*/
create table bd_departmentposition (
   id                   char(32)             not null,
   id_department        char(32)             null,
   id_position          char(32)             null,
   ft                   char(19)             null,
   lt                   char(19)             null,
   fu                   char(32)             null,
   lu                   char(32)             null
)
go

alter table bd_departmentposition
   add constraint PK_BD_DEPARTMENTPOSITION primary key nonclustered (id)
go

/*==============================================================*/
/* Table: bd_departmentscope                                    */
/*==============================================================*/
create table bd_departmentscope (
   id                   char(32)             not null,
   id_school            char(32)             null,
   id_department        char(32)             null,
   id_grade             char(32)             null,
   id_course            char(32)             null,
   ft                   char(19)             null,
   lt                   char(19)             null,
   fu                   char(32)             null,
   lu                   char(32)             null
)
go

alter table bd_departmentscope
   add constraint PK_BD_DEPARTMENTSCOPE primary key nonclustered (id)
go

/*==============================================================*/
/* Table: bd_departmentuser                                     */
/*==============================================================*/
create table bd_departmentuser (
   id                   char(32)             not null,
   id_department        char(32)             null,
   id_user              char(32)             null,
   headerFlag           char(1)              null,
   ft                   char(19)             null,
   lt                   char(19)             null,
   fu                   char(32)             null,
   lu                   char(32)             null
)
go

alter table bd_departmentuser
   add constraint PK_BD_DEPARTMENTUSER primary key nonclustered (id)
go

/*==============================================================*/
/* Table: bd_dictionary                                         */
/*==============================================================*/
create table bd_dictionary (
   id                   char(32)             not null,
   name                 varchar(200)         null,
   code                 varchar(20)          null,
   description          varchar(200)         null,
   kind                 char(1)              null,
   enableFlag           char(1)              null,
   editableFlag         char(1)              null,
   systemFlag           char(1)              null,
   ft                   char(19)             null,
   lt                   char(19)             null,
   fu                   char(32)             null,
   lu                   char(32)             null
)
go

alter table bd_dictionary
   add constraint PK_BD_DICTIONARY primary key nonclustered (id)
go

/*==============================================================*/
/* Table: bd_dictionaryvalue                                    */
/*==============================================================*/
create table bd_dictionaryvalue (
   id                   char(32)             not null,
   id_dictionary        char(32)             null,
   id_parent            char(32)             null,
   code                 varchar(20)          null,
   value                varchar(50)          null,
   valueI18n            varchar(200)         null,
   num                  int                  null,
   description          varchar(200)         null,
   enableFlag           char(1)              null,
   editableFlag         char(1)              null,
   systemFlag           char(1)              null,
   ft                   char(19)             null,
   lt                   char(19)             null,
   fu                   char(32)             null,
   lu                   char(32)             null
)
go

alter table bd_dictionaryvalue
   add constraint PK_BD_DICTIONARYVALUE primary key nonclustered (id)
go

/*==============================================================*/
/* Table: bd_dividescore                                        */
/*==============================================================*/
create table bd_dividescore (
   id                   char(32)             not null,
   id_student           char(32)             null,
   divideScore          int                  null,
   lu                   char(32)             null,
   fu                   char(32)             null,
   lt                   char(19)             null,
   ft                   char(19)             null
)
go

alter table bd_dividescore
   add constraint PK_BD_DIVIDESCORE primary key nonclustered (id)
go

/*==============================================================*/
/* Table: bd_eclass                                             */
/*==============================================================*/
create table bd_eclass (
   id                   char(32)             not null,
   uniqueCode           char(32)             null,
   id_schoolterm        char(32)             null,
   id_period            char(32)             null,
   id_school            char(32)             null,
   id_grade             char(32)             null,
   id_course            char(32)             null,
   num                  int                  null,
   name                 varchar(50)          null,
   classCode            varchar(20)          null,
   id_classteacher      char(32)             null,
   id_classteacher2     char(32)             null,
   classKindDict        varchar(20)          null,
   character1Dict       varchar(20)          null,
   character2Kind       char(1)              null,
   quantity             int                  null,
   enableFlag           char(1)              null,
   graduatedFlag        char(1)              null,
   englishName          varchar(50)          null,
   ft                   char(19)             null,
   lt                   char(19)             null,
   fu                   char(32)             null,
   lu                   char(32)             null
)
go

alter table bd_eclass
   add constraint PK_BD_ECLASS primary key nonclustered (id)
go

/*==============================================================*/
/* Table: bd_eclassteachingmaterial                             */
/*==============================================================*/
create table bd_eclassteachingmaterial (
   id                   char(32)             not null,
   id_schoolterm        char(32)             null,
   id_eclass            char(32)             null,
   id_teachingmaterial  char(32)             null,
   lu                   char(32)             null,
   fu                   char(32)             null,
   lt                   char(19)             null,
   ft                   char(19)             null
)
go

alter table bd_eclassteachingmaterial
   add constraint PK_BD_ECLASSTEACHINGMATERIAL primary key nonclustered (id)
go

/*==============================================================*/
/* Table: bd_grade                                              */
/*==============================================================*/
create table bd_grade (
   id                   char(32)             not null,
   num                  int                  null,
   name                 varchar(20)          null,
   shortName            varchar(100)         null,
   enableFlag           char(1)              null,
   englishName          varchar(50)          null,
   ft                   char(19)             null,
   lt                   char(19)             null,
   fu                   char(32)             null,
   lu                   char(32)             null
)
go

alter table bd_grade
   add constraint PK_BD_GRADE primary key nonclustered (id)
go

/*==============================================================*/
/* Table: bd_gradecourse                                        */
/*==============================================================*/
create table bd_gradecourse (
   id                   char(32)             not null,
   id_schoolterm        char(32)             null,
   id_school            char(32)             null,
   id_grade             char(32)             null,
   id_course            char(32)             null,
   characterDict        varchar(20)          null,
   ft                   char(19)             null,
   lt                   char(19)             null,
   fu                   char(32)             null,
   lu                   char(32)             null
)
go

alter table bd_gradecourse
   add constraint PK_BD_GRADECOURSE primary key nonclustered (id)
go

/*==============================================================*/
/* Table: bd_gradeteachingmaterial                              */
/*==============================================================*/
create table bd_gradeteachingmaterial (
   id                   char(32)             not null,
   id_schoolterm        char(32)             null,
   id_grade             char(32)             null,
   id_teachingmaterial  char(32)             null,
   quantity             int                  null,
   lu                   char(32)             null,
   fu                   char(32)             null,
   lt                   char(19)             null,
   ft                   char(19)             null
)
go

alter table bd_gradeteachingmaterial
   add constraint PK_BD_GRADETEACHINGMATERIAL primary key nonclustered (id)
go

/*==============================================================*/
/* Table: bd_groupapplication                                   */
/*==============================================================*/
create table bd_groupapplication (
   id                   char(32)             not null,
   id_operation         char(32)             null,
   id_applicationgroup  char(32)             null,
   num                  int                  null,
   name                 varchar(200)         null,
   url                  varchar(200)         null,
   openMode             char(1)              null,
   icon                 varchar(100)         null,
   statusFlag           char(1)              null,
   ft                   char(19)             null,
   lt                   char(19)             null,
   fu                   char(32)             null,
   lu                   char(32)             null
)
go

alter table bd_groupapplication
   add constraint PK_BD_GROUPAPPLICATION primary key nonclustered (id)
go

/*==============================================================*/
/* Table: bd_integrationcourse                                  */
/*==============================================================*/
create table bd_integrationcourse (
   id                   char(32)             not null,
   id_course            char(32)             null,
   id_schoolterm        char(32)             null,
   lessonQuantity       int                  null,
   ft                   char(19)             null,
   lt                   char(19)             null,
   fu                   char(32)             null,
   lu                   char(32)             null
)
go

alter table bd_integrationcourse
   add constraint PK_BD_INTEGRATIONCOURSE primary key nonclustered (id)
go

/*==============================================================*/
/* Table: bd_integrationcourseeclass                            */
/*==============================================================*/
create table bd_integrationcourseeclass (
   id                   char(32)             not null,
   id_eclass            char(32)             null,
   id_integrationcourse char(32)             null,
   ft                   char(19)             null,
   lt                   char(19)             null,
   fu                   char(32)             null,
   lu                   char(32)             null
)
go

alter table bd_integrationcourseeclass
   add constraint PK_BD_INTEGRATIONCOURSEECLASS primary key nonclustered (id)
go

/*==============================================================*/
/* Table: bd_integrationcourseteacher                           */
/*==============================================================*/
create table bd_integrationcourseteacher (
   id                   char(32)             not null,
   id_teacher           char(32)             null,
   id_integrationcourse char(32)             null,
   ft                   char(19)             null,
   lt                   char(19)             null,
   fu                   char(32)             null,
   lu                   char(32)             null
)
go

alter table bd_integrationcourseteacher
   add constraint PK_BD_INTEGRATIONCOURSETEACHER primary key nonclustered (id)
go

/*==============================================================*/
/* Table: bd_knowledgepoint                                     */
/*==============================================================*/
create table bd_knowledgepoint (
   id                   char(32)             not null,
   id_parent            char(32)             null,
   id_course            char(32)             null,
   name                 varchar(100)         null,
   num                  int                  null,
   type                 char(1)              null,
   lu                   char(32)             null,
   fu                   char(32)             null,
   lt                   char(19)             null,
   ft                   char(19)             null
)
go

alter table bd_knowledgepoint
   add constraint PK_BD_KNOWLEDGEPOINT primary key nonclustered (id)
go

/*==============================================================*/
/* Table: bd_lessonquantitychange                               */
/*==============================================================*/
create table bd_lessonquantitychange (
   id                   char(32)             not null,
   id_user              char(32)             null,
   id_teacher           char(32)             null,
   changeQuantity       int                  null,
   changeDate           char(19)             null,
   note                 varchar(1000)        null,
   ft                   char(19)             null,
   lt                   char(19)             null,
   fu                   char(32)             null,
   lu                   char(32)             null
)
go

alter table bd_lessonquantitychange
   add constraint PK_BD_LESSONQUANTITYCHANGE primary key nonclustered (id)
go

/*==============================================================*/
/* Table: bd_message                                            */
/*==============================================================*/
create table bd_message (
   id                   char(32)             not null,
   id_senduser          char(32)             null,
   sendTime             char(19)             null,
   kind                 varchar(20)          null,
   title                varchar(100)         null,
   content              text                 null,
   hrefName             varchar(100)         null,
   hrefAddress          varchar(200)         null,
   deleteFlag           char(1)              null,
   clientRemindFlag     char(1)              null,
   id_source            char(32)             null,
   fedbackFlag          char(1)              null,
   classAddress         varchar(200)         null,
   methodName           varchar(100)         null,
   ft                   char(19)             null,
   lt                   char(19)             null,
   fu                   char(32)             null,
   lu                   char(32)             null
)
go

alter table bd_message
   add constraint PK_BD_MESSAGE primary key nonclustered (id)
go

/*==============================================================*/
/* Table: bd_module                                             */
/*==============================================================*/
create table bd_module (
   id                   char(32)             not null,
   name                 varchar(20)          null,
   nameI18n             varchar(50)          null,
   code                 varchar(20)          null,
   num                  int                  null,
   deployFlag           char(1)              null,
   ft                   char(19)             null,
   lt                   char(19)             null,
   fu                   char(32)             null,
   lu                   char(32)             null
)
go

alter table bd_module
   add constraint PK_BD_MODULE primary key nonclustered (id)
go

/*==============================================================*/
/* Table: bd_operation                                          */
/*==============================================================*/
create table bd_operation (
   id                   char(32)             not null,
   id_module            char(32)             null,
   id_parent            char(32)             null,
   name                 varchar(100)         null,
   nameI18n             varchar(200)         null,
   code                 varchar(200)         null,
   operationDict        varchar(20)          null,
   customTypeDict       varchar(20)          null,
   url                  varchar(200)         null,
   openMode             char(1)              null,
   datascopeFlag        char(1)              null,
   num                  int                  null,
   icon                 varchar(200)         null,
   winHeight            varchar(20)          null,
   winWidth             varchar(20)          null,
   description          varchar(200)         null,
   ft                   char(19)             null,
   lt                   char(19)             null,
   fu                   char(32)             null,
   lu                   char(32)             null
)
go

alter table bd_operation
   add constraint PK_BD_OPERATION primary key nonclustered (id)
go

/*==============================================================*/
/* Table: bd_operationlog                                       */
/*==============================================================*/
create table bd_operationlog (
   id                   char(32)             not null,
   id_operation         char(32)             null,
   id_user              char(32)             null,
   operationTime        char(19)             null,
   loginIP              char(15)             null,
   computerName         varchar(50)          null,
   operationDict        varchar(20)          null,
   moduleCode           varchar(20)          null,
   descriptioni18n      text                 null,
   ft                   char(19)             null,
   lt                   char(19)             null,
   fu                   char(32)             null,
   lu                   char(32)             null
)
go

alter table bd_operationlog
   add constraint PK_BD_OPERATIONLOG primary key nonclustered (id)
go

/*==============================================================*/
/* Table: bd_parent                                             */
/*==============================================================*/
create table bd_parent (
   id                   char(32)             not null,
   name                 varchar(50)          null,
   pinyin               varchar(50)          null,
   displayName          varchar(50)          null,
   cardKindDict         varchar(20)          null,
   cardCode             varchar(50)          null,
   ft                   char(19)             null,
   lt                   char(19)             null,
   fu                   char(32)             null,
   lu                   char(32)             null
)
go

alter table bd_parent
   add constraint PK_BD_PARENT primary key nonclustered (id)
go

/*==============================================================*/
/* Table: bd_period                                             */
/*==============================================================*/
create table bd_period (
   id                   char(32)             not null,
   name                 varchar(20)          null,
   startDate            char(10)             null,
   endDate              char(10)             null,
   periodKindDict       varchar(20)          null,
   ft                   char(19)             null,
   lt                   char(19)             null,
   fu                   char(32)             null,
   lu                   char(32)             null
)
go

alter table bd_period
   add constraint PK_BD_PERIOD primary key nonclustered (id)
go

/*==============================================================*/
/* Table: bd_position                                           */
/*==============================================================*/
create table bd_position (
   id                   char(32)             not null,
   name                 varchar(100)         null,
   code                 varchar(200)         null,
   num                  int                  null,
   systemFlag           char(1)              null,
   enableFlag           char(1)              null,
   positionDict         varchar(20)          null,
   ft                   char(19)             null,
   lt                   char(19)             null,
   fu                   char(32)             null,
   lu                   char(32)             null
)
go

alter table bd_position
   add constraint PK_BD_POSITION primary key nonclustered (id)
go

/*==============================================================*/
/* Table: bd_positionchange                                     */
/*==============================================================*/
create table bd_positionchange (
   id                   char(32)             not null,
   id_schoolterm        char(32)             null,
   id_user              char(32)             null,
   id_fromdepartment    char(32)             null,
   id_todepartment      char(32)             null,
   id_fromposition      char(32)             null,
   id_toposition        char(32)             null,
   occurDate            char(10)             null,
   reason               varchar(50)          null,
   discription          varchar(200)         null,
   ft                   char(19)             null,
   lt                   char(19)             null,
   fu                   char(32)             null,
   lu                   char(32)             null
)
go

alter table bd_positionchange
   add constraint PK_BD_POSITIONCHANGE primary key nonclustered (id)
go

/*==============================================================*/
/* Table: bd_postionprivilege                                   */
/*==============================================================*/
create table bd_postionprivilege (
   id_position          char(32)             not null,
   id_privilege         char(32)             not null
)
go

alter table bd_postionprivilege
   add constraint PK_BD_POSTIONPRIVILEGE primary key nonclustered (id_position, id_privilege)
go

/*==============================================================*/
/* Table: bd_privatedepartment                                  */
/*==============================================================*/
create table bd_privatedepartment (
   id                   char(32)             not null,
   id_teacher           char(32)             null,
   name                 varchar(200)         null,
   num                  int                  null,
   ft                   char(19)             null,
   lt                   char(19)             null,
   fu                   char(32)             null,
   lu                   char(32)             null
)
go

alter table bd_privatedepartment
   add constraint PK_BD_PRIVATEDEPARTMENT primary key nonclustered (id)
go

/*==============================================================*/
/* Table: bd_privatedepartmentteacher                           */
/*==============================================================*/
create table bd_privatedepartmentteacher (
   id                   char(32)             not null,
   id_privatedepartment char(32)             null,
   id_teacher           char(32)             null,
   ft                   char(19)             null,
   lt                   char(19)             null,
   fu                   char(32)             null,
   lu                   char(32)             null
)
go

alter table bd_privatedepartmentteacher
   add constraint PK_BD_PRIVATEDEPARTMENTTEACHER primary key nonclustered (id)
go

/*==============================================================*/
/* Table: bd_privilege                                          */
/*==============================================================*/
create table bd_privilege (
   id                   char(32)             not null,
   id_module            char(32)             null,
   name                 varchar(100)         null,
   description          varchar(200)         null,
   num                  int                  null,
   ft                   char(19)             null,
   lt                   char(19)             null,
   fu                   char(32)             null,
   lu                   char(32)             null
)
go

alter table bd_privilege
   add constraint PK_BD_PRIVILEGE primary key nonclustered (id)
go

/*==============================================================*/
/* Table: bd_privilegeoperation                                 */
/*==============================================================*/
create table bd_privilegeoperation (
   id_privilege         char(32)             not null,
   id_operation         char(32)             not null
)
go

alter table bd_privilegeoperation
   add constraint PK_BD_PRIVILEGEOPERATION primary key nonclustered (id_privilege, id_operation)
go

/*==============================================================*/
/* Table: bd_publisher                                          */
/*==============================================================*/
create table bd_publisher (
   id                   char(32)             not null,
   name                 varchar(100)         null,
   num                  int                  null,
   shortName            varchar(20)          null,
   ft                   char(19)             null,
   lt                   char(19)             null,
   fu                   char(32)             null,
   lu                   char(32)             null
)
go

alter table bd_publisher
   add constraint PK_BD_PUBLISHER primary key nonclustered (id)
go

/*==============================================================*/
/* Table: bd_receiver                                           */
/*==============================================================*/
create table bd_receiver (
   id                   char(32)             null,
   id_message           char(32)             null,
   id_receiveuser       char(32)             null,
   status               char(1)              null,
   deleteFlag           char(1)              null,
   ft                   char(19)             null,
   lt                   char(19)             null,
   fu                   char(32)             null,
   lu                   char(32)             null
)
go

/*==============================================================*/
/* Table: bd_schedule                                           */
/*==============================================================*/
create table bd_schedule (
   id                   char(32)             not null,
   name                 varchar(50)          null,
   teachingDays         int                  null,
   teachingQuantity     int                  null,
   amQuantity           int                  null,
   pmQuantity           int                  null,
   pmQuantity2          int                  null,
   description          varchar(800)         null,
   ft                   char(19)             null,
   lt                   char(19)             null,
   fu                   char(32)             null,
   lu                   char(32)             null
)
go

alter table bd_schedule
   add constraint PK_BD_SCHEDULE primary key nonclustered (id)
go

/*==============================================================*/
/* Table: bd_schedulegrade                                      */
/*==============================================================*/
create table bd_schedulegrade (
   id                   char(32)             not null,
   id_schedule          char(32)             null,
   id_school            char(32)             null,
   id_grade             char(32)             null,
   startDate            char(10)             null,
   endDate              char(10)             null,
   ft                   char(19)             null,
   lt                   char(19)             null,
   fu                   char(32)             null,
   lu                   char(32)             null
)
go

alter table bd_schedulegrade
   add constraint PK_BD_SCHEDULEGRADE primary key nonclustered (id)
go

/*==============================================================*/
/* Table: bd_scheduleitem                                       */
/*==============================================================*/
create table bd_scheduleitem (
   id                   char(32)             not null,
   id_schedule          char(32)             null,
   name                 varchar(20)          null,
   lessonNumber         int                  null,
   startTime            char(5)              null,
   endTime              char(5)              null,
   kind                 char(1)              null,
   ft                   char(19)             null,
   lt                   char(19)             null,
   fu                   char(32)             null,
   lu                   char(32)             null
)
go

alter table bd_scheduleitem
   add constraint PK_BD_SCHEDULEITEM primary key nonclustered (id)
go

/*==============================================================*/
/* Table: bd_school                                             */
/*==============================================================*/
create table bd_school (
   id                   char(32)             not null,
   id_parent            char(32)             null,
   name                 varchar(100)         null,
   code                 varchar(20)          null,
   schoolSystem         varchar(20)          null,
   schoolFlag           char(1)              null,
   website              varchar(100)         null,
   englishName          varchar(50)          null,
   ft                   char(19)             null,
   lt                   char(19)             null,
   fu                   char(32)             null,
   lu                   char(32)             null
)
go

alter table bd_school
   add constraint PK_BD_SCHOOL primary key nonclustered (id)
go

/*==============================================================*/
/* Table: bd_schoolgrade                                        */
/*==============================================================*/
create table bd_schoolgrade (
   id                   char(32)             not null,
   id_schoolterm        char(32)             null,
   id_period            char(32)             null,
   id_school            char(32)             null,
   id_grade             char(32)             null,
   ft                   char(19)             null,
   lt                   char(19)             null,
   fu                   char(32)             null,
   lu                   char(32)             null
)
go

alter table bd_schoolgrade
   add constraint PK_BD_SCHOOLGRADE primary key nonclustered (id)
go

/*==============================================================*/
/* Table: bd_schoolterm                                         */
/*==============================================================*/
create table bd_schoolterm (
   id                   char(32)             not null,
   id_schoolyear        char(32)             null,
   startDate            char(10)             null,
   endDate              char(10)             null,
   num                  int                  null,
   name                 varchar(20)          null,
   teachingStartDate    char(10)             null,
   teachingEndDate      char(10)             null,
   weekQuantity         int                  null,
   status               char(1)              null,
   ft                   char(19)             null,
   lt                   char(19)             null,
   fu                   char(32)             null,
   lu                   char(32)             null
)
go

alter table bd_schoolterm
   add constraint PK_BD_SCHOOLTERM primary key nonclustered (id)
go

/*==============================================================*/
/* Table: bd_schoolyear                                         */
/*==============================================================*/
create table bd_schoolyear (
   id                   char(32)             not null,
   startDate            char(10)             null,
   endDate              char(10)             null,
   name                 varchar(50)          null,
   enableFlag           char(1)              null,
   ft                   char(19)             null,
   lt                   char(19)             null,
   fu                   char(32)             null,
   lu                   char(32)             null
)
go

alter table bd_schoolyear
   add constraint PK_BD_SCHOOLYEAR primary key nonclustered (id)
go

/*==============================================================*/
/* Table: bd_student                                            */
/*==============================================================*/
create table bd_student (
   id                   char(32)             not null,
   id_period            char(32)             null,
   name                 varchar(50)          null,
   pinyin               varchar(50)          null,
   displayName          varchar(50)          null,
   enrollmentCode       varchar(30)          null,
   studentCode          varchar(20)          null,
   studentClassCode     varchar(20)          null,
   sex                  char(1)              null,
   status               char(1)              null,
   englishName          varchar(50)          null,
   ft                   char(19)             null,
   lt                   char(19)             null,
   fu                   char(32)             null,
   lu                   char(32)             null,
   entranceYear         char(4)              null,
   nationalityDict      varchar(20)          null,
   birthDate            char(10)             null,
   countryDict          varchar(20)          null,
   identityCardNum      varchar(100)         null,
   passportNum          varchar(100)         null,
   householdPlaceDict   varchar(20)          null,
   residence            varchar(100)         null,
   graduateOrPresentSchool varchar(50)          null,
   addressOrZipCode     varchar(50)          null,
   email                varchar(100)         null,
   phone                varchar(50)          null,
   specialties          varchar(200)         null,
   honours              varchar(200)         null,
   fatherName           varchar(100)         null,
   fatherOccupation     varchar(100)         null,
   fatherPhone          varchar(50)          null,
   motherName           varchar(100)         null,
   motherOccupation     varchar(100)         null,
   motherPhone          varchar(50)          null,
   emergencyContactPerson varchar(50)          null,
   emergencyCall        varchar(50)          null,
   specialRequest       varchar(100)         null
)
go

alter table bd_student
   add constraint PK_BD_STUDENT primary key nonclustered (id)
go

/*==============================================================*/
/* Table: bd_studentchange                                      */
/*==============================================================*/
create table bd_studentchange (
   id                   char(32)             not null,
   id_student           char(32)             null,
   id_fromclass         char(32)             null,
   id_toclass           char(32)             null,
   occurDate            char(10)             null,
   reasonKindDict       varchar(20)          null,
   content              text                 null,
   ft                   char(19)             null,
   lt                   char(19)             null,
   fu                   char(32)             null,
   lu                   char(32)             null
)
go

alter table bd_studentchange
   add constraint PK_BD_STUDENTCHANGE primary key nonclustered (id)
go

/*==============================================================*/
/* Table: bd_studentparent                                      */
/*==============================================================*/
create table bd_studentparent (
   id                   char(32)             not null,
   id_student           char(32)             null,
   id_parent            char(32)             null,
   ft                   char(19)             null,
   lt                   char(19)             null,
   fu                   char(32)             null,
   lu                   char(32)             null
)
go

alter table bd_studentparent
   add constraint PK_BD_STUDENTPARENT primary key nonclustered (id)
go

/*==============================================================*/
/* Table: bd_studentregistration                                */
/*==============================================================*/
create table bd_studentregistration (
   id                   char(32)             not null,
   id_user              char(32)             null,
   id_school            char(32)             null,
   id_grade             char(32)             null,
   name                 varchar(100)         null,
   registrationNumber   varchar(20)          null,
   birthDate            char(10)             null,
   sex                  char(1)              null,
   entranceYear         char(10)             null,
   nationalityDict      varchar(20)          null,
   informationSourceDict varchar(200)         null,
   phone                varchar(50)          null,
   mobilePhone          varchar(50)          null,
   countryDict          varchar(20)          null,
   identityCardNum      varchar(100)         null,
   passportNum          varchar(100)         null,
   householdPlaceDict   varchar(20)          null,
   householdPlaceDetail varchar(100)         null,
   residence            varchar(100)         null,
   graduateOrPresentSchool varchar(50)          null,
   graduateOrPresentGrade varchar(20)          null,
   specialties          varchar(200)         null,
   honours              varchar(200)         null,
   fatherName           varchar(100)         null,
   fatherOccupation     varchar(100)         null,
   fatherPhone          varchar(50)          null,
   motherName           varchar(100)         null,
   motherOccupation     varchar(100)         null,
   motherPhone          varchar(50)          null,
   fax                  varchar(50)          null,
   email                varchar(100)         null,
   emergencyContactPerson varchar(50)          null,
   emergencyCall        varchar(50)          null,
   familyAddress        varchar(200)         null,
   specialRequest       varchar(100)         null,
   mathScore            int                  null,
   englishScore         int                  null,
   chineseScore         int                  null,
   physicalScore        int                  null,
   chemicalScore        int                  null,
   totalScore           int                  null,
   localFullScore       int                  null,
   totalScorePercentage int                  null,
   chargeConfirmStatus  char(1)              null,
   recordTime           char(19)             null,
   ft                   char(19)             null,
   lt                   char(19)             null,
   fu                   char(32)             null,
   lu                   char(32)             null,
   admissionStatus      char(1)              null
)
go

alter table bd_studentregistration
   add constraint PK_BD_STUDENTREGISTRATION primary key nonclustered (id)
go

/*==============================================================*/
/* Table: bd_studentseat                                        */
/*==============================================================*/
create table bd_studentseat (
   id                   char(32)             not null,
   id_student           char(32)             null,
   id_eclass            char(32)             null,
   id_classroom         char(32)             null,
   id_classroomseat     char(32)             null,
   ft                   char(19)             null,
   lt                   char(19)             null,
   fu                   char(32)             null,
   lu                   char(32)             null
)
go

alter table bd_studentseat
   add constraint PK_BD_STUDENTSEAT primary key nonclustered (id)
go

/*==============================================================*/
/* Table: bd_studentteachingmaterial                            */
/*==============================================================*/
create table bd_studentteachingmaterial (
   id                   char(32)             not null,
   id_schoolterm        char(32)             null,
   id_student           char(32)             null,
   id_teachingmaterial  char(32)             null,
   lu                   char(32)             null,
   fu                   char(32)             null,
   lt                   char(19)             null,
   ft                   char(19)             null
)
go

alter table bd_studentteachingmaterial
   add constraint PK_BD_STUDENTTEACHINGMATERIAL primary key nonclustered (id)
go

/*==============================================================*/
/* Table: bd_subject                                            */
/*==============================================================*/
create table bd_subject (
   id                   char(32)             not null,
   name                 varchar(20)          null,
   code                 varchar(20)          null,
   fieldDict            varchar(20)          null,
   ft                   char(19)             null,
   lt                   char(19)             null,
   fu                   char(32)             null,
   lu                   char(32)             null
)
go

alter table bd_subject
   add constraint PK_BD_SUBJECT primary key nonclustered (id)
go

/*==============================================================*/
/* Table: bd_teacher                                            */
/*==============================================================*/
create table bd_teacher (
   id                   char(32)             not null,
   id_school            char(32)             null,
   name                 varchar(50)          null,
   pinyin               varchar(50)          null,
   displayName          varchar(50)          null,
   teacherCode          varchar(20)          null,
   cardKindDict         varchar(20)          null,
   cardCode             varchar(50)          null,
   teacherKindDict      varchar(20)          null,
   identityCardNum      varchar(100)         null,
   passportNum          varchar(100)         null,
   status               char(1)              null,
   ft                   char(19)             null,
   lt                   char(19)             null,
   fu                   char(32)             null,
   lu                   char(32)             null,
   sex                  char(1)              null,
   entryDate            char(10)             null,
   birthDate            char(10)             null,
   nationalityDict      varchar(20)          null,
   maritalStatus        varchar(20)          null,
   graduateSchool       varchar(100)         null,
   educationalLevel     varchar(20)          null,
   specialty            varchar(20)          null,
   titles               varchar(20)          null,
   mobilePhone          varchar(50)          null,
   phone                varchar(50)          null,
   hometown             varchar(20)          null,
   householdPlaceDict   varchar(20)          null,
   familyAddress        varchar(200)         null
)
go

alter table bd_teacher
   add constraint PK_BD_TEACHER primary key nonclustered (id)
go

/*==============================================================*/
/* Table: bd_teachercourse                                      */
/*==============================================================*/
create table bd_teachercourse (
   id                   char(32)             not null,
   id_teacher           char(32)             null,
   id_eclass            char(32)             null,
   id_course            char(32)             null,
   id_classroom         char(32)             null,
   lessonQuantity       int                  null,
   ft                   char(19)             null,
   lt                   char(19)             null,
   fu                   char(32)             null,
   lu                   char(32)             null
)
go

alter table bd_teachercourse
   add constraint PK_BD_TEACHERCOURSE primary key nonclustered (id)
go

/*==============================================================*/
/* Table: bd_teachercoursechange                                */
/*==============================================================*/
create table bd_teachercoursechange (
   id                   char(32)             not null,
   id_eclass            char(32)             null,
   id_fromcourse        char(32)             null,
   id_fromteacher       char(32)             null,
   id_tocourse          char(32)             null,
   id_toteacher         char(32)             null,
   occurDate            char(10)             null,
   startDate            char(10)             null,
   endDate              char(10)             null,
   reasonDict           varchar(20)          null,
   description          varchar(200)         null,
   ft                   char(19)             null,
   lt                   char(19)             null,
   fu                   char(32)             null,
   lu                   char(32)             null
)
go

alter table bd_teachercoursechange
   add constraint PK_BD_TEACHERCOURSECHANGE primary key nonclustered (id)
go

/*==============================================================*/
/* Table: bd_teachingmaterial                                   */
/*==============================================================*/
create table bd_teachingmaterial (
   id                   char(32)             not null,
   id_grade             char(32)             null,
   id_course            char(32)             null,
   id_publisher         char(32)             null,
   title                varchar(200)         null,
   revision             varchar(100)         null,
   isbn                 varchar(20)          null,
   language             varchar(50)          null,
   author               varchar(100)         null,
   purpose              varchar(100)         null,
   kindDict             varchar(20)          null,
   enableFlag           char(1)              null,
   note                 varchar(200)         null,
   ft                   char(19)             null,
   lt                   char(19)             null,
   fu                   char(32)             null,
   lu                   char(32)             null
)
go

alter table bd_teachingmaterial
   add constraint PK_BD_TEACHINGMATERIAL primary key nonclustered (id)
go

/*==============================================================*/
/* Table: bd_user                                               */
/*==============================================================*/
create table bd_user (
   id                   char(32)             not null,
   name                 varchar(50)          null,
   displayName          varchar(50)          null,
   pinyin               varchar(50)          null,
   loginName            varchar(50)          null,
   password             varchar(50)          null,
   email                varchar(50)          null,
   userDict             varchar(20)          null,
   enableFlag           char(1)              null,
   num                  int                  null,
   ft                   char(19)             null,
   lt                   char(19)             null,
   fu                   char(32)             null,
   lu                   char(32)             null
)
go

alter table bd_user
   add constraint PK_BD_USER primary key nonclustered (id)
go

/*==============================================================*/
/* Table: bd_useroperation                                      */
/*==============================================================*/
create table bd_useroperation (
   id                   char(32)             not null,
   id_user              char(32)             null,
   id_position          char(32)             null,
   id_operation         char(32)             null,
   operationKind        char(1)              null,
   id_operationsource   char(32)             null,
   datascopeFlag        char(1)              null,
   ft                   char(19)             null,
   lt                   char(19)             null,
   fu                   char(32)             null,
   lu                   char(32)             null
)
go

alter table bd_useroperation
   add constraint PK_BD_USEROPERATION primary key nonclustered (id)
go

/*==============================================================*/
/* Table: bd_useroperationchange                                */
/*==============================================================*/
create table bd_useroperationchange (
   id                   char(32)             not null,
   id_operation         char(32)             null,
   id_grantuser         char(32)             null,
   id_granteduser       char(32)             null,
   usedFlag             char(1)              null,
   startTime            char(19)             null,
   endTime              char(19)             null,
   grantFlag            char(1)              null,
   ft                   char(19)             null,
   lt                   char(19)             null,
   fu                   char(32)             null,
   lu                   char(32)             null
)
go

alter table bd_useroperationchange
   add constraint PK_BD_USEROPERATIONCHANGE primary key nonclustered (id)
go

/*==============================================================*/
/* Table: bd_useroperationdatascope                             */
/*==============================================================*/
create table bd_useroperationdatascope (
   id                   char(32)             not null,
   id_parent            char(32)             null,
   id_useroperation     char(32)             null,
   id_dataobject        char(32)             null,
   id_datascopeclass    char(32)             null,
   allFlag              char(1)              null,
   ft                   char(19)             null,
   lt                   char(19)             null,
   fu                   char(32)             null,
   lu                   char(32)             null
)
go

alter table bd_useroperationdatascope
   add constraint PK_BD_USEROPERATIONDATASCOPE primary key nonclustered (id)
go

/*==============================================================*/
/* Table: bd_userposition                                       */
/*==============================================================*/
create table bd_userposition (
   id                   char(32)             not null,
   id_position          char(32)             null,
   id_user              char(32)             null,
   id_department        char(32)             null,
   ft                   char(19)             null,
   lt                   char(19)             null,
   fu                   char(32)             null,
   lu                   char(32)             null
)
go

alter table bd_userposition
   add constraint PK_BD_USERPOSITION primary key nonclustered (id)
go

alter table bd_applicationgroup
   add constraint FK_BD_APPLI_REFERENCE_BD_USER foreign key (id_user)
      references bd_user (id)
go

alter table bd_classcurriculum
   add constraint FK_BD_CLASS_REFERENCE_BD_CLAS2 foreign key (id_classroom)
      references bd_classroom (id)
go

alter table bd_classcurriculum
   add constraint FK_AC_CLASS_RELATIONS_BD_ECLA2 foreign key (id_eclass)
      references bd_eclass (id)
go

alter table bd_classcurriculum
   add constraint FK_AC_CLASS_RELATIONS_BD_COUR2 foreign key (id_course)
      references bd_course (id)
go

alter table bd_classcurriculum
   add constraint FK_AC_CLASS_RELATIONS_BD_TEAC2 foreign key (id_teacher)
      references bd_teacher (id)
go

alter table bd_classcurriculumchange
   add constraint FK_AC_CLASS_RELATIONS_BD_COUR3 foreign key (id_fromcourse)
      references bd_course (id)
go

alter table bd_classcurriculumchange
   add constraint FK_AC_CLASS_RELATIONS_BD_TEAC3 foreign key (id_fromteacher)
      references bd_teacher (id)
go

alter table bd_classcurriculumchange
   add constraint FK_BD_CLASS_RELATIONS_BD_ECLA3 foreign key (id_eclass)
      references bd_eclass (id)
go

alter table bd_classcurriculumchange
   add constraint FK_BD_CLASS_RELATIONS_BD_COURS foreign key (id_tocourse)
      references bd_course (id)
go

alter table bd_classcurriculumchange
   add constraint FK_BD_CLASS_RELATIONS_BD_TEACH foreign key (id_toteacher)
      references bd_teacher (id)
go

alter table bd_classroom
   add constraint FK_BD_CLASS_REFERENCE_BD_SCHOO foreign key (id_school)
      references bd_school (id)
go

alter table bd_classroomcourse
   add constraint FK_BD_CLASS_REFERENCE_BD_ECLAS foreign key (id_eclass)
      references bd_eclass (id)
go

alter table bd_classroomcourse
   add constraint FK_BD_CLASS_REFERENCE_BD_COURS foreign key (id_course)
      references bd_course (id)
go

alter table bd_classroomcourse
   add constraint FK_BD_CLASS_REFERENCE_BD_CLASS foreign key (id_classroom)
      references bd_classroom (id)
go

alter table bd_classroomseat
   add constraint FK_BD_CLASS_REFERENCE_BD_CLAS1 foreign key (id_classroom)
      references bd_classroom (id)
go

alter table bd_classstudent
   add constraint FK_BD_CLASS_RELATIONS_BD_STUDE foreign key (id_student)
      references bd_student (id)
go

alter table bd_classstudent
   add constraint FK_BD_CLASS_RELATIONS_BD_ECLA1 foreign key (id_eclass)
      references bd_eclass (id)
go

alter table bd_configitem_configresult
   add constraint FK_BD_CONFI_REFERENCE_BD_CONF3 foreign key (id_configurationitem)
      references bd_configurationitem (id)
go

alter table bd_configitem_configresult
   add constraint FK_BD_CONFI_REFERENCE_BD_CONF4 foreign key (id_configurationresult)
      references bd_configurationresult (id)
go

alter table bd_configuration
   add constraint FK_BD_CONFI_REFERENCE_BD_MODUL foreign key (id_module)
      references bd_module (id)
go

alter table bd_configurationitem
   add constraint FK_BD_CONFI_REFERENCE_BD_CONF2 foreign key (id_configuration)
      references bd_configuration (id)
go

alter table bd_configurationresult
   add constraint FK_BD_CONFI_REFERENCE_BD_CONFI foreign key (id_configuration)
      references bd_configuration (id)
go

alter table bd_configurationresult
   add constraint FK_BD_CONFI_REFERENCE_BD_USER foreign key (id_user)
      references bd_user (id)
go

alter table bd_course
   add constraint FK_BD_COURS_RELATIONS_BD_SUBJE foreign key (id_subject)
      references bd_subject (id)
go

alter table bd_department
   add constraint FK_BD_DEPAR_REFERENCE_BD_SCHO2 foreign key (id_school)
      references bd_school (id)
go

alter table bd_department
   add constraint FK_BD_DEPAR_RELATIONS_BD_DEPA2 foreign key (id_parent)
      references bd_department (id)
go

alter table bd_departmentposition
   add constraint FK_BD_DEPAR_RELATIONS_BD_DEPA4 foreign key (id_department)
      references bd_department (id)
go

alter table bd_departmentposition
   add constraint FK_BD_DEPAR_RELATIONS_BD_POSIT foreign key (id_position)
      references bd_position (id)
go

alter table bd_departmentscope
   add constraint FK_BD_DEPAR_REFERENCE_BD_SCHOO foreign key (id_school)
      references bd_school (id)
go

alter table bd_departmentscope
   add constraint FK_BD_DEPAR_RELATIONS_BD_COURS foreign key (id_course)
      references bd_course (id)
go

alter table bd_departmentscope
   add constraint FK_BD_DEPAR_RELATIONS_BD_DEPA3 foreign key (id_department)
      references bd_department (id)
go

alter table bd_departmentscope
   add constraint FK_BD_DEPAR_RELATIONS_BD_GRADE foreign key (id_grade)
      references bd_grade (id)
go

alter table bd_departmentuser
   add constraint FK_BD_DEPAR_RELATIONS_BD_DEPAR foreign key (id_department)
      references bd_department (id)
go

alter table bd_departmentuser
   add constraint FK_BD_DEPAR_RELATIONS_BD_USER foreign key (id_user)
      references bd_user (id)
go

alter table bd_dictionaryvalue
   add constraint FK_BD_DICTI_REFERENCE_BD_DI110 foreign key (id_parent)
      references bd_dictionaryvalue (id)
go

alter table bd_dictionaryvalue
   add constraint FK_BD_DICTI_REFERENCE_BD_DI122 foreign key (id_dictionary)
      references bd_dictionary (id)
go

alter table bd_dividescore
   add constraint FK_BD_DIVID_REFERENCE_BD_STUDE foreign key (id_student)
      references bd_student (id)
go

alter table bd_eclass
   add constraint FK_BD_ECLAS_RELATIONS_BD_TEAC2 foreign key (id_classteacher2)
      references bd_teacher (id)
go

alter table bd_eclass
   add constraint FK_BD_ECLAS_RELATIONS_BD_TEACH foreign key (id_classteacher)
      references bd_teacher (id)
go

alter table bd_eclass
   add constraint FK_BD_ECLAS_RELATIONS_BD_SCHO2 foreign key (id_school)
      references bd_school (id)
go

alter table bd_eclass
   add constraint FK_BD_ECLAS_RELATIONS_BD_SCHOO foreign key (id_schoolterm)
      references bd_schoolterm (id)
go

alter table bd_eclass
   add constraint FK_BD_ECLAS_RELATIONS_BD_PERIO foreign key (id_period)
      references bd_period (id)
go

alter table bd_eclass
   add constraint FK_BD_ECLAS_RELATIONS_BD_GRADE foreign key (id_grade)
      references bd_grade (id)
go

alter table bd_eclassteachingmaterial
   add constraint FK_BD_ECLAS_REFERENCE_BD_ECLAS foreign key (id_eclass)
      references bd_eclass (id)
go

alter table bd_eclassteachingmaterial
   add constraint FK_BD_ECLAS_REFERENCE_BD_SCHOO foreign key (id_schoolterm)
      references bd_schoolterm (id)
go

alter table bd_eclassteachingmaterial
   add constraint FK_BD_ECLAS_REFERENCE_BD_TEACH foreign key (id_teachingmaterial)
      references bd_teachingmaterial (id)
go

alter table bd_gradecourse
   add constraint FK_BD_GRADE_REFERENCE_BD_SCHO2 foreign key (id_school)
      references bd_school (id)
go

alter table bd_gradecourse
   add constraint FK_BD_GRADE_RELATIONS_BD_COURS foreign key (id_course)
      references bd_course (id)
go

alter table bd_gradecourse
   add constraint FK_BD_GRADE_RELATIONS_BD_GRAD2 foreign key (id_grade)
      references bd_grade (id)
go

alter table bd_gradecourse
   add constraint FK_BD_GRADE_RELATIONS_BD_SCHOO foreign key (id_schoolterm)
      references bd_schoolterm (id)
go

alter table bd_gradeteachingmaterial
   add constraint FK_BD_GRADE_REFERENCE_BD_SCHOO foreign key (id_schoolterm)
      references bd_schoolterm (id)
go

alter table bd_gradeteachingmaterial
   add constraint FK_BD_GRADE_REFERENCE_BD_GRADE foreign key (id_grade)
      references bd_grade (id)
go

alter table bd_gradeteachingmaterial
   add constraint FK_BD_GRADE_REFERENCE_BD_TEACH foreign key (id_teachingmaterial)
      references bd_teachingmaterial (id)
go

alter table bd_groupapplication
   add constraint FK_BD_GROUP_REFERENCE_BD_APPLI foreign key (id_applicationgroup)
      references bd_applicationgroup (id)
go

alter table bd_groupapplication
   add constraint FK_BD_GROUP_REFERENCE_BD_OPERA foreign key (id_operation)
      references bd_operation (id)
go

alter table bd_integrationcourse
   add constraint FK_BD_INTEG_REFERENCE_BD_COURS foreign key (id_course)
      references bd_course (id)
go

alter table bd_integrationcourse
   add constraint FK_BD_INTEG_REFERENCE_BD_SCHOO foreign key (id_schoolterm)
      references bd_schoolterm (id)
go

alter table bd_integrationcourseeclass
   add constraint FK_BD_INTEG_REFERENCE_BD_ECLAS foreign key (id_eclass)
      references bd_eclass (id)
go

alter table bd_integrationcourseeclass
   add constraint FK_BD_INTEG_REFERENCE_BD_INTE2 foreign key (id_integrationcourse)
      references bd_integrationcourse (id)
go

alter table bd_integrationcourseteacher
   add constraint FK_BD_INTEG_REFERENCE_BD_INTE1 foreign key (id_integrationcourse)
      references bd_integrationcourse (id)
go

alter table bd_integrationcourseteacher
   add constraint FK_BD_INTEG_REFERENCE_BD_TEACH foreign key (id_teacher)
      references bd_teacher (id)
go

alter table bd_knowledgepoint
   add constraint FK_BD_KNOWL_REFERENCE_BD_KNOWL foreign key (id_parent)
      references bd_knowledgepoint (id)
go

alter table bd_knowledgepoint
   add constraint FK_BD_KNOWL_REFERENCE_BD_COURS foreign key (id_course)
      references bd_course (id)
go

alter table bd_lessonquantitychange
   add constraint FK_BD_LESSO_REFERENCE_BD_USER foreign key (id_user)
      references bd_user (id)
go

alter table bd_lessonquantitychange
   add constraint FK_BD_LESSO_REFERENCE_BD_TEACH foreign key (id_teacher)
      references bd_teacher (id)
go

alter table bd_message
   add constraint FK_BD_MESSA_REFERENCE_BD_USER foreign key (id_senduser)
      references bd_user (id)
go

alter table bd_operation
   add constraint FK_BD_OPERA_REFERENCE_BD_OPERA foreign key (id_parent)
      references bd_operation (id)
go

alter table bd_operation
   add constraint FK_BD_OPERA_RELATIONS_BD_MODUL foreign key (id_module)
      references bd_module (id)
go

alter table bd_operationlog
   add constraint FK_BD_OPERA_REFERENCE_BD_USER foreign key (id_user)
      references bd_user (id)
go

alter table bd_operationlog
   add constraint FK_BD_OPERA_RELATIONS_BD_OPERA foreign key (id_operation)
      references bd_operation (id)
go

alter table bd_positionchange
   add constraint FK_BD_POSIT_RELATIONS_BD_SCHOO foreign key (id_schoolterm)
      references bd_schoolterm (id)
go

alter table bd_positionchange
   add constraint FK_BD_POSIT_RELATIONS_BD_DEPAR foreign key (id_fromdepartment)
      references bd_department (id)
go

alter table bd_positionchange
   add constraint FK_BD_POSIT_RELATIONS_BD_POSI2 foreign key (id_fromposition)
      references bd_position (id)
go

alter table bd_positionchange
   add constraint FK_BD_POSIT_RELATIONS_BD_DEPA2 foreign key (id_todepartment)
      references bd_department (id)
go

alter table bd_positionchange
   add constraint FK_BD_POSIT_RELATIONS_BD_POSIT foreign key (id_toposition)
      references bd_position (id)
go

alter table bd_positionchange
   add constraint FK_BD_POSIT_RELATIONS_BD_USER foreign key (id_user)
      references bd_user (id)
go

alter table bd_postionprivilege
   add constraint FK_BD_POSTI_RELATIONS_BD_POSIT foreign key (id_position)
      references bd_position (id)
go

alter table bd_postionprivilege
   add constraint FK_BD_POSTI_RELATIONS_BD_PRIVI foreign key (id_privilege)
      references bd_privilege (id)
go

alter table bd_privatedepartment
   add constraint FK_BD_PRIVA_RELATIONS_BD_TEACH foreign key (id_teacher)
      references bd_teacher (id)
go

alter table bd_privatedepartmentteacher
   add constraint FK_PC_PRIVA_RELATIONS_BD_TEAC2 foreign key (id_teacher)
      references bd_teacher (id)
go

alter table bd_privilege
   add constraint FK_BD_PRIVI_RELATIONS_BD_MODUL foreign key (id_module)
      references bd_module (id)
go

alter table bd_privilegeoperation
   add constraint FK_BD_PRIVI_RELATIONS_BD_PRIVI foreign key (id_privilege)
      references bd_privilege (id)
go

alter table bd_privilegeoperation
   add constraint FK_BD_PRIVI_RELATIONS_BD_OPERA foreign key (id_operation)
      references bd_operation (id)
go

alter table bd_receiver
   add constraint FK_BD_RECEI_REFERENCE_BD_USER foreign key (id_receiveuser)
      references bd_user (id)
go

alter table bd_receiver
   add constraint FK_BD_RECEI_REFERENCE_BD_MESSA foreign key (id_message)
      references bd_message (id)
go

alter table bd_schedulegrade
   add constraint FK_BD_SCHED_REFERENCE_BD_SC129 foreign key (id_schedule)
      references bd_schedule (id)
go

alter table bd_schedulegrade
   add constraint FK_BD_SCHED_REFERENCE_BD_SCHOO foreign key (id_school)
      references bd_school (id)
go

alter table bd_schedulegrade
   add constraint FK_BD_SCHED_REFERENCE_BD_GRADE foreign key (id_grade)
      references bd_grade (id)
go

alter table bd_scheduleitem
   add constraint FK_BD_SCHED_REFERENCE_BD_SC128 foreign key (id_schedule)
      references bd_schedule (id)
go

alter table bd_school
   add constraint FK_BD_SCHOO_RELATIONS_BD_SCHO2 foreign key (id_parent)
      references bd_school (id)
go

alter table bd_schoolgrade
   add constraint FK_BD_SCHOO_REFERENCE_BD_SCHOO foreign key (id_school)
      references bd_school (id)
go

alter table bd_schoolgrade
   add constraint FK_BD_SCHOO_RELATIONS_BD_PERIO foreign key (id_period)
      references bd_period (id)
go

alter table bd_schoolgrade
   add constraint FK_BD_SCHOO_RELATIONS_BD_SCHOO foreign key (id_schoolterm)
      references bd_schoolterm (id)
go

alter table bd_schoolgrade
   add constraint FK_BD_SCHOO_RELATIONS_BD_GRADE foreign key (id_grade)
      references bd_grade (id)
go

alter table bd_schoolterm
   add constraint FK_BD_SCHOO_RELATIONS_BD_SCHO3 foreign key (id_schoolyear)
      references bd_schoolyear (id)
go

alter table bd_studentchange
   add constraint FK_BD_STUDE_REFERENCE_BD_ECLA2 foreign key (id_toclass)
      references bd_eclass (id)
go

alter table bd_studentchange
   add constraint FK_BD_STUDE_RELATIONS_BD_ECLAS foreign key (id_fromclass)
      references bd_eclass (id)
go

alter table bd_studentchange
   add constraint FK_BD_STUDE_RELATIONS_BD_STUDE foreign key (id_student)
      references bd_student (id)
go

alter table bd_studentparent
   add constraint FK_BD_STUDE_REFERENCE_BD_STUDE foreign key (id_student)
      references bd_student (id)
go

alter table bd_studentparent
   add constraint FK_BD_STUDE_REFERENCE_BD_PAREN foreign key (id_parent)
      references bd_parent (id)
go

alter table bd_studentregistration
   add constraint FK_BD_STUDE_REFERENCE_BD_GRADE foreign key (id_grade)
      references bd_grade (id)
go

alter table bd_studentregistration
   add constraint FK_BD_STUDE_REFERENCE_BD_SCHO1 foreign key (id_school)
      references bd_school (id)
go

alter table bd_studentregistration
   add constraint FK_BD_STUDE_REFERENCE_BD_USER foreign key (id_user)
      references bd_user (id)
go

alter table bd_studentseat
   add constraint FK_BD_STUDE_REFERENCE_BD_CL133 foreign key (id_classroomseat)
      references bd_classroomseat (id)
go

alter table bd_studentseat
   add constraint FK_BD_STUDE_REFERENCE_BD_CL134 foreign key (id_classroom)
      references bd_classroom (id)
go

alter table bd_studentseat
   add constraint FK_BD_STUDE_REFERENCE_BD_STUD2 foreign key (id_student)
      references bd_student (id)
go

alter table bd_studentseat
   add constraint FK_BD_STUDE_REFERENCE_BD_ECLA1 foreign key (id_eclass)
      references bd_eclass (id)
go

alter table bd_studentteachingmaterial
   add constraint FK_BD_STUDE_REFERENCE_BD_SCHOO foreign key (id_schoolterm)
      references bd_schoolterm (id)
go

alter table bd_studentteachingmaterial
   add constraint FK_BD_STUDE_REFERENCE_BD_STUD3 foreign key (id_student)
      references bd_student (id)
go

alter table bd_studentteachingmaterial
   add constraint FK_BD_STUDE_REFERENCE_BD_TEACH foreign key (id_teachingmaterial)
      references bd_teachingmaterial (id)
go

alter table bd_teacher
   add constraint FK_BD_TEACH_RELATIONS_BD_SCHOO foreign key (id_school)
      references bd_school (id)
go

alter table bd_teachercourse
   add constraint FK_BD_TEACH_REFERENCE_BD_CLASS foreign key (id_classroom)
      references bd_classroom (id)
go

alter table bd_teachercourse
   add constraint FK_BD_TEACH_RELATIONS_BD_ECLA2 foreign key (id_eclass)
      references bd_eclass (id)
go

alter table bd_teachercourse
   add constraint FK_BD_TEACH_RELATIONS_BD_COUR2 foreign key (id_course)
      references bd_course (id)
go

alter table bd_teachercourse
   add constraint FK_BD_TEACH_RELATIONS_BD_TEAC2 foreign key (id_teacher)
      references bd_teacher (id)
go

alter table bd_teachercoursechange
   add constraint FK_BD_TEACH_REFERENCE_BD_TEACH foreign key (id_toteacher)
      references bd_teacher (id)
go

alter table bd_teachercoursechange
   add constraint FK_BD_TEACH_REFERENCE_BD_COURS foreign key (id_tocourse)
      references bd_course (id)
go

alter table bd_teachercoursechange
   add constraint FK_BD_TEACH_RELATIONS_BD_COURS foreign key (id_fromcourse)
      references bd_course (id)
go

alter table bd_teachercoursechange
   add constraint FK_BD_TEACH_RELATIONS_BD_TEACH foreign key (id_fromteacher)
      references bd_teacher (id)
go

alter table bd_teachercoursechange
   add constraint FK_BD_TEACH_RELATIONS_BD_ECLAS foreign key (id_eclass)
      references bd_eclass (id)
go

alter table bd_teachingmaterial
   add constraint FK_BD_TEACH_REFERENCE_BD_COUR2 foreign key (id_course)
      references bd_course (id)
go

alter table bd_teachingmaterial
   add constraint FK_BD_TEACH_REFERENCE_BD_GRADE foreign key (id_grade)
      references bd_grade (id)
go

alter table bd_teachingmaterial
   add constraint FK_BD_TEACH_REFERENCE_BD_PUBLI foreign key (id_publisher)
      references bd_publisher (id)
go

alter table bd_useroperation
   add constraint FK_BD_USERO_RELATIONS_BD_POSIT foreign key (id_position)
      references bd_position (id)
go

alter table bd_useroperation
   add constraint FK_BD_USERO_RELATIONS_BD_USER3 foreign key (id_user)
      references bd_user (id)
go

alter table bd_useroperation
   add constraint FK_BD_USERO_RELATIONS_BD_OPER2 foreign key (id_operation)
      references bd_operation (id)
go

alter table bd_useroperationchange
   add constraint FK_BD_USERO_RELATIONS_BD_OPERA foreign key (id_operation)
      references bd_operation (id)
go

alter table bd_useroperationchange
   add constraint FK_BD_USERO_RELATIONS_BD_USER foreign key (id_granteduser)
      references bd_user (id)
go

alter table bd_useroperationchange
   add constraint FK_BD_USERO_RELATIONS_BD_USER2 foreign key (id_grantuser)
      references bd_user (id)
go

alter table bd_useroperationdatascope
   add constraint FK_BD_USERO_RELATIONS_BD_USERO foreign key (id_useroperation)
      references bd_useroperation (id)
go

alter table bd_useroperationdatascope
   add constraint FK_BD_USERO_RELATIONS_BD_DATAS foreign key (id_datascopeclass)
      references bd_datascopeclass (id)
go

alter table bd_useroperationdatascope
   add constraint FK_BD_USERO_RELATIONS_BD_USER1 foreign key (id_parent)
      references bd_useroperationdatascope (id)
go

alter table bd_userposition
   add constraint FK_BD_USERP_RELATIONS_BD_USER2 foreign key (id_user)
      references bd_user (id)
go

alter table bd_userposition
   add constraint FK_BD_USERP_RELATIONS_BD_POSIT foreign key (id_position)
      references bd_position (id)
go

alter table bd_userposition
   add constraint FK_BD_USERP_RELATIONS_BD_DEPAR foreign key (id_department)
      references bd_department (id)
go




insert into bd_module(id,name,nameI18n,code,num,deployFlag,ft,lt,fu,lu) values('20120517154526218931722289396740','','bd_module_bd','bd',null,'1','2012-05-17 15:45:26','2012-06-12 10:59:52','20120508122027812617823674001112','20120507134700000110225236178825');
insert into bd_operation(id,id_module,id_parent,name,nameI18n,code,operationDict,url,openMode,datascopeFlag,num,icon,winHeight,winWidth,description,ft,lt,fu,lu) values('20120517154751281606503236707887','20120517154526218931722289396740',null,'','bd_operation_cm','cm','0','/base/module/course/jsp/course.jsp',null,'1',null,'app-Course','500','800','','2012-05-17 15:47:51','2012-06-13 13:56:46','20120508122027812617823674001112','20120507134700000110225236178825');
insert into bd_operation(id,id_module,id_parent,name,nameI18n,code,operationDict,url,openMode,datascopeFlag,num,icon,winHeight,winWidth,description,ft,lt,fu,lu) values('20120517154914828616949939515674','20120517154526218931722289396740',null,'','bd_operation_bd','bd','0','/bd/basedata!index.action','0','0',null,'app-DataBase','400','800','','2012-05-17 15:49:14','2012-05-31 18:31:33','20120508122027812617823674001112','20120507134700000110225236178825');
insert into bd_operation(id,id_module,id_parent,name,nameI18n,code,operationDict,url,openMode,datascopeFlag,num,icon,winHeight,winWidth,description,ft,lt,fu,lu) values('20120517155050609905861699378806','20120517154526218931722289396740',null,'','bd_operation_jc','jc','0','/base/module/teachingmaterial/jsp/index.jsp','0','0',null,'app-TeachingMaterial','500','800','','2012-05-17 15:50:50','2012-05-31 18:31:53','20120508122027812617823674001112','20120507134700000110225236178825');
insert into bd_operation(id,id_module,id_parent,name,nameI18n,code,operationDict,url,openMode,datascopeFlag,num,icon,winHeight,winWidth,description,ft,lt,fu,lu) values('20120517155140328041844438314913','20120517154526218931722289396740',null,'','bd_operation_sm','sm','0','/base/module/userauthorize/systemManagement.jsp','0','0',null,'system-apply','500','850','','2012-05-17 15:51:40','2012-05-24 18:22:48','20120508122027812617823674001112','20120507141108375575303797438921');
insert into bd_operation(id,id_module,id_parent,name,nameI18n,code,operationDict,url,openMode,datascopeFlag,num,icon,winHeight,winWidth,description,ft,lt,fu,lu) values('20120517155231296130025708211920','20120517154526218931722289396740',null,'','bd_operation_mm','mm','0','/bd/module!list.action','0','0',null,'app-ModuleManagement','500','800','','2012-05-17 15:52:31','2012-06-01 16:36:38','20120508122027812617823674001112','20120507134700000110225236178825');
insert into bd_operation(id,id_module,id_parent,name,nameI18n,code,operationDict,url,openMode,datascopeFlag,num,icon,winHeight,winWidth,description,ft,lt,fu,lu) values('20120517155305312199010695443892','20120517154526218931722289396740',null,'','bd_operation_dd','dd','0','/bd/dict!index.action','0','0',null,'app-DataDictionary','500','800','','2012-05-17 15:53:05','2012-06-01 16:37:50','20120508122027812617823674001112','20120507134700000110225236178825');
insert into bd_operation(id,id_module,id_parent,name,nameI18n,code,operationDict,url,openMode,datascopeFlag,num,icon,winHeight,winWidth,description,ft,lt,fu,lu) values('20120519113047093454167179162580','20120517154526218931722289396740',null,'','bd_operation_ps','ps','0','bd/configuration!index.action','0','0',null,'app-Preferences','500','800','','2012-05-19 11:30:47','2012-06-04 16:05:21','20120508122027812617823674001112','20120507134700000110225236178825');
insert into bd_operation(id,id_module,id_parent,name,nameI18n,code,operationDict,url,openMode,datascopeFlag,num,icon,winHeight,winWidth,description,ft,lt,fu,lu) values('20120519113145828545904973476299','20120517154526218931722289396740',null,'','bd_operation_scm','zxgl','0','/bd/schedule!list.action','0','0',null,'app-Schedules','100%','100%','','2012-05-19 11:31:45','2012-05-31 18:24:55','20120508122027812617823674001112','20120507134700000110225236178825');
insert into bd_operation(id,id_module,id_parent,name,nameI18n,code,operationDict,url,openMode,datascopeFlag,num,icon,winHeight,winWidth,description,ft,lt,fu,lu) values('20120528121615296125560009058636','20120517154526218931722289396740',null,'','bd_operation_teacher','op_teacher','0','/bd/teacher!index.action','0','0',null,'app-Teachers''archives','500','800','','2012-05-28 12:16:15','2012-05-31 18:28:30','20120507141108375575303797438921','20120507134700000110225236178825');
insert into bd_operation(id,id_module,id_parent,name,nameI18n,code,operationDict,url,openMode,datascopeFlag,num,icon,winHeight,winWidth,description,ft,lt,fu,lu) values('20120528132914125937612668638822','20120517154526218931722289396740',null,'','bd_operation_srm','op_srm','0','/bd/student!index.action','0','0',null,'app-SchoolRegisterManagement','400','800','','2012-05-28 13:29:14','2012-05-31 18:27:52',null,'20120507134700000110225236178825');
insert into bd_operation(id,id_module,id_parent,name,nameI18n,code,operationDict,url,openMode,datascopeFlag,num,icon,winHeight,winWidth,description,ft,lt,fu,lu) values('20120528133227437154949347765682','20120517154526218931722289396740',null,'','bd_operation_dm','op_dm','0','/bd/department!index.action','0','0',null,'app-Organization','400','800','','2012-05-28 13:32:27','2012-05-31 18:33:52',null,'20120507134700000110225236178825');
insert into bd_operation(id,id_module,id_parent,name,nameI18n,code,operationDict,url,openMode,datascopeFlag,num,icon,winHeight,winWidth,description,ft,lt,fu,lu) values('20120530091734218499290653785622','20120517154526218931722289396740',null,'','bd_operation_parent','op_parent','0','/bd/parent!index.action',null,'0',null,'app-ParentsFiles','500','800','','2012-05-30 09:17:34','2012-05-31 18:26:46','20120507134700000110225236178825','20120507134700000110225236178825');
insert into bd_operation(id,id_module,id_parent,name,nameI18n,code,operationDict,url,openMode,datascopeFlag,num,icon,winHeight,winWidth,description,ft,lt,fu,lu) values('20120530092418109544719825977571','20120517154526218931722289396740','20120530091734218499290653785622','','bd_operation_parent_info','parentInfo','2','','0','0',null,'','','','','2012-05-30 09:24:18',null,'20120507134700000110225236178825',null);
insert into bd_operation(id,id_module,id_parent,name,nameI18n,code,operationDict,url,openMode,datascopeFlag,num,icon,winHeight,winWidth,description,ft,lt,fu,lu) values('20120618160435437125382614130966','20120517154526218931722289396740','20120517155050609905861699378806','','bd_teachingMaterial_index','bd_publisher','2','/bd/publisher!list.action','0','0',null,'','','','','2012-06-18 16:04:35','2012-06-19 10:55:41','20120507134700000110225236178825','20120507134700000110225236178825');
insert into bd_operation(id,id_module,id_parent,name,nameI18n,code,operationDict,url,openMode,datascopeFlag,num,icon,winHeight,winWidth,description,ft,lt,fu,lu) values('20120618160520750176472478079043','20120517154526218931722289396740','20120517155050609905861699378806','','bd_teachingMaterial_teach','bd_teachingMaterial','2','','0','0',null,'','','','','2012-06-18 16:05:20','2012-06-19 10:57:10','20120507134700000110225236178825','20120507134700000110225236178825');
insert into bd_operation(id,id_module,id_parent,name,nameI18n,code,operationDict,url,openMode,datascopeFlag,num,icon,winHeight,winWidth,description,ft,lt,fu,lu) values('20120618183953125914207966453392','20120517154526218931722289396740',null,'','bd_basedata_init','bd_basedata_init','2','/bd/basedata!initBaseData.action','0','0',null,'','','','','2012-06-18 18:39:53',null,'20120507134700000110225236178825',null);
insert into bd_operation(id,id_module,id_parent,name,nameI18n,code,operationDict,url,openMode,datascopeFlag,num,icon,winHeight,winWidth,description,ft,lt,fu,lu) values('20120618184050093526886151843613','20120517154526218931722289396740',null,'','bd_init','bd_init','2','bd/basedata!initData.action','0','0',null,'','','','','2012-06-18 18:40:50','2012-06-18 18:41:00','20120507134700000110225236178825','20120507134700000110225236178825');
insert into bd_operation(id,id_module,id_parent,name,nameI18n,code,operationDict,url,openMode,datascopeFlag,num,icon,winHeight,winWidth,description,ft,lt,fu,lu) values('20120619111102437571110434200331','20120517154526218931722289396740','20120517155050609905861699378806','','bd_gradeTeachingMaterial','bd_gradeTeachingMate','2','/bd/gradeTeachingMaterial!input.action','0','0',null,'','','','','2012-06-19 11:11:02','2012-06-19 11:14:24','20120507134700000110225236178825','20120507134700000110225236178825');
insert into bd_operation(id,id_module,id_parent,name,nameI18n,code,operationDict,url,openMode,datascopeFlag,num,icon,winHeight,winWidth,description,ft,lt,fu,lu) values('20120619111409218759454914359757','20120517154526218931722289396740','20120517155050609905861699378806','','bd_gradeTeachingMaterial','bd_gradeTMList','2','/bd/gradeTeachingMaterial!list.action','0','0',null,'','','','','2012-06-19 11:14:09',null,'20120507134700000110225236178825',null);
insert into bd_operation(id,id_module,id_parent,name,nameI18n,code,operationDict,url,openMode,datascopeFlag,num,icon,winHeight,winWidth,description,ft,lt,fu,lu) values('20120619111557843522026395887928','20120517154526218931722289396740','20120517155050609905861699378806','','bd_eclassTeachingMaterial','bd_eclassTeachingMat','2','/bd/eclassTeachingMaterial!toIndex.action','0','0',null,'','','','','2012-06-19 11:15:57',null,'20120507134700000110225236178825',null);
insert into bd_operation(id,id_module,id_parent,name,nameI18n,code,operationDict,url,openMode,datascopeFlag,num,icon,winHeight,winWidth,description,ft,lt,fu,lu) values('20120619112106375407764962850853','20120517154526218931722289396740','20120517155050609905861699378806','','bd_studentTeachingMateria','bd_studentTeachingMa','2','/bd/studentTeachingMaterial!toIndex.action','0','0',null,'','','','','2012-06-19 11:21:06',null,'20120507134700000110225236178825',null);
insert into bd_operation(id,id_module,id_parent,name,nameI18n,code,operationDict,url,openMode,datascopeFlag,num,icon,winHeight,winWidth,description,ft,lt,fu,lu) values('20120621094247390397761583246240','20120517154526218931722289396740',null,'','bd_operation_attachment','attachment','0','/framework/component/attachment/jsp/index.jsp','0','1',null,'app-AccessoriesConfig','500','800','','2012-06-21 09:42:47','2012-06-21 09:45:04','20120507134700000110225236178825','20120507134700000110225236178825');
insert into bd_operation(id,id_module,id_parent,name,nameI18n,code,operationDict,url,openMode,datascopeFlag,num,icon,winHeight,winWidth,description,ft,lt,fu,lu) values('20120625145744281250830412676819','20120517154526218931722289396740',null,'','bd_operation_cr','bd_operation_cr','0','/bd/classroom!index.action','0','1',null,'department-apply','100%','100%','','2012-06-25 14:57:44','2012-07-31 11:48:36','20120507134700000110225236178825','20120507134700000110225236178825');
insert into bd_operation(id,id_module,id_parent,name,nameI18n,code,operationDict,url,openMode,datascopeFlag,num,icon,winHeight,winWidth,description,ft,lt,fu,lu) values('20120704115426984112370244595453','20120517154526218931722289396740',null,'','bd_operation_log','log','0','bd/operationLog!list.action','0','0',14,'notice-apply','90%','90%','','2012-07-04 11:54:26','2012-07-10 15:03:33','20120507134700000110225236178825','20120507134700000110225236178825');
insert into bd_operation(id,id_module,id_parent,name,nameI18n,code,operationDict,url,openMode,datascopeFlag,num,icon,winHeight,winWidth,description,ft,lt,fu,lu) values('20120730173513648120741257990458','20120517154526218931722289396740','20120519113047093454167179162580','','bd_configurationMana','bd_configurationMana','2','/bd/configuration!listOfConfiguration.action','0','1',1,'','','','','2012-07-30 17:35:13','2012-07-30 17:37:01','20120507134700000110225236178825','20120507134700000110225236178825');
insert into bd_operation(id,id_module,id_parent,name,nameI18n,code,operationDict,url,openMode,datascopeFlag,num,icon,winHeight,winWidth,description,ft,lt,fu,lu) values('20120730173630289160923601798086','20120517154526218931722289396740','20120519113047093454167179162580','','bd_globalConfigurati','bd_globalConfigurati','2','/bd/configuration!globalConfiguration.action','0','1',2,'','','','','2012-07-30 17:36:30',null,'20120507134700000110225236178825',null);
insert into bd_operation(id,id_module,id_parent,name,nameI18n,code,operationDict,url,openMode,datascopeFlag,num,icon,winHeight,winWidth,description,ft,lt,fu,lu) values('20120730173804070914110643931497','20120517154526218931722289396740','20120519113047093454167179162580','','bd_moduleConfigurati','bd_moduleConfigurati','2','/bd/configuration!moduleConfiguration.action','0','1',3,'','','','','2012-07-30 17:38:04',null,'20120507134700000110225236178825',null);
insert into bd_operation(id,id_module,id_parent,name,nameI18n,code,operationDict,url,openMode,datascopeFlag,num,icon,winHeight,winWidth,description,ft,lt,fu,lu) values('20120730173843914537465923707292','20120517154526218931722289396740','20120519113047093454167179162580','','bd_userConfiguration','bd_userConfiguration','2','/bd/configuration!userConfiguration.action','0','1',4,'','','','','2012-07-30 17:38:43',null,'20120507134700000110225236178825',null);
insert into bd_operation(id,id_module,id_parent,name,nameI18n,code,operationDict,url,openMode,datascopeFlag,num,icon,winHeight,winWidth,description,ft,lt,fu,lu) values('20120806170208734864052132025464','20120517154526218931722289396740','20120517155140328041844438314913','','bd_operation_sm_privilege','sm_privilege','2','','0','0',1,'','','','','2012-08-06 17:02:08','2012-08-06 17:02:26','20120507134700000110225236178825','20120507134700000110225236178825');
insert into bd_operation(id,id_module,id_parent,name,nameI18n,code,operationDict,url,openMode,datascopeFlag,num,icon,winHeight,winWidth,description,ft,lt,fu,lu) values('20120806170317984355695815422550','20120517154526218931722289396740','20120517155140328041844438314913','','bd_operation_sm_position','sm_position','2','','0','0',2,'','','','','2012-08-06 17:03:17',null,'20120507134700000110225236178825',null);
insert into bd_operation(id,id_module,id_parent,name,nameI18n,code,operationDict,url,openMode,datascopeFlag,num,icon,winHeight,winWidth,description,ft,lt,fu,lu) values('20120806170407453264543892158662','20120517154526218931722289396740','20120517155140328041844438314913','','bd_operation_sm_user','sm_user','2','','0','0',3,'','','','','2012-08-06 17:04:07',null,'20120507134700000110225236178825',null);
insert into bd_operation(id,id_module,id_parent,name,nameI18n,code,operationDict,url,openMode,datascopeFlag,num,icon,winHeight,winWidth,description,ft,lt,fu,lu) values('20120806170517937576103212428901','20120517154526218931722289396740','20120517155140328041844438314913','','bd_operation_sm_auth','sm_auth','2','','0','0',4,'','','','','2012-08-06 17:05:17',null,'20120507134700000110225236178825',null);
insert into bd_operation(id,id_module,id_parent,name,nameI18n,code,operationDict,url,openMode,datascopeFlag,num,icon,winHeight,winWidth,description,ft,lt,fu,lu) values('20120806170650106403001070545573','20120517154526218931722289396740','20120517154914828616949939515674','','bd_basedata_schoolYearTer','schoolYearTerm_init','2','/bd/schoolTerm!upStep.action','0','1',15,'','','','bd_basedata_schoolYearTerm_init','2012-08-06 17:06:50','2012-08-06 17:39:37','20120507134700000110225236178825','20120507134700000110225236178825');
insert into bd_operation(id,id_module,id_parent,name,nameI18n,code,operationDict,url,openMode,datascopeFlag,num,icon,winHeight,winWidth,description,ft,lt,fu,lu) values('20120806171854731886028928560399','20120517154526218931722289396740','20120517154914828616949939515674','','bd_basedata_period_mainta','periodManage','2','/bd/period!list.action','0','1',16,'','','','bd_basedata_period_maintain','2012-08-06 17:18:54','2012-08-06 17:40:04','20120507134700000110225236178825','20120507134700000110225236178825');
insert into bd_operation(id,id_module,id_parent,name,nameI18n,code,operationDict,url,openMode,datascopeFlag,num,icon,winHeight,winWidth,description,ft,lt,fu,lu) values('20120806172049278475656959808661','20120517154526218931722289396740','20120517154914828616949939515674','','bd_basedata_school','schoolManage','2','/bd/school!list.action','0','1',17,'','','','bd_basedata_school','2012-08-06 17:20:49','2012-08-06 17:40:17','20120507134700000110225236178825','20120507134700000110225236178825');
insert into bd_operation(id,id_module,id_parent,name,nameI18n,code,operationDict,url,openMode,datascopeFlag,num,icon,winHeight,winWidth,description,ft,lt,fu,lu) values('20120806172316731333961342074669','20120517154526218931722289396740','20120517154914828616949939515674','','bd_basedata_grade','gradeManage','2','/bd/grade!list.action','0','1',18,'','','','bd_basedata_grade','2012-08-06 17:23:16','2012-08-06 17:40:26','20120507134700000110225236178825','20120507134700000110225236178825');
insert into bd_operation(id,id_module,id_parent,name,nameI18n,code,operationDict,url,openMode,datascopeFlag,num,icon,winHeight,winWidth,description,ft,lt,fu,lu) values('20120806172535950313831510133911','20120517154526218931722289396740','20120517154914828616949939515674','','bd_basedata_eclass','eclassManage','2','/bd/eclass!list.action','0','1',19,'','','','/bd/eclass!list.action','2012-08-06 17:25:35','2012-08-06 17:40:35','20120507134700000110225236178825','20120507134700000110225236178825');
insert into bd_operation(id,id_module,id_parent,name,nameI18n,code,operationDict,url,openMode,datascopeFlag,num,icon,winHeight,winWidth,description,ft,lt,fu,lu) values('20120806173638137992466504073413','20120517154526218931722289396740','20120528133227437154949347765682','','bd_department_manage','departmentManage','2','/bd/department!department.action?flag=edit','0','1',1,'','','','bd_department_manage','2012-08-06 17:36:38','2012-08-06 17:40:50','20120507134700000110225236178825','20120507134700000110225236178825');
insert into bd_operation(id,id_module,id_parent,name,nameI18n,code,operationDict,url,openMode,datascopeFlag,num,icon,winHeight,winWidth,description,ft,lt,fu,lu) values('20120806173725575159362780299025','20120517154526218931722289396740','20120528133227437154949347765682','','bd_department_staffAssign','staffAssignments','2','/bd/departmentUser!index.action?flag=list','0','1',2,'','','','bd_department_staffAssignments','2012-08-06 17:37:25','2012-08-06 17:41:04','20120507134700000110225236178825','20120507134700000110225236178825');
insert into bd_operation(id,id_module,id_parent,name,nameI18n,code,operationDict,url,openMode,datascopeFlag,num,icon,winHeight,winWidth,description,ft,lt,fu,lu) values('20120806174045451014936108234784','20120517154526218931722289396740','20120517154751281606503236707887','','bd_course_index_viewcoursetable','bd_viewcoursetable','2','/bd/vieweclasscoursetable!index.action','0','0',5,'app-viewCoursetable','','','','2012-08-06 17:40:45','2012-08-06 18:25:31','20120507134700000110225236178825','20120507134700000110225236178825');
insert into bd_operation(id,id_module,id_parent,name,nameI18n,code,operationDict,url,openMode,datascopeFlag,num,icon,winHeight,winWidth,description,ft,lt,fu,lu) values('20120806174219106608093028321047','20120517154526218931722289396740','20120528133227437154949347765682','','bd_department_staffView','staffView','2','/bd/departmentUser!index.action?flag=show','0','1',3,'','','','bd_department_staffView','2012-08-06 17:42:19',null,'20120507134700000110225236178825',null);
insert into bd_operation(id,id_module,id_parent,name,nameI18n,code,operationDict,url,openMode,datascopeFlag,num,icon,winHeight,winWidth,description,ft,lt,fu,lu) values('20120806174313200359620641101539','20120517154526218931722289396740','20120528133227437154949347765682','','bd_department_staffMobili','staffMobility','2','/bd/positionChange!list.action','0','1',4,'','','','bd_department_staffMobility','2012-08-06 17:43:13',null,'20120507134700000110225236178825',null);
insert into bd_operation(id,id_module,id_parent,name,nameI18n,code,operationDict,url,openMode,datascopeFlag,num,icon,winHeight,winWidth,description,ft,lt,fu,lu) values('20120806174347590920326223364753','20120517154526218931722289396740','20120528133227437154949347765682','','bd_department_sort','departmentSort','2','/bd/department!department.action?flag=sort','0','1',5,'','','','bd_department_sort','2012-08-06 17:43:47',null,'20120507134700000110225236178825',null);
insert into bd_operation(id,id_module,id_parent,name,nameI18n,code,operationDict,url,openMode,datascopeFlag,num,icon,winHeight,winWidth,description,ft,lt,fu,lu) values('20120806174539028604822173490241','20120517154526218931722289396740','20120528121615296125560009058636','','bd_basedata_teacher_info','teacherInfo','2','/bd/teacher!list.action','0','1',1,'','','','bd_basedata_teacher_info','2012-08-06 17:45:39',null,'20120507134700000110225236178825',null);
insert into bd_operation(id,id_module,id_parent,name,nameI18n,code,operationDict,url,openMode,datascopeFlag,num,icon,winHeight,winWidth,description,ft,lt,fu,lu) values('20120806174945293253098039190197','20120517154526218931722289396740','20120528132914125937612668638822','','bd_basedata_student_info','studentInfo','2','/bd/student!list.action','0','1',1,'','','','bd_basedata_student_info','2012-08-06 17:49:45',null,'20120507134700000110225236178825',null);
insert into bd_operation(id,id_module,id_parent,name,nameI18n,code,operationDict,url,openMode,datascopeFlag,num,icon,winHeight,winWidth,description,ft,lt,fu,lu) values('20120806175045293419355584965403','20120517154526218931722289396740','20120528132914125937612668638822','','bd_basedata_student_trans','studentTransferInto','2','','0','1',2,'','','','bd_basedata_student_transferInto','2012-08-06 17:50:45',null,'20120507134700000110225236178825',null);
insert into bd_operation(id,id_module,id_parent,name,nameI18n,code,operationDict,url,openMode,datascopeFlag,num,icon,winHeight,winWidth,description,ft,lt,fu,lu) values('20120806175129418651180987179588','20120517154526218931722289396740','20120528132914125937612668638822','','bd_basedata_student_chang','studentChangeEclass','2','/bd/studentChange!toAdjustmentStudent.action','0','1',3,'','','','bd_basedata_student_changeEclass','2012-08-06 17:51:29',null,'20120507134700000110225236178825',null);
insert into bd_operation(id,id_module,id_parent,name,nameI18n,code,operationDict,url,openMode,datascopeFlag,num,icon,winHeight,winWidth,description,ft,lt,fu,lu) values('20120806175217371103955226061351','20120517154526218931722289396740','20120528132914125937612668638822','','bd_basedata_student_stude','studentChange','2','/bd/studentChange!student.action','0','1',4,'','','','bd_basedata_student_studentChange','2012-08-06 17:52:17',null,'20120507134700000110225236178825',null);
insert into bd_operation(id,id_module,id_parent,name,nameI18n,code,operationDict,url,openMode,datascopeFlag,num,icon,winHeight,winWidth,description,ft,lt,fu,lu) values('20120806175302528035946544349346','20120517154526218931722289396740','20120528132914125937612668638822','','bd_basedata_student_educa','educationalOutcomes','2','/bd/studentChange!toEducationalOutcomesIndex.action','0','1',5,'','','','bd_basedata_student_educationalOutcomes','2012-08-06 17:53:02',null,'20120507134700000110225236178825',null);
insert into bd_operation(id,id_module,id_parent,name,nameI18n,code,operationDict,url,openMode,datascopeFlag,num,icon,winHeight,winWidth,description,ft,lt,fu,lu) values('20120806175409856022679880516958','20120517154526218931722289396740','20120528132914125937612668638822','','bd_basedata_student_divid','studentDivide','2','/bd/studentRegistration!toNewStudent.action','0','1',6,'','','','bd_basedata_student_divide','2012-08-06 17:54:09',null,'20120507134700000110225236178825',null);
insert into bd_operation(id,id_module,id_parent,name,nameI18n,code,operationDict,url,openMode,datascopeFlag,num,icon,winHeight,winWidth,description,ft,lt,fu,lu) values('20120806175424616941530148208578','20120517154526218931722289396740','20120806174045451014936108234784','','bd_course_adjustSchedule_classCourseTable','vct_classCourseTable','2','','0','0',1,'','','','','2012-08-06 17:54:24','2012-08-06 18:25:43','20120507134700000110225236178825','20120507134700000110225236178825');
insert into bd_operation(id,id_module,id_parent,name,nameI18n,code,operationDict,url,openMode,datascopeFlag,num,icon,winHeight,winWidth,description,ft,lt,fu,lu) values('20120806175455528067819320151090','20120517154526218931722289396740','20120528132914125937612668638822','','bd_basedata_student_leave','studentLeaveSchool','2','/bd/studentChange!schoolLeavers.action','0','1',7,'','','','bd_basedata_student_leaveSchool','2012-08-06 17:54:55',null,'20120507134700000110225236178825',null);
insert into bd_operation(id,id_module,id_parent,name,nameI18n,code,operationDict,url,openMode,datascopeFlag,num,icon,winHeight,winWidth,description,ft,lt,fu,lu) values('20120806175517226012817824799887','20120517154526218931722289396740','20120806174045451014936108234784','','bd_course_adjustSchedule_teacherCourseTable','vct_teaCourseTable','2','','0','0',2,'','','','','2012-08-06 17:55:17','2012-08-06 18:25:57','20120507134700000110225236178825','20120507134700000110225236178825');
insert into bd_operation(id,id_module,id_parent,name,nameI18n,code,operationDict,url,openMode,datascopeFlag,num,icon,winHeight,winWidth,description,ft,lt,fu,lu) values('20120806175601855399816740383049','20120517154526218931722289396740','20120806174045451014936108234784','','bd_course_adjustSchedule_studentCourseTable','vct_stuCourseTable','2','','0','0',3,'','','','','2012-08-06 17:56:01','2012-08-06 18:26:09','20120507134700000110225236178825','20120507134700000110225236178825');
insert into bd_operation(id,id_module,id_parent,name,nameI18n,code,operationDict,url,openMode,datascopeFlag,num,icon,winHeight,winWidth,description,ft,lt,fu,lu) values('20120806175638506387087699279390','20120517154526218931722289396740','20120806174045451014936108234784','','bd_course_adjustSchedule_schoolCourseTable','vct_schCourseTable','2','','0','0',4,'','','','','2012-08-06 17:56:38','2012-08-06 18:26:22','20120507134700000110225236178825','20120507134700000110225236178825');
insert into bd_operation(id,id_module,id_parent,name,nameI18n,code,operationDict,url,openMode,datascopeFlag,num,icon,winHeight,winWidth,description,ft,lt,fu,lu) values('20120806181527848999525555134346','20120517154526218931722289396740','20120517154751281606503236707887','','bd_subject','bd_subject','2','/bd/subject!list.action','0','1',1,'','','','','2012-08-06 18:15:27','2012-08-06 18:21:52','20120507134700000110225236178825','20120507134700000110225236178825');
insert into bd_operation(id,id_module,id_parent,name,nameI18n,code,operationDict,url,openMode,datascopeFlag,num,icon,winHeight,winWidth,description,ft,lt,fu,lu) values('20120806181609306181020691481316','20120517154526218931722289396740','20120517154751281606503236707887','','bd_gradecourse','bd_gradecourse','2','/bd/gradeCourse!list.action','0','0',3,'','','','','2012-08-06 18:16:09','2012-08-06 18:22:39','20120507134700000110225236178825','20120507134700000110225236178825');
insert into bd_operation(id,id_module,id_parent,name,nameI18n,code,operationDict,url,openMode,datascopeFlag,num,icon,winHeight,winWidth,description,ft,lt,fu,lu) values('20120806181651770661648870773391','20120517154526218931722289396740','20120517154751281606503236707887','','bd_course','bd_course','2','/bd/course!list.action','0','1',2,'','','','','2012-08-06 18:16:51','2012-08-06 18:22:06','20120507134700000110225236178825','20120507134700000110225236178825');
insert into bd_operation(id,id_module,id_parent,name,nameI18n,code,operationDict,url,openMode,datascopeFlag,num,icon,winHeight,winWidth,description,ft,lt,fu,lu) values('20120806181909316983038163675989','20120517154526218931722289396740','20120517154751281606503236707887','','bd_lessonquantity','bd_lessonquantity','2','/bd/lessonQuantity!index.action','0','0',6,'','','','','2012-08-06 18:19:09','2012-08-06 18:24:26','20120507134700000110225236178825','20120507134700000110225236178825');
insert into bd_operation(id,id_module,id_parent,name,nameI18n,code,operationDict,url,openMode,datascopeFlag,num,icon,winHeight,winWidth,description,ft,lt,fu,lu) values('20120806181939810394223054674233','20120517154526218931722289396740','20120806181909316983038163675989','','bd_lessonquantity_report','bd_lessonquantity_re','2','/bd/lessonQuantityVo!list.action','0','0',2,'','','','','2012-08-06 18:19:39','2012-08-06 18:25:42','20120507134700000110225236178825','20120507134700000110225236178825');
insert into bd_operation(id,id_module,id_parent,name,nameI18n,code,operationDict,url,openMode,datascopeFlag,num,icon,winHeight,winWidth,description,ft,lt,fu,lu) values('20120806182024470164504329336621','20120517154526218931722289396740','20120517154751281606503236707887','','bd_teachercourse','bd_teachercourse','2','/bd/postAppoint!toDefaultInput.action','0','0',4,'','','','','2012-08-06 18:20:24','2012-08-06 18:24:04','20120507134700000110225236178825','20120507134700000110225236178825');
insert into bd_operation(id,id_module,id_parent,name,nameI18n,code,operationDict,url,openMode,datascopeFlag,num,icon,winHeight,winWidth,description,ft,lt,fu,lu) values('20120806182659159438159071103088','20120517154526218931722289396740','20120806181909316983038163675989','','bd_lessonquantity_manage','bd_lessonquantity_li','2','/bd/lessonQuantity!list.action','0','0',1,'','','','','2012-08-06 18:26:59',null,'20120507134700000110225236178825',null);
insert into bd_operation(id,id_module,id_parent,name,nameI18n,code,operationDict,url,openMode,datascopeFlag,num,icon,winHeight,winWidth,description,ft,lt,fu,lu) values('20120821140302813538301264596919','20120517154526218931722289396740',null,'','bd_operation_cm_vct','bd_viewcoursetable','0','/bd/vieweclasscoursetable!index.action','0','0',15,'app-viewCoursetable','500','850','','2012-08-21 14:03:02','2012-08-21 14:26:51','20120507134700000110225236178825','20120507134700000110225236178825');
insert into bd_operation(id,id_module,id_parent,name,nameI18n,code,operationDict,url,openMode,datascopeFlag,num,icon,winHeight,winWidth,description,ft,lt,fu,lu) values('20120821142145269721411368971135','20120517154526218931722289396740','20120821140302813538301264596919','','bd_course_adjustSchedule_classCourseTable','vct_classCourseTable','2','','0','0',1,'','','','','2012-08-21 14:21:45','2012-08-21 14:27:04','20120507134700000110225236178825','20120507134700000110225236178825');
insert into bd_operation(id,id_module,id_parent,name,nameI18n,code,operationDict,url,openMode,datascopeFlag,num,icon,winHeight,winWidth,description,ft,lt,fu,lu) values('20120821142342635317732012813007','20120517154526218931722289396740','20120821140302813538301264596919','','bd_course_adjustSchedule_teacherCourseTable','vct_teaCourseTable','2','','0','0',2,'','','','','2012-08-21 14:23:42','2012-08-21 14:27:11','20120507134700000110225236178825','20120507134700000110225236178825');
insert into bd_operation(id,id_module,id_parent,name,nameI18n,code,operationDict,url,openMode,datascopeFlag,num,icon,winHeight,winWidth,description,ft,lt,fu,lu) values('20120821142418255880198918830232','20120517154526218931722289396740','20120821140302813538301264596919','','bd_course_adjustSchedule_studentCourseTable','vct_stuCourseTable','2','','0','0',3,'','','','','2012-08-21 14:24:18','2012-08-21 14:27:19','20120507134700000110225236178825','20120507134700000110225236178825');
insert into bd_operation(id,id_module,id_parent,name,nameI18n,code,operationDict,url,openMode,datascopeFlag,num,icon,winHeight,winWidth,description,ft,lt,fu,lu) values('20120821142447760905944358685366','20120517154526218931722289396740','20120821140302813538301264596919','','bd_course_adjustSchedule_schoolCourseTable','vct_schCourseTable','2','','0','0',4,'','','','','2012-08-21 14:24:47','2012-08-21 14:27:26','20120507134700000110225236178825','20120507134700000110225236178825');
insert into bd_operation(id,id_module,id_parent,name,nameI18n,code,operationDict,url,openMode,datascopeFlag,num,icon,winHeight,winWidth,description,ft,lt,fu,lu) values('20120919181025636456334589741118','20120517154526218931722289396740','20120528133227437154949347765682','','privatedepartment','privatedepartment','2','','0','0',6,'','','','','2012-09-19 18:10:25',null,'20120507134700000110225236178825',null);
insert into bd_operation(id,id_module,id_parent,name,nameI18n,code,operationDict,url,openMode,datascopeFlag,icon,winHeight,winWidth) values('20130304135814932987244039614663','20120517154526218931722289396740',null,'','bd_operation_kp','bd_operation_kp','0','/bd/knowledgePoint!toIndex.action','0','0','app-knowledgePoint','100%','100%');






insert into bd_position(id,name,code,num,systemFlag,enableFlag,positionDict,ft,lt,fu,lu) values('20120528114722640501279278764205','','s_student',null,'1','1','0','2012-05-28 11:47:22','2012-06-06 17:43:04','20120507141108375575303797438921','20120507134700000110225236178825');
insert into bd_position(id,name,code,num,systemFlag,enableFlag,positionDict,ft,lt,fu,lu) values('20120528114843281045862158441855','','p_parent',null,'1','1','1','2012-05-28 11:48:43','2012-06-06 17:42:58','20120507141108375575303797438921','20120507134700000110225236178825');
insert into bd_position(id,name,code,num,systemFlag,enableFlag,positionDict,ft,lt,fu,lu) values('20120528114907718681876007249781','','t_teacher',null,'1','1','2','2012-05-28 11:49:07','2012-06-11 10:44:42','20120507141108375575303797438921','20120529173459906914742441019681');
insert into bd_position(id,name,code,num,systemFlag,enableFlag,positionDict,ft,lt,fu,lu) values('20120531182703515449837340272411','','t_classroomTeacher',null,'1','1','2','2012-05-31 18:27:03','2012-06-06 17:43:56','20120507134700000110225236178825','20120507134700000110225236178825');
insert into bd_position(id,name,code,num,systemFlag,enableFlag,positionDict,ft,lt,fu,lu) values('20120531182727203841021488053259','','t_classTeacherMain',null,'1','1','2','2012-05-31 18:27:27','2012-06-12 16:33:04','20120507134700000110225236178825','20120507134700000110225236178825');
insert into bd_position(id,name,code,num,systemFlag,enableFlag,positionDict,ft,lt,fu,lu) values('20120531182747593076715732306884','','t_classTeacherDeputy',null,'1','1','2','2012-05-31 18:27:47','2012-06-06 17:44:00','20120507134700000110225236178825','20120507134700000110225236178825');
insert into bd_position(id,name,code,num,systemFlag,enableFlag,positionDict,ft,lt,fu,lu) values('20120618095402109462654045436941','','t_basedataInit',null,'1','1','2','2012-06-18 09:54:02','2012-06-18 09:59:35','20120507134700000110225236178825','20120507134700000110225236178825');

insert into bd_user(id,name,loginName,password,email,userDict,enableFlag,num,ft,lt,fu,lu,displayName,pinyin) values('20120507134700000110225236178825','administrator','administrator','670b14728ad9902aecba32e22fa4f6bd','','3','1',null,'2012-05-07 13:47:00','2012-05-16 18:09:22',null,'20120508122027812617823674001112','administrator',null);
insert into bd_module(id,name,nameI18n,code,num,deployFlag,ft,lt,fu,lu) values('20120613091919750518657099228044','','bd_module_moreApp','otherApp',null,'1','2012-06-13 09:19:19',null,'20120507134700000110225236178825',null);

insert into bd_configuration(id,id_module,kind,configurationMode,name,code,description,visibleFlag,ft,lt,fu,lu) values('20120801094650093681122731280530',null,'0','1','','hp_userLanguage','','1','2012-08-01 09:46:50','2012-08-01 14:36:58','20120507134700000110225236178825','20120507134700000110225236178825');
insert into bd_configuration(id,id_module,kind,configurationMode,name,code,description,visibleFlag,ft,lt,fu,lu) values('20120801144101312528144023224111',null,'0','1','','hp_userTheme','','1','2012-08-01 14:41:01','2012-08-02 14:19:45','20120507134700000110225236178825','20120507134700000110225236178825');
insert into bd_configuration(id,id_module,kind,configurationMode,name,code,description,visibleFlag,ft,lt,fu,lu) values('20120801144407546345355391502736',null,'0','0','','hp_userWallpaper','','1','2012-08-01 14:44:07','2012-08-02 14:21:55','20120507134700000110225236178825','20120507134700000110225236178825');
insert into bd_configuration(id,id_module,kind,configurationMode,name,code,description,visibleFlag,ft,lt,fu,lu) values('20120801144734906773398408357721',null,'0','1','','hp_userWallpaperType','','1','2012-08-01 14:47:34',null,'20120507134700000110225236178825',null);
insert into bd_configuration(id,id_module,kind,configurationMode,name,code,description,visibleFlag,ft,lt,fu,lu) values('20120801144918812552559178698144',null,'0','0','URL','hp_userWallpaperURL','URL','1','2012-08-01 14:49:18',null,'20120507134700000110225236178825',null);
insert into bd_configuration(id,id_module,kind,configurationMode,name,code,description,visibleFlag,ft,lt,fu,lu) values('20120801152040531224355810223711',null,'0','1','','hp_userlayout','','1','2012-08-01 15:20:40',null,'20120507134700000110225236178825',null);
insert into bd_configuration(id,id_module,kind,configurationMode,name,code,description,visibleFlag,ft,lt,fu,lu) values('20120801155235875340018202305368',null,'0','1','Web OS','hp_isAutoHideTaskBar','Web OS2','1','2012-08-01 15:52:35',null,'20120507134700000110225236178825',null);
insert into bd_configuration(id,id_module,kind,configurationMode,name,code,description,visibleFlag,ft,lt,fu,lu) values('20120801163951187320941010497846',null,'2','0','WebOS','hp_maxDesktopNum','Web OS ','0','2012-08-01 16:39:51',null,'20120507134700000110225236178825',null);
insert into bd_configuration(id,id_module,kind,configurationMode,name,code,description,visibleFlag,ft,lt,fu,lu) values('20120801164032078286524981236366',null,'2','0','WebOS','hp_minDesktopNum','WebOS','0','2012-08-01 16:40:32',null,'20120507134700000110225236178825',null);
insert into bd_configuration(id,id_module,kind,configurationMode,name,code,description,visibleFlag,ft,lt,fu,lu) values('20120802143454750562994397021507',null,'0','1','','hp_fixedTaskBarWidth','','1','2012-08-02 14:34:54',null,'20120507134700000110225236178825',null);
insert into bd_configurationitem(id,id_configuration,name,value,defaultFlag,ft,lt,fu,lu) values('20120801094650078670516277877546','20120801094650093681122731280530','','zh-CN','1',null,'2012-08-01 14:36:58',null,'20120507134700000110225236178825');
insert into bd_configurationitem(id,id_configuration,name,value,defaultFlag,ft,lt,fu,lu) values('20120801094650078831121704410590','20120801094650093681122731280530','English','en-US',null,null,'2012-08-01 14:36:58',null,'20120507134700000110225236178825');
insert into bd_configurationitem(id,id_configuration,name,value,defaultFlag,ft,lt,fu,lu) values('20120801144101312035001490346868','20120801144101312528144023224111','','default','1',null,'2012-08-02 14:19:45',null,'20120507134700000110225236178825');
insert into bd_configurationitem(id,id_configuration,name,value,defaultFlag,ft,lt,fu,lu) values('20120801144407546804926748935546','20120801144407546345355391502736','','default','1',null,'2012-08-02 14:21:55',null,'20120507134700000110225236178825');
insert into bd_configurationitem(id,id_configuration,name,value,defaultFlag,ft,lt,fu,lu) values('20120801144734906058856992594928','20120801144734906773398408357721','','1','1',null,null,null,null);
insert into bd_configurationitem(id,id_configuration,name,value,defaultFlag,ft,lt,fu,lu) values('20120801144734906222664944727969','20120801144734906773398408357721','','3',null,null,null,null,null);
insert into bd_configurationitem(id,id_configuration,name,value,defaultFlag,ft,lt,fu,lu) values('20120801144734906724729872221338','20120801144734906773398408357721','','2',null,null,null,null,null);
insert into bd_configurationitem(id,id_configuration,name,value,defaultFlag,ft,lt,fu,lu) values('20120801144918812396613352561084','20120801144918812552559178698144','','','1',null,null,null,null);
insert into bd_configurationitem(id,id_configuration,name,value,defaultFlag,ft,lt,fu,lu) values('20120801152040531273753518600109','20120801152040531224355810223711','','1',null,null,null,null,null);
insert into bd_configurationitem(id,id_configuration,name,value,defaultFlag,ft,lt,fu,lu) values('20120801152040531857076818065460','20120801152040531224355810223711','Web OS ','2','1',null,null,null,null);
insert into bd_configurationitem(id,id_configuration,name,value,defaultFlag,ft,lt,fu,lu) values('20120801155235875455971627981101','20120801155235875340018202305368','','1','1',null,null,null,null);
insert into bd_configurationitem(id,id_configuration,name,value,defaultFlag,ft,lt,fu,lu) values('20120801155235875891455853855872','20120801155235875340018202305368','','0',null,null,null,null,null);
insert into bd_configurationitem(id,id_configuration,name,value,defaultFlag,ft,lt,fu,lu) values('20120801163951187291962810652352','20120801163951187320941010497846','6','6','1',null,null,null,null);
insert into bd_configurationitem(id,id_configuration,name,value,defaultFlag,ft,lt,fu,lu) values('20120801164032078349912969853852','20120801164032078286524981236366','1','1','1',null,null,null,null);
insert into bd_configurationitem(id,id_configuration,name,value,defaultFlag,ft,lt,fu,lu) values('20120802141945359438716622785428','20120801144101312528144023224111','','campus',null,'2012-08-02 14:19:45',null,'20120507134700000110225236178825',null);
insert into bd_configurationitem(id,id_configuration,name,value,defaultFlag,ft,lt,fu,lu) values('20120802142155156260159185419722','20120801144407546345355391502736','','blackboard',null,'2012-08-02 14:21:55',null,'20120507134700000110225236178825',null);
insert into bd_configurationitem(id,id_configuration,name,value,defaultFlag,ft,lt,fu,lu) values('20120802142155156360174553899064','20120801144407546345355391502736','','green',null,'2012-08-02 14:21:55',null,'20120507134700000110225236178825',null);
insert into bd_configurationitem(id,id_configuration,name,value,defaultFlag,ft,lt,fu,lu) values('20120802142155156595550713261226','20120801144407546345355391502736','','wood',null,'2012-08-02 14:21:55',null,'20120507134700000110225236178825',null);
insert into bd_configurationitem(id,id_configuration,name,value,defaultFlag,ft,lt,fu,lu) values('20120802142155171099209649107767','20120801144407546345355391502736','','teachersDay',null,'2012-08-02 14:21:55',null,'20120507134700000110225236178825',null);
insert into bd_configurationitem(id,id_configuration,name,value,defaultFlag,ft,lt,fu,lu) values('20120802142155171863230224189370','20120801144407546345355391502736','','student',null,'2012-08-02 14:21:55',null,'20120507134700000110225236178825',null);
insert into bd_configurationitem(id,id_configuration,name,value,defaultFlag,ft,lt,fu,lu) values('20120802142155171909256945869181','20120801144407546345355391502736','','royal',null,'2012-08-02 14:21:55',null,'20120507134700000110225236178825',null);
insert into bd_configurationitem(id,id_configuration,name,value,defaultFlag,ft,lt,fu,lu) values('20120802143454750185117316235009','20120802143454750562994397021507','','0',null,null,null,null,null);
insert into bd_configurationitem(id,id_configuration,name,value,defaultFlag,ft,lt,fu,lu) values('20120802143454750553622981868727','20120802143454750562994397021507','','1','1',null,null,null,null);

insert into bd_datascopeclass(id,name,code,classPath,num,description,ft,lt,fu,lu) values('20120508103103046246913069954160','','school','com.unitever.dc.base.module.basedata.model.School',null,'','2012-05-08 10:31:03',null,null,null);
insert into bd_datascopeclass(id,name,code,classPath,num,description,ft,lt,fu,lu) values('20120508154443015428564846217217','','Grade','com.unitever.dc.base.module.basedata.model.SchoolGrade',null,'','2012-05-08 15:44:43',null,null,null);
insert into bd_datascopeclass(id,name,code,classPath,num,description,ft,lt,fu,lu) values('20120508154656125600030818401438','','Eclass','com.unitever.dc.base.module.basedata.model.Eclass',null,'','2012-05-08 15:46:56',null,null,null);
insert into bd_datascopeclass(id,name,code,classPath,num,description,ft,lt,fu,lu) values('20120508161331437135450745703604','','Course','com.unitever.dc.base.module.course.model.Course',null,'','2012-05-08 16:13:31',null,null,null);


insert into bd_dictionary(id,name,code,description,kind,enableFlag,editableFlag,systemFlag,ft,lt,fu,lu) values('20120512115123296311345566979511','','characterDict',null,'0',null,'1',null,'2012-05-12 11:51:23','2012-05-23 19:23:02',null,'20120508122027812617823674001112');
insert into bd_dictionary(id,name,code,description,kind,enableFlag,editableFlag,systemFlag,ft,lt,fu,lu) values('20120512115557781365660898301989','','directionDict',null,'0',null,'1',null,'2012-05-12 11:55:57',null,null,null);
insert into bd_dictionary(id,name,code,description,kind,enableFlag,editableFlag,systemFlag,ft,lt,fu,lu) values('20120512115613296903794686284691','','courseKindDict',null,'0',null,'1',null,'2012-05-12 11:56:13',null,null,null);
insert into bd_dictionary(id,name,code,description,kind,enableFlag,editableFlag,systemFlag,ft,lt,fu,lu) values('20120512125024140219476719742735','','fieldDict',null,'0',null,'1',null,'2012-05-12 12:50:24',null,null,null);
insert into bd_dictionary(id,name,code,description,kind,enableFlag,editableFlag,systemFlag,ft,lt,fu,lu) values('20120517142044296269101732117040','','noticeKindDict',null,'0',null,'1',null,'2012-05-17 14:20:44',null,'20120508122027812617823674001112',null);
insert into bd_dictionary(id,name,code,description,kind,enableFlag,editableFlag,systemFlag,ft,lt,fu,lu) values('20120521184639578147824639950827','','TeachingMaterialKind',null,'0',null,'1',null,'2012-05-21 18:46:39',null,'20120508122027812617823674001112',null);
insert into bd_dictionary(id,name,code,description,kind,enableFlag,editableFlag,systemFlag,ft,lt,fu,lu) values('20120530095104265211764644270461','','classKindDict',null,'0',null,'1',null,'2012-05-30 09:51:04',null,'20120507134700000110225236178825',null);
insert into bd_dictionary(id,name,code,description,kind,enableFlag,editableFlag,systemFlag,ft,lt,fu,lu) values('20120530095326703898632721082068','','character1Dict',null,'0',null,'1',null,'2012-05-30 09:53:26',null,'20120507134700000110225236178825',null);
insert into bd_dictionary(id,name,code,description,kind,enableFlag,editableFlag,systemFlag,ft,lt,fu,lu) values('20120530095547687535385039587474','','periodKindDict',null,'0',null,'1',null,'2012-05-30 09:55:47',null,'20120507134700000110225236178825',null);
insert into bd_dictionary(id,name,code,description,kind,enableFlag,editableFlag,systemFlag,ft,lt,fu,lu) values('20120530095703703284015316900933','','schoolSystem',null,'0',null,'1',null,'2012-05-30 09:57:03',null,'20120507134700000110225236178825',null);
insert into bd_dictionary(id,name,code,description,kind,enableFlag,editableFlag,systemFlag,ft,lt,fu,lu) values('20120530101707781548136014271106','','teacherKindDict',null,'0',null,'1',null,'2012-05-30 10:17:07',null,'20120507134700000110225236178825',null);
insert into bd_dictionary(id,name,code,description,kind,enableFlag,editableFlag,systemFlag,ft,lt,fu,lu) values('20120530101722890642334271289553','','cardKindDict',null,'0',null,'1',null,'2012-05-30 10:17:22',null,'20120507134700000110225236178825',null);
insert into bd_dictionary(id,name,code,description,kind,enableFlag,editableFlag,systemFlag,ft,lt,fu,lu) values('20120612162456656486528389207558','','sex',null,'0',null,'0',null,'2012-06-12 16:24:56',null,'20120507134700000110225236178825',null);
insert into bd_dictionary(id,name,code,description,kind,enableFlag,editableFlag,systemFlag,ft,lt,fu,lu) values('20120612162856781222134061485739','','reasonKindDict',null,'0',null,'1',null,'2012-06-12 16:28:56',null,'20120507134700000110225236178825',null);
insert into bd_dictionary(id,name,code,description,kind,enableFlag,editableFlag,systemFlag,ft,lt,fu,lu) values('40288100288c226801288c2987e90001','','zone',null,'1',null,'1',null,'2012-05-30 11:14:23',null,'20120507134700000110225236178825',null);
insert into bd_dictionary(id,name,code,description,kind,enableFlag,editableFlag,systemFlag,ft,lt,fu,lu) values('20120530134957796052592993822928','','nationalityDict',null,'0',null,'1',null,'2012-05-30 13:49:57',null,'20120507134700000110225236178825',null);
insert into bd_dictionary(id,name,code,description,kind,enableFlag,editableFlag,systemFlag,ft,lt,fu,lu) values('20120530135018250973819632296189','','informationSource',null,'0',null,'1',null,'2012-05-30 13:50:18','2012-05-30 13:50:35','20120507134700000110225236178825','20120507134700000110225236178825');
insert into bd_dictionary(id,name,code,description,kind,enableFlag,editableFlag,systemFlag,ft,lt,fu,lu) values('20120530135054562736757983980338','','countryDict',null,'0',null,'1',null,'2012-05-30 13:50:54',null,'20120507134700000110225236178825',null);
insert into bd_dictionary(id,name,code,description,kind,enableFlag,editableFlag,systemFlag,ft,lt,fu,lu) values('20120512115123296311345566979512','','classroomKind',null,'0',null,'1',null,'2012-05-12 11:51:23','2012-05-23 19:23:02',null,null);
insert into bd_dictionaryvalue(id,id_dictionary,id_parent,code,value,num,description,enableFlag,editableFlag,systemFlag,ft,lt,fu,lu) values('20120512115143812264362894335511','20120512115123296311345566979511',null,'elective','',null,null,'1',null,null,'2012-05-12 11:51:43','2012-05-14 17:39:27',null,null);
insert into bd_dictionaryvalue(id,id_dictionary,id_parent,code,value,num,description,enableFlag,editableFlag,systemFlag,ft,lt,fu,lu) values('20120512115153015094666101195560','20120512115123296311345566979511',null,'common','',null,null,'1',null,null,'2012-05-12 11:51:53','2012-05-14 17:39:17',null,null);
insert into bd_dictionaryvalue(id,id_dictionary,id_parent,code,value,num,description,enableFlag,editableFlag,systemFlag,ft,lt,fu,lu) values('20120512115633703518152835853005','20120512115613296903794686284691',null,'gj','',null,null,'1',null,null,'2012-05-12 11:56:33',null,null,null);
insert into bd_dictionaryvalue(id,id_dictionary,id_parent,code,value,num,description,enableFlag,editableFlag,systemFlag,ft,lt,fu,lu) values('20120512115640937175236176376032','20120512115613296903794686284691',null,'df','',null,null,'1',null,null,'2012-05-12 11:56:40',null,null,null);
insert into bd_dictionaryvalue(id,id_dictionary,id_parent,code,value,num,description,enableFlag,editableFlag,systemFlag,ft,lt,fu,lu) values('20120512115647531265226567178902','20120512115613296903794686284691',null,'xb','',null,null,'1',null,null,'2012-05-12 11:56:47',null,null,null);
insert into bd_dictionaryvalue(id,id_dictionary,id_parent,code,value,num,description,enableFlag,editableFlag,systemFlag,ft,lt,fu,lu) values('20120512115653890461311063994766','20120512115613296903794686284691',null,'qt','',null,null,'1',null,null,'2012-05-12 11:56:53',null,null,null);
insert into bd_dictionaryvalue(id,id_dictionary,id_parent,code,value,num,description,enableFlag,editableFlag,systemFlag,ft,lt,fu,lu) values('20120512115703906116579629054724','20120512115557781365660898301989',null,'ap','ap',null,null,'1',null,null,'2012-05-12 11:57:03',null,null,null);
insert into bd_dictionaryvalue(id,id_dictionary,id_parent,code,value,num,description,enableFlag,editableFlag,systemFlag,ft,lt,fu,lu) values('20120512115713812930676419762075','20120512115557781365660898301989',null,'elevel','elevel',null,null,'1',null,null,'2012-05-12 11:57:13',null,null,null);
insert into bd_dictionaryvalue(id,id_dictionary,id_parent,code,value,num,description,enableFlag,editableFlag,systemFlag,ft,lt,fu,lu) values('20120512125317046181102434368244','20120512125024140219476719742735',null,'wx','',null,null,'1',null,null,'2012-05-12 12:53:17',null,null,null);
insert into bd_dictionaryvalue(id,id_dictionary,id_parent,code,value,num,description,enableFlag,editableFlag,systemFlag,ft,lt,fu,lu) values('20120512125317046181102434368243','20120512125024140219476719742735',null,'lx','',null,null,'1',null,null,'2012-05-12 12:53:17','2012-05-29 17:47:50',null,'20120507134700000110225236178825');
insert into bd_dictionaryvalue(id,id_dictionary,id_parent,code,value,num,description,enableFlag,editableFlag,systemFlag,ft,lt,fu,lu) values('20120512125317046181102434368242','20120512125024140219476719742735',null,'ys','',null,null,'1',null,null,'2012-05-12 12:53:17','2012-05-29 17:48:10',null,'20120507134700000110225236178825');
insert into bd_dictionaryvalue(id,id_dictionary,id_parent,code,value,num,description,enableFlag,editableFlag,systemFlag,ft,lt,fu,lu) values('20120512125317046181102434368241','20120512125024140219476719742735',null,'ty','',null,null,'1',null,null,'2012-05-12 12:53:17','2012-05-29 17:48:17',null,'20120507134700000110225236178825');
insert into bd_dictionaryvalue(id,id_dictionary,id_parent,code,value,num,description,enableFlag,editableFlag,systemFlag,ft,lt,fu,lu) values('20120529173627640610091946690269','20120517142044296269101732117040',null,'0','',null,null,'1',null,null,'2012-05-29 17:36:27',null,'20120507134700000110225236178825',null);
insert into bd_dictionaryvalue(id,id_dictionary,id_parent,code,value,num,description,enableFlag,editableFlag,systemFlag,ft,lt,fu,lu) values('20120529173638781630540139335716','20120517142044296269101732117040',null,'1','',null,null,'1',null,null,'2012-05-29 17:36:38',null,'20120507134700000110225236178825',null);
insert into bd_dictionaryvalue(id,id_dictionary,id_parent,code,value,num,description,enableFlag,editableFlag,systemFlag,ft,lt,fu,lu) values('20120521184702062425589182906250','20120521184639578147824639950827',null,'jiaocai','',null,null,'1',null,null,'2012-05-21 18:47:02',null,'20120508122027812617823674001112',null);
insert into bd_dictionaryvalue(id,id_dictionary,id_parent,code,value,num,description,enableFlag,editableFlag,systemFlag,ft,lt,fu,lu) values('20120521184717796455973823923389','20120521184639578147824639950827',null,'jiaofu','',null,null,'1',null,null,'2012-05-21 18:47:17',null,'20120508122027812617823674001112',null);
insert into bd_dictionaryvalue(id,id_dictionary,id_parent,code,value,num,description,enableFlag,editableFlag,systemFlag,ft,lt,fu,lu) values('20120530095222312880946009291309','20120530095104265211764644270461',null,'0','',null,null,'1',null,null,'2012-05-30 09:52:22',null,'20120507134700000110225236178825',null);
insert into bd_dictionaryvalue(id,id_dictionary,id_parent,code,value,num,description,enableFlag,editableFlag,systemFlag,ft,lt,fu,lu) values('20120530095234843789423137238920','20120530095104265211764644270461',null,'1','',null,null,'1',null,null,'2012-05-30 09:52:34',null,'20120507134700000110225236178825',null);
insert into bd_dictionaryvalue(id,id_dictionary,id_parent,code,value,num,description,enableFlag,editableFlag,systemFlag,ft,lt,fu,lu) values('20120530095242234773268012642790','20120530095104265211764644270461',null,'2','',null,null,'1',null,null,'2012-05-30 09:52:42',null,'20120507134700000110225236178825',null);
insert into bd_dictionaryvalue(id,id_dictionary,id_parent,code,value,num,description,enableFlag,editableFlag,systemFlag,ft,lt,fu,lu) values('20120530095301812362747652773036','20120530095104265211764644270461',null,'4','',null,null,'1',null,null,'2012-05-30 09:53:01',null,'20120507134700000110225236178825',null);
insert into bd_dictionaryvalue(id,id_dictionary,id_parent,code,value,num,description,enableFlag,editableFlag,systemFlag,ft,lt,fu,lu) values('20120530095602718768279606062952','20120530095547687535385039587474',null,'0','',null,null,'1',null,null,'2012-05-30 09:56:02',null,'20120507134700000110225236178825',null);
insert into bd_dictionaryvalue(id,id_dictionary,id_parent,code,value,num,description,enableFlag,editableFlag,systemFlag,ft,lt,fu,lu) values('20120530095731265109024134359454','20120530095703703284015316900933',null,'0','',null,null,'1',null,null,'2012-05-30 09:57:31',null,'20120507134700000110225236178825',null);
insert into bd_dictionaryvalue(id,id_dictionary,id_parent,code,value,num,description,enableFlag,editableFlag,systemFlag,ft,lt,fu,lu) values('20120530095737000172132754042324','20120530095703703284015316900933',null,'1','',null,null,'1',null,null,'2012-05-30 09:57:37',null,'20120507134700000110225236178825',null);
insert into bd_dictionaryvalue(id,id_dictionary,id_parent,code,value,num,description,enableFlag,editableFlag,systemFlag,ft,lt,fu,lu) values('20120530095820890352311743729806','20120530095703703284015316900933',null,'5','',null,null,'1',null,null,'2012-05-30 09:58:20',null,'20120507134700000110225236178825',null);
insert into bd_dictionaryvalue(id,id_dictionary,id_parent,code,value,num,description,enableFlag,editableFlag,systemFlag,ft,lt,fu,lu) values('20120530101747796494291581189711','20120530101707781548136014271106',null,'1','',null,null,'1',null,null,'2012-05-30 10:17:47',null,'20120507134700000110225236178825',null);
insert into bd_dictionaryvalue(id,id_dictionary,id_parent,code,value,num,description,enableFlag,editableFlag,systemFlag,ft,lt,fu,lu) values('20120530101755421643230526198784','20120530101707781548136014271106',null,'2','',null,null,'1',null,null,'2012-05-30 10:17:55',null,'20120507134700000110225236178825',null);
insert into bd_dictionaryvalue(id,id_dictionary,id_parent,code,value,num,description,enableFlag,editableFlag,systemFlag,ft,lt,fu,lu) values('20120530101805890071055527613810','20120530101722890642334271289553',null,'0','',null,null,'1',null,null,'2012-05-30 10:18:05','2012-05-30 10:19:33','20120507134700000110225236178825','20120507134700000110225236178825');
insert into bd_dictionaryvalue(id,id_dictionary,id_parent,code,value,num,description,enableFlag,editableFlag,systemFlag,ft,lt,fu,lu) values('20120530101811734385260371575549','20120530101722890642334271289553',null,'1','',null,null,'1',null,null,'2012-05-30 10:18:11',null,'20120507134700000110225236178825',null);
insert into bd_dictionaryvalue(id,id_dictionary,id_parent,code,value,num,description,enableFlag,editableFlag,systemFlag,ft,lt,fu,lu) values('20120530101954859582520759205093','20120530101722890642334271289553',null,'2','',null,null,'1',null,null,'2012-05-30 10:19:54',null,'20120507134700000110225236178825',null);
insert into bd_dictionaryvalue(id,id_dictionary,id_parent,code,value,num,description,enableFlag,editableFlag,systemFlag,ft,lt,fu,lu) values('20120530095254906723956548392484','20120530095104265211764644270461',null,'3','',null,null,'1',null,null,'2012-05-30 09:52:54',null,'20120507134700000110225236178825',null);
insert into bd_dictionaryvalue(id,id_dictionary,id_parent,code,value,num,description,enableFlag,editableFlag,systemFlag,ft,lt,fu,lu) values('20120530095359906697715040614512','20120530095326703898632721082068',null,'1','',null,null,'1',null,null,'2012-05-30 09:53:59',null,'20120507134700000110225236178825',null);
insert into bd_dictionaryvalue(id,id_dictionary,id_parent,code,value,num,description,enableFlag,editableFlag,systemFlag,ft,lt,fu,lu) values('20120530095407656703097208382527','20120530095326703898632721082068',null,'2','',null,null,'1',null,null,'2012-05-30 09:54:07',null,'20120507134700000110225236178825',null);
insert into bd_dictionaryvalue(id,id_dictionary,id_parent,code,value,num,description,enableFlag,editableFlag,systemFlag,ft,lt,fu,lu) values('20120530095615093762742897665834','20120530095547687535385039587474',null,'2','',null,null,'1',null,null,'2012-05-30 09:56:15',null,'20120507134700000110225236178825',null);
insert into bd_dictionaryvalue(id,id_dictionary,id_parent,code,value,num,description,enableFlag,editableFlag,systemFlag,ft,lt,fu,lu) values('20120530095748921209865220265754','20120530095703703284015316900933',null,'3','',null,null,'1',null,null,'2012-05-30 09:57:48',null,'20120507134700000110225236178825',null);
insert into bd_dictionaryvalue(id,id_dictionary,id_parent,code,value,num,description,enableFlag,editableFlag,systemFlag,ft,lt,fu,lu) values('20120530095803156709547883181386','20120530095703703284015316900933',null,'4','',null,null,'1',null,null,'2012-05-30 09:58:03',null,'20120507134700000110225236178825',null);
insert into bd_dictionaryvalue(id,id_dictionary,id_parent,code,value,num,description,enableFlag,editableFlag,systemFlag,ft,lt,fu,lu) values('20120530102022781361511479569474','20120530101722890642334271289553',null,'4','',null,null,'1',null,null,'2012-05-30 10:20:22',null,'20120507134700000110225236178825',null);
insert into bd_dictionaryvalue(id,id_dictionary,id_parent,code,value,num,description,enableFlag,editableFlag,systemFlag,ft,lt,fu,lu) values('20120530095353031232487613911900','20120530095326703898632721082068',null,'0','',null,null,'1',null,null,'2012-05-30 09:53:53',null,'20120507134700000110225236178825',null);
insert into bd_dictionaryvalue(id,id_dictionary,id_parent,code,value,num,description,enableFlag,editableFlag,systemFlag,ft,lt,fu,lu) values('20120530095609296998194934152118','20120530095547687535385039587474',null,'1','',null,null,'1',null,null,'2012-05-30 09:56:09',null,'20120507134700000110225236178825',null);
insert into bd_dictionaryvalue(id,id_dictionary,id_parent,code,value,num,description,enableFlag,editableFlag,systemFlag,ft,lt,fu,lu) values('20120530095742406995880593848041','20120530095703703284015316900933',null,'2','',null,null,'1',null,null,'2012-05-30 09:57:42',null,'20120507134700000110225236178825',null);
insert into bd_dictionaryvalue(id,id_dictionary,id_parent,code,value,num,description,enableFlag,editableFlag,systemFlag,ft,lt,fu,lu) values('20120530102015218745306748613375','20120530101722890642334271289553',null,'3','',null,null,'1',null,null,'2012-05-30 10:20:15',null,'20120507134700000110225236178825',null);
insert into bd_dictionaryvalue(id,id_dictionary,id_parent,code,value,num,description,enableFlag,editableFlag,systemFlag,ft,lt,fu,lu) values('20120530101737968978440127674068','20120530101707781548136014271106',null,'0','',null,null,'1',null,null,'2012-05-30 10:17:37',null,'20120507134700000110225236178825',null);
insert into bd_dictionaryvalue(id,id_dictionary,id_parent,code,value,num,description,enableFlag,editableFlag,systemFlag,ft,lt,fu,lu) values('20120612162751187625765898456655','20120612162456656486528389207558',null,'1','',null,null,'1',null,null,'2012-06-12 16:27:51','2012-06-12 16:30:35','20120507134700000110225236178825','20120507134700000110225236178825');
insert into bd_dictionaryvalue(id,id_dictionary,id_parent,code,value,num,description,enableFlag,editableFlag,systemFlag,ft,lt,fu,lu) values('20120612162759937624936953732549','20120612162456656486528389207558',null,'0','',null,null,'1',null,null,'2012-06-12 16:27:59','2012-06-12 16:30:43','20120507134700000110225236178825','20120507134700000110225236178825');
insert into bd_dictionaryvalue(id,id_dictionary,id_parent,code,value,num,description,enableFlag,editableFlag,systemFlag,ft,lt,fu,lu) values('20120612162946859474098638708934','20120612162856781222134061485739',null,'0','',null,null,'1',null,null,'2012-06-12 16:29:46',null,'20120507134700000110225236178825',null);
insert into bd_dictionaryvalue(id,id_dictionary,id_parent,code,value,num,description,enableFlag,editableFlag,systemFlag,ft,lt,fu,lu) values('20120612162954062833654511763762','20120612162856781222134061485739',null,'1','',null,null,'1',null,null,'2012-06-12 16:29:54',null,'20120507134700000110225236178825',null);
insert into bd_dictionaryvalue(id,id_dictionary,id_parent,code,value,num,description,enableFlag,editableFlag,systemFlag,ft,lt,fu,lu) values('20120612163005375214336911049684','20120612162856781222134061485739',null,'2','',null,null,'1',null,null,'2012-06-12 16:30:05',null,'20120507134700000110225236178825',null);
insert into bd_dictionaryvalue(id,id_dictionary,id_parent,code,value,num,description,enableFlag,editableFlag,systemFlag,ft,lt,fu,lu) values('20120612163010875024309688490750','20120612162856781222134061485739',null,'3','',null,null,'1',null,null,'2012-06-12 16:30:10',null,'20120507134700000110225236178825',null);
insert into bd_dictionaryvalue(id,id_dictionary,id_parent,code,value,num,description,enableFlag,editableFlag,systemFlag,ft,lt,fu,lu) values('20120612163023062520103072776546','20120612162856781222134061485739',null,'99','',null,null,'1',null,null,'2012-06-12 16:30:23',null,'20120507134700000110225236178825',null);
insert into bd_dictionaryvalue(id,id_dictionary,id_parent,code,value,num,description,enableFlag,editableFlag,systemFlag,ft,lt,fu,lu) values('4028810028a8ef8f0128a8f0acae0001','40288100288c226801288c2987e90001',null,'110000','',null,null,'1',null,null,null,null,null,null);
insert into bd_dictionaryvalue(id,id_dictionary,id_parent,code,value,num,description,enableFlag,editableFlag,systemFlag,ft,lt,fu,lu) values('4028810028a8ef8f0128a8f0e7840002','40288100288c226801288c2987e90001','4028810028a8ef8f0128a8f0acae0001','110100','',null,null,'1',null,null,null,null,null,null);
insert into bd_dictionaryvalue(id,id_dictionary,id_parent,code,value,num,description,enableFlag,editableFlag,systemFlag,ft,lt,fu,lu) values('4028810028a8ef8f0128a8f0e7940003','40288100288c226801288c2987e90001','4028810028a8ef8f0128a8f0e7840002','110120','',null,null,'1',null,null,null,null,null,null);
insert into bd_dictionaryvalue(id,id_dictionary,id_parent,code,value,num,description,enableFlag,editableFlag,systemFlag,ft,lt,fu,lu) values('4028810028a8ef8f0128a8f0e7940004','40288100288c226801288c2987e90001','4028810028a8ef8f0128a8f0e7840002','110101','',null,null,'1',null,null,null,null,null,null);
insert into bd_dictionaryvalue(id,id_dictionary,id_parent,code,value,num,description,enableFlag,editableFlag,systemFlag,ft,lt,fu,lu) values('4028810028a8ef8f0128a8f0e7a30005','40288100288c226801288c2987e90001','4028810028a8ef8f0128a8f0e7840002','110102','',null,null,'1',null,null,null,null,null,null);
insert into bd_dictionaryvalue(id,id_dictionary,id_parent,code,value,num,description,enableFlag,editableFlag,systemFlag,ft,lt,fu,lu) values('4028810028a8ef8f0128a8f0e7a30006','40288100288c226801288c2987e90001','4028810028a8ef8f0128a8f0e7840002','110103','',null,null,'1',null,null,null,null,null,null);
insert into bd_dictionaryvalue(id,id_dictionary,id_parent,code,value,num,description,enableFlag,editableFlag,systemFlag,ft,lt,fu,lu) values('4028810028a8ef8f0128a8f0e7b30007','40288100288c226801288c2987e90001','4028810028a8ef8f0128a8f0e7840002','110104','',null,null,'1',null,null,null,null,null,null);
insert into bd_dictionaryvalue(id,id_dictionary,id_parent,code,value,num,description,enableFlag,editableFlag,systemFlag,ft,lt,fu,lu) values('4028810028a8ef8f0128a8f0e7b30008','40288100288c226801288c2987e90001','4028810028a8ef8f0128a8f0e7840002','110105','',null,null,'1',null,null,null,null,null,null);
insert into bd_dictionaryvalue(id,id_dictionary,id_parent,code,value,num,description,enableFlag,editableFlag,systemFlag,ft,lt,fu,lu) values('4028810028a8ef8f0128a8f0e7c30009','40288100288c226801288c2987e90001','4028810028a8ef8f0128a8f0e7840002','110106','',null,null,'1',null,null,null,null,null,null);
insert into bd_dictionaryvalue(id,id_dictionary,id_parent,code,value,num,description,enableFlag,editableFlag,systemFlag,ft,lt,fu,lu) values('4028810028a8ef8f0128a8f0e7c3000a','40288100288c226801288c2987e90001','4028810028a8ef8f0128a8f0e7840002','110107','',null,null,'1',null,null,null,null,null,null);
insert into bd_dictionaryvalue(id,id_dictionary,id_parent,code,value,num,description,enableFlag,editableFlag,systemFlag,ft,lt,fu,lu) values('4028810028a8ef8f0128a8f0e7c3000b','40288100288c226801288c2987e90001','4028810028a8ef8f0128a8f0e7840002','110108','',null,null,'1',null,null,null,null,null,null);
insert into bd_dictionaryvalue(id,id_dictionary,id_parent,code,value,num,description,enableFlag,editableFlag,systemFlag,ft,lt,fu,lu) values('4028810028a8ef8f0128a8f0e7d2000c','40288100288c226801288c2987e90001','4028810028a8ef8f0128a8f0e7840002','110109','',null,null,'1',null,null,null,null,null,null);
insert into bd_dictionaryvalue(id,id_dictionary,id_parent,code,value,num,description,enableFlag,editableFlag,systemFlag,ft,lt,fu,lu) values('4028810028a8ef8f0128a8f0e7d2000d','40288100288c226801288c2987e90001','4028810028a8ef8f0128a8f0e7840002','110111','',null,null,'1',null,null,null,null,null,null);
insert into bd_dictionaryvalue(id,id_dictionary,id_parent,code,value,num,description,enableFlag,editableFlag,systemFlag,ft,lt,fu,lu) values('4028810028a8ef8f0128a8f0e7e2000e','40288100288c226801288c2987e90001','4028810028a8ef8f0128a8f0e7840002','110112','',null,null,'1',null,null,null,null,null,null);
insert into bd_dictionaryvalue(id,id_dictionary,id_parent,code,value,num,description,enableFlag,editableFlag,systemFlag,ft,lt,fu,lu) values('4028810028a8ef8f0128a8f0e7e2000f','40288100288c226801288c2987e90001','4028810028a8ef8f0128a8f0e7840002','110113','',null,null,'1',null,null,null,null,null,null);
insert into bd_dictionaryvalue(id,id_dictionary,id_parent,code,value,num,description,enableFlag,editableFlag,systemFlag,ft,lt,fu,lu) values('4028810028a8ef8f0128a8f0e7f10010','40288100288c226801288c2987e90001','4028810028a8ef8f0128a8f0e7840002','110114','',null,null,'1',null,null,null,null,null,null);
insert into bd_dictionaryvalue(id,id_dictionary,id_parent,code,value,num,description,enableFlag,editableFlag,systemFlag,ft,lt,fu,lu) values('4028810028a8ef8f0128a8f0e7f10011','40288100288c226801288c2987e90001','4028810028a8ef8f0128a8f0e7840002','110115','',null,null,'1',null,null,null,null,null,null);
insert into bd_dictionaryvalue(id,id_dictionary,id_parent,code,value,num,description,enableFlag,editableFlag,systemFlag,ft,lt,fu,lu) values('4028810028a8ef8f0128a8f0e7f10012','40288100288c226801288c2987e90001','4028810028a8ef8f0128a8f0e7840002','110116','',null,null,'1',null,null,null,null,null,null);
insert into bd_dictionaryvalue(id,id_dictionary,id_parent,code,value,num,description,enableFlag,editableFlag,systemFlag,ft,lt,fu,lu) values('4028810028a8ef8f0128a8f0e8010013','40288100288c226801288c2987e90001','4028810028a8ef8f0128a8f0e7840002','110117','',null,null,'1',null,null,null,null,null,null);
insert into bd_dictionaryvalue(id,id_dictionary,id_parent,code,value,num,description,enableFlag,editableFlag,systemFlag,ft,lt,fu,lu) values('4028810028a8ef8f0128a8f0e8010014','40288100288c226801288c2987e90001','4028810028a8ef8f0128a8f0acae0001','110200','',null,null,'1',null,null,null,null,null,null);
insert into bd_dictionaryvalue(id,id_dictionary,id_parent,code,value,num,description,enableFlag,editableFlag,systemFlag,ft,lt,fu,lu) values('4028810028a8ef8f0128a8f0e8110015','40288100288c226801288c2987e90001','4028810028a8ef8f0128a8f0e8010014','110228','',null,null,'1',null,null,null,null,null,null);
insert into bd_dictionaryvalue(id,id_dictionary,id_parent,code,value,num,description,enableFlag,editableFlag,systemFlag,ft,lt,fu,lu) values('4028810028a8ef8f0128a8f0e8200016','40288100288c226801288c2987e90001','4028810028a8ef8f0128a8f0e8010014','110229','',null,null,'1',null,null,null,null,null,null);
insert into bd_dictionaryvalue(id,id_dictionary,id_parent,code,value,num,description,enableFlag,editableFlag,systemFlag,ft,lt,fu,lu) values('4028810028a8ef8f0128a8f0e8200017','40288100288c226801288c2987e90001',null,'120000','',null,null,'1',null,null,null,null,null,null);
insert into bd_dictionaryvalue(id,id_dictionary,id_parent,code,value,num,description,enableFlag,editableFlag,systemFlag,ft,lt,fu,lu) values('4028810028a8ef8f0128a8f0e8300018','40288100288c226801288c2987e90001','4028810028a8ef8f0128a8f0e8200017','120100','',null,null,'1',null,null,null,null,null,null);
insert into bd_dictionaryvalue(id,id_dictionary,id_parent,code,value,num,description,enableFlag,editableFlag,systemFlag,ft,lt,fu,lu) values('4028810028a8ef8f0128a8f0e8300019','40288100288c226801288c2987e90001','4028810028a8ef8f0128a8f0e8300018','120101','',null,null,'1',null,null,null,null,null,null);
insert into bd_dictionaryvalue(id,id_dictionary,id_parent,code,value,num,description,enableFlag,editableFlag,systemFlag,ft,lt,fu,lu) values('4028810028a8ef8f0128a8f0e840001a','40288100288c226801288c2987e90001','4028810028a8ef8f0128a8f0e8300018','120102','',null,null,'1',null,null,null,null,null,null);
insert into bd_dictionaryvalue(id,id_dictionary,id_parent,code,value,num,description,enableFlag,editableFlag,systemFlag,ft,lt,fu,lu) values('4028810028a8ef8f0128a8f0e840001b','40288100288c226801288c2987e90001','4028810028a8ef8f0128a8f0e8300018','120103','',null,null,'1',null,null,null,null,null,null);
insert into bd_dictionaryvalue(id,id_dictionary,id_parent,code,value,num,description,enableFlag,editableFlag,systemFlag,ft,lt,fu,lu) values('4028810028a8ef8f0128a8f0e84f001c','40288100288c226801288c2987e90001','4028810028a8ef8f0128a8f0e8300018','120104','',null,null,'1',null,null,null,null,null,null);
insert into bd_dictionaryvalue(id,id_dictionary,id_parent,code,value,num,description,enableFlag,editableFlag,systemFlag,ft,lt,fu,lu) values('4028810028a8ef8f0128a8f0e84f001d','40288100288c226801288c2987e90001','4028810028a8ef8f0128a8f0e8300018','120105','',null,null,'1',null,null,null,null,null,null);
insert into bd_dictionaryvalue(id,id_dictionary,id_parent,code,value,num,description,enableFlag,editableFlag,systemFlag,ft,lt,fu,lu) values('4028810028a8ef8f0128a8f0e84f001e','40288100288c226801288c2987e90001','4028810028a8ef8f0128a8f0e8300018','120106','',null,null,'1',null,null,null,null,null,null);
insert into bd_dictionaryvalue(id,id_dictionary,id_parent,code,value,num,description,enableFlag,editableFlag,systemFlag,ft,lt,fu,lu) values('4028810028a8ef8f0128a8f0e85f001f','40288100288c226801288c2987e90001','4028810028a8ef8f0128a8f0e8300018','120107','',null,null,'1',null,null,null,null,null,null);
insert into bd_dictionaryvalue(id,id_dictionary,id_parent,code,value,num,description,enableFlag,editableFlag,systemFlag,ft,lt,fu,lu) values('4028810028a8ef8f0128a8f0e85f0020','40288100288c226801288c2987e90001','4028810028a8ef8f0128a8f0e8300018','120108','',null,null,'1',null,null,null,null,null,null);
insert into bd_dictionaryvalue(id,id_dictionary,id_parent,code,value,num,description,enableFlag,editableFlag,systemFlag,ft,lt,fu,lu) values('4028810028a8ef8f0128a8f0e86e0021','40288100288c226801288c2987e90001','4028810028a8ef8f0128a8f0e8300018','120109','',null,null,'1',null,null,null,null,null,null);
insert into bd_dictionaryvalue(id,id_dictionary,id_parent,code,value,num,description,enableFlag,editableFlag,systemFlag,ft,lt,fu,lu) values('4028810028a8ef8f0128a8f0e86e0022','40288100288c226801288c2987e90001','4028810028a8ef8f0128a8f0e8300018','120110','',null,null,'1',null,null,null,null,null,null);
insert into bd_dictionaryvalue(id,id_dictionary,id_parent,code,value,num,description,enableFlag,editableFlag,systemFlag,ft,lt,fu,lu) values('4028810028a8ef8f0128a8f0ee8900f1','40288100288c226801288c2987e90001',null,'140000','',null,null,'1',null,null,null,null,null,null);
insert into bd_dictionaryvalue(id,id_dictionary,id_parent,code,value,num,description,enableFlag,editableFlag,systemFlag,ft,lt,fu,lu) values('4028810028a8ef8f0128a8f0ee9900f2','40288100288c226801288c2987e90001','4028810028a8ef8f0128a8f0ee8900f1','140100','',null,null,'1',null,null,null,null,null,null);
insert into bd_dictionaryvalue(id,id_dictionary,id_parent,code,value,num,description,enableFlag,editableFlag,systemFlag,ft,lt,fu,lu) values('4028810028a8ef8f0128a8f0ee9900f3','40288100288c226801288c2987e90001','4028810028a8ef8f0128a8f0ee9900f2','140101','',null,null,'1',null,null,null,null,null,null);
insert into bd_dictionaryvalue(id,id_dictionary,id_parent,code,value,num,description,enableFlag,editableFlag,systemFlag,ft,lt,fu,lu) values('4028810028a8ef8f0128a8f0eea800f4','40288100288c226801288c2987e90001','4028810028a8ef8f0128a8f0ee9900f2','140105','',null,null,'1',null,null,null,null,null,null);
insert into bd_dictionaryvalue(id,id_dictionary,id_parent,code,value,num,description,enableFlag,editableFlag,systemFlag,ft,lt,fu,lu) values('4028810028a8ef8f0128a8f0eea800f5','40288100288c226801288c2987e90001','4028810028a8ef8f0128a8f0ee9900f2','140106','',null,null,'1',null,null,null,null,null,null);
insert into bd_dictionaryvalue(id,id_dictionary,id_parent,code,value,num,description,enableFlag,editableFlag,systemFlag,ft,lt,fu,lu) values('4028810028a8ef8f0128a8f0eeb800f6','40288100288c226801288c2987e90001','4028810028a8ef8f0128a8f0ee9900f2','140107','',null,null,'1',null,null,null,null,null,null);
insert into bd_dictionaryvalue(id,id_dictionary,id_parent,code,value,num,description,enableFlag,editableFlag,systemFlag,ft,lt,fu,lu) values('4028810028a8ef8f0128a8f0eeb800f7','40288100288c226801288c2987e90001','4028810028a8ef8f0128a8f0ee9900f2','140108','',null,null,'1',null,null,null,null,null,null);
insert into bd_dictionaryvalue(id,id_dictionary,id_parent,code,value,num,description,enableFlag,editableFlag,systemFlag,ft,lt,fu,lu) values('4028810028a8ef8f0128a8f0eec700f8','40288100288c226801288c2987e90001','4028810028a8ef8f0128a8f0ee9900f2','140109','',null,null,'1',null,null,null,null,null,null);
insert into bd_dictionaryvalue(id,id_dictionary,id_parent,code,value,num,description,enableFlag,editableFlag,systemFlag,ft,lt,fu,lu) values('4028810028a8ef8f0128a8f0eec700f9','40288100288c226801288c2987e90001','4028810028a8ef8f0128a8f0ee9900f2','140110','',null,null,'1',null,null,null,null,null,null);
insert into bd_dictionaryvalue(id,id_dictionary,id_parent,code,value,num,description,enableFlag,editableFlag,systemFlag,ft,lt,fu,lu) values('4028810028a8ef8f0128a8f0eed700fa','40288100288c226801288c2987e90001','4028810028a8ef8f0128a8f0ee9900f2','140121','',null,null,'1',null,null,null,null,null,null);
insert into bd_dictionaryvalue(id,id_dictionary,id_parent,code,value,num,description,enableFlag,editableFlag,systemFlag,ft,lt,fu,lu) values('4028810028a8ef8f0128a8f0eee700fb','40288100288c226801288c2987e90001','4028810028a8ef8f0128a8f0ee9900f2','140122','',null,null,'1',null,null,null,null,null,null);
insert into bd_dictionaryvalue(id,id_dictionary,id_parent,code,value,num,description,enableFlag,editableFlag,systemFlag,ft,lt,fu,lu) values('4028810028a8ef8f0128a8f0eee700fc','40288100288c226801288c2987e90001','4028810028a8ef8f0128a8f0ee9900f2','140123','',null,null,'1',null,null,null,null,null,null);
insert into bd_dictionaryvalue(id,id_dictionary,id_parent,code,value,num,description,enableFlag,editableFlag,systemFlag,ft,lt,fu,lu) values('4028810028a8ef8f0128a8f0eee700fd','40288100288c226801288c2987e90001','4028810028a8ef8f0128a8f0ee9900f2','140181','',null,null,'1',null,null,null,null,null,null);
insert into bd_dictionaryvalue(id,id_dictionary,id_parent,code,value,num,description,enableFlag,editableFlag,systemFlag,ft,lt,fu,lu) values('4028810028a8ef8f0128a8f0eef600fe','40288100288c226801288c2987e90001','4028810028a8ef8f0128a8f0ee8900f1','140200','',null,null,'1',null,null,null,null,null,null);
insert into bd_dictionaryvalue(id,id_dictionary,id_parent,code,value,num,description,enableFlag,editableFlag,systemFlag,ft,lt,fu,lu) values('4028810028a8ef8f0128a8f0ef0600ff','40288100288c226801288c2987e90001','4028810028a8ef8f0128a8f0eef600fe','140201','',null,null,'1',null,null,null,null,null,null);
insert into bd_dictionaryvalue(id,id_dictionary,id_parent,code,value,num,description,enableFlag,editableFlag,systemFlag,ft,lt,fu,lu) values('4028810028a8ef8f0128a8f0ef060100','40288100288c226801288c2987e90001','4028810028a8ef8f0128a8f0eef600fe','140202','',null,null,'1',null,null,null,null,null,null);
insert into bd_dictionaryvalue(id,id_dictionary,id_parent,code,value,num,description,enableFlag,editableFlag,systemFlag,ft,lt,fu,lu) values('4028810028a8ef8f0128a8f0ef160101','40288100288c226801288c2987e90001','4028810028a8ef8f0128a8f0eef600fe','140203','',null,null,'1',null,null,null,null,null,null);
insert into bd_dictionaryvalue(id,id_dictionary,id_parent,code,value,num,description,enableFlag,editableFlag,systemFlag,ft,lt,fu,lu) values('4028810028a8ef8f0128a8f0ef160102','40288100288c226801288c2987e90001','4028810028a8ef8f0128a8f0eef600fe','140211','',null,null,'1',null,null,null,null,null,null);
insert into bd_dictionaryvalue(id,id_dictionary,id_parent,code,value,num,description,enableFlag,editableFlag,systemFlag,ft,lt,fu,lu) values('4028810028a8ef8f0128a8f0ef250103','40288100288c226801288c2987e90001','4028810028a8ef8f0128a8f0eef600fe','140212','',null,null,'1',null,null,null,null,null,null);
insert into bd_dictionaryvalue(id,id_dictionary,id_parent,code,value,num,description,enableFlag,editableFlag,systemFlag,ft,lt,fu,lu) values('4028810028a8ef8f0128a8f0ef250104','40288100288c226801288c2987e90001','4028810028a8ef8f0128a8f0eef600fe','140221','',null,null,'1',null,null,null,null,null,null);
insert into bd_dictionaryvalue(id,id_dictionary,id_parent,code,value,num,description,enableFlag,editableFlag,systemFlag,ft,lt,fu,lu) values('4028810028a8ef8f0128a8f0ef350105','40288100288c226801288c2987e90001','4028810028a8ef8f0128a8f0eef600fe','140222','',null,null,'1',null,null,null,null,null,null);
insert into bd_dictionaryvalue(id,id_dictionary,id_parent,code,value,num,description,enableFlag,editableFlag,systemFlag,ft,lt,fu,lu) values('4028810028a8ef8f0128a8f0ef350106','40288100288c226801288c2987e90001','4028810028a8ef8f0128a8f0eef600fe','140223','',null,null,'1',null,null,null,null,null,null);
insert into bd_dictionaryvalue(id,id_dictionary,id_parent,code,value,num,description,enableFlag,editableFlag,systemFlag,ft,lt,fu,lu) values('4028810028a8ef8f0128a8f0ef440107','40288100288c226801288c2987e90001','4028810028a8ef8f0128a8f0eef600fe','140224','',null,null,'1',null,null,null,null,null,null);
insert into bd_dictionaryvalue(id,id_dictionary,id_parent,code,value,num,description,enableFlag,editableFlag,systemFlag,ft,lt,fu,lu) values('4028810028a8ef8f0128a8f0ef440108','40288100288c226801288c2987e90001','4028810028a8ef8f0128a8f0eef600fe','140225','',null,null,'1',null,null,null,null,null,null);
insert into bd_dictionaryvalue(id,id_dictionary,id_parent,code,value,num,description,enableFlag,editableFlag,systemFlag,ft,lt,fu,lu) values('4028810028a8ef8f0128a8f0ef540109','40288100288c226801288c2987e90001','4028810028a8ef8f0128a8f0eef600fe','140226','',null,null,'1',null,null,null,null,null,null);
insert into bd_dictionaryvalue(id,id_dictionary,id_parent,code,value,num,description,enableFlag,editableFlag,systemFlag,ft,lt,fu,lu) values('4028810028a8ef8f0128a8f0ef54010a','40288100288c226801288c2987e90001','4028810028a8ef8f0128a8f0eef600fe','140227','',null,null,'1',null,null,null,null,null,null);
insert into bd_dictionaryvalue(id,id_dictionary,id_parent,code,value,num,description,enableFlag,editableFlag,systemFlag,ft,lt,fu,lu) values('4028810028a8ef8f0128a8f0ef64010b','40288100288c226801288c2987e90001','4028810028a8ef8f0128a8f0ee8900f1','140300','',null,null,'1',null,null,null,null,null,null);
insert into bd_dictionaryvalue(id,id_dictionary,id_parent,code,value,num,description,enableFlag,editableFlag,systemFlag,ft,lt,fu,lu) values('4028810028a8ef8f0128a8f0ef64010c','40288100288c226801288c2987e90001','4028810028a8ef8f0128a8f0ef64010b','140301','',null,null,'1',null,null,null,null,null,null);
insert into bd_dictionaryvalue(id,id_dictionary,id_parent,code,value,num,description,enableFlag,editableFlag,systemFlag,ft,lt,fu,lu) values('4028810028a8ef8f0128a8f0ef73010d','40288100288c226801288c2987e90001','4028810028a8ef8f0128a8f0ef64010b','140302','',null,null,'1',null,null,null,null,null,null);
insert into bd_dictionaryvalue(id,id_dictionary,id_parent,code,value,num,description,enableFlag,editableFlag,systemFlag,ft,lt,fu,lu) values('4028810028a8ef8f0128a8f0ef73010e','40288100288c226801288c2987e90001','4028810028a8ef8f0128a8f0ef64010b','140303','',null,null,'1',null,null,null,null,null,null);
insert into bd_dictionaryvalue(id,id_dictionary,id_parent,code,value,num,description,enableFlag,editableFlag,systemFlag,ft,lt,fu,lu) values('4028810028a8ef8f0128a8f0ef83010f','40288100288c226801288c2987e90001','4028810028a8ef8f0128a8f0ef64010b','140311','',null,null,'1',null,null,null,null,null,null);
insert into bd_dictionaryvalue(id,id_dictionary,id_parent,code,value,num,description,enableFlag,editableFlag,systemFlag,ft,lt,fu,lu) values('4028810028a8ef8f0128a8f0ef830110','40288100288c226801288c2987e90001','4028810028a8ef8f0128a8f0ef64010b','140321','',null,null,'1',null,null,null,null,null,null);
insert into bd_dictionaryvalue(id,id_dictionary,id_parent,code,value,num,description,enableFlag,editableFlag,systemFlag,ft,lt,fu,lu) values('4028810028a8ef8f0128a8f0ef930111','40288100288c226801288c2987e90001','4028810028a8ef8f0128a8f0ef64010b','140322','',null,null,'1',null,null,null,null,null,null);
insert into bd_dictionaryvalue(id,id_dictionary,id_parent,code,value,num,description,enableFlag,editableFlag,systemFlag,ft,lt,fu,lu) values('4028810028a8ef8f0128a8f0ef930112','40288100288c226801288c2987e90001','4028810028a8ef8f0128a8f0ee8900f1','140400','',null,null,'1',null,null,null,null,null,null);
insert into bd_dictionaryvalue(id,id_dictionary,id_parent,code,value,num,description,enableFlag,editableFlag,systemFlag,ft,lt,fu,lu) values('4028810028a8ef8f0128a8f0efa20113','40288100288c226801288c2987e90001','4028810028a8ef8f0128a8f0ef930112','140401','',null,null,'1',null,null,null,null,null,null);
insert into bd_dictionaryvalue(id,id_dictionary,id_parent,code,value,num,description,enableFlag,editableFlag,systemFlag,ft,lt,fu,lu) values('4028810028a8ef8f0128a8f0efa20114','40288100288c226801288c2987e90001','4028810028a8ef8f0128a8f0ef930112','140402','',null,null,'1',null,null,null,null,null,null);
insert into bd_dictionaryvalue(id,id_dictionary,id_parent,code,value,num,description,enableFlag,editableFlag,systemFlag,ft,lt,fu,lu) values('4028810028a8ef8f0128a8f0efb20115','40288100288c226801288c2987e90001','4028810028a8ef8f0128a8f0ef930112','140411','',null,null,'1',null,null,null,null,null,null);
insert into bd_dictionaryvalue(id,id_dictionary,id_parent,code,value,num,description,enableFlag,editableFlag,systemFlag,ft,lt,fu,lu) values('4028810028a8ef8f0128a8f0efc10116','40288100288c226801288c2987e90001','4028810028a8ef8f0128a8f0ef930112','140421','',null,null,'1',null,null,null,null,null,null);
insert into bd_dictionaryvalue(id,id_dictionary,id_parent,code,value,num,description,enableFlag,editableFlag,systemFlag,ft,lt,fu,lu) values('4028810028a8ef8f0128a8f0efc10117','40288100288c226801288c2987e90001','4028810028a8ef8f0128a8f0ef930112','140423','',null,null,'1',null,null,null,null,null,null);
insert into bd_dictionaryvalue(id,id_dictionary,id_parent,code,value,num,description,enableFlag,editableFlag,systemFlag,ft,lt,fu,lu) values('4028810028a8ef8f0128a8f0efd10118','40288100288c226801288c2987e90001','4028810028a8ef8f0128a8f0ef930112','140424','',null,null,'1',null,null,null,null,null,null);
insert into bd_dictionaryvalue(id,id_dictionary,id_parent,code,value,num,description,enableFlag,editableFlag,systemFlag,ft,lt,fu,lu) values('4028810028a8ef8f0128a8f0efd10119','40288100288c226801288c2987e90001','4028810028a8ef8f0128a8f0ef930112','140425','',null,null,'1',null,null,null,null,null,null);
insert into bd_dictionaryvalue(id,id_dictionary,id_parent,code,value,num,description,enableFlag,editableFlag,systemFlag,ft,lt,fu,lu) values('4028810028a8ef8f0128a8f0efe1011a','40288100288c226801288c2987e90001','4028810028a8ef8f0128a8f0ef930112','140426','',null,null,'1',null,null,null,null,null,null);
insert into bd_dictionaryvalue(id,id_dictionary,id_parent,code,value,num,description,enableFlag,editableFlag,systemFlag,ft,lt,fu,lu) values('4028810028a8ef8f0128a8f0efe1011b','40288100288c226801288c2987e90001','4028810028a8ef8f0128a8f0ef930112','140427','',null,null,'1',null,null,null,null,null,null);
insert into bd_dictionaryvalue(id,id_dictionary,id_parent,code,value,num,description,enableFlag,editableFlag,systemFlag,ft,lt,fu,lu) values('4028810028a8ef8f0128a8f0eff0011c','40288100288c226801288c2987e90001','4028810028a8ef8f0128a8f0ef930112','140428','',null,null,'1',null,null,null,null,null,null);
insert into bd_dictionaryvalue(id,id_dictionary,id_parent,code,value,num,description,enableFlag,editableFlag,systemFlag,ft,lt,fu,lu) values('4028810028a8ef8f0128a8f0eff0011d','40288100288c226801288c2987e90001','4028810028a8ef8f0128a8f0ef930112','140429','',null,null,'1',null,null,null,null,null,null);
insert into bd_dictionaryvalue(id,id_dictionary,id_parent,code,value,num,description,enableFlag,editableFlag,systemFlag,ft,lt,fu,lu) values('4028810028a8ef8f0128a8f0f000011e','40288100288c226801288c2987e90001','4028810028a8ef8f0128a8f0ef930112','140430','',null,null,'1',null,null,null,null,null,null);
insert into bd_dictionaryvalue(id,id_dictionary,id_parent,code,value,num,description,enableFlag,editableFlag,systemFlag,ft,lt,fu,lu) values('4028810028a8ef8f0128a8f0f000011f','40288100288c226801288c2987e90001','4028810028a8ef8f0128a8f0ef930112','140431','',null,null,'1',null,null,null,null,null,null);
insert into bd_dictionaryvalue(id,id_dictionary,id_parent,code,value,num,description,enableFlag,editableFlag,systemFlag,ft,lt,fu,lu) values('4028810028a8ef8f0128a8f0fd5e0278','40288100288c226801288c2987e90001',null,'220000','',null,null,'1',null,null,null,null,null,null);
insert into bd_dictionaryvalue(id,id_dictionary,id_parent,code,value,num,description,enableFlag,editableFlag,systemFlag,ft,lt,fu,lu) values('4028810028a8ef8f0128a8f0fd6d0279','40288100288c226801288c2987e90001','4028810028a8ef8f0128a8f0fd5e0278','220100','',null,null,'1',null,null,null,null,null,null);
insert into bd_dictionaryvalue(id,id_dictionary,id_parent,code,value,num,description,enableFlag,editableFlag,systemFlag,ft,lt,fu,lu) values('4028810028a8ef8f0128a8f0fd6d027a','40288100288c226801288c2987e90001','4028810028a8ef8f0128a8f0fd6d0279','220101','',null,null,'1',null,null,null,null,null,null);
insert into bd_dictionaryvalue(id,id_dictionary,id_parent,code,value,num,description,enableFlag,editableFlag,systemFlag,ft,lt,fu,lu) values('4028810028a8ef8f0128a8f0fd7d027b','40288100288c226801288c2987e90001','4028810028a8ef8f0128a8f0fd6d0279','220102','',null,null,'1',null,null,null,null,null,null);
insert into bd_dictionaryvalue(id,id_dictionary,id_parent,code,value,num,description,enableFlag,editableFlag,systemFlag,ft,lt,fu,lu) values('4028810028a8ef8f0128a8f0fd8d027c','40288100288c226801288c2987e90001','4028810028a8ef8f0128a8f0fd6d0279','220103','',null,null,'1',null,null,null,null,null,null);
insert into bd_dictionaryvalue(id,id_dictionary,id_parent,code,value,num,description,enableFlag,editableFlag,systemFlag,ft,lt,fu,lu) values('4028810028a8ef8f0128a8f0fd9c027d','40288100288c226801288c2987e90001','4028810028a8ef8f0128a8f0fd6d0279','220104','',null,null,'1',null,null,null,null,null,null);
insert into bd_dictionaryvalue(id,id_dictionary,id_parent,code,value,num,description,enableFlag,editableFlag,systemFlag,ft,lt,fu,lu) values('4028810028a8ef8f0128a8f0fd9c027e','40288100288c226801288c2987e90001','4028810028a8ef8f0128a8f0fd6d0279','220105','',null,null,'1',null,null,null,null,null,null);
insert into bd_dictionaryvalue(id,id_dictionary,id_parent,code,value,num,description,enableFlag,editableFlag,systemFlag,ft,lt,fu,lu) values('4028810028a8ef8f0128a8f0fdac027f','40288100288c226801288c2987e90001','4028810028a8ef8f0128a8f0fd6d0279','220106','',null,null,'1',null,null,null,null,null,null);
insert into bd_dictionaryvalue(id,id_dictionary,id_parent,code,value,num,description,enableFlag,editableFlag,systemFlag,ft,lt,fu,lu) values('4028810028a8ef8f0128a8f0fdbc0280','40288100288c226801288c2987e90001','4028810028a8ef8f0128a8f0fd6d0279','220112','',null,null,'1',null,null,null,null,null,null);
insert into bd_dictionaryvalue(id,id_dictionary,id_parent,code,value,num,description,enableFlag,editableFlag,systemFlag,ft,lt,fu,lu) values('4028810028a8ef8f0128a8f0fdcb0281','40288100288c226801288c2987e90001','4028810028a8ef8f0128a8f0fd6d0279','220122','',null,null,'1',null,null,null,null,null,null);
insert into bd_dictionaryvalue(id,id_dictionary,id_parent,code,value,num,description,enableFlag,editableFlag,systemFlag,ft,lt,fu,lu) values('4028810028a8ef8f0128a8f0fdcb0282','40288100288c226801288c2987e90001','4028810028a8ef8f0128a8f0fd6d0279','220181','',null,null,'1',null,null,null,null,null,null);
insert into bd_dictionaryvalue(id,id_dictionary,id_parent,code,value,num,description,enableFlag,editableFlag,systemFlag,ft,lt,fu,lu) values('4028810028a8ef8f0128a8f0fddb0283','40288100288c226801288c2987e90001','4028810028a8ef8f0128a8f0fd6d0279','220182','',null,null,'1',null,null,null,null,null,null);
insert into bd_dictionaryvalue(id,id_dictionary,id_parent,code,value,num,description,enableFlag,editableFlag,systemFlag,ft,lt,fu,lu) values('4028810028a8ef8f0128a8f0fdea0284','40288100288c226801288c2987e90001','4028810028a8ef8f0128a8f0fd6d0279','220183','',null,null,'1',null,null,null,null,null,null);
insert into bd_dictionaryvalue(id,id_dictionary,id_parent,code,value,num,description,enableFlag,editableFlag,systemFlag,ft,lt,fu,lu) values('4028810028a8ef8f0128a8f0fdea0285','40288100288c226801288c2987e90001','4028810028a8ef8f0128a8f0fd5e0278','220200','',null,null,'1',null,null,null,null,null,null);
insert into bd_dictionaryvalue(id,id_dictionary,id_parent,code,value,num,description,enableFlag,editableFlag,systemFlag,ft,lt,fu,lu) values('4028810028a8ef8f0128a8f0fdfa0286','40288100288c226801288c2987e90001','4028810028a8ef8f0128a8f0fdea0285','220201','',null,null,'1',null,null,null,null,null,null);
insert into bd_dictionaryvalue(id,id_dictionary,id_parent,code,value,num,description,enableFlag,editableFlag,systemFlag,ft,lt,fu,lu) values('4028810028a8ef8f0128a8f0fe0a0287','40288100288c226801288c2987e90001','4028810028a8ef8f0128a8f0fdea0285','220202','',null,null,'1',null,null,null,null,null,null);
insert into bd_dictionaryvalue(id,id_dictionary,id_parent,code,value,num,description,enableFlag,editableFlag,systemFlag,ft,lt,fu,lu) values('4028810028a8ef8f0128a8f0fe190288','40288100288c226801288c2987e90001','4028810028a8ef8f0128a8f0fdea0285','220203','',null,null,'1',null,null,null,null,null,null);
insert into bd_dictionaryvalue(id,id_dictionary,id_parent,code,value,num,description,enableFlag,editableFlag,systemFlag,ft,lt,fu,lu) values('4028810028a8ef8f0128a8f0fe190289','40288100288c226801288c2987e90001','4028810028a8ef8f0128a8f0fdea0285','220204','',null,null,'1',null,null,null,null,null,null);
insert into bd_dictionaryvalue(id,id_dictionary,id_parent,code,value,num,description,enableFlag,editableFlag,systemFlag,ft,lt,fu,lu) values('4028810028a8ef8f0128a8f0fe29028a','40288100288c226801288c2987e90001','4028810028a8ef8f0128a8f0fdea0285','220211','',null,null,'1',null,null,null,null,null,null);
insert into bd_dictionaryvalue(id,id_dictionary,id_parent,code,value,num,description,enableFlag,editableFlag,systemFlag,ft,lt,fu,lu) values('4028810028a8ef8f0128a8f0fe39028b','40288100288c226801288c2987e90001','4028810028a8ef8f0128a8f0fdea0285','220221','',null,null,'1',null,null,null,null,null,null);
insert into bd_dictionaryvalue(id,id_dictionary,id_parent,code,value,num,description,enableFlag,editableFlag,systemFlag,ft,lt,fu,lu) values('4028810028a8ef8f0128a8f0fe39028c','40288100288c226801288c2987e90001','4028810028a8ef8f0128a8f0fdea0285','220281','',null,null,'1',null,null,null,null,null,null);
insert into bd_dictionaryvalue(id,id_dictionary,id_parent,code,value,num,description,enableFlag,editableFlag,systemFlag,ft,lt,fu,lu) values('4028810028a8ef8f0128a8f0fe48028d','40288100288c226801288c2987e90001','4028810028a8ef8f0128a8f0fdea0285','220282','',null,null,'1',null,null,null,null,null,null);
insert into bd_dictionaryvalue(id,id_dictionary,id_parent,code,value,num,description,enableFlag,editableFlag,systemFlag,ft,lt,fu,lu) values('4028810028a8ef8f0128a8f0fe58028e','40288100288c226801288c2987e90001','4028810028a8ef8f0128a8f0fdea0285','220283','',null,null,'1',null,null,null,null,null,null);
insert into bd_dictionaryvalue(id,id_dictionary,id_parent,code,value,num,description,enableFlag,editableFlag,systemFlag,ft,lt,fu,lu) values('4028810028a8ef8f0128a8f0fe58028f','40288100288c226801288c2987e90001','4028810028a8ef8f0128a8f0fdea0285','220284','',null,null,'1',null,null,null,null,null,null);
insert into bd_dictionaryvalue(id,id_dictionary,id_parent,code,value,num,description,enableFlag,editableFlag,systemFlag,ft,lt,fu,lu) values('4028810028a8ef8f0128a8f0fe670290','40288100288c226801288c2987e90001','4028810028a8ef8f0128a8f0fd5e0278','220300','',null,null,'1',null,null,null,null,null,null);
insert into bd_dictionaryvalue(id,id_dictionary,id_parent,code,value,num,description,enableFlag,editableFlag,systemFlag,ft,lt,fu,lu) values('4028810028a8ef8f0128a8f0fe770291','40288100288c226801288c2987e90001','4028810028a8ef8f0128a8f0fe670290','220301','',null,null,'1',null,null,null,null,null,null);
insert into bd_dictionaryvalue(id,id_dictionary,id_parent,code,value,num,description,enableFlag,editableFlag,systemFlag,ft,lt,fu,lu) values('4028810028a8ef8f0128a8f0fe870292','40288100288c226801288c2987e90001','4028810028a8ef8f0128a8f0fe670290','220302','',null,null,'1',null,null,null,null,null,null);
insert into bd_dictionaryvalue(id,id_dictionary,id_parent,code,value,num,description,enableFlag,editableFlag,systemFlag,ft,lt,fu,lu) values('4028810028a8ef8f0128a8f0fe870293','40288100288c226801288c2987e90001','4028810028a8ef8f0128a8f0fe670290','220303','',null,null,'1',null,null,null,null,null,null);
insert into bd_dictionaryvalue(id,id_dictionary,id_parent,code,value,num,description,enableFlag,editableFlag,systemFlag,ft,lt,fu,lu) values('4028810028a8ef8f0128a8f0fe960294','40288100288c226801288c2987e90001','4028810028a8ef8f0128a8f0fe670290','220322','',null,null,'1',null,null,null,null,null,null);
insert into bd_dictionaryvalue(id,id_dictionary,id_parent,code,value,num,description,enableFlag,editableFlag,systemFlag,ft,lt,fu,lu) values('4028810028a8ef8f0128a8f0fea60295','40288100288c226801288c2987e90001','4028810028a8ef8f0128a8f0fe670290','220323','',null,null,'1',null,null,null,null,null,null);
insert into bd_dictionaryvalue(id,id_dictionary,id_parent,code,value,num,description,enableFlag,editableFlag,systemFlag,ft,lt,fu,lu) values('4028810028a8ef8f0128a8f0fea60296','40288100288c226801288c2987e90001','4028810028a8ef8f0128a8f0fe670290','220381','',null,null,'1',null,null,null,null,null,null);
insert into bd_dictionaryvalue(id,id_dictionary,id_parent,code,value,num,description,enableFlag,editableFlag,systemFlag,ft,lt,fu,lu) values('4028810028a8ef8f0128a8f0feb60297','40288100288c226801288c2987e90001','4028810028a8ef8f0128a8f0fe670290','220382','',null,null,'1',null,null,null,null,null,null);
insert into bd_dictionaryvalue(id,id_dictionary,id_parent,code,value,num,description,enableFlag,editableFlag,systemFlag,ft,lt,fu,lu) values('4028810028a8ef8f0128a8f0fec50298','40288100288c226801288c2987e90001','4028810028a8ef8f0128a8f0fd5e0278','220400','',null,null,'1',null,null,null,null,null,null);
insert into bd_dictionaryvalue(id,id_dictionary,id_parent,code,value,num,description,enableFlag,editableFlag,systemFlag,ft,lt,fu,lu) values('4028810028a8ef8f0128a8f0fed50299','40288100288c226801288c2987e90001','4028810028a8ef8f0128a8f0fec50298','220401','',null,null,'1',null,null,null,null,null,null);
insert into bd_dictionaryvalue(id,id_dictionary,id_parent,code,value,num,description,enableFlag,editableFlag,systemFlag,ft,lt,fu,lu) values('4028810028a8ef8f0128a8f0fee4029a','40288100288c226801288c2987e90001','4028810028a8ef8f0128a8f0fec50298','220402','',null,null,'1',null,null,null,null,null,null);
insert into bd_dictionaryvalue(id,id_dictionary,id_parent,code,value,num,description,enableFlag,editableFlag,systemFlag,ft,lt,fu,lu) values('4028810028a8ef8f0128a8f0fef4029b','40288100288c226801288c2987e90001','4028810028a8ef8f0128a8f0fec50298','220403','',null,null,'1',null,null,null,null,null,null);
insert into bd_dictionaryvalue(id,id_dictionary,id_parent,code,value,num,description,enableFlag,editableFlag,systemFlag,ft,lt,fu,lu) values('4028810028a8ef8f0128a8f0fef4029c','40288100288c226801288c2987e90001','4028810028a8ef8f0128a8f0fec50298','220421','',null,null,'1',null,null,null,null,null,null);
insert into bd_dictionaryvalue(id,id_dictionary,id_parent,code,value,num,description,enableFlag,editableFlag,systemFlag,ft,lt,fu,lu) values('4028810028a8ef8f0128a8f0ff04029d','40288100288c226801288c2987e90001','4028810028a8ef8f0128a8f0fec50298','220422','',null,null,'1',null,null,null,null,null,null);
insert into bd_dictionaryvalue(id,id_dictionary,id_parent,code,value,num,description,enableFlag,editableFlag,systemFlag,ft,lt,fu,lu) values('4028810028a8ef8f0128a8f0ff13029e','40288100288c226801288c2987e90001','4028810028a8ef8f0128a8f0fd5e0278','220500','',null,null,'1',null,null,null,null,null,null);
insert into bd_dictionaryvalue(id,id_dictionary,id_parent,code,value,num,description,enableFlag,editableFlag,systemFlag,ft,lt,fu,lu) values('4028810028a8ef8f0128a8f0ff13029f','40288100288c226801288c2987e90001','4028810028a8ef8f0128a8f0ff13029e','220501','',null,null,'1',null,null,null,null,null,null);
insert into bd_dictionaryvalue(id,id_dictionary,id_parent,code,value,num,description,enableFlag,editableFlag,systemFlag,ft,lt,fu,lu) values('4028810028a8ef8f0128a8f0ff2302a0','40288100288c226801288c2987e90001','4028810028a8ef8f0128a8f0ff13029e','220502','',null,null,'1',null,null,null,null,null,null);
insert into bd_dictionaryvalue(id,id_dictionary,id_parent,code,value,num,description,enableFlag,editableFlag,systemFlag,ft,lt,fu,lu) values('4028810028a8ef8f0128a8f0ff3302a1','40288100288c226801288c2987e90001','4028810028a8ef8f0128a8f0ff13029e','220503','',null,null,'1',null,null,null,null,null,null);
insert into bd_dictionaryvalue(id,id_dictionary,id_parent,code,value,num,description,enableFlag,editableFlag,systemFlag,ft,lt,fu,lu) values('4028810028a8ef8f0128a8f0ff4202a2','40288100288c226801288c2987e90001','4028810028a8ef8f0128a8f0ff13029e','220521','',null,null,'1',null,null,null,null,null,null);
insert into bd_dictionaryvalue(id,id_dictionary,id_parent,code,value,num,description,enableFlag,editableFlag,systemFlag,ft,lt,fu,lu) values('4028810028a8ef8f0128a8f0ff4202a3','40288100288c226801288c2987e90001','4028810028a8ef8f0128a8f0ff13029e','220523','',null,null,'1',null,null,null,null,null,null);
insert into bd_dictionaryvalue(id,id_dictionary,id_parent,code,value,num,description,enableFlag,editableFlag,systemFlag,ft,lt,fu,lu) values('4028810028a8ef8f0128a8f0ff5202a4','40288100288c226801288c2987e90001','4028810028a8ef8f0128a8f0ff13029e','220524','',null,null,'1',null,null,null,null,null,null);
insert into bd_dictionaryvalue(id,id_dictionary,id_parent,code,value,num,description,enableFlag,editableFlag,systemFlag,ft,lt,fu,lu) values('4028810028a8ef8f0128a8f0ff6102a5','40288100288c226801288c2987e90001','4028810028a8ef8f0128a8f0ff13029e','220581','',null,null,'1',null,null,null,null,null,null);
insert into bd_dictionaryvalue(id,id_dictionary,id_parent,code,value,num,description,enableFlag,editableFlag,systemFlag,ft,lt,fu,lu) values('4028810028a8ef8f0128a8f0ff7102a6','40288100288c226801288c2987e90001','4028810028a8ef8f0128a8f0ff13029e','220582','',null,null,'1',null,null,null,null,null,null);
insert into bd_dictionaryvalue(id,id_dictionary,id_parent,code,value,num,description,enableFlag,editableFlag,systemFlag,ft,lt,fu,lu) values('4028810028a8ef8f0128a8f0ff8102a7','40288100288c226801288c2987e90001','4028810028a8ef8f0128a8f0fd5e0278','220600','',null,null,'1',null,null,null,null,null,null);
insert into bd_dictionaryvalue(id,id_dictionary,id_parent,code,value,num,description,enableFlag,editableFlag,systemFlag,ft,lt,fu,lu) values('4028810028a8ef8f0128a8f0ff8102a8','40288100288c226801288c2987e90001','4028810028a8ef8f0128a8f0ff8102a7','220601','',null,null,'1',null,null,null,null,null,null);
insert into bd_dictionaryvalue(id,id_dictionary,id_parent,code,value,num,description,enableFlag,editableFlag,systemFlag,ft,lt,fu,lu) values('4028810028a8ef8f0128a8f0ff9002a9','40288100288c226801288c2987e90001','4028810028a8ef8f0128a8f0ff8102a7','220602','',null,null,'1',null,null,null,null,null,null);
insert into bd_dictionaryvalue(id,id_dictionary,id_parent,code,value,num,description,enableFlag,editableFlag,systemFlag,ft,lt,fu,lu) values('4028810028a8ef8f0128a8f0ffa002aa','40288100288c226801288c2987e90001','4028810028a8ef8f0128a8f0ff8102a7','220621','',null,null,'1',null,null,null,null,null,null);
insert into bd_dictionaryvalue(id,id_dictionary,id_parent,code,value,num,description,enableFlag,editableFlag,systemFlag,ft,lt,fu,lu) values('4028810028a8ef8f0128a8f0ffb002ab','40288100288c226801288c2987e90001','4028810028a8ef8f0128a8f0ff8102a7','220622','',null,null,'1',null,null,null,null,null,null);
insert into bd_dictionaryvalue(id,id_dictionary,id_parent,code,value,num,description,enableFlag,editableFlag,systemFlag,ft,lt,fu,lu) values('4028810028a8ef8f0128a8f0ffb002ac','40288100288c226801288c2987e90001','4028810028a8ef8f0128a8f0ff8102a7','220623','',null,null,'1',null,null,null,null,null,null);
insert into bd_dictionaryvalue(id,id_dictionary,id_parent,code,value,num,description,enableFlag,editableFlag,systemFlag,ft,lt,fu,lu) values('4028810028a8ef8f0128a8f0ffbf02ad','40288100288c226801288c2987e90001','4028810028a8ef8f0128a8f0ff8102a7','220625','',null,null,'1',null,null,null,null,null,null);
insert into bd_dictionaryvalue(id,id_dictionary,id_parent,code,value,num,description,enableFlag,editableFlag,systemFlag,ft,lt,fu,lu) values('4028810028a8ef8f0128a8f0ffcf02ae','40288100288c226801288c2987e90001','4028810028a8ef8f0128a8f0ff8102a7','220681','',null,null,'1',null,null,null,null,null,null);
insert into bd_dictionaryvalue(id,id_dictionary,id_parent,code,value,num,description,enableFlag,editableFlag,systemFlag,ft,lt,fu,lu) values('4028810028a8ef8f0128a8f0ffcf02af','40288100288c226801288c2987e90001','4028810028a8ef8f0128a8f0fd5e0278','220700','',null,null,'1',null,null,null,null,null,null);
insert into bd_dictionaryvalue(id,id_dictionary,id_parent,code,value,num,description,enableFlag,editableFlag,systemFlag,ft,lt,fu,lu) values('4028810028a8ef8f0128a8f0ffde02b0','40288100288c226801288c2987e90001','4028810028a8ef8f0128a8f0ffcf02af','220701','',null,null,'1',null,null,null,null,null,null);
insert into bd_dictionaryvalue(id,id_dictionary,id_parent,code,value,num,description,enableFlag,editableFlag,systemFlag,ft,lt,fu,lu) values('4028810028a8ef8f0128a8f0ffee02b1','40288100288c226801288c2987e90001','4028810028a8ef8f0128a8f0ffcf02af','220702','',null,null,'1',null,null,null,null,null,null);
insert into bd_dictionaryvalue(id,id_dictionary,id_parent,code,value,num,description,enableFlag,editableFlag,systemFlag,ft,lt,fu,lu) values('4028810028a8ef8f0128a8f0fffe02b2','40288100288c226801288c2987e90001','4028810028a8ef8f0128a8f0ffcf02af','220721','',null,null,'1',null,null,null,null,null,null);
insert into bd_dictionaryvalue(id,id_dictionary,id_parent,code,value,num,description,enableFlag,editableFlag,systemFlag,ft,lt,fu,lu) values('4028810028a8ef8f0128a8f0fffe02b3','40288100288c226801288c2987e90001','4028810028a8ef8f0128a8f0ffcf02af','220722','',null,null,'1',null,null,null,null,null,null);
insert into bd_dictionaryvalue(id,id_dictionary,id_parent,code,value,num,description,enableFlag,editableFlag,systemFlag,ft,lt,fu,lu) values('4028810028a8ef8f0128a8f1000d02b4','40288100288c226801288c2987e90001','4028810028a8ef8f0128a8f0ffcf02af','220723','',null,null,'1',null,null,null,null,null,null);
insert into bd_dictionaryvalue(id,id_dictionary,id_parent,code,value,num,description,enableFlag,editableFlag,systemFlag,ft,lt,fu,lu) values('4028810028a8ef8f0128a8f1001d02b5','40288100288c226801288c2987e90001','4028810028a8ef8f0128a8f0ffcf02af','220724','',null,null,'1',null,null,null,null,null,null);
insert into bd_dictionaryvalue(id,id_dictionary,id_parent,code,value,num,description,enableFlag,editableFlag,systemFlag,ft,lt,fu,lu) values('4028810028a8ef8f0128a8f1001d02b6','40288100288c226801288c2987e90001','4028810028a8ef8f0128a8f0fd5e0278','220800','',null,null,'1',null,null,null,null,null,null);
insert into bd_dictionaryvalue(id,id_dictionary,id_parent,code,value,num,description,enableFlag,editableFlag,systemFlag,ft,lt,fu,lu) values('4028810028a8ef8f0128a8f1003c02b7','40288100288c226801288c2987e90001','4028810028a8ef8f0128a8f1001d02b6','220801','',null,null,'1',null,null,null,null,null,null);
insert into bd_dictionaryvalue(id,id_dictionary,id_parent,code,value,num,description,enableFlag,editableFlag,systemFlag,ft,lt,fu,lu) values('4028810028a8ef8f0128a8f1003c02b8','40288100288c226801288c2987e90001','4028810028a8ef8f0128a8f1001d02b6','220802','',null,null,'1',null,null,null,null,null,null);
insert into bd_dictionaryvalue(id,id_dictionary,id_parent,code,value,num,description,enableFlag,editableFlag,systemFlag,ft,lt,fu,lu) values('4028810028a8ef8f0128a8f1004c02b9','40288100288c226801288c2987e90001','4028810028a8ef8f0128a8f1001d02b6','220821','',null,null,'1',null,null,null,null,null,null);
insert into bd_dictionaryvalue(id,id_dictionary,id_parent,code,value,num,description,enableFlag,editableFlag,systemFlag,ft,lt,fu,lu) values('4028810028a8ef8f0128a8f1005b02ba','40288100288c226801288c2987e90001','4028810028a8ef8f0128a8f1001d02b6','220822','',null,null,'1',null,null,null,null,null,null);
insert into bd_dictionaryvalue(id,id_dictionary,id_parent,code,value,num,description,enableFlag,editableFlag,systemFlag,ft,lt,fu,lu) values('4028810028a8ef8f0128a8f1005b02bb','40288100288c226801288c2987e90001','4028810028a8ef8f0128a8f1001d02b6','220881','',null,null,'1',null,null,null,null,null,null);
insert into bd_dictionaryvalue(id,id_dictionary,id_parent,code,value,num,description,enableFlag,editableFlag,systemFlag,ft,lt,fu,lu) values('4028810028a8ef8f0128a8f1006b02bc','40288100288c226801288c2987e90001','4028810028a8ef8f0128a8f1001d02b6','220882','',null,null,'1',null,null,null,null,null,null);
insert into bd_dictionaryvalue(id,id_dictionary,id_parent,code,value,num,description,enableFlag,editableFlag,systemFlag,ft,lt,fu,lu) values('4028810028a8ef8f0128a8f1007b02bd','40288100288c226801288c2987e90001','4028810028a8ef8f0128a8f0fd5e0278','222400','',null,null,'1',null,null,null,null,null,null);
insert into bd_dictionaryvalue(id,id_dictionary,id_parent,code,value,num,description,enableFlag,editableFlag,systemFlag,ft,lt,fu,lu) values('4028810028a8ef8f0128a8f1008a02be','40288100288c226801288c2987e90001','4028810028a8ef8f0128a8f1007b02bd','222401','',null,null,'1',null,null,null,null,null,null);
insert into bd_dictionaryvalue(id,id_dictionary,id_parent,code,value,num,description,enableFlag,editableFlag,systemFlag,ft,lt,fu,lu) values('4028810028a8ef8f0128a8f1008a02bf','40288100288c226801288c2987e90001','4028810028a8ef8f0128a8f1007b02bd','222402','',null,null,'1',null,null,null,null,null,null);
insert into bd_dictionaryvalue(id,id_dictionary,id_parent,code,value,num,description,enableFlag,editableFlag,systemFlag,ft,lt,fu,lu) values('4028810028a8ef8f0128a8f1009a02c0','40288100288c226801288c2987e90001','4028810028a8ef8f0128a8f1007b02bd','222403','',null,null,'1',null,null,null,null,null,null);
insert into bd_dictionaryvalue(id,id_dictionary,id_parent,code,value,num,description,enableFlag,editableFlag,systemFlag,ft,lt,fu,lu) values('4028810028a8ef8f0128a8f100aa02c1','40288100288c226801288c2987e90001','4028810028a8ef8f0128a8f1007b02bd','222404','',null,null,'1',null,null,null,null,null,null);
insert into bd_dictionaryvalue(id,id_dictionary,id_parent,code,value,num,description,enableFlag,editableFlag,systemFlag,ft,lt,fu,lu) values('4028810028a8ef8f0128a8f100b902c2','40288100288c226801288c2987e90001','4028810028a8ef8f0128a8f1007b02bd','222405','',null,null,'1',null,null,null,null,null,null);
insert into bd_dictionaryvalue(id,id_dictionary,id_parent,code,value,num,description,enableFlag,editableFlag,systemFlag,ft,lt,fu,lu) values('4028810028a8ef8f0128a8f100c902c3','40288100288c226801288c2987e90001','4028810028a8ef8f0128a8f1007b02bd','222406','',null,null,'1',null,null,null,null,null,null);
insert into bd_dictionaryvalue(id,id_dictionary,id_parent,code,value,num,description,enableFlag,editableFlag,systemFlag,ft,lt,fu,lu) values('4028810028a8ef8f0128a8f100c902c4','40288100288c226801288c2987e90001','4028810028a8ef8f0128a8f1007b02bd','222424','',null,null,'1',null,null,null,null,null,null);
insert into bd_dictionaryvalue(id,id_dictionary,id_parent,code,value,num,description,enableFlag,editableFlag,systemFlag,ft,lt,fu,lu) values('4028810028a8ef8f0128a8f100d802c5','40288100288c226801288c2987e90001','4028810028a8ef8f0128a8f1007b02bd','222426','',null,null,'1',null,null,null,null,null,null);
insert into bd_dictionaryvalue(id,id_dictionary,id_parent,code,value,num,description,enableFlag,editableFlag,systemFlag,ft,lt,fu,lu) values('4028810028a8ef8f0128a8f100e802c6','40288100288c226801288c2987e90001',null,'230000','',null,null,'1',null,null,null,null,null,null);
insert into bd_dictionaryvalue(id,id_dictionary,id_parent,code,value,num,description,enableFlag,editableFlag,systemFlag,ft,lt,fu,lu) values('4028810028a8ef8f0128a8f100e802c7','40288100288c226801288c2987e90001','4028810028a8ef8f0128a8f100e802c6','230100','',null,null,'1',null,null,null,null,null,null);
insert into bd_dictionaryvalue(id,id_dictionary,id_parent,code,value,num,description,enableFlag,editableFlag,systemFlag,ft,lt,fu,lu) values('4028810028a8ef8f0128a8f100f802c8','40288100288c226801288c2987e90001','4028810028a8ef8f0128a8f100e802c7','230101','',null,null,'1',null,null,null,null,null,null);
insert into bd_dictionaryvalue(id,id_dictionary,id_parent,code,value,num,description,enableFlag,editableFlag,systemFlag,ft,lt,fu,lu) values('4028810028a8ef8f0128a8f1010702c9','40288100288c226801288c2987e90001','4028810028a8ef8f0128a8f100e802c7','230102','',null,null,'1',null,null,null,null,null,null);
insert into bd_dictionaryvalue(id,id_dictionary,id_parent,code,value,num,description,enableFlag,editableFlag,systemFlag,ft,lt,fu,lu) values('4028810028a8ef8f0128a8f1011702ca','40288100288c226801288c2987e90001','4028810028a8ef8f0128a8f100e802c7','230103','',null,null,'1',null,null,null,null,null,null);
insert into bd_dictionaryvalue(id,id_dictionary,id_parent,code,value,num,description,enableFlag,editableFlag,systemFlag,ft,lt,fu,lu) values('4028810028a8ef8f0128a8f1012702cb','40288100288c226801288c2987e90001','4028810028a8ef8f0128a8f100e802c7','230104','',null,null,'1',null,null,null,null,null,null);
insert into bd_dictionaryvalue(id,id_dictionary,id_parent,code,value,num,description,enableFlag,editableFlag,systemFlag,ft,lt,fu,lu) values('4028810028a8ef8f0128a8f1012702cc','40288100288c226801288c2987e90001','4028810028a8ef8f0128a8f100e802c7','230105','',null,null,'1',null,null,null,null,null,null);
insert into bd_dictionaryvalue(id,id_dictionary,id_parent,code,value,num,description,enableFlag,editableFlag,systemFlag,ft,lt,fu,lu) values('4028810028a8ef8f0128a8f1013602cd','40288100288c226801288c2987e90001','4028810028a8ef8f0128a8f100e802c7','230106','',null,null,'1',null,null,null,null,null,null);
insert into bd_dictionaryvalue(id,id_dictionary,id_parent,code,value,num,description,enableFlag,editableFlag,systemFlag,ft,lt,fu,lu) values('4028810028a8ef8f0128a8f1014602ce','40288100288c226801288c2987e90001','4028810028a8ef8f0128a8f100e802c7','230107','',null,null,'1',null,null,null,null,null,null);
insert into bd_dictionaryvalue(id,id_dictionary,id_parent,code,value,num,description,enableFlag,editableFlag,systemFlag,ft,lt,fu,lu) values('4028810028a8ef8f0128a8f1015502cf','40288100288c226801288c2987e90001','4028810028a8ef8f0128a8f100e802c7','230108','',null,null,'1',null,null,null,null,null,null);
insert into bd_dictionaryvalue(id,id_dictionary,id_parent,code,value,num,description,enableFlag,editableFlag,systemFlag,ft,lt,fu,lu) values('4028810028a8ef8f0128a8f1015502d0','40288100288c226801288c2987e90001','4028810028a8ef8f0128a8f100e802c7','230121','',null,null,'1',null,null,null,null,null,null);
insert into bd_dictionaryvalue(id,id_dictionary,id_parent,code,value,num,description,enableFlag,editableFlag,systemFlag,ft,lt,fu,lu) values('4028810028a8ef8f0128a8f1016502d1','40288100288c226801288c2987e90001','4028810028a8ef8f0128a8f100e802c7','230123','',null,null,'1',null,null,null,null,null,null);
insert into bd_dictionaryvalue(id,id_dictionary,id_parent,code,value,num,description,enableFlag,editableFlag,systemFlag,ft,lt,fu,lu) values('4028810028a8ef8f0128a8f1017502d2','40288100288c226801288c2987e90001','4028810028a8ef8f0128a8f100e802c7','230124','',null,null,'1',null,null,null,null,null,null);
insert into bd_dictionaryvalue(id,id_dictionary,id_parent,code,value,num,description,enableFlag,editableFlag,systemFlag,ft,lt,fu,lu) values('4028810028a8ef8f0128a8f1018402d3','40288100288c226801288c2987e90001','4028810028a8ef8f0128a8f100e802c7','230125','',null,null,'1',null,null,null,null,null,null);
insert into bd_dictionaryvalue(id,id_dictionary,id_parent,code,value,num,description,enableFlag,editableFlag,systemFlag,ft,lt,fu,lu) values('4028810028a8ef8f0128a8f1019402d4','40288100288c226801288c2987e90001','4028810028a8ef8f0128a8f100e802c7','230126','',null,null,'1',null,null,null,null,null,null);
insert into bd_dictionaryvalue(id,id_dictionary,id_parent,code,value,num,description,enableFlag,editableFlag,systemFlag,ft,lt,fu,lu) values('4028810028a8ef8f0128a8f1019402d5','40288100288c226801288c2987e90001','4028810028a8ef8f0128a8f100e802c7','230127','',null,null,'1',null,null,null,null,null,null);
insert into bd_dictionaryvalue(id,id_dictionary,id_parent,code,value,num,description,enableFlag,editableFlag,systemFlag,ft,lt,fu,lu) values('4028810028a8ef8f0128a8f101a402d6','40288100288c226801288c2987e90001','4028810028a8ef8f0128a8f100e802c7','230128','',null,null,'1',null,null,null,null,null,null);
insert into bd_dictionaryvalue(id,id_dictionary,id_parent,code,value,num,description,enableFlag,editableFlag,systemFlag,ft,lt,fu,lu) values('4028810028a8ef8f0128a8f101b302d7','40288100288c226801288c2987e90001','4028810028a8ef8f0128a8f100e802c7','230129','',null,null,'1',null,null,null,null,null,null);
insert into bd_dictionaryvalue(id,id_dictionary,id_parent,code,value,num,description,enableFlag,editableFlag,systemFlag,ft,lt,fu,lu) values('4028810028a8ef8f0128a8f101c302d8','40288100288c226801288c2987e90001','4028810028a8ef8f0128a8f100e802c7','230181','',null,null,'1',null,null,null,null,null,null);
insert into bd_dictionaryvalue(id,id_dictionary,id_parent,code,value,num,description,enableFlag,editableFlag,systemFlag,ft,lt,fu,lu) values('4028810028a8ef8f0128a8f101c302d9','40288100288c226801288c2987e90001','4028810028a8ef8f0128a8f100e802c7','230182','',null,null,'1',null,null,null,null,null,null);
insert into bd_dictionaryvalue(id,id_dictionary,id_parent,code,value,num,description,enableFlag,editableFlag,systemFlag,ft,lt,fu,lu) values('4028810028a8ef8f0128a8f101d202da','40288100288c226801288c2987e90001','4028810028a8ef8f0128a8f100e802c7','230183','',null,null,'1',null,null,null,null,null,null);
insert into bd_dictionaryvalue(id,id_dictionary,id_parent,code,value,num,description,enableFlag,editableFlag,systemFlag,ft,lt,fu,lu) values('4028810028a8ef8f0128a8f101e202db','40288100288c226801288c2987e90001','4028810028a8ef8f0128a8f100e802c7','230184','',null,null,'1',null,null,null,null,null,null);
insert into bd_dictionaryvalue(id,id_dictionary,id_parent,code,value,num,description,enableFlag,editableFlag,systemFlag,ft,lt,fu,lu) values('4028810028a8ef8f0128a8f101f202dc','40288100288c226801288c2987e90001','4028810028a8ef8f0128a8f100e802c6','230200','',null,null,'1',null,null,null,null,null,null);
insert into bd_dictionaryvalue(id,id_dictionary,id_parent,code,value,num,description,enableFlag,editableFlag,systemFlag,ft,lt,fu,lu) values('4028810028a8ef8f0128a8f1020102dd','40288100288c226801288c2987e90001','4028810028a8ef8f0128a8f101f202dc','230201','',null,null,'1',null,null,null,null,null,null);
insert into bd_dictionaryvalue(id,id_dictionary,id_parent,code,value,num,description,enableFlag,editableFlag,systemFlag,ft,lt,fu,lu) values('4028810028a8ef8f0128a8f1020102de','40288100288c226801288c2987e90001','4028810028a8ef8f0128a8f101f202dc','230202','',null,null,'1',null,null,null,null,null,null);
insert into bd_dictionaryvalue(id,id_dictionary,id_parent,code,value,num,description,enableFlag,editableFlag,systemFlag,ft,lt,fu,lu) values('4028810028a8ef8f0128a8f1021102df','40288100288c226801288c2987e90001','4028810028a8ef8f0128a8f101f202dc','230203','',null,null,'1',null,null,null,null,null,null);
insert into bd_dictionaryvalue(id,id_dictionary,id_parent,code,value,num,description,enableFlag,editableFlag,systemFlag,ft,lt,fu,lu) values('4028810028a8ef8f0128a8f1022102e0','40288100288c226801288c2987e90001','4028810028a8ef8f0128a8f101f202dc','230204','',null,null,'1',null,null,null,null,null,null);
insert into bd_dictionaryvalue(id,id_dictionary,id_parent,code,value,num,description,enableFlag,editableFlag,systemFlag,ft,lt,fu,lu) values('4028810028a8ef8f0128a8f1022102e1','40288100288c226801288c2987e90001','4028810028a8ef8f0128a8f101f202dc','230205','',null,null,'1',null,null,null,null,null,null);
insert into bd_dictionaryvalue(id,id_dictionary,id_parent,code,value,num,description,enableFlag,editableFlag,systemFlag,ft,lt,fu,lu) values('4028810028a8ef8f0128a8f1023002e2','40288100288c226801288c2987e90001','4028810028a8ef8f0128a8f101f202dc','230206','',null,null,'1',null,null,null,null,null,null);
insert into bd_dictionaryvalue(id,id_dictionary,id_parent,code,value,num,description,enableFlag,editableFlag,systemFlag,ft,lt,fu,lu) values('4028810028a8ef8f0128a8f1024002e3','40288100288c226801288c2987e90001','4028810028a8ef8f0128a8f101f202dc','230207','',null,null,'1',null,null,null,null,null,null);
insert into bd_dictionaryvalue(id,id_dictionary,id_parent,code,value,num,description,enableFlag,editableFlag,systemFlag,ft,lt,fu,lu) values('4028810028a8ef8f0128a8f1024f02e4','40288100288c226801288c2987e90001','4028810028a8ef8f0128a8f101f202dc','230208','',null,null,'1',null,null,null,null,null,null);
insert into bd_dictionaryvalue(id,id_dictionary,id_parent,code,value,num,description,enableFlag,editableFlag,systemFlag,ft,lt,fu,lu) values('4028810028a8ef8f0128a8f1024f02e5','40288100288c226801288c2987e90001','4028810028a8ef8f0128a8f101f202dc','230221','',null,null,'1',null,null,null,null,null,null);
insert into bd_dictionaryvalue(id,id_dictionary,id_parent,code,value,num,description,enableFlag,editableFlag,systemFlag,ft,lt,fu,lu) values('4028810028a8ef8f0128a8f1025f02e6','40288100288c226801288c2987e90001','4028810028a8ef8f0128a8f101f202dc','230223','',null,null,'1',null,null,null,null,null,null);
insert into bd_dictionaryvalue(id,id_dictionary,id_parent,code,value,num,description,enableFlag,editableFlag,systemFlag,ft,lt,fu,lu) values('4028810028a8ef8f0128a8f1026f02e7','40288100288c226801288c2987e90001','4028810028a8ef8f0128a8f101f202dc','230224','',null,null,'1',null,null,null,null,null,null);
insert into bd_dictionaryvalue(id,id_dictionary,id_parent,code,value,num,description,enableFlag,editableFlag,systemFlag,ft,lt,fu,lu) values('4028810028a8ef8f0128a8f1027e02e8','40288100288c226801288c2987e90001','4028810028a8ef8f0128a8f101f202dc','230225','',null,null,'1',null,null,null,null,null,null);
insert into bd_dictionaryvalue(id,id_dictionary,id_parent,code,value,num,description,enableFlag,editableFlag,systemFlag,ft,lt,fu,lu) values('4028810028a8ef8f0128a8f1027e02e9','40288100288c226801288c2987e90001','4028810028a8ef8f0128a8f101f202dc','230227','',null,null,'1',null,null,null,null,null,null);
insert into bd_dictionaryvalue(id,id_dictionary,id_parent,code,value,num,description,enableFlag,editableFlag,systemFlag,ft,lt,fu,lu) values('4028810028a8ef8f0128a8f1028e02ea','40288100288c226801288c2987e90001','4028810028a8ef8f0128a8f101f202dc','230229','',null,null,'1',null,null,null,null,null,null);
insert into bd_dictionaryvalue(id,id_dictionary,id_parent,code,value,num,description,enableFlag,editableFlag,systemFlag,ft,lt,fu,lu) values('4028810028a8ef8f0128a8f1029e02eb','40288100288c226801288c2987e90001','4028810028a8ef8f0128a8f101f202dc','230230','',null,null,'1',null,null,null,null,null,null);
insert into bd_dictionaryvalue(id,id_dictionary,id_parent,code,value,num,description,enableFlag,editableFlag,systemFlag,ft,lt,fu,lu) values('4028810028a8ef8f0128a8f102ad02ec','40288100288c226801288c2987e90001','4028810028a8ef8f0128a8f101f202dc','230231','',null,null,'1',null,null,null,null,null,null);
insert into bd_dictionaryvalue(id,id_dictionary,id_parent,code,value,num,description,enableFlag,editableFlag,systemFlag,ft,lt,fu,lu) values('4028810028a8ef8f0128a8f102bd02ed','40288100288c226801288c2987e90001','4028810028a8ef8f0128a8f101f202dc','230281','',null,null,'1',null,null,null,null,null,null);
insert into bd_dictionaryvalue(id,id_dictionary,id_parent,code,value,num,description,enableFlag,editableFlag,systemFlag,ft,lt,fu,lu) values('4028810028a8ef8f0128a8f102cc02ee','40288100288c226801288c2987e90001','4028810028a8ef8f0128a8f100e802c6','230300','',null,null,'1',null,null,null,null,null,null);
insert into bd_dictionaryvalue(id,id_dictionary,id_parent,code,value,num,description,enableFlag,editableFlag,systemFlag,ft,lt,fu,lu) values('4028810028a8ef8f0128a8f102cc02ef','40288100288c226801288c2987e90001','4028810028a8ef8f0128a8f102cc02ee','230301','',null,null,'1',null,null,null,null,null,null);
insert into bd_dictionaryvalue(id,id_dictionary,id_parent,code,value,num,description,enableFlag,editableFlag,systemFlag,ft,lt,fu,lu) values('4028810028a8ef8f0128a8f102dc02f0','40288100288c226801288c2987e90001','4028810028a8ef8f0128a8f102cc02ee','230302','',null,null,'1',null,null,null,null,null,null);
insert into bd_dictionaryvalue(id,id_dictionary,id_parent,code,value,num,description,enableFlag,editableFlag,systemFlag,ft,lt,fu,lu) values('4028810028a8ef8f0128a8f102ec02f1','40288100288c226801288c2987e90001','4028810028a8ef8f0128a8f102cc02ee','230303','',null,null,'1',null,null,null,null,null,null);
insert into bd_dictionaryvalue(id,id_dictionary,id_parent,code,value,num,description,enableFlag,editableFlag,systemFlag,ft,lt,fu,lu) values('4028810028a8ef8f0128a8f102fb02f2','40288100288c226801288c2987e90001','4028810028a8ef8f0128a8f102cc02ee','230304','',null,null,'1',null,null,null,null,null,null);
insert into bd_dictionaryvalue(id,id_dictionary,id_parent,code,value,num,description,enableFlag,editableFlag,systemFlag,ft,lt,fu,lu) values('4028810028a8ef8f0128a8f1030b02f3','40288100288c226801288c2987e90001','4028810028a8ef8f0128a8f102cc02ee','230305','',null,null,'1',null,null,null,null,null,null);
insert into bd_dictionaryvalue(id,id_dictionary,id_parent,code,value,num,description,enableFlag,editableFlag,systemFlag,ft,lt,fu,lu) values('4028810028a8ef8f0128a8f1031b02f4','40288100288c226801288c2987e90001','4028810028a8ef8f0128a8f102cc02ee','230306','',null,null,'1',null,null,null,null,null,null);
insert into bd_dictionaryvalue(id,id_dictionary,id_parent,code,value,num,description,enableFlag,editableFlag,systemFlag,ft,lt,fu,lu) values('4028810028a8ef8f0128a8f1031b02f5','40288100288c226801288c2987e90001','4028810028a8ef8f0128a8f102cc02ee','230307','',null,null,'1',null,null,null,null,null,null);
insert into bd_dictionaryvalue(id,id_dictionary,id_parent,code,value,num,description,enableFlag,editableFlag,systemFlag,ft,lt,fu,lu) values('4028810028a8ef8f0128a8f1032a02f6','40288100288c226801288c2987e90001','4028810028a8ef8f0128a8f102cc02ee','230321','',null,null,'1',null,null,null,null,null,null);
insert into bd_dictionaryvalue(id,id_dictionary,id_parent,code,value,num,description,enableFlag,editableFlag,systemFlag,ft,lt,fu,lu) values('4028810028a8ef8f0128a8f1033a02f7','40288100288c226801288c2987e90001','4028810028a8ef8f0128a8f102cc02ee','230381','',null,null,'1',null,null,null,null,null,null);
insert into bd_dictionaryvalue(id,id_dictionary,id_parent,code,value,num,description,enableFlag,editableFlag,systemFlag,ft,lt,fu,lu) values('4028810028a8ef8f0128a8f1034902f8','40288100288c226801288c2987e90001','4028810028a8ef8f0128a8f102cc02ee','230382','',null,null,'1',null,null,null,null,null,null);
insert into bd_dictionaryvalue(id,id_dictionary,id_parent,code,value,num,description,enableFlag,editableFlag,systemFlag,ft,lt,fu,lu) values('4028810028a8ef8f0128a8f1034902f9','40288100288c226801288c2987e90001','4028810028a8ef8f0128a8f100e802c6','230400','',null,null,'1',null,null,null,null,null,null);
insert into bd_dictionaryvalue(id,id_dictionary,id_parent,code,value,num,description,enableFlag,editableFlag,systemFlag,ft,lt,fu,lu) values('4028810028a8ef8f0128a8f1035902fa','40288100288c226801288c2987e90001','4028810028a8ef8f0128a8f1034902f9','230401','',null,null,'1',null,null,null,null,null,null);
insert into bd_dictionaryvalue(id,id_dictionary,id_parent,code,value,num,description,enableFlag,editableFlag,systemFlag,ft,lt,fu,lu) values('4028810028a8ef8f0128a8f1036902fb','40288100288c226801288c2987e90001','4028810028a8ef8f0128a8f1034902f9','230402','',null,null,'1',null,null,null,null,null,null);
insert into bd_dictionaryvalue(id,id_dictionary,id_parent,code,value,num,description,enableFlag,editableFlag,systemFlag,ft,lt,fu,lu) values('4028810028a8ef8f0128a8f1037802fc','40288100288c226801288c2987e90001','4028810028a8ef8f0128a8f1034902f9','230403','',null,null,'1',null,null,null,null,null,null);
insert into bd_dictionaryvalue(id,id_dictionary,id_parent,code,value,num,description,enableFlag,editableFlag,systemFlag,ft,lt,fu,lu) values('4028810028a8ef8f0128a8f1037802fd','40288100288c226801288c2987e90001','4028810028a8ef8f0128a8f1034902f9','230404','',null,null,'1',null,null,null,null,null,null);
insert into bd_dictionaryvalue(id,id_dictionary,id_parent,code,value,num,description,enableFlag,editableFlag,systemFlag,ft,lt,fu,lu) values('4028810028a8ef8f0128a8f1038802fe','40288100288c226801288c2987e90001','4028810028a8ef8f0128a8f1034902f9','230405','',null,null,'1',null,null,null,null,null,null);
insert into bd_dictionaryvalue(id,id_dictionary,id_parent,code,value,num,description,enableFlag,editableFlag,systemFlag,ft,lt,fu,lu) values('4028810028a8ef8f0128a8f1039802ff','40288100288c226801288c2987e90001','4028810028a8ef8f0128a8f1034902f9','230406','',null,null,'1',null,null,null,null,null,null);
insert into bd_dictionaryvalue(id,id_dictionary,id_parent,code,value,num,description,enableFlag,editableFlag,systemFlag,ft,lt,fu,lu) values('4028810028a8ef8f0128a8f103a70300','40288100288c226801288c2987e90001','4028810028a8ef8f0128a8f1034902f9','230407','',null,null,'1',null,null,null,null,null,null);
insert into bd_dictionaryvalue(id,id_dictionary,id_parent,code,value,num,description,enableFlag,editableFlag,systemFlag,ft,lt,fu,lu) values('4028810028a8ef8f0128a8f103b70301','40288100288c226801288c2987e90001','4028810028a8ef8f0128a8f1034902f9','230421','',null,null,'1',null,null,null,null,null,null);
insert into bd_dictionaryvalue(id,id_dictionary,id_parent,code,value,num,description,enableFlag,editableFlag,systemFlag,ft,lt,fu,lu) values('4028810028a8ef8f0128a8f103b70302','40288100288c226801288c2987e90001','4028810028a8ef8f0128a8f1034902f9','230422','',null,null,'1',null,null,null,null,null,null);
insert into bd_dictionaryvalue(id,id_dictionary,id_parent,code,value,num,description,enableFlag,editableFlag,systemFlag,ft,lt,fu,lu) values('4028810028a8ef8f0128a8f103c60303','40288100288c226801288c2987e90001','4028810028a8ef8f0128a8f100e802c6','230500','',null,null,'1',null,null,null,null,null,null);
insert into bd_dictionaryvalue(id,id_dictionary,id_parent,code,value,num,description,enableFlag,editableFlag,systemFlag,ft,lt,fu,lu) values('4028810028a8ef8f0128a8f103d60304','40288100288c226801288c2987e90001','4028810028a8ef8f0128a8f103c60303','230501','',null,null,'1',null,null,null,null,null,null);
insert into bd_dictionaryvalue(id,id_dictionary,id_parent,code,value,num,description,enableFlag,editableFlag,systemFlag,ft,lt,fu,lu) values('4028810028a8ef8f0128a8f103e60305','40288100288c226801288c2987e90001','4028810028a8ef8f0128a8f103c60303','230502','',null,null,'1',null,null,null,null,null,null);
insert into bd_dictionaryvalue(id,id_dictionary,id_parent,code,value,num,description,enableFlag,editableFlag,systemFlag,ft,lt,fu,lu) values('4028810028a8ef8f0128a8f103f50306','40288100288c226801288c2987e90001','4028810028a8ef8f0128a8f103c60303','230503','',null,null,'1',null,null,null,null,null,null);
insert into bd_dictionaryvalue(id,id_dictionary,id_parent,code,value,num,description,enableFlag,editableFlag,systemFlag,ft,lt,fu,lu) values('4028810028a8ef8f0128a8f103f50307','40288100288c226801288c2987e90001','4028810028a8ef8f0128a8f103c60303','230505','',null,null,'1',null,null,null,null,null,null);
insert into bd_dictionaryvalue(id,id_dictionary,id_parent,code,value,num,description,enableFlag,editableFlag,systemFlag,ft,lt,fu,lu) values('4028810028a8ef8f0128a8f104050308','40288100288c226801288c2987e90001','4028810028a8ef8f0128a8f103c60303','230506','',null,null,'1',null,null,null,null,null,null);
insert into bd_dictionaryvalue(id,id_dictionary,id_parent,code,value,num,description,enableFlag,editableFlag,systemFlag,ft,lt,fu,lu) values('4028810028a8ef8f0128a8f104150309','40288100288c226801288c2987e90001','4028810028a8ef8f0128a8f103c60303','230521','',null,null,'1',null,null,null,null,null,null);
insert into bd_dictionaryvalue(id,id_dictionary,id_parent,code,value,num,description,enableFlag,editableFlag,systemFlag,ft,lt,fu,lu) values('4028810028a8ef8f0128a8f10424030a','40288100288c226801288c2987e90001','4028810028a8ef8f0128a8f103c60303','230522','',null,null,'1',null,null,null,null,null,null);
insert into bd_dictionaryvalue(id,id_dictionary,id_parent,code,value,num,description,enableFlag,editableFlag,systemFlag,ft,lt,fu,lu) values('4028810028a8ef8f0128a8f10424030b','40288100288c226801288c2987e90001','4028810028a8ef8f0128a8f103c60303','230523','',null,null,'1',null,null,null,null,null,null);
insert into bd_dictionaryvalue(id,id_dictionary,id_parent,code,value,num,description,enableFlag,editableFlag,systemFlag,ft,lt,fu,lu) values('4028810028a8ef8f0128a8f10434030c','40288100288c226801288c2987e90001','4028810028a8ef8f0128a8f103c60303','230524','',null,null,'1',null,null,null,null,null,null);
insert into bd_dictionaryvalue(id,id_dictionary,id_parent,code,value,num,description,enableFlag,editableFlag,systemFlag,ft,lt,fu,lu) values('4028810028a8ef8f0128a8f10443030d','40288100288c226801288c2987e90001','4028810028a8ef8f0128a8f100e802c6','230600','',null,null,'1',null,null,null,null,null,null);
insert into bd_dictionaryvalue(id,id_dictionary,id_parent,code,value,num,description,enableFlag,editableFlag,systemFlag,ft,lt,fu,lu) values('4028810028a8ef8f0128a8f10453030e','40288100288c226801288c2987e90001','4028810028a8ef8f0128a8f10443030d','230601','',null,null,'1',null,null,null,null,null,null);
insert into bd_dictionaryvalue(id,id_dictionary,id_parent,code,value,num,description,enableFlag,editableFlag,systemFlag,ft,lt,fu,lu) values('4028810028a8ef8f0128a8f10463030f','40288100288c226801288c2987e90001','4028810028a8ef8f0128a8f10443030d','230602','',null,null,'1',null,null,null,null,null,null);
insert into bd_dictionaryvalue(id,id_dictionary,id_parent,code,value,num,description,enableFlag,editableFlag,systemFlag,ft,lt,fu,lu) values('4028810028a8ef8f0128a8f104720310','40288100288c226801288c2987e90001','4028810028a8ef8f0128a8f10443030d','230603','',null,null,'1',null,null,null,null,null,null);
insert into bd_dictionaryvalue(id,id_dictionary,id_parent,code,value,num,description,enableFlag,editableFlag,systemFlag,ft,lt,fu,lu) values('4028810028a8ef8f0128a8f104720311','40288100288c226801288c2987e90001','4028810028a8ef8f0128a8f10443030d','230604','',null,null,'1',null,null,null,null,null,null);
insert into bd_dictionaryvalue(id,id_dictionary,id_parent,code,value,num,description,enableFlag,editableFlag,systemFlag,ft,lt,fu,lu) values('4028810028a8ef8f0128a8f104820312','40288100288c226801288c2987e90001','4028810028a8ef8f0128a8f10443030d','230605','',null,null,'1',null,null,null,null,null,null);
insert into bd_dictionaryvalue(id,id_dictionary,id_parent,code,value,num,description,enableFlag,editableFlag,systemFlag,ft,lt,fu,lu) values('4028810028a8ef8f0128a8f104920313','40288100288c226801288c2987e90001','4028810028a8ef8f0128a8f10443030d','230606','',null,null,'1',null,null,null,null,null,null);
insert into bd_dictionaryvalue(id,id_dictionary,id_parent,code,value,num,description,enableFlag,editableFlag,systemFlag,ft,lt,fu,lu) values('4028810028a8ef8f0128a8f104a10314','40288100288c226801288c2987e90001','4028810028a8ef8f0128a8f10443030d','230621','',null,null,'1',null,null,null,null,null,null);
insert into bd_dictionaryvalue(id,id_dictionary,id_parent,code,value,num,description,enableFlag,editableFlag,systemFlag,ft,lt,fu,lu) values('4028810028a8ef8f0128a8f104b10315','40288100288c226801288c2987e90001','4028810028a8ef8f0128a8f10443030d','230622','',null,null,'1',null,null,null,null,null,null);
insert into bd_dictionaryvalue(id,id_dictionary,id_parent,code,value,num,description,enableFlag,editableFlag,systemFlag,ft,lt,fu,lu) values('4028810028a8ef8f0128a8f104c00316','40288100288c226801288c2987e90001','4028810028a8ef8f0128a8f10443030d','230623','',null,null,'1',null,null,null,null,null,null);
insert into bd_dictionaryvalue(id,id_dictionary,id_parent,code,value,num,description,enableFlag,editableFlag,systemFlag,ft,lt,fu,lu) values('4028810028a8ef8f0128a8f104c00317','40288100288c226801288c2987e90001','4028810028a8ef8f0128a8f10443030d','230624','',null,null,'1',null,null,null,null,null,null);
insert into bd_dictionaryvalue(id,id_dictionary,id_parent,code,value,num,description,enableFlag,editableFlag,systemFlag,ft,lt,fu,lu) values('4028810028a8ef8f0128a8f104d00318','40288100288c226801288c2987e90001','4028810028a8ef8f0128a8f100e802c6','230700','',null,null,'1',null,null,null,null,null,null);
insert into bd_dictionaryvalue(id,id_dictionary,id_parent,code,value,num,description,enableFlag,editableFlag,systemFlag,ft,lt,fu,lu) values('4028810028a8ef8f0128a8f104e00319','40288100288c226801288c2987e90001','4028810028a8ef8f0128a8f104d00318','230701','',null,null,'1',null,null,null,null,null,null);
insert into bd_dictionaryvalue(id,id_dictionary,id_parent,code,value,num,description,enableFlag,editableFlag,systemFlag,ft,lt,fu,lu) values('4028810028a8ef8f0128a8f104ef031a','40288100288c226801288c2987e90001','4028810028a8ef8f0128a8f104d00318','230702','',null,null,'1',null,null,null,null,null,null);
insert into bd_dictionaryvalue(id,id_dictionary,id_parent,code,value,num,description,enableFlag,editableFlag,systemFlag,ft,lt,fu,lu) values('4028810028a8ef8f0128a8f104ff031b','40288100288c226801288c2987e90001','4028810028a8ef8f0128a8f104d00318','230703','',null,null,'1',null,null,null,null,null,null);
insert into bd_dictionaryvalue(id,id_dictionary,id_parent,code,value,num,description,enableFlag,editableFlag,systemFlag,ft,lt,fu,lu) values('4028810028a8ef8f0128a8f1050f031c','40288100288c226801288c2987e90001','4028810028a8ef8f0128a8f104d00318','230704','',null,null,'1',null,null,null,null,null,null);
insert into bd_dictionaryvalue(id,id_dictionary,id_parent,code,value,num,description,enableFlag,editableFlag,systemFlag,ft,lt,fu,lu) values('4028810028a8ef8f0128a8f1050f031d','40288100288c226801288c2987e90001','4028810028a8ef8f0128a8f104d00318','230705','',null,null,'1',null,null,null,null,null,null);
insert into bd_dictionaryvalue(id,id_dictionary,id_parent,code,value,num,description,enableFlag,editableFlag,systemFlag,ft,lt,fu,lu) values('4028810028a8ef8f0128a8f1051e031e','40288100288c226801288c2987e90001','4028810028a8ef8f0128a8f104d00318','230706','',null,null,'1',null,null,null,null,null,null);
insert into bd_dictionaryvalue(id,id_dictionary,id_parent,code,value,num,description,enableFlag,editableFlag,systemFlag,ft,lt,fu,lu) values('4028810028a8ef8f0128a8f1052e031f','40288100288c226801288c2987e90001','4028810028a8ef8f0128a8f104d00318','230707','',null,null,'1',null,null,null,null,null,null);
insert into bd_dictionaryvalue(id,id_dictionary,id_parent,code,value,num,description,enableFlag,editableFlag,systemFlag,ft,lt,fu,lu) values('4028810028a8ef8f0128a8f1053d0320','40288100288c226801288c2987e90001','4028810028a8ef8f0128a8f104d00318','230708','',null,null,'1',null,null,null,null,null,null);
insert into bd_dictionaryvalue(id,id_dictionary,id_parent,code,value,num,description,enableFlag,editableFlag,systemFlag,ft,lt,fu,lu) values('4028810028a8ef8f0128a8f1053d0321','40288100288c226801288c2987e90001','4028810028a8ef8f0128a8f104d00318','230709','',null,null,'1',null,null,null,null,null,null);
insert into bd_dictionaryvalue(id,id_dictionary,id_parent,code,value,num,description,enableFlag,editableFlag,systemFlag,ft,lt,fu,lu) values('4028810028a8ef8f0128a8f1055d0322','40288100288c226801288c2987e90001','4028810028a8ef8f0128a8f104d00318','230710','',null,null,'1',null,null,null,null,null,null);
insert into bd_dictionaryvalue(id,id_dictionary,id_parent,code,value,num,description,enableFlag,editableFlag,systemFlag,ft,lt,fu,lu) values('4028810028a8ef8f0128a8f1056c0323','40288100288c226801288c2987e90001','4028810028a8ef8f0128a8f104d00318','230711','',null,null,'1',null,null,null,null,null,null);
insert into bd_dictionaryvalue(id,id_dictionary,id_parent,code,value,num,description,enableFlag,editableFlag,systemFlag,ft,lt,fu,lu) values('4028810028a8ef8f0128a8f1056c0324','40288100288c226801288c2987e90001','4028810028a8ef8f0128a8f104d00318','230712','',null,null,'1',null,null,null,null,null,null);
insert into bd_dictionaryvalue(id,id_dictionary,id_parent,code,value,num,description,enableFlag,editableFlag,systemFlag,ft,lt,fu,lu) values('4028810028a8ef8f0128a8f1057c0325','40288100288c226801288c2987e90001','4028810028a8ef8f0128a8f104d00318','230713','',null,null,'1',null,null,null,null,null,null);
insert into bd_dictionaryvalue(id,id_dictionary,id_parent,code,value,num,description,enableFlag,editableFlag,systemFlag,ft,lt,fu,lu) values('4028810028a8ef8f0128a8f1058c0326','40288100288c226801288c2987e90001','4028810028a8ef8f0128a8f104d00318','230714','',null,null,'1',null,null,null,null,null,null);
insert into bd_dictionaryvalue(id,id_dictionary,id_parent,code,value,num,description,enableFlag,editableFlag,systemFlag,ft,lt,fu,lu) values('4028810028a8ef8f0128a8f1059b0327','40288100288c226801288c2987e90001','4028810028a8ef8f0128a8f104d00318','230715','',null,null,'1',null,null,null,null,null,null);
insert into bd_dictionaryvalue(id,id_dictionary,id_parent,code,value,num,description,enableFlag,editableFlag,systemFlag,ft,lt,fu,lu) values('4028810028a8ef8f0128a8f105ab0328','40288100288c226801288c2987e90001','4028810028a8ef8f0128a8f104d00318','230716','',null,null,'1',null,null,null,null,null,null);
insert into bd_dictionaryvalue(id,id_dictionary,id_parent,code,value,num,description,enableFlag,editableFlag,systemFlag,ft,lt,fu,lu) values('4028810028a8ef8f0128a8f105ba0329','40288100288c226801288c2987e90001','4028810028a8ef8f0128a8f104d00318','230722','',null,null,'1',null,null,null,null,null,null);
insert into bd_dictionaryvalue(id,id_dictionary,id_parent,code,value,num,description,enableFlag,editableFlag,systemFlag,ft,lt,fu,lu) values('4028810028a8ef8f0128a8f105ca032a','40288100288c226801288c2987e90001','4028810028a8ef8f0128a8f104d00318','230781','',null,null,'1',null,null,null,null,null,null);
insert into bd_dictionaryvalue(id,id_dictionary,id_parent,code,value,num,description,enableFlag,editableFlag,systemFlag,ft,lt,fu,lu) values('4028810028a8ef8f0128a8f105ca032b','40288100288c226801288c2987e90001','4028810028a8ef8f0128a8f100e802c6','230800','',null,null,'1',null,null,null,null,null,null);
insert into bd_dictionaryvalue(id,id_dictionary,id_parent,code,value,num,description,enableFlag,editableFlag,systemFlag,ft,lt,fu,lu) values('4028810028a8ef8f0128a8f105da032c','40288100288c226801288c2987e90001','4028810028a8ef8f0128a8f105ca032b','230801','',null,null,'1',null,null,null,null,null,null);
insert into bd_dictionaryvalue(id,id_dictionary,id_parent,code,value,num,description,enableFlag,editableFlag,systemFlag,ft,lt,fu,lu) values('4028810028a8ef8f0128a8f105e9032d','40288100288c226801288c2987e90001','4028810028a8ef8f0128a8f105ca032b','230802','',null,null,'1',null,null,null,null,null,null);
insert into bd_dictionaryvalue(id,id_dictionary,id_parent,code,value,num,description,enableFlag,editableFlag,systemFlag,ft,lt,fu,lu) values('4028810028a8ef8f0128a8f105f9032e','40288100288c226801288c2987e90001','4028810028a8ef8f0128a8f105ca032b','230803','',null,null,'1',null,null,null,null,null,null);
insert into bd_dictionaryvalue(id,id_dictionary,id_parent,code,value,num,description,enableFlag,editableFlag,systemFlag,ft,lt,fu,lu) values('4028810028a8ef8f0128a8f105f9032f','40288100288c226801288c2987e90001','4028810028a8ef8f0128a8f105ca032b','230804','',null,null,'1',null,null,null,null,null,null);
insert into bd_dictionaryvalue(id,id_dictionary,id_parent,code,value,num,description,enableFlag,editableFlag,systemFlag,ft,lt,fu,lu) values('4028810028a8ef8f0128a8f106090330','40288100288c226801288c2987e90001','4028810028a8ef8f0128a8f105ca032b','230805','',null,null,'1',null,null,null,null,null,null);
insert into bd_dictionaryvalue(id,id_dictionary,id_parent,code,value,num,description,enableFlag,editableFlag,systemFlag,ft,lt,fu,lu) values('4028810028a8ef8f0128a8f106180331','40288100288c226801288c2987e90001','4028810028a8ef8f0128a8f105ca032b','230811','',null,null,'1',null,null,null,null,null,null);
insert into bd_dictionaryvalue(id,id_dictionary,id_parent,code,value,num,description,enableFlag,editableFlag,systemFlag,ft,lt,fu,lu) values('4028810028a8ef8f0128a8f106280332','40288100288c226801288c2987e90001','4028810028a8ef8f0128a8f105ca032b','230822','',null,null,'1',null,null,null,null,null,null);
insert into bd_dictionaryvalue(id,id_dictionary,id_parent,code,value,num,description,enableFlag,editableFlag,systemFlag,ft,lt,fu,lu) values('4028810028a8ef8f0128a8f106370333','40288100288c226801288c2987e90001','4028810028a8ef8f0128a8f105ca032b','230826','',null,null,'1',null,null,null,null,null,null);
insert into bd_dictionaryvalue(id,id_dictionary,id_parent,code,value,num,description,enableFlag,editableFlag,systemFlag,ft,lt,fu,lu) values('4028810028a8ef8f0128a8f106470334','40288100288c226801288c2987e90001','4028810028a8ef8f0128a8f105ca032b','230828','',null,null,'1',null,null,null,null,null,null);
insert into bd_dictionaryvalue(id,id_dictionary,id_parent,code,value,num,description,enableFlag,editableFlag,systemFlag,ft,lt,fu,lu) values('4028810028a8ef8f0128a8f106470335','40288100288c226801288c2987e90001','4028810028a8ef8f0128a8f105ca032b','230833','',null,null,'1',null,null,null,null,null,null);
insert into bd_dictionaryvalue(id,id_dictionary,id_parent,code,value,num,description,enableFlag,editableFlag,systemFlag,ft,lt,fu,lu) values('4028810028a8ef8f0128a8f106570336','40288100288c226801288c2987e90001','4028810028a8ef8f0128a8f105ca032b','230881','',null,null,'1',null,null,null,null,null,null);
insert into bd_dictionaryvalue(id,id_dictionary,id_parent,code,value,num,description,enableFlag,editableFlag,systemFlag,ft,lt,fu,lu) values('4028810028a8ef8f0128a8f106660337','40288100288c226801288c2987e90001','4028810028a8ef8f0128a8f105ca032b','230882','',null,null,'1',null,null,null,null,null,null);
insert into bd_dictionaryvalue(id,id_dictionary,id_parent,code,value,num,description,enableFlag,editableFlag,systemFlag,ft,lt,fu,lu) values('4028810028a8ef8f0128a8f106760338','40288100288c226801288c2987e90001','4028810028a8ef8f0128a8f100e802c6','230900','',null,null,'1',null,null,null,null,null,null);
insert into bd_dictionaryvalue(id,id_dictionary,id_parent,code,value,num,description,enableFlag,editableFlag,systemFlag,ft,lt,fu,lu) values('4028810028a8ef8f0128a8f106860339','40288100288c226801288c2987e90001','4028810028a8ef8f0128a8f106760338','230901','',null,null,'1',null,null,null,null,null,null);
insert into bd_dictionaryvalue(id,id_dictionary,id_parent,code,value,num,description,enableFlag,editableFlag,systemFlag,ft,lt,fu,lu) values('4028810028a8ef8f0128a8f10686033a','40288100288c226801288c2987e90001','4028810028a8ef8f0128a8f106760338','230902','',null,null,'1',null,null,null,null,null,null);
insert into bd_dictionaryvalue(id,id_dictionary,id_parent,code,value,num,description,enableFlag,editableFlag,systemFlag,ft,lt,fu,lu) values('4028810028a8ef8f0128a8f10695033b','40288100288c226801288c2987e90001','4028810028a8ef8f0128a8f106760338','230903','',null,null,'1',null,null,null,null,null,null);
insert into bd_dictionaryvalue(id,id_dictionary,id_parent,code,value,num,description,enableFlag,editableFlag,systemFlag,ft,lt,fu,lu) values('4028810028a8ef8f0128a8f106a5033c','40288100288c226801288c2987e90001','4028810028a8ef8f0128a8f106760338','230904','',null,null,'1',null,null,null,null,null,null);
insert into bd_dictionaryvalue(id,id_dictionary,id_parent,code,value,num,description,enableFlag,editableFlag,systemFlag,ft,lt,fu,lu) values('4028810028a8ef8f0128a8f106b4033d','40288100288c226801288c2987e90001','4028810028a8ef8f0128a8f106760338','230921','',null,null,'1',null,null,null,null,null,null);
insert into bd_dictionaryvalue(id,id_dictionary,id_parent,code,value,num,description,enableFlag,editableFlag,systemFlag,ft,lt,fu,lu) values('4028810028a8ef8f0128a8f106b4033e','40288100288c226801288c2987e90001','4028810028a8ef8f0128a8f100e802c6','231000','',null,null,'1',null,null,null,null,null,null);
insert into bd_dictionaryvalue(id,id_dictionary,id_parent,code,value,num,description,enableFlag,editableFlag,systemFlag,ft,lt,fu,lu) values('4028810028a8ef8f0128a8f106c4033f','40288100288c226801288c2987e90001','4028810028a8ef8f0128a8f106b4033e','231001','',null,null,'1',null,null,null,null,null,null);
insert into bd_dictionaryvalue(id,id_dictionary,id_parent,code,value,num,description,enableFlag,editableFlag,systemFlag,ft,lt,fu,lu) values('4028810028a8ef8f0128a8f106d40340','40288100288c226801288c2987e90001','4028810028a8ef8f0128a8f106b4033e','231002','',null,null,'1',null,null,null,null,null,null);
insert into bd_dictionaryvalue(id,id_dictionary,id_parent,code,value,num,description,enableFlag,editableFlag,systemFlag,ft,lt,fu,lu) values('4028810028a8ef8f0128a8f106e30341','40288100288c226801288c2987e90001','4028810028a8ef8f0128a8f106b4033e','231003','',null,null,'1',null,null,null,null,null,null);
insert into bd_dictionaryvalue(id,id_dictionary,id_parent,code,value,num,description,enableFlag,editableFlag,systemFlag,ft,lt,fu,lu) values('4028810028a8ef8f0128a8f106f30342','40288100288c226801288c2987e90001','4028810028a8ef8f0128a8f106b4033e','231004','',null,null,'1',null,null,null,null,null,null);
insert into bd_dictionaryvalue(id,id_dictionary,id_parent,code,value,num,description,enableFlag,editableFlag,systemFlag,ft,lt,fu,lu) values('4028810028a8ef8f0128a8f107030343','40288100288c226801288c2987e90001','4028810028a8ef8f0128a8f106b4033e','231005','',null,null,'1',null,null,null,null,null,null);
insert into bd_dictionaryvalue(id,id_dictionary,id_parent,code,value,num,description,enableFlag,editableFlag,systemFlag,ft,lt,fu,lu) values('4028810028a8ef8f0128a8f107120344','40288100288c226801288c2987e90001','4028810028a8ef8f0128a8f106b4033e','231024','',null,null,'1',null,null,null,null,null,null);
insert into bd_dictionaryvalue(id,id_dictionary,id_parent,code,value,num,description,enableFlag,editableFlag,systemFlag,ft,lt,fu,lu) values('4028810028a8ef8f0128a8f107220345','40288100288c226801288c2987e90001','4028810028a8ef8f0128a8f106b4033e','231025','',null,null,'1',null,null,null,null,null,null);
insert into bd_dictionaryvalue(id,id_dictionary,id_parent,code,value,num,description,enableFlag,editableFlag,systemFlag,ft,lt,fu,lu) values('4028810028a8ef8f0128a8f107310346','40288100288c226801288c2987e90001','4028810028a8ef8f0128a8f106b4033e','231081','',null,null,'1',null,null,null,null,null,null);
insert into bd_dictionaryvalue(id,id_dictionary,id_parent,code,value,num,description,enableFlag,editableFlag,systemFlag,ft,lt,fu,lu) values('4028810028a8ef8f0128a8f107310347','40288100288c226801288c2987e90001','4028810028a8ef8f0128a8f106b4033e','231083','',null,null,'1',null,null,null,null,null,null);
insert into bd_dictionaryvalue(id,id_dictionary,id_parent,code,value,num,description,enableFlag,editableFlag,systemFlag,ft,lt,fu,lu) values('4028810028a8ef8f0128a8f107410348','40288100288c226801288c2987e90001','4028810028a8ef8f0128a8f106b4033e','231084','',null,null,'1',null,null,null,null,null,null);
insert into bd_dictionaryvalue(id,id_dictionary,id_parent,code,value,num,description,enableFlag,editableFlag,systemFlag,ft,lt,fu,lu) values('4028810028a8ef8f0128a8f107510349','40288100288c226801288c2987e90001','4028810028a8ef8f0128a8f106b4033e','231085','',null,null,'1',null,null,null,null,null,null);
insert into bd_dictionaryvalue(id,id_dictionary,id_parent,code,value,num,description,enableFlag,editableFlag,systemFlag,ft,lt,fu,lu) values('4028810028a8ef8f0128a8f10760034a','40288100288c226801288c2987e90001','4028810028a8ef8f0128a8f100e802c6','231100','',null,null,'1',null,null,null,null,null,null);
insert into bd_dictionaryvalue(id,id_dictionary,id_parent,code,value,num,description,enableFlag,editableFlag,systemFlag,ft,lt,fu,lu) values('4028810028a8ef8f0128a8f10770034b','40288100288c226801288c2987e90001','4028810028a8ef8f0128a8f10760034a','231101','',null,null,'1',null,null,null,null,null,null);
insert into bd_dictionaryvalue(id,id_dictionary,id_parent,code,value,num,description,enableFlag,editableFlag,systemFlag,ft,lt,fu,lu) values('4028810028a8ef8f0128a8f10770034c','40288100288c226801288c2987e90001','4028810028a8ef8f0128a8f10760034a','231102','',null,null,'1',null,null,null,null,null,null);
insert into bd_dictionaryvalue(id,id_dictionary,id_parent,code,value,num,description,enableFlag,editableFlag,systemFlag,ft,lt,fu,lu) values('4028810028a8ef8f0128a8f10780034d','40288100288c226801288c2987e90001','4028810028a8ef8f0128a8f10760034a','231121','',null,null,'1',null,null,null,null,null,null);
insert into bd_dictionaryvalue(id,id_dictionary,id_parent,code,value,num,description,enableFlag,editableFlag,systemFlag,ft,lt,fu,lu) values('4028810028a8ef8f0128a8f1078f034e','40288100288c226801288c2987e90001','4028810028a8ef8f0128a8f10760034a','231123','',null,null,'1',null,null,null,null,null,null);
insert into bd_dictionaryvalue(id,id_dictionary,id_parent,code,value,num,description,enableFlag,editableFlag,systemFlag,ft,lt,fu,lu) values('4028810028a8ef8f0128a8f1079f034f','40288100288c226801288c2987e90001','4028810028a8ef8f0128a8f10760034a','231124','',null,null,'1',null,null,null,null,null,null);
insert into bd_dictionaryvalue(id,id_dictionary,id_parent,code,value,num,description,enableFlag,editableFlag,systemFlag,ft,lt,fu,lu) values('4028810028a8ef8f0128a8f107ae0350','40288100288c226801288c2987e90001','4028810028a8ef8f0128a8f10760034a','231181','',null,null,'1',null,null,null,null,null,null);
insert into bd_dictionaryvalue(id,id_dictionary,id_parent,code,value,num,description,enableFlag,editableFlag,systemFlag,ft,lt,fu,lu) values('4028810028a8ef8f0128a8f107ae0351','40288100288c226801288c2987e90001','4028810028a8ef8f0128a8f10760034a','231182','',null,null,'1',null,null,null,null,null,null);
insert into bd_dictionaryvalue(id,id_dictionary,id_parent,code,value,num,description,enableFlag,editableFlag,systemFlag,ft,lt,fu,lu) values('4028810028a8ef8f0128a8f107be0352','40288100288c226801288c2987e90001','4028810028a8ef8f0128a8f100e802c6','231200','',null,null,'1',null,null,null,null,null,null);
insert into bd_dictionaryvalue(id,id_dictionary,id_parent,code,value,num,description,enableFlag,editableFlag,systemFlag,ft,lt,fu,lu) values('4028810028a8ef8f0128a8f107ce0353','40288100288c226801288c2987e90001','4028810028a8ef8f0128a8f107be0352','231201','',null,null,'1',null,null,null,null,null,null);
insert into bd_dictionaryvalue(id,id_dictionary,id_parent,code,value,num,description,enableFlag,editableFlag,systemFlag,ft,lt,fu,lu) values('4028810028a8ef8f0128a8f107dd0354','40288100288c226801288c2987e90001','4028810028a8ef8f0128a8f107be0352','231202','',null,null,'1',null,null,null,null,null,null);
insert into bd_dictionaryvalue(id,id_dictionary,id_parent,code,value,num,description,enableFlag,editableFlag,systemFlag,ft,lt,fu,lu) values('4028810028a8ef8f0128a8f107ed0355','40288100288c226801288c2987e90001','4028810028a8ef8f0128a8f107be0352','231221','',null,null,'1',null,null,null,null,null,null);
insert into bd_dictionaryvalue(id,id_dictionary,id_parent,code,value,num,description,enableFlag,editableFlag,systemFlag,ft,lt,fu,lu) values('4028810028a8ef8f0128a8f107fd0356','40288100288c226801288c2987e90001','4028810028a8ef8f0128a8f107be0352','231222','',null,null,'1',null,null,null,null,null,null);
insert into bd_dictionaryvalue(id,id_dictionary,id_parent,code,value,num,description,enableFlag,editableFlag,systemFlag,ft,lt,fu,lu) values('4028810028a8ef8f0128a8f1080c0357','40288100288c226801288c2987e90001','4028810028a8ef8f0128a8f107be0352','231223','',null,null,'1',null,null,null,null,null,null);
insert into bd_dictionaryvalue(id,id_dictionary,id_parent,code,value,num,description,enableFlag,editableFlag,systemFlag,ft,lt,fu,lu) values('4028810028a8ef8f0128a8f1080c0358','40288100288c226801288c2987e90001','4028810028a8ef8f0128a8f107be0352','231224','',null,null,'1',null,null,null,null,null,null);
insert into bd_dictionaryvalue(id,id_dictionary,id_parent,code,value,num,description,enableFlag,editableFlag,systemFlag,ft,lt,fu,lu) values('4028810028a8ef8f0128a8f1081c0359','40288100288c226801288c2987e90001','4028810028a8ef8f0128a8f107be0352','231225','',null,null,'1',null,null,null,null,null,null);
insert into bd_dictionaryvalue(id,id_dictionary,id_parent,code,value,num,description,enableFlag,editableFlag,systemFlag,ft,lt,fu,lu) values('4028810028a8ef8f0128a8f1082b035a','40288100288c226801288c2987e90001','4028810028a8ef8f0128a8f107be0352','231226','',null,null,'1',null,null,null,null,null,null);
insert into bd_dictionaryvalue(id,id_dictionary,id_parent,code,value,num,description,enableFlag,editableFlag,systemFlag,ft,lt,fu,lu) values('4028810028a8ef8f0128a8f1083b035b','40288100288c226801288c2987e90001','4028810028a8ef8f0128a8f107be0352','231281','',null,null,'1',null,null,null,null,null,null);
insert into bd_dictionaryvalue(id,id_dictionary,id_parent,code,value,num,description,enableFlag,editableFlag,systemFlag,ft,lt,fu,lu) values('4028810028a8ef8f0128a8f1084b035c','40288100288c226801288c2987e90001','4028810028a8ef8f0128a8f107be0352','231282','',null,null,'1',null,null,null,null,null,null);
insert into bd_dictionaryvalue(id,id_dictionary,id_parent,code,value,num,description,enableFlag,editableFlag,systemFlag,ft,lt,fu,lu) values('4028810028a8ef8f0128a8f1084b035d','40288100288c226801288c2987e90001','4028810028a8ef8f0128a8f107be0352','231283','',null,null,'1',null,null,null,null,null,null);
insert into bd_dictionaryvalue(id,id_dictionary,id_parent,code,value,num,description,enableFlag,editableFlag,systemFlag,ft,lt,fu,lu) values('4028810028a8ef8f0128a8f1085a035e','40288100288c226801288c2987e90001','4028810028a8ef8f0128a8f100e802c6','232700','',null,null,'1',null,null,null,null,null,null);
insert into bd_dictionaryvalue(id,id_dictionary,id_parent,code,value,num,description,enableFlag,editableFlag,systemFlag,ft,lt,fu,lu) values('4028810028a8ef8f0128a8f1087a035f','40288100288c226801288c2987e90001','4028810028a8ef8f0128a8f1085a035e','232721','',null,null,'1',null,null,null,null,null,null);
insert into bd_dictionaryvalue(id,id_dictionary,id_parent,code,value,num,description,enableFlag,editableFlag,systemFlag,ft,lt,fu,lu) values('4028810028a8ef8f0128a8f1087a0360','40288100288c226801288c2987e90001','4028810028a8ef8f0128a8f1085a035e','232722','',null,null,'1',null,null,null,null,null,null);
insert into bd_dictionaryvalue(id,id_dictionary,id_parent,code,value,num,description,enableFlag,editableFlag,systemFlag,ft,lt,fu,lu) values('4028810028a8ef8f0128a8f108890361','40288100288c226801288c2987e90001','4028810028a8ef8f0128a8f1085a035e','232723','',null,null,'1',null,null,null,null,null,null);
insert into bd_dictionaryvalue(id,id_dictionary,id_parent,code,value,num,description,enableFlag,editableFlag,systemFlag,ft,lt,fu,lu) values('4028810028a8ef8f0128a8f108990362','40288100288c226801288c2987e90001',null,'310000','',null,null,'1',null,null,null,null,null,null);
insert into bd_dictionaryvalue(id,id_dictionary,id_parent,code,value,num,description,enableFlag,editableFlag,systemFlag,ft,lt,fu,lu) values('4028810028a8ef8f0128a8f108a80363','40288100288c226801288c2987e90001','4028810028a8ef8f0128a8f108990362','310100','',null,null,'1',null,null,null,null,null,null);
insert into bd_dictionaryvalue(id,id_dictionary,id_parent,code,value,num,description,enableFlag,editableFlag,systemFlag,ft,lt,fu,lu) values('4028810028a8ef8f0128a8f108b80364','40288100288c226801288c2987e90001','4028810028a8ef8f0128a8f108a80363','310101','',null,null,'1',null,null,null,null,null,null);
insert into bd_dictionaryvalue(id,id_dictionary,id_parent,code,value,num,description,enableFlag,editableFlag,systemFlag,ft,lt,fu,lu) values('4028810028a8ef8f0128a8f108c80365','40288100288c226801288c2987e90001','4028810028a8ef8f0128a8f108a80363','310103','',null,null,'1',null,null,null,null,null,null);
insert into bd_dictionaryvalue(id,id_dictionary,id_parent,code,value,num,description,enableFlag,editableFlag,systemFlag,ft,lt,fu,lu) values('4028810028a8ef8f0128a8f108d70366','40288100288c226801288c2987e90001','4028810028a8ef8f0128a8f108a80363','310104','',null,null,'1',null,null,null,null,null,null);
insert into bd_dictionaryvalue(id,id_dictionary,id_parent,code,value,num,description,enableFlag,editableFlag,systemFlag,ft,lt,fu,lu) values('4028810028a8ef8f0128a8f108e70367','40288100288c226801288c2987e90001','4028810028a8ef8f0128a8f108a80363','310105','',null,null,'1',null,null,null,null,null,null);
insert into bd_dictionaryvalue(id,id_dictionary,id_parent,code,value,num,description,enableFlag,editableFlag,systemFlag,ft,lt,fu,lu) values('4028810028a8ef8f0128a8f108e70368','40288100288c226801288c2987e90001','4028810028a8ef8f0128a8f108a80363','310106','',null,null,'1',null,null,null,null,null,null);
insert into bd_dictionaryvalue(id,id_dictionary,id_parent,code,value,num,description,enableFlag,editableFlag,systemFlag,ft,lt,fu,lu) values('4028810028a8ef8f0128a8f108f70369','40288100288c226801288c2987e90001','4028810028a8ef8f0128a8f108a80363','310107','',null,null,'1',null,null,null,null,null,null);
insert into bd_dictionaryvalue(id,id_dictionary,id_parent,code,value,num,description,enableFlag,editableFlag,systemFlag,ft,lt,fu,lu) values('4028810028a8ef8f0128a8f10906036a','40288100288c226801288c2987e90001','4028810028a8ef8f0128a8f108a80363','310108','',null,null,'1',null,null,null,null,null,null);
insert into bd_dictionaryvalue(id,id_dictionary,id_parent,code,value,num,description,enableFlag,editableFlag,systemFlag,ft,lt,fu,lu) values('4028810028a8ef8f0128a8f10916036b','40288100288c226801288c2987e90001','4028810028a8ef8f0128a8f108a80363','310109','',null,null,'1',null,null,null,null,null,null);
insert into bd_dictionaryvalue(id,id_dictionary,id_parent,code,value,num,description,enableFlag,editableFlag,systemFlag,ft,lt,fu,lu) values('4028810028a8ef8f0128a8f10925036c','40288100288c226801288c2987e90001','4028810028a8ef8f0128a8f108a80363','310110','',null,null,'1',null,null,null,null,null,null);
insert into bd_dictionaryvalue(id,id_dictionary,id_parent,code,value,num,description,enableFlag,editableFlag,systemFlag,ft,lt,fu,lu) values('4028810028a8ef8f0128a8f10935036d','40288100288c226801288c2987e90001','4028810028a8ef8f0128a8f108a80363','310112','',null,null,'1',null,null,null,null,null,null);
insert into bd_dictionaryvalue(id,id_dictionary,id_parent,code,value,num,description,enableFlag,editableFlag,systemFlag,ft,lt,fu,lu) values('4028810028a8ef8f0128a8f10945036e','40288100288c226801288c2987e90001','4028810028a8ef8f0128a8f108a80363','310113','',null,null,'1',null,null,null,null,null,null);
insert into bd_dictionaryvalue(id,id_dictionary,id_parent,code,value,num,description,enableFlag,editableFlag,systemFlag,ft,lt,fu,lu) values('4028810028a8ef8f0128a8f10954036f','40288100288c226801288c2987e90001','4028810028a8ef8f0128a8f108a80363','310114','',null,null,'1',null,null,null,null,null,null);
insert into bd_dictionaryvalue(id,id_dictionary,id_parent,code,value,num,description,enableFlag,editableFlag,systemFlag,ft,lt,fu,lu) values('4028810028a8ef8f0128a8f109640370','40288100288c226801288c2987e90001','4028810028a8ef8f0128a8f108a80363','310115','',null,null,'1',null,null,null,null,null,null);
insert into bd_dictionaryvalue(id,id_dictionary,id_parent,code,value,num,description,enableFlag,editableFlag,systemFlag,ft,lt,fu,lu) values('4028810028a8ef8f0128a8f109640371','40288100288c226801288c2987e90001','4028810028a8ef8f0128a8f108a80363','310116','',null,null,'1',null,null,null,null,null,null);
insert into bd_dictionaryvalue(id,id_dictionary,id_parent,code,value,num,description,enableFlag,editableFlag,systemFlag,ft,lt,fu,lu) values('4028810028a8ef8f0128a8f109740372','40288100288c226801288c2987e90001','4028810028a8ef8f0128a8f108a80363','310117','',null,null,'1',null,null,null,null,null,null);
insert into bd_dictionaryvalue(id,id_dictionary,id_parent,code,value,num,description,enableFlag,editableFlag,systemFlag,ft,lt,fu,lu) values('4028810028a8ef8f0128a8f109830373','40288100288c226801288c2987e90001','4028810028a8ef8f0128a8f108a80363','310118','',null,null,'1',null,null,null,null,null,null);
insert into bd_dictionaryvalue(id,id_dictionary,id_parent,code,value,num,description,enableFlag,editableFlag,systemFlag,ft,lt,fu,lu) values('4028810028a8ef8f0128a8f109930374','40288100288c226801288c2987e90001','4028810028a8ef8f0128a8f108a80363','310119','',null,null,'1',null,null,null,null,null,null);
insert into bd_dictionaryvalue(id,id_dictionary,id_parent,code,value,num,description,enableFlag,editableFlag,systemFlag,ft,lt,fu,lu) values('4028810028a8ef8f0128a8f109a20375','40288100288c226801288c2987e90001','4028810028a8ef8f0128a8f108a80363','310120','',null,null,'1',null,null,null,null,null,null);
insert into bd_dictionaryvalue(id,id_dictionary,id_parent,code,value,num,description,enableFlag,editableFlag,systemFlag,ft,lt,fu,lu) values('4028810028a8ef8f0128a8f109b20376','40288100288c226801288c2987e90001','4028810028a8ef8f0128a8f108990362','310200','',null,null,'1',null,null,null,null,null,null);
insert into bd_dictionaryvalue(id,id_dictionary,id_parent,code,value,num,description,enableFlag,editableFlag,systemFlag,ft,lt,fu,lu) values('4028810028a8ef8f0128a8f109c20377','40288100288c226801288c2987e90001','4028810028a8ef8f0128a8f109b20376','310230','',null,null,'1',null,null,null,null,null,null);
insert into bd_dictionaryvalue(id,id_dictionary,id_parent,code,value,num,description,enableFlag,editableFlag,systemFlag,ft,lt,fu,lu) values('4028810028a8ef8f0128a8f109c20378','40288100288c226801288c2987e90001',null,'320000','',null,null,'1',null,null,null,null,null,null);
insert into bd_dictionaryvalue(id,id_dictionary,id_parent,code,value,num,description,enableFlag,editableFlag,systemFlag,ft,lt,fu,lu) values('4028810028a8ef8f0128a8f109e10379','40288100288c226801288c2987e90001','4028810028a8ef8f0128a8f109c20378','320100','',null,null,'1',null,null,null,null,null,null);
insert into bd_dictionaryvalue(id,id_dictionary,id_parent,code,value,num,description,enableFlag,editableFlag,systemFlag,ft,lt,fu,lu) values('4028810028a8ef8f0128a8f109f1037a','40288100288c226801288c2987e90001','4028810028a8ef8f0128a8f109e10379','320101','',null,null,'1',null,null,null,null,null,null);
insert into bd_dictionaryvalue(id,id_dictionary,id_parent,code,value,num,description,enableFlag,editableFlag,systemFlag,ft,lt,fu,lu) values('4028810028a8ef8f0128a8f10a00037b','40288100288c226801288c2987e90001','4028810028a8ef8f0128a8f109e10379','320102','',null,null,'1',null,null,null,null,null,null);
insert into bd_dictionaryvalue(id,id_dictionary,id_parent,code,value,num,description,enableFlag,editableFlag,systemFlag,ft,lt,fu,lu) values('4028810028a8ef8f0128a8f10a00037c','40288100288c226801288c2987e90001','4028810028a8ef8f0128a8f109e10379','320103','',null,null,'1',null,null,null,null,null,null);
insert into bd_dictionaryvalue(id,id_dictionary,id_parent,code,value,num,description,enableFlag,editableFlag,systemFlag,ft,lt,fu,lu) values('4028810028a8ef8f0128a8f10a10037d','40288100288c226801288c2987e90001','4028810028a8ef8f0128a8f109e10379','320104','',null,null,'1',null,null,null,null,null,null);
insert into bd_dictionaryvalue(id,id_dictionary,id_parent,code,value,num,description,enableFlag,editableFlag,systemFlag,ft,lt,fu,lu) values('4028810028a8ef8f0128a8f10a1f037e','40288100288c226801288c2987e90001','4028810028a8ef8f0128a8f109e10379','320105','',null,null,'1',null,null,null,null,null,null);
insert into bd_dictionaryvalue(id,id_dictionary,id_parent,code,value,num,description,enableFlag,editableFlag,systemFlag,ft,lt,fu,lu) values('4028810028a8ef8f0128a8f10a2f037f','40288100288c226801288c2987e90001','4028810028a8ef8f0128a8f109e10379','320106','',null,null,'1',null,null,null,null,null,null);
insert into bd_dictionaryvalue(id,id_dictionary,id_parent,code,value,num,description,enableFlag,editableFlag,systemFlag,ft,lt,fu,lu) values('4028810028a8ef8f0128a8f10a3f0380','40288100288c226801288c2987e90001','4028810028a8ef8f0128a8f109e10379','320107','',null,null,'1',null,null,null,null,null,null);
insert into bd_dictionaryvalue(id,id_dictionary,id_parent,code,value,num,description,enableFlag,editableFlag,systemFlag,ft,lt,fu,lu) values('4028810028a8ef8f0128a8f10a4e0381','40288100288c226801288c2987e90001','4028810028a8ef8f0128a8f109e10379','320111','',null,null,'1',null,null,null,null,null,null);
insert into bd_dictionaryvalue(id,id_dictionary,id_parent,code,value,num,description,enableFlag,editableFlag,systemFlag,ft,lt,fu,lu) values('4028810028a8ef8f0128a8f10a5e0382','40288100288c226801288c2987e90001','4028810028a8ef8f0128a8f109e10379','320112','',null,null,'1',null,null,null,null,null,null);
insert into bd_dictionaryvalue(id,id_dictionary,id_parent,code,value,num,description,enableFlag,editableFlag,systemFlag,ft,lt,fu,lu) values('4028810028a8ef8f0128a8f10a6e0383','40288100288c226801288c2987e90001','4028810028a8ef8f0128a8f109e10379','320113','',null,null,'1',null,null,null,null,null,null);
insert into bd_dictionaryvalue(id,id_dictionary,id_parent,code,value,num,description,enableFlag,editableFlag,systemFlag,ft,lt,fu,lu) values('4028810028a8ef8f0128a8f10a6e0384','40288100288c226801288c2987e90001','4028810028a8ef8f0128a8f109e10379','320114','',null,null,'1',null,null,null,null,null,null);
insert into bd_dictionaryvalue(id,id_dictionary,id_parent,code,value,num,description,enableFlag,editableFlag,systemFlag,ft,lt,fu,lu) values('4028810028a8ef8f0128a8f10a7d0385','40288100288c226801288c2987e90001','4028810028a8ef8f0128a8f109e10379','320115','',null,null,'1',null,null,null,null,null,null);
insert into bd_dictionaryvalue(id,id_dictionary,id_parent,code,value,num,description,enableFlag,editableFlag,systemFlag,ft,lt,fu,lu) values('4028810028a8ef8f0128a8f10a8d0386','40288100288c226801288c2987e90001','4028810028a8ef8f0128a8f109e10379','320122','',null,null,'1',null,null,null,null,null,null);
insert into bd_dictionaryvalue(id,id_dictionary,id_parent,code,value,num,description,enableFlag,editableFlag,systemFlag,ft,lt,fu,lu) values('4028810028a8ef8f0128a8f10a9c0387','40288100288c226801288c2987e90001','4028810028a8ef8f0128a8f109e10379','320123','',null,null,'1',null,null,null,null,null,null);
insert into bd_dictionaryvalue(id,id_dictionary,id_parent,code,value,num,description,enableFlag,editableFlag,systemFlag,ft,lt,fu,lu) values('4028810028a8ef8f0128a8f10aac0388','40288100288c226801288c2987e90001','4028810028a8ef8f0128a8f109e10379','320124','',null,null,'1',null,null,null,null,null,null);
insert into bd_dictionaryvalue(id,id_dictionary,id_parent,code,value,num,description,enableFlag,editableFlag,systemFlag,ft,lt,fu,lu) values('4028810028a8ef8f0128a8f10abc0389','40288100288c226801288c2987e90001','4028810028a8ef8f0128a8f109e10379','320125','',null,null,'1',null,null,null,null,null,null);
insert into bd_dictionaryvalue(id,id_dictionary,id_parent,code,value,num,description,enableFlag,editableFlag,systemFlag,ft,lt,fu,lu) values('4028810028a8ef8f0128a8f10abc038a','40288100288c226801288c2987e90001','4028810028a8ef8f0128a8f109c20378','320200','',null,null,'1',null,null,null,null,null,null);
insert into bd_dictionaryvalue(id,id_dictionary,id_parent,code,value,num,description,enableFlag,editableFlag,systemFlag,ft,lt,fu,lu) values('4028810028a8ef8f0128a8f10acb038b','40288100288c226801288c2987e90001','4028810028a8ef8f0128a8f10abc038a','320201','',null,null,'1',null,null,null,null,null,null);
insert into bd_dictionaryvalue(id,id_dictionary,id_parent,code,value,num,description,enableFlag,editableFlag,systemFlag,ft,lt,fu,lu) values('4028810028a8ef8f0128a8f10adb038c','40288100288c226801288c2987e90001','4028810028a8ef8f0128a8f10abc038a','320202','',null,null,'1',null,null,null,null,null,null);
insert into bd_dictionaryvalue(id,id_dictionary,id_parent,code,value,num,description,enableFlag,editableFlag,systemFlag,ft,lt,fu,lu) values('4028810028a8ef8f0128a8f10aeb038d','40288100288c226801288c2987e90001','4028810028a8ef8f0128a8f10abc038a','320203','',null,null,'1',null,null,null,null,null,null);
insert into bd_dictionaryvalue(id,id_dictionary,id_parent,code,value,num,description,enableFlag,editableFlag,systemFlag,ft,lt,fu,lu) values('4028810028a8ef8f0128a8f10afa038e','40288100288c226801288c2987e90001','4028810028a8ef8f0128a8f10abc038a','320204','',null,null,'1',null,null,null,null,null,null);
insert into bd_dictionaryvalue(id,id_dictionary,id_parent,code,value,num,description,enableFlag,editableFlag,systemFlag,ft,lt,fu,lu) values('4028810028a8ef8f0128a8f10b0a038f','40288100288c226801288c2987e90001','4028810028a8ef8f0128a8f10abc038a','320205','',null,null,'1',null,null,null,null,null,null);
insert into bd_dictionaryvalue(id,id_dictionary,id_parent,code,value,num,description,enableFlag,editableFlag,systemFlag,ft,lt,fu,lu) values('4028810028a8ef8f0128a8f10b190390','40288100288c226801288c2987e90001','4028810028a8ef8f0128a8f10abc038a','320206','',null,null,'1',null,null,null,null,null,null);
insert into bd_dictionaryvalue(id,id_dictionary,id_parent,code,value,num,description,enableFlag,editableFlag,systemFlag,ft,lt,fu,lu) values('4028810028a8ef8f0128a8f10b290391','40288100288c226801288c2987e90001','4028810028a8ef8f0128a8f10abc038a','320211','',null,null,'1',null,null,null,null,null,null);
insert into bd_dictionaryvalue(id,id_dictionary,id_parent,code,value,num,description,enableFlag,editableFlag,systemFlag,ft,lt,fu,lu) values('4028810028a8ef8f0128a8f10b390392','40288100288c226801288c2987e90001','4028810028a8ef8f0128a8f10abc038a','320281','',null,null,'1',null,null,null,null,null,null);
insert into bd_dictionaryvalue(id,id_dictionary,id_parent,code,value,num,description,enableFlag,editableFlag,systemFlag,ft,lt,fu,lu) values('4028810028a8ef8f0128a8f10b390393','40288100288c226801288c2987e90001','4028810028a8ef8f0128a8f10abc038a','320282','',null,null,'1',null,null,null,null,null,null);
insert into bd_dictionaryvalue(id,id_dictionary,id_parent,code,value,num,description,enableFlag,editableFlag,systemFlag,ft,lt,fu,lu) values('4028810028a8ef8f0128a8f10b480394','40288100288c226801288c2987e90001','4028810028a8ef8f0128a8f109c20378','320300','',null,null,'1',null,null,null,null,null,null);
insert into bd_dictionaryvalue(id,id_dictionary,id_parent,code,value,num,description,enableFlag,editableFlag,systemFlag,ft,lt,fu,lu) values('4028810028a8ef8f0128a8f10b580395','40288100288c226801288c2987e90001','4028810028a8ef8f0128a8f10b480394','320301','',null,null,'1',null,null,null,null,null,null);
insert into bd_dictionaryvalue(id,id_dictionary,id_parent,code,value,num,description,enableFlag,editableFlag,systemFlag,ft,lt,fu,lu) values('4028810028a8ef8f0128a8f10b680396','40288100288c226801288c2987e90001','4028810028a8ef8f0128a8f10b480394','320302','',null,null,'1',null,null,null,null,null,null);
insert into bd_dictionaryvalue(id,id_dictionary,id_parent,code,value,num,description,enableFlag,editableFlag,systemFlag,ft,lt,fu,lu) values('4028810028a8ef8f0128a8f10b770397','40288100288c226801288c2987e90001','4028810028a8ef8f0128a8f10b480394','320303','',null,null,'1',null,null,null,null,null,null);
insert into bd_dictionaryvalue(id,id_dictionary,id_parent,code,value,num,description,enableFlag,editableFlag,systemFlag,ft,lt,fu,lu) values('4028810028a8ef8f0128a8f10b870398','40288100288c226801288c2987e90001','4028810028a8ef8f0128a8f10b480394','320304','',null,null,'1',null,null,null,null,null,null);
insert into bd_dictionaryvalue(id,id_dictionary,id_parent,code,value,num,description,enableFlag,editableFlag,systemFlag,ft,lt,fu,lu) values('4028810028a8ef8f0128a8f10b960399','40288100288c226801288c2987e90001','4028810028a8ef8f0128a8f10b480394','320305','',null,null,'1',null,null,null,null,null,null);
insert into bd_dictionaryvalue(id,id_dictionary,id_parent,code,value,num,description,enableFlag,editableFlag,systemFlag,ft,lt,fu,lu) values('4028810028a8ef8f0128a8f10ba6039a','40288100288c226801288c2987e90001','4028810028a8ef8f0128a8f10b480394','320311','',null,null,'1',null,null,null,null,null,null);
insert into bd_dictionaryvalue(id,id_dictionary,id_parent,code,value,num,description,enableFlag,editableFlag,systemFlag,ft,lt,fu,lu) values('4028810028a8ef8f0128a8f10ba6039b','40288100288c226801288c2987e90001','4028810028a8ef8f0128a8f10b480394','320321','',null,null,'1',null,null,null,null,null,null);
insert into bd_dictionaryvalue(id,id_dictionary,id_parent,code,value,num,description,enableFlag,editableFlag,systemFlag,ft,lt,fu,lu) values('4028810028a8ef8f0128a8f10bb6039c','40288100288c226801288c2987e90001','4028810028a8ef8f0128a8f10b480394','320322','',null,null,'1',null,null,null,null,null,null);
insert into bd_dictionaryvalue(id,id_dictionary,id_parent,code,value,num,description,enableFlag,editableFlag,systemFlag,ft,lt,fu,lu) values('4028810028a8ef8f0128a8f10bc5039d','40288100288c226801288c2987e90001','4028810028a8ef8f0128a8f10b480394','320323','',null,null,'1',null,null,null,null,null,null);
insert into bd_dictionaryvalue(id,id_dictionary,id_parent,code,value,num,description,enableFlag,editableFlag,systemFlag,ft,lt,fu,lu) values('4028810028a8ef8f0128a8f10bd5039e','40288100288c226801288c2987e90001','4028810028a8ef8f0128a8f10b480394','320324','',null,null,'1',null,null,null,null,null,null);
insert into bd_dictionaryvalue(id,id_dictionary,id_parent,code,value,num,description,enableFlag,editableFlag,systemFlag,ft,lt,fu,lu) values('4028810028a8ef8f0128a8f10be5039f','40288100288c226801288c2987e90001','4028810028a8ef8f0128a8f10b480394','320381','',null,null,'1',null,null,null,null,null,null);
insert into bd_dictionaryvalue(id,id_dictionary,id_parent,code,value,num,description,enableFlag,editableFlag,systemFlag,ft,lt,fu,lu) values('4028810028a8ef8f0128a8f10bf403a0','40288100288c226801288c2987e90001','4028810028a8ef8f0128a8f10b480394','320382','',null,null,'1',null,null,null,null,null,null);
insert into bd_dictionaryvalue(id,id_dictionary,id_parent,code,value,num,description,enableFlag,editableFlag,systemFlag,ft,lt,fu,lu) values('4028810028a8ef8f0128a8f10bf403a1','40288100288c226801288c2987e90001','4028810028a8ef8f0128a8f109c20378','320400','',null,null,'1',null,null,null,null,null,null);
insert into bd_dictionaryvalue(id,id_dictionary,id_parent,code,value,num,description,enableFlag,editableFlag,systemFlag,ft,lt,fu,lu) values('4028810028a8ef8f0128a8f10c0403a2','40288100288c226801288c2987e90001','4028810028a8ef8f0128a8f10bf403a1','320401','',null,null,'1',null,null,null,null,null,null);
insert into bd_dictionaryvalue(id,id_dictionary,id_parent,code,value,num,description,enableFlag,editableFlag,systemFlag,ft,lt,fu,lu) values('4028810028a8ef8f0128a8f10c1303a3','40288100288c226801288c2987e90001','4028810028a8ef8f0128a8f10bf403a1','320402','',null,null,'1',null,null,null,null,null,null);
insert into bd_dictionaryvalue(id,id_dictionary,id_parent,code,value,num,description,enableFlag,editableFlag,systemFlag,ft,lt,fu,lu) values('4028810028a8ef8f0128a8f10c2303a4','40288100288c226801288c2987e90001','4028810028a8ef8f0128a8f10bf403a1','320404','',null,null,'1',null,null,null,null,null,null);
insert into bd_dictionaryvalue(id,id_dictionary,id_parent,code,value,num,description,enableFlag,editableFlag,systemFlag,ft,lt,fu,lu) values('4028810028a8ef8f0128a8f10c3303a5','40288100288c226801288c2987e90001','4028810028a8ef8f0128a8f10bf403a1','320405','',null,null,'1',null,null,null,null,null,null);
insert into bd_dictionaryvalue(id,id_dictionary,id_parent,code,value,num,description,enableFlag,editableFlag,systemFlag,ft,lt,fu,lu) values('4028810028a8ef8f0128a8f10c4203a6','40288100288c226801288c2987e90001','4028810028a8ef8f0128a8f10bf403a1','320411','',null,null,'1',null,null,null,null,null,null);
insert into bd_dictionaryvalue(id,id_dictionary,id_parent,code,value,num,description,enableFlag,editableFlag,systemFlag,ft,lt,fu,lu) values('4028810028a8ef8f0128a8f10c5203a7','40288100288c226801288c2987e90001','4028810028a8ef8f0128a8f10bf403a1','320481','',null,null,'1',null,null,null,null,null,null);
insert into bd_dictionaryvalue(id,id_dictionary,id_parent,code,value,num,description,enableFlag,editableFlag,systemFlag,ft,lt,fu,lu) values('4028810028a8ef8f0128a8f10c5203a8','40288100288c226801288c2987e90001','4028810028a8ef8f0128a8f10bf403a1','320482','',null,null,'1',null,null,null,null,null,null);
insert into bd_dictionaryvalue(id,id_dictionary,id_parent,code,value,num,description,enableFlag,editableFlag,systemFlag,ft,lt,fu,lu) values('4028810028a8ef8f0128a8f10c6203a9','40288100288c226801288c2987e90001','4028810028a8ef8f0128a8f10bf403a1','320483','',null,null,'1',null,null,null,null,null,null);
insert into bd_dictionaryvalue(id,id_dictionary,id_parent,code,value,num,description,enableFlag,editableFlag,systemFlag,ft,lt,fu,lu) values('4028810028a8ef8f0128a8f10c7103aa','40288100288c226801288c2987e90001','4028810028a8ef8f0128a8f109c20378','320500','',null,null,'1',null,null,null,null,null,null);
insert into bd_dictionaryvalue(id,id_dictionary,id_parent,code,value,num,description,enableFlag,editableFlag,systemFlag,ft,lt,fu,lu) values('4028810028a8ef8f0128a8f10c8103ab','40288100288c226801288c2987e90001','4028810028a8ef8f0128a8f10c7103aa','320501','',null,null,'1',null,null,null,null,null,null);
insert into bd_dictionaryvalue(id,id_dictionary,id_parent,code,value,num,description,enableFlag,editableFlag,systemFlag,ft,lt,fu,lu) values('4028810028a8ef8f0128a8f10c9003ac','40288100288c226801288c2987e90001','4028810028a8ef8f0128a8f10c7103aa','320502','',null,null,'1',null,null,null,null,null,null);
insert into bd_dictionaryvalue(id,id_dictionary,id_parent,code,value,num,description,enableFlag,editableFlag,systemFlag,ft,lt,fu,lu) values('4028810028a8ef8f0128a8f10ca003ad','40288100288c226801288c2987e90001','4028810028a8ef8f0128a8f10c7103aa','320503','',null,null,'1',null,null,null,null,null,null);
insert into bd_dictionaryvalue(id,id_dictionary,id_parent,code,value,num,description,enableFlag,editableFlag,systemFlag,ft,lt,fu,lu) values('4028810028a8ef8f0128a8f10cb003ae','40288100288c226801288c2987e90001','4028810028a8ef8f0128a8f10c7103aa','320504','',null,null,'1',null,null,null,null,null,null);
insert into bd_dictionaryvalue(id,id_dictionary,id_parent,code,value,num,description,enableFlag,editableFlag,systemFlag,ft,lt,fu,lu) values('4028810028a8ef8f0128a8f10cbf03af','40288100288c226801288c2987e90001','4028810028a8ef8f0128a8f10c7103aa','320505','',null,null,'1',null,null,null,null,null,null);
insert into bd_dictionaryvalue(id,id_dictionary,id_parent,code,value,num,description,enableFlag,editableFlag,systemFlag,ft,lt,fu,lu) values('4028810028a8ef8f0128a8f10ccf03b0','40288100288c226801288c2987e90001','4028810028a8ef8f0128a8f10c7103aa','320506','',null,null,'1',null,null,null,null,null,null);
insert into bd_dictionaryvalue(id,id_dictionary,id_parent,code,value,num,description,enableFlag,editableFlag,systemFlag,ft,lt,fu,lu) values('4028810028a8ef8f0128a8f10cdf03b1','40288100288c226801288c2987e90001','4028810028a8ef8f0128a8f10c7103aa','320507','',null,null,'1',null,null,null,null,null,null);
insert into bd_dictionaryvalue(id,id_dictionary,id_parent,code,value,num,description,enableFlag,editableFlag,systemFlag,ft,lt,fu,lu) values('4028810028a8ef8f0128a8f10cee03b2','40288100288c226801288c2987e90001','4028810028a8ef8f0128a8f10c7103aa','320581','',null,null,'1',null,null,null,null,null,null);
insert into bd_dictionaryvalue(id,id_dictionary,id_parent,code,value,num,description,enableFlag,editableFlag,systemFlag,ft,lt,fu,lu) values('4028810028a8ef8f0128a8f10cfe03b3','40288100288c226801288c2987e90001','4028810028a8ef8f0128a8f10c7103aa','320582','',null,null,'1',null,null,null,null,null,null);
insert into bd_dictionaryvalue(id,id_dictionary,id_parent,code,value,num,description,enableFlag,editableFlag,systemFlag,ft,lt,fu,lu) values('4028810028a8ef8f0128a8f10cfe03b4','40288100288c226801288c2987e90001','4028810028a8ef8f0128a8f10c7103aa','320583','',null,null,'1',null,null,null,null,null,null);
insert into bd_dictionaryvalue(id,id_dictionary,id_parent,code,value,num,description,enableFlag,editableFlag,systemFlag,ft,lt,fu,lu) values('4028810028a8ef8f0128a8f10d0d03b5','40288100288c226801288c2987e90001','4028810028a8ef8f0128a8f10c7103aa','320584','',null,null,'1',null,null,null,null,null,null);
insert into bd_dictionaryvalue(id,id_dictionary,id_parent,code,value,num,description,enableFlag,editableFlag,systemFlag,ft,lt,fu,lu) values('4028810028a8ef8f0128a8f10d2d03b6','40288100288c226801288c2987e90001','4028810028a8ef8f0128a8f10c7103aa','320585','',null,null,'1',null,null,null,null,null,null);
insert into bd_dictionaryvalue(id,id_dictionary,id_parent,code,value,num,description,enableFlag,editableFlag,systemFlag,ft,lt,fu,lu) values('4028810028a8ef8f0128a8f10d3c03b7','40288100288c226801288c2987e90001','4028810028a8ef8f0128a8f109c20378','320600','',null,null,'1',null,null,null,null,null,null);
insert into bd_dictionaryvalue(id,id_dictionary,id_parent,code,value,num,description,enableFlag,editableFlag,systemFlag,ft,lt,fu,lu) values('4028810028a8ef8f0128a8f10d3c03b8','40288100288c226801288c2987e90001','4028810028a8ef8f0128a8f10d3c03b7','320601','',null,null,'1',null,null,null,null,null,null);
insert into bd_dictionaryvalue(id,id_dictionary,id_parent,code,value,num,description,enableFlag,editableFlag,systemFlag,ft,lt,fu,lu) values('4028810028a8ef8f0128a8f10d4c03b9','40288100288c226801288c2987e90001','4028810028a8ef8f0128a8f10d3c03b7','320602','',null,null,'1',null,null,null,null,null,null);
insert into bd_dictionaryvalue(id,id_dictionary,id_parent,code,value,num,description,enableFlag,editableFlag,systemFlag,ft,lt,fu,lu) values('4028810028a8ef8f0128a8f10d5c03ba','40288100288c226801288c2987e90001','4028810028a8ef8f0128a8f10d3c03b7','320611','',null,null,'1',null,null,null,null,null,null);
insert into bd_dictionaryvalue(id,id_dictionary,id_parent,code,value,num,description,enableFlag,editableFlag,systemFlag,ft,lt,fu,lu) values('4028810028a8ef8f0128a8f10d6b03bb','40288100288c226801288c2987e90001','4028810028a8ef8f0128a8f10d3c03b7','320621','',null,null,'1',null,null,null,null,null,null);
insert into bd_dictionaryvalue(id,id_dictionary,id_parent,code,value,num,description,enableFlag,editableFlag,systemFlag,ft,lt,fu,lu) values('4028810028a8ef8f0128a8f10d7b03bc','40288100288c226801288c2987e90001','4028810028a8ef8f0128a8f10d3c03b7','320623','',null,null,'1',null,null,null,null,null,null);
insert into bd_dictionaryvalue(id,id_dictionary,id_parent,code,value,num,description,enableFlag,editableFlag,systemFlag,ft,lt,fu,lu) values('4028810028a8ef8f0128a8f10d8a03bd','40288100288c226801288c2987e90001','4028810028a8ef8f0128a8f10d3c03b7','320681','',null,null,'1',null,null,null,null,null,null);
insert into bd_dictionaryvalue(id,id_dictionary,id_parent,code,value,num,description,enableFlag,editableFlag,systemFlag,ft,lt,fu,lu) values('4028810028a8ef8f0128a8f10d9a03be','40288100288c226801288c2987e90001','4028810028a8ef8f0128a8f10d3c03b7','320682','',null,null,'1',null,null,null,null,null,null);
insert into bd_dictionaryvalue(id,id_dictionary,id_parent,code,value,num,description,enableFlag,editableFlag,systemFlag,ft,lt,fu,lu) values('4028810028a8ef8f0128a8f10daa03bf','40288100288c226801288c2987e90001','4028810028a8ef8f0128a8f10d3c03b7','320683','',null,null,'1',null,null,null,null,null,null);
insert into bd_dictionaryvalue(id,id_dictionary,id_parent,code,value,num,description,enableFlag,editableFlag,systemFlag,ft,lt,fu,lu) values('4028810028a8ef8f0128a8f10daa03c0','40288100288c226801288c2987e90001','4028810028a8ef8f0128a8f10d3c03b7','320684','',null,null,'1',null,null,null,null,null,null);
insert into bd_dictionaryvalue(id,id_dictionary,id_parent,code,value,num,description,enableFlag,editableFlag,systemFlag,ft,lt,fu,lu) values('4028810028a8ef8f0128a8f10db903c1','40288100288c226801288c2987e90001','4028810028a8ef8f0128a8f109c20378','320700','',null,null,'1',null,null,null,null,null,null);
insert into bd_dictionaryvalue(id,id_dictionary,id_parent,code,value,num,description,enableFlag,editableFlag,systemFlag,ft,lt,fu,lu) values('4028810028a8ef8f0128a8f10dd903c2','40288100288c226801288c2987e90001','4028810028a8ef8f0128a8f10db903c1','320701','',null,null,'1',null,null,null,null,null,null);
insert into bd_dictionaryvalue(id,id_dictionary,id_parent,code,value,num,description,enableFlag,editableFlag,systemFlag,ft,lt,fu,lu) values('4028810028a8ef8f0128a8f10dd903c3','40288100288c226801288c2987e90001','4028810028a8ef8f0128a8f10db903c1','320703','',null,null,'1',null,null,null,null,null,null);
insert into bd_dictionaryvalue(id,id_dictionary,id_parent,code,value,num,description,enableFlag,editableFlag,systemFlag,ft,lt,fu,lu) values('4028810028a8ef8f0128a8f10de803c4','40288100288c226801288c2987e90001','4028810028a8ef8f0128a8f10db903c1','320705','',null,null,'1',null,null,null,null,null,null);
insert into bd_dictionaryvalue(id,id_dictionary,id_parent,code,value,num,description,enableFlag,editableFlag,systemFlag,ft,lt,fu,lu) values('4028810028a8ef8f0128a8f10df803c5','40288100288c226801288c2987e90001','4028810028a8ef8f0128a8f10db903c1','320706','',null,null,'1',null,null,null,null,null,null);
insert into bd_dictionaryvalue(id,id_dictionary,id_parent,code,value,num,description,enableFlag,editableFlag,systemFlag,ft,lt,fu,lu) values('4028810028a8ef8f0128a8f10e0703c6','40288100288c226801288c2987e90001','4028810028a8ef8f0128a8f10db903c1','320721','',null,null,'1',null,null,null,null,null,null);
insert into bd_dictionaryvalue(id,id_dictionary,id_parent,code,value,num,description,enableFlag,editableFlag,systemFlag,ft,lt,fu,lu) values('4028810028a8ef8f0128a8f10e1703c7','40288100288c226801288c2987e90001','4028810028a8ef8f0128a8f10db903c1','320722','',null,null,'1',null,null,null,null,null,null);
insert into bd_dictionaryvalue(id,id_dictionary,id_parent,code,value,num,description,enableFlag,editableFlag,systemFlag,ft,lt,fu,lu) values('4028810028a8ef8f0128a8f10e2703c8','40288100288c226801288c2987e90001','4028810028a8ef8f0128a8f10db903c1','320723','',null,null,'1',null,null,null,null,null,null);
insert into bd_dictionaryvalue(id,id_dictionary,id_parent,code,value,num,description,enableFlag,editableFlag,systemFlag,ft,lt,fu,lu) values('4028810028a8ef8f0128a8f10e3603c9','40288100288c226801288c2987e90001','4028810028a8ef8f0128a8f10db903c1','320724','',null,null,'1',null,null,null,null,null,null);
insert into bd_dictionaryvalue(id,id_dictionary,id_parent,code,value,num,description,enableFlag,editableFlag,systemFlag,ft,lt,fu,lu) values('4028810028a8ef8f0128a8f10e4603ca','40288100288c226801288c2987e90001','4028810028a8ef8f0128a8f109c20378','320800','',null,null,'1',null,null,null,null,null,null);
insert into bd_dictionaryvalue(id,id_dictionary,id_parent,code,value,num,description,enableFlag,editableFlag,systemFlag,ft,lt,fu,lu) values('4028810028a8ef8f0128a8f10e5603cb','40288100288c226801288c2987e90001','4028810028a8ef8f0128a8f10e4603ca','320801','',null,null,'1',null,null,null,null,null,null);
insert into bd_dictionaryvalue(id,id_dictionary,id_parent,code,value,num,description,enableFlag,editableFlag,systemFlag,ft,lt,fu,lu) values('4028810028a8ef8f0128a8f10e5603cc','40288100288c226801288c2987e90001','4028810028a8ef8f0128a8f10e4603ca','320802','',null,null,'1',null,null,null,null,null,null);
insert into bd_dictionaryvalue(id,id_dictionary,id_parent,code,value,num,description,enableFlag,editableFlag,systemFlag,ft,lt,fu,lu) values('4028810028a8ef8f0128a8f10e6503cd','40288100288c226801288c2987e90001','4028810028a8ef8f0128a8f10e4603ca','320803','',null,null,'1',null,null,null,null,null,null);
insert into bd_dictionaryvalue(id,id_dictionary,id_parent,code,value,num,description,enableFlag,editableFlag,systemFlag,ft,lt,fu,lu) values('4028810028a8ef8f0128a8f10e7503ce','40288100288c226801288c2987e90001','4028810028a8ef8f0128a8f10e4603ca','320804','',null,null,'1',null,null,null,null,null,null);
insert into bd_dictionaryvalue(id,id_dictionary,id_parent,code,value,num,description,enableFlag,editableFlag,systemFlag,ft,lt,fu,lu) values('4028810028a8ef8f0128a8f10e8403cf','40288100288c226801288c2987e90001','4028810028a8ef8f0128a8f10e4603ca','320811','',null,null,'1',null,null,null,null,null,null);
insert into bd_dictionaryvalue(id,id_dictionary,id_parent,code,value,num,description,enableFlag,editableFlag,systemFlag,ft,lt,fu,lu) values('4028810028a8ef8f0128a8f10e9403d0','40288100288c226801288c2987e90001','4028810028a8ef8f0128a8f10e4603ca','320826','',null,null,'1',null,null,null,null,null,null);
insert into bd_dictionaryvalue(id,id_dictionary,id_parent,code,value,num,description,enableFlag,editableFlag,systemFlag,ft,lt,fu,lu) values('4028810028a8ef8f0128a8f10ea403d1','40288100288c226801288c2987e90001','4028810028a8ef8f0128a8f10e4603ca','320829','',null,null,'1',null,null,null,null,null,null);
insert into bd_dictionaryvalue(id,id_dictionary,id_parent,code,value,num,description,enableFlag,editableFlag,systemFlag,ft,lt,fu,lu) values('4028810028a8ef8f0128a8f10eb303d2','40288100288c226801288c2987e90001','4028810028a8ef8f0128a8f10e4603ca','320830','',null,null,'1',null,null,null,null,null,null);
insert into bd_dictionaryvalue(id,id_dictionary,id_parent,code,value,num,description,enableFlag,editableFlag,systemFlag,ft,lt,fu,lu) values('4028810028a8ef8f0128a8f10eb303d3','40288100288c226801288c2987e90001','4028810028a8ef8f0128a8f10e4603ca','320831','',null,null,'1',null,null,null,null,null,null);
insert into bd_dictionaryvalue(id,id_dictionary,id_parent,code,value,num,description,enableFlag,editableFlag,systemFlag,ft,lt,fu,lu) values('4028810028a8ef8f0128a8f10ec303d4','40288100288c226801288c2987e90001','4028810028a8ef8f0128a8f109c20378','320900','',null,null,'1',null,null,null,null,null,null);
insert into bd_dictionaryvalue(id,id_dictionary,id_parent,code,value,num,description,enableFlag,editableFlag,systemFlag,ft,lt,fu,lu) values('4028810028a8ef8f0128a8f10ee203d5','40288100288c226801288c2987e90001','4028810028a8ef8f0128a8f10ec303d4','320901','',null,null,'1',null,null,null,null,null,null);
insert into bd_dictionaryvalue(id,id_dictionary,id_parent,code,value,num,description,enableFlag,editableFlag,systemFlag,ft,lt,fu,lu) values('4028810028a8ef8f0128a8f10ee203d6','40288100288c226801288c2987e90001','4028810028a8ef8f0128a8f10ec303d4','320902','',null,null,'1',null,null,null,null,null,null);
insert into bd_dictionaryvalue(id,id_dictionary,id_parent,code,value,num,description,enableFlag,editableFlag,systemFlag,ft,lt,fu,lu) values('4028810028a8ef8f0128a8f10ef203d7','40288100288c226801288c2987e90001','4028810028a8ef8f0128a8f10ec303d4','320921','',null,null,'1',null,null,null,null,null,null);
insert into bd_dictionaryvalue(id,id_dictionary,id_parent,code,value,num,description,enableFlag,editableFlag,systemFlag,ft,lt,fu,lu) values('4028810028a8ef8f0128a8f10f0103d8','40288100288c226801288c2987e90001','4028810028a8ef8f0128a8f10ec303d4','320922','',null,null,'1',null,null,null,null,null,null);
insert into bd_dictionaryvalue(id,id_dictionary,id_parent,code,value,num,description,enableFlag,editableFlag,systemFlag,ft,lt,fu,lu) values('4028810028a8ef8f0128a8f10f1103d9','40288100288c226801288c2987e90001','4028810028a8ef8f0128a8f10ec303d4','320923','',null,null,'1',null,null,null,null,null,null);
insert into bd_dictionaryvalue(id,id_dictionary,id_parent,code,value,num,description,enableFlag,editableFlag,systemFlag,ft,lt,fu,lu) values('4028810028a8ef8f0128a8f10f3003da','40288100288c226801288c2987e90001','4028810028a8ef8f0128a8f10ec303d4','320924','',null,null,'1',null,null,null,null,null,null);
insert into bd_dictionaryvalue(id,id_dictionary,id_parent,code,value,num,description,enableFlag,editableFlag,systemFlag,ft,lt,fu,lu) values('4028810028a8ef8f0128a8f10f3003db','40288100288c226801288c2987e90001','4028810028a8ef8f0128a8f10ec303d4','320925','',null,null,'1',null,null,null,null,null,null);
insert into bd_dictionaryvalue(id,id_dictionary,id_parent,code,value,num,description,enableFlag,editableFlag,systemFlag,ft,lt,fu,lu) values('4028810028a8ef8f0128a8f10f4003dc','40288100288c226801288c2987e90001','4028810028a8ef8f0128a8f10ec303d4','320928','',null,null,'1',null,null,null,null,null,null);
insert into bd_dictionaryvalue(id,id_dictionary,id_parent,code,value,num,description,enableFlag,editableFlag,systemFlag,ft,lt,fu,lu) values('4028810028a8ef8f0128a8f10f5003dd','40288100288c226801288c2987e90001','4028810028a8ef8f0128a8f10ec303d4','320981','',null,null,'1',null,null,null,null,null,null);
insert into bd_dictionaryvalue(id,id_dictionary,id_parent,code,value,num,description,enableFlag,editableFlag,systemFlag,ft,lt,fu,lu) values('4028810028a8ef8f0128a8f10f5f03de','40288100288c226801288c2987e90001','4028810028a8ef8f0128a8f10ec303d4','320982','',null,null,'1',null,null,null,null,null,null);
insert into bd_dictionaryvalue(id,id_dictionary,id_parent,code,value,num,description,enableFlag,editableFlag,systemFlag,ft,lt,fu,lu) values('4028810028a8ef8f0128a8f10f6f03df','40288100288c226801288c2987e90001','4028810028a8ef8f0128a8f109c20378','321000','',null,null,'1',null,null,null,null,null,null);
insert into bd_dictionaryvalue(id,id_dictionary,id_parent,code,value,num,description,enableFlag,editableFlag,systemFlag,ft,lt,fu,lu) values('4028810028a8ef8f0128a8f10f7e03e0','40288100288c226801288c2987e90001','4028810028a8ef8f0128a8f10f6f03df','321001','',null,null,'1',null,null,null,null,null,null);
insert into bd_dictionaryvalue(id,id_dictionary,id_parent,code,value,num,description,enableFlag,editableFlag,systemFlag,ft,lt,fu,lu) values('4028810028a8ef8f0128a8f10f8e03e1','40288100288c226801288c2987e90001','4028810028a8ef8f0128a8f10f6f03df','321002','',null,null,'1',null,null,null,null,null,null);
insert into bd_dictionaryvalue(id,id_dictionary,id_parent,code,value,num,description,enableFlag,editableFlag,systemFlag,ft,lt,fu,lu) values('4028810028a8ef8f0128a8f10f9e03e2','40288100288c226801288c2987e90001','4028810028a8ef8f0128a8f10f6f03df','321003','',null,null,'1',null,null,null,null,null,null);
insert into bd_dictionaryvalue(id,id_dictionary,id_parent,code,value,num,description,enableFlag,editableFlag,systemFlag,ft,lt,fu,lu) values('4028810028a8ef8f0128a8f10fad03e3','40288100288c226801288c2987e90001','4028810028a8ef8f0128a8f10f6f03df','321011','',null,null,'1',null,null,null,null,null,null);
insert into bd_dictionaryvalue(id,id_dictionary,id_parent,code,value,num,description,enableFlag,editableFlag,systemFlag,ft,lt,fu,lu) values('4028810028a8ef8f0128a8f10fad03e4','40288100288c226801288c2987e90001','4028810028a8ef8f0128a8f10f6f03df','321023','',null,null,'1',null,null,null,null,null,null);
insert into bd_dictionaryvalue(id,id_dictionary,id_parent,code,value,num,description,enableFlag,editableFlag,systemFlag,ft,lt,fu,lu) values('4028810028a8ef8f0128a8f10fcd03e5','40288100288c226801288c2987e90001','4028810028a8ef8f0128a8f10f6f03df','321081','',null,null,'1',null,null,null,null,null,null);
insert into bd_dictionaryvalue(id,id_dictionary,id_parent,code,value,num,description,enableFlag,editableFlag,systemFlag,ft,lt,fu,lu) values('4028810028a8ef8f0128a8f10fdc03e6','40288100288c226801288c2987e90001','4028810028a8ef8f0128a8f10f6f03df','321084','',null,null,'1',null,null,null,null,null,null);
insert into bd_dictionaryvalue(id,id_dictionary,id_parent,code,value,num,description,enableFlag,editableFlag,systemFlag,ft,lt,fu,lu) values('4028810028a8ef8f0128a8f10fec03e7','40288100288c226801288c2987e90001','4028810028a8ef8f0128a8f10f6f03df','321088','',null,null,'1',null,null,null,null,null,null);
insert into bd_dictionaryvalue(id,id_dictionary,id_parent,code,value,num,description,enableFlag,editableFlag,systemFlag,ft,lt,fu,lu) values('4028810028a8ef8f0128a8f10ffb03e8','40288100288c226801288c2987e90001','4028810028a8ef8f0128a8f109c20378','321100','',null,null,'1',null,null,null,null,null,null);
insert into bd_dictionaryvalue(id,id_dictionary,id_parent,code,value,num,description,enableFlag,editableFlag,systemFlag,ft,lt,fu,lu) values('4028810028a8ef8f0128a8f10ffb03e9','40288100288c226801288c2987e90001','4028810028a8ef8f0128a8f10ffb03e8','321101','',null,null,'1',null,null,null,null,null,null);
insert into bd_dictionaryvalue(id,id_dictionary,id_parent,code,value,num,description,enableFlag,editableFlag,systemFlag,ft,lt,fu,lu) values('4028810028a8ef8f0128a8f1100b03ea','40288100288c226801288c2987e90001','4028810028a8ef8f0128a8f10ffb03e8','321102','',null,null,'1',null,null,null,null,null,null);
insert into bd_dictionaryvalue(id,id_dictionary,id_parent,code,value,num,description,enableFlag,editableFlag,systemFlag,ft,lt,fu,lu) values('4028810028a8ef8f0128a8f1101b03eb','40288100288c226801288c2987e90001','4028810028a8ef8f0128a8f10ffb03e8','321111','',null,null,'1',null,null,null,null,null,null);
insert into bd_dictionaryvalue(id,id_dictionary,id_parent,code,value,num,description,enableFlag,editableFlag,systemFlag,ft,lt,fu,lu) values('4028810028a8ef8f0128a8f1102a03ec','40288100288c226801288c2987e90001','4028810028a8ef8f0128a8f10ffb03e8','321121','',null,null,'1',null,null,null,null,null,null);
insert into bd_dictionaryvalue(id,id_dictionary,id_parent,code,value,num,description,enableFlag,editableFlag,systemFlag,ft,lt,fu,lu) values('4028810028a8ef8f0128a8f1103a03ed','40288100288c226801288c2987e90001','4028810028a8ef8f0128a8f10ffb03e8','321181','',null,null,'1',null,null,null,null,null,null);
insert into bd_dictionaryvalue(id,id_dictionary,id_parent,code,value,num,description,enableFlag,editableFlag,systemFlag,ft,lt,fu,lu) values('4028810028a8ef8f0128a8f1104a03ee','40288100288c226801288c2987e90001','4028810028a8ef8f0128a8f10ffb03e8','321182','',null,null,'1',null,null,null,null,null,null);
insert into bd_dictionaryvalue(id,id_dictionary,id_parent,code,value,num,description,enableFlag,editableFlag,systemFlag,ft,lt,fu,lu) values('4028810028a8ef8f0128a8f1105903ef','40288100288c226801288c2987e90001','4028810028a8ef8f0128a8f10ffb03e8','321183','',null,null,'1',null,null,null,null,null,null);
insert into bd_dictionaryvalue(id,id_dictionary,id_parent,code,value,num,description,enableFlag,editableFlag,systemFlag,ft,lt,fu,lu) values('4028810028a8ef8f0128a8f1106903f0','40288100288c226801288c2987e90001','4028810028a8ef8f0128a8f109c20378','321200','',null,null,'1',null,null,null,null,null,null);
insert into bd_dictionaryvalue(id,id_dictionary,id_parent,code,value,num,description,enableFlag,editableFlag,systemFlag,ft,lt,fu,lu) values('4028810028a8ef8f0128a8f1107803f1','40288100288c226801288c2987e90001','4028810028a8ef8f0128a8f1106903f0','321201','',null,null,'1',null,null,null,null,null,null);
insert into bd_dictionaryvalue(id,id_dictionary,id_parent,code,value,num,description,enableFlag,editableFlag,systemFlag,ft,lt,fu,lu) values('4028810028a8ef8f0128a8f1108803f2','40288100288c226801288c2987e90001','4028810028a8ef8f0128a8f1106903f0','321202','',null,null,'1',null,null,null,null,null,null);
insert into bd_dictionaryvalue(id,id_dictionary,id_parent,code,value,num,description,enableFlag,editableFlag,systemFlag,ft,lt,fu,lu) values('4028810028a8ef8f0128a8f1109803f3','40288100288c226801288c2987e90001','4028810028a8ef8f0128a8f1106903f0','321203','',null,null,'1',null,null,null,null,null,null);
insert into bd_dictionaryvalue(id,id_dictionary,id_parent,code,value,num,description,enableFlag,editableFlag,systemFlag,ft,lt,fu,lu) values('4028810028a8ef8f0128a8f110a703f4','40288100288c226801288c2987e90001','4028810028a8ef8f0128a8f1106903f0','321281','',null,null,'1',null,null,null,null,null,null);
insert into bd_dictionaryvalue(id,id_dictionary,id_parent,code,value,num,description,enableFlag,editableFlag,systemFlag,ft,lt,fu,lu) values('4028810028a8ef8f0128a8f110b703f5','40288100288c226801288c2987e90001','4028810028a8ef8f0128a8f1106903f0','321282','',null,null,'1',null,null,null,null,null,null);
insert into bd_dictionaryvalue(id,id_dictionary,id_parent,code,value,num,description,enableFlag,editableFlag,systemFlag,ft,lt,fu,lu) values('4028810028a8ef8f0128a8f110c703f6','40288100288c226801288c2987e90001','4028810028a8ef8f0128a8f1106903f0','321283','',null,null,'1',null,null,null,null,null,null);
insert into bd_dictionaryvalue(id,id_dictionary,id_parent,code,value,num,description,enableFlag,editableFlag,systemFlag,ft,lt,fu,lu) values('4028810028a8ef8f0128a8f110d603f7','40288100288c226801288c2987e90001','4028810028a8ef8f0128a8f1106903f0','321284','',null,null,'1',null,null,null,null,null,null);
insert into bd_dictionaryvalue(id,id_dictionary,id_parent,code,value,num,description,enableFlag,editableFlag,systemFlag,ft,lt,fu,lu) values('4028810028a8ef8f0128a8f110e603f8','40288100288c226801288c2987e90001','4028810028a8ef8f0128a8f109c20378','321300','',null,null,'1',null,null,null,null,null,null);
insert into bd_dictionaryvalue(id,id_dictionary,id_parent,code,value,num,description,enableFlag,editableFlag,systemFlag,ft,lt,fu,lu) values('4028810028a8ef8f0128a8f110f503f9','40288100288c226801288c2987e90001','4028810028a8ef8f0128a8f110e603f8','321301','',null,null,'1',null,null,null,null,null,null);
insert into bd_dictionaryvalue(id,id_dictionary,id_parent,code,value,num,description,enableFlag,editableFlag,systemFlag,ft,lt,fu,lu) values('4028810028a8ef8f0128a8f1110503fa','40288100288c226801288c2987e90001','4028810028a8ef8f0128a8f110e603f8','321302','',null,null,'1',null,null,null,null,null,null);
insert into bd_dictionaryvalue(id,id_dictionary,id_parent,code,value,num,description,enableFlag,editableFlag,systemFlag,ft,lt,fu,lu) values('4028810028a8ef8f0128a8f1111503fb','40288100288c226801288c2987e90001','4028810028a8ef8f0128a8f110e603f8','321321','',null,null,'1',null,null,null,null,null,null);
insert into bd_dictionaryvalue(id,id_dictionary,id_parent,code,value,num,description,enableFlag,editableFlag,systemFlag,ft,lt,fu,lu) values('4028810028a8ef8f0128a8f1112403fc','40288100288c226801288c2987e90001','4028810028a8ef8f0128a8f110e603f8','321322','',null,null,'1',null,null,null,null,null,null);
insert into bd_dictionaryvalue(id,id_dictionary,id_parent,code,value,num,description,enableFlag,editableFlag,systemFlag,ft,lt,fu,lu) values('4028810028a8ef8f0128a8f1113403fd','40288100288c226801288c2987e90001','4028810028a8ef8f0128a8f110e603f8','321323','',null,null,'1',null,null,null,null,null,null);
insert into bd_dictionaryvalue(id,id_dictionary,id_parent,code,value,num,description,enableFlag,editableFlag,systemFlag,ft,lt,fu,lu) values('4028810028a8ef8f0128a8f1114403fe','40288100288c226801288c2987e90001','4028810028a8ef8f0128a8f110e603f8','321324','',null,null,'1',null,null,null,null,null,null);
insert into bd_dictionaryvalue(id,id_dictionary,id_parent,code,value,num,description,enableFlag,editableFlag,systemFlag,ft,lt,fu,lu) values('4028810028a8ef8f0128a8f1114403ff','40288100288c226801288c2987e90001',null,'330000','',null,null,'1',null,null,null,null,null,null);
insert into bd_dictionaryvalue(id,id_dictionary,id_parent,code,value,num,description,enableFlag,editableFlag,systemFlag,ft,lt,fu,lu) values('4028810028a8ef8f0128a8f111530400','40288100288c226801288c2987e90001','4028810028a8ef8f0128a8f1114403ff','330100','',null,null,'1',null,null,null,null,null,null);
insert into bd_dictionaryvalue(id,id_dictionary,id_parent,code,value,num,description,enableFlag,editableFlag,systemFlag,ft,lt,fu,lu) values('4028810028a8ef8f0128a8f111630401','40288100288c226801288c2987e90001','4028810028a8ef8f0128a8f111530400','330101','',null,null,'1',null,null,null,null,null,null);
insert into bd_dictionaryvalue(id,id_dictionary,id_parent,code,value,num,description,enableFlag,editableFlag,systemFlag,ft,lt,fu,lu) values('4028810028a8ef8f0128a8f111720402','40288100288c226801288c2987e90001','4028810028a8ef8f0128a8f111530400','330102','',null,null,'1',null,null,null,null,null,null);
insert into bd_dictionaryvalue(id,id_dictionary,id_parent,code,value,num,description,enableFlag,editableFlag,systemFlag,ft,lt,fu,lu) values('4028810028a8ef8f0128a8f111820403','40288100288c226801288c2987e90001','4028810028a8ef8f0128a8f111530400','330103','',null,null,'1',null,null,null,null,null,null);
insert into bd_dictionaryvalue(id,id_dictionary,id_parent,code,value,num,description,enableFlag,editableFlag,systemFlag,ft,lt,fu,lu) values('4028810028a8ef8f0128a8f111920404','40288100288c226801288c2987e90001','4028810028a8ef8f0128a8f111530400','330104','',null,null,'1',null,null,null,null,null,null);
insert into bd_dictionaryvalue(id,id_dictionary,id_parent,code,value,num,description,enableFlag,editableFlag,systemFlag,ft,lt,fu,lu) values('4028810028a8ef8f0128a8f111a10405','40288100288c226801288c2987e90001','4028810028a8ef8f0128a8f111530400','330105','',null,null,'1',null,null,null,null,null,null);
insert into bd_dictionaryvalue(id,id_dictionary,id_parent,code,value,num,description,enableFlag,editableFlag,systemFlag,ft,lt,fu,lu) values('4028810028a8ef8f0128a8f111b10406','40288100288c226801288c2987e90001','4028810028a8ef8f0128a8f111530400','330106','',null,null,'1',null,null,null,null,null,null);
insert into bd_dictionaryvalue(id,id_dictionary,id_parent,code,value,num,description,enableFlag,editableFlag,systemFlag,ft,lt,fu,lu) values('4028810028a8ef8f0128a8f111c10407','40288100288c226801288c2987e90001','4028810028a8ef8f0128a8f111530400','330108','',null,null,'1',null,null,null,null,null,null);
insert into bd_dictionaryvalue(id,id_dictionary,id_parent,code,value,num,description,enableFlag,editableFlag,systemFlag,ft,lt,fu,lu) values('4028810028a8ef8f0128a8f111d00408','40288100288c226801288c2987e90001','4028810028a8ef8f0128a8f111530400','330109','',null,null,'1',null,null,null,null,null,null);
insert into bd_dictionaryvalue(id,id_dictionary,id_parent,code,value,num,description,enableFlag,editableFlag,systemFlag,ft,lt,fu,lu) values('4028810028a8ef8f0128a8f111e00409','40288100288c226801288c2987e90001','4028810028a8ef8f0128a8f111530400','330110','',null,null,'1',null,null,null,null,null,null);
insert into bd_dictionaryvalue(id,id_dictionary,id_parent,code,value,num,description,enableFlag,editableFlag,systemFlag,ft,lt,fu,lu) values('4028810028a8ef8f0128a8f111ef040a','40288100288c226801288c2987e90001','4028810028a8ef8f0128a8f111530400','330122','',null,null,'1',null,null,null,null,null,null);
insert into bd_dictionaryvalue(id,id_dictionary,id_parent,code,value,num,description,enableFlag,editableFlag,systemFlag,ft,lt,fu,lu) values('4028810028a8ef8f0128a8f111ff040b','40288100288c226801288c2987e90001','4028810028a8ef8f0128a8f111530400','330127','',null,null,'1',null,null,null,null,null,null);
insert into bd_dictionaryvalue(id,id_dictionary,id_parent,code,value,num,description,enableFlag,editableFlag,systemFlag,ft,lt,fu,lu) values('4028810028a8ef8f0128a8f1120f040c','40288100288c226801288c2987e90001','4028810028a8ef8f0128a8f111530400','330182','',null,null,'1',null,null,null,null,null,null);
insert into bd_dictionaryvalue(id,id_dictionary,id_parent,code,value,num,description,enableFlag,editableFlag,systemFlag,ft,lt,fu,lu) values('4028810028a8ef8f0128a8f1121e040d','40288100288c226801288c2987e90001','4028810028a8ef8f0128a8f111530400','330183','',null,null,'1',null,null,null,null,null,null);
insert into bd_dictionaryvalue(id,id_dictionary,id_parent,code,value,num,description,enableFlag,editableFlag,systemFlag,ft,lt,fu,lu) values('4028810028a8ef8f0128a8f1122e040e','40288100288c226801288c2987e90001','4028810028a8ef8f0128a8f111530400','330185','',null,null,'1',null,null,null,null,null,null);
insert into bd_dictionaryvalue(id,id_dictionary,id_parent,code,value,num,description,enableFlag,editableFlag,systemFlag,ft,lt,fu,lu) values('4028810028a8ef8f0128a8f1123e040f','40288100288c226801288c2987e90001','4028810028a8ef8f0128a8f1114403ff','330200','',null,null,'1',null,null,null,null,null,null);
insert into bd_dictionaryvalue(id,id_dictionary,id_parent,code,value,num,description,enableFlag,editableFlag,systemFlag,ft,lt,fu,lu) values('4028810028a8ef8f0128a8f1124d0410','40288100288c226801288c2987e90001','4028810028a8ef8f0128a8f1123e040f','330201','',null,null,'1',null,null,null,null,null,null);
insert into bd_dictionaryvalue(id,id_dictionary,id_parent,code,value,num,description,enableFlag,editableFlag,systemFlag,ft,lt,fu,lu) values('4028810028a8ef8f0128a8f1125d0411','40288100288c226801288c2987e90001','4028810028a8ef8f0128a8f1123e040f','330203','',null,null,'1',null,null,null,null,null,null);
insert into bd_dictionaryvalue(id,id_dictionary,id_parent,code,value,num,description,enableFlag,editableFlag,systemFlag,ft,lt,fu,lu) values('4028810028a8ef8f0128a8f1125d0412','40288100288c226801288c2987e90001','4028810028a8ef8f0128a8f1123e040f','330204','',null,null,'1',null,null,null,null,null,null);
insert into bd_dictionaryvalue(id,id_dictionary,id_parent,code,value,num,description,enableFlag,editableFlag,systemFlag,ft,lt,fu,lu) values('4028810028a8ef8f0128a8f1126c0413','40288100288c226801288c2987e90001','4028810028a8ef8f0128a8f1123e040f','330205','',null,null,'1',null,null,null,null,null,null);
insert into bd_dictionaryvalue(id,id_dictionary,id_parent,code,value,num,description,enableFlag,editableFlag,systemFlag,ft,lt,fu,lu) values('4028810028a8ef8f0128a8f1127c0414','40288100288c226801288c2987e90001','4028810028a8ef8f0128a8f1123e040f','330206','',null,null,'1',null,null,null,null,null,null);
insert into bd_dictionaryvalue(id,id_dictionary,id_parent,code,value,num,description,enableFlag,editableFlag,systemFlag,ft,lt,fu,lu) values('4028810028a8ef8f0128a8f1128c0415','40288100288c226801288c2987e90001','4028810028a8ef8f0128a8f1123e040f','330211','',null,null,'1',null,null,null,null,null,null);
insert into bd_dictionaryvalue(id,id_dictionary,id_parent,code,value,num,description,enableFlag,editableFlag,systemFlag,ft,lt,fu,lu) values('4028810028a8ef8f0128a8f1129b0416','40288100288c226801288c2987e90001','4028810028a8ef8f0128a8f1123e040f','330225','',null,null,'1',null,null,null,null,null,null);
insert into bd_dictionaryvalue(id,id_dictionary,id_parent,code,value,num,description,enableFlag,editableFlag,systemFlag,ft,lt,fu,lu) values('4028810028a8ef8f0128a8f112ab0417','40288100288c226801288c2987e90001','4028810028a8ef8f0128a8f1123e040f','330226','',null,null,'1',null,null,null,null,null,null);
insert into bd_dictionaryvalue(id,id_dictionary,id_parent,code,value,num,description,enableFlag,editableFlag,systemFlag,ft,lt,fu,lu) values('4028810028a8ef8f0128a8f112bb0418','40288100288c226801288c2987e90001','4028810028a8ef8f0128a8f1123e040f','330227','',null,null,'1',null,null,null,null,null,null);
insert into bd_dictionaryvalue(id,id_dictionary,id_parent,code,value,num,description,enableFlag,editableFlag,systemFlag,ft,lt,fu,lu) values('4028810028a8ef8f0128a8f112ca0419','40288100288c226801288c2987e90001','4028810028a8ef8f0128a8f1123e040f','330281','',null,null,'1',null,null,null,null,null,null);
insert into bd_dictionaryvalue(id,id_dictionary,id_parent,code,value,num,description,enableFlag,editableFlag,systemFlag,ft,lt,fu,lu) values('4028810028a8ef8f0128a8f112da041a','40288100288c226801288c2987e90001','4028810028a8ef8f0128a8f1123e040f','330282','',null,null,'1',null,null,null,null,null,null);
insert into bd_dictionaryvalue(id,id_dictionary,id_parent,code,value,num,description,enableFlag,editableFlag,systemFlag,ft,lt,fu,lu) values('4028810028a8ef8f0128a8f112e9041b','40288100288c226801288c2987e90001','4028810028a8ef8f0128a8f1123e040f','330283','',null,null,'1',null,null,null,null,null,null);
insert into bd_dictionaryvalue(id,id_dictionary,id_parent,code,value,num,description,enableFlag,editableFlag,systemFlag,ft,lt,fu,lu) values('4028810028a8ef8f0128a8f112f9041c','40288100288c226801288c2987e90001','4028810028a8ef8f0128a8f1114403ff','330300','',null,null,'1',null,null,null,null,null,null);
insert into bd_dictionaryvalue(id,id_dictionary,id_parent,code,value,num,description,enableFlag,editableFlag,systemFlag,ft,lt,fu,lu) values('4028810028a8ef8f0128a8f11309041d','40288100288c226801288c2987e90001','4028810028a8ef8f0128a8f112f9041c','330301','',null,null,'1',null,null,null,null,null,null);
insert into bd_dictionaryvalue(id,id_dictionary,id_parent,code,value,num,description,enableFlag,editableFlag,systemFlag,ft,lt,fu,lu) values('4028810028a8ef8f0128a8f11318041e','40288100288c226801288c2987e90001','4028810028a8ef8f0128a8f112f9041c','330302','',null,null,'1',null,null,null,null,null,null);
insert into bd_dictionaryvalue(id,id_dictionary,id_parent,code,value,num,description,enableFlag,editableFlag,systemFlag,ft,lt,fu,lu) values('4028810028a8ef8f0128a8f11328041f','40288100288c226801288c2987e90001','4028810028a8ef8f0128a8f112f9041c','330303','',null,null,'1',null,null,null,null,null,null);
insert into bd_dictionaryvalue(id,id_dictionary,id_parent,code,value,num,description,enableFlag,editableFlag,systemFlag,ft,lt,fu,lu) values('4028810028a8ef8f0128a8f113380420','40288100288c226801288c2987e90001','4028810028a8ef8f0128a8f112f9041c','330304','',null,null,'1',null,null,null,null,null,null);
insert into bd_dictionaryvalue(id,id_dictionary,id_parent,code,value,num,description,enableFlag,editableFlag,systemFlag,ft,lt,fu,lu) values('4028810028a8ef8f0128a8f113470421','40288100288c226801288c2987e90001','4028810028a8ef8f0128a8f112f9041c','330322','',null,null,'1',null,null,null,null,null,null);
insert into bd_dictionaryvalue(id,id_dictionary,id_parent,code,value,num,description,enableFlag,editableFlag,systemFlag,ft,lt,fu,lu) values('4028810028a8ef8f0128a8f113570422','40288100288c226801288c2987e90001','4028810028a8ef8f0128a8f112f9041c','330324','',null,null,'1',null,null,null,null,null,null);
insert into bd_dictionaryvalue(id,id_dictionary,id_parent,code,value,num,description,enableFlag,editableFlag,systemFlag,ft,lt,fu,lu) values('4028810028a8ef8f0128a8f113660423','40288100288c226801288c2987e90001','4028810028a8ef8f0128a8f112f9041c','330326','',null,null,'1',null,null,null,null,null,null);
insert into bd_dictionaryvalue(id,id_dictionary,id_parent,code,value,num,description,enableFlag,editableFlag,systemFlag,ft,lt,fu,lu) values('4028810028a8ef8f0128a8f113760424','40288100288c226801288c2987e90001','4028810028a8ef8f0128a8f112f9041c','330327','',null,null,'1',null,null,null,null,null,null);
insert into bd_dictionaryvalue(id,id_dictionary,id_parent,code,value,num,description,enableFlag,editableFlag,systemFlag,ft,lt,fu,lu) values('4028810028a8ef8f0128a8f113860425','40288100288c226801288c2987e90001','4028810028a8ef8f0128a8f112f9041c','330328','',null,null,'1',null,null,null,null,null,null);
insert into bd_dictionaryvalue(id,id_dictionary,id_parent,code,value,num,description,enableFlag,editableFlag,systemFlag,ft,lt,fu,lu) values('4028810028a8ef8f0128a8f113950426','40288100288c226801288c2987e90001','4028810028a8ef8f0128a8f112f9041c','330329','',null,null,'1',null,null,null,null,null,null);
insert into bd_dictionaryvalue(id,id_dictionary,id_parent,code,value,num,description,enableFlag,editableFlag,systemFlag,ft,lt,fu,lu) values('4028810028a8ef8f0128a8f113950427','40288100288c226801288c2987e90001','4028810028a8ef8f0128a8f112f9041c','330381','',null,null,'1',null,null,null,null,null,null);
insert into bd_dictionaryvalue(id,id_dictionary,id_parent,code,value,num,description,enableFlag,editableFlag,systemFlag,ft,lt,fu,lu) values('4028810028a8ef8f0128a8f113a50428','40288100288c226801288c2987e90001','4028810028a8ef8f0128a8f112f9041c','330382','',null,null,'1',null,null,null,null,null,null);
insert into bd_dictionaryvalue(id,id_dictionary,id_parent,code,value,num,description,enableFlag,editableFlag,systemFlag,ft,lt,fu,lu) values('4028810028a8ef8f0128a8f113b50429','40288100288c226801288c2987e90001','4028810028a8ef8f0128a8f1114403ff','330400','',null,null,'1',null,null,null,null,null,null);
insert into bd_dictionaryvalue(id,id_dictionary,id_parent,code,value,num,description,enableFlag,editableFlag,systemFlag,ft,lt,fu,lu) values('4028810028a8ef8f0128a8f113c4042a','40288100288c226801288c2987e90001','4028810028a8ef8f0128a8f113b50429','330401','',null,null,'1',null,null,null,null,null,null);
insert into bd_dictionaryvalue(id,id_dictionary,id_parent,code,value,num,description,enableFlag,editableFlag,systemFlag,ft,lt,fu,lu) values('4028810028a8ef8f0128a8f113e3042b','40288100288c226801288c2987e90001','4028810028a8ef8f0128a8f113b50429','330402','',null,null,'1',null,null,null,null,null,null);
insert into bd_dictionaryvalue(id,id_dictionary,id_parent,code,value,num,description,enableFlag,editableFlag,systemFlag,ft,lt,fu,lu) values('4028810028a8ef8f0128a8f113e3042c','40288100288c226801288c2987e90001','4028810028a8ef8f0128a8f113b50429','330411','',null,null,'1',null,null,null,null,null,null);
insert into bd_dictionaryvalue(id,id_dictionary,id_parent,code,value,num,description,enableFlag,editableFlag,systemFlag,ft,lt,fu,lu) values('4028810028a8ef8f0128a8f113f3042d','40288100288c226801288c2987e90001','4028810028a8ef8f0128a8f113b50429','330421','',null,null,'1',null,null,null,null,null,null);
insert into bd_dictionaryvalue(id,id_dictionary,id_parent,code,value,num,description,enableFlag,editableFlag,systemFlag,ft,lt,fu,lu) values('4028810028a8ef8f0128a8f11403042e','40288100288c226801288c2987e90001','4028810028a8ef8f0128a8f113b50429','330424','',null,null,'1',null,null,null,null,null,null);
insert into bd_dictionaryvalue(id,id_dictionary,id_parent,code,value,num,description,enableFlag,editableFlag,systemFlag,ft,lt,fu,lu) values('4028810028a8ef8f0128a8f11412042f','40288100288c226801288c2987e90001','4028810028a8ef8f0128a8f113b50429','330481','',null,null,'1',null,null,null,null,null,null);
insert into bd_dictionaryvalue(id,id_dictionary,id_parent,code,value,num,description,enableFlag,editableFlag,systemFlag,ft,lt,fu,lu) values('4028810028a8ef8f0128a8f114220430','40288100288c226801288c2987e90001','4028810028a8ef8f0128a8f113b50429','330482','',null,null,'1',null,null,null,null,null,null);
insert into bd_dictionaryvalue(id,id_dictionary,id_parent,code,value,num,description,enableFlag,editableFlag,systemFlag,ft,lt,fu,lu) values('4028810028a8ef8f0128a8f114320431','40288100288c226801288c2987e90001','4028810028a8ef8f0128a8f113b50429','330483','',null,null,'1',null,null,null,null,null,null);
insert into bd_dictionaryvalue(id,id_dictionary,id_parent,code,value,num,description,enableFlag,editableFlag,systemFlag,ft,lt,fu,lu) values('4028810028a8ef8f0128a8f114410432','40288100288c226801288c2987e90001','4028810028a8ef8f0128a8f1114403ff','330500','',null,null,'1',null,null,null,null,null,null);
insert into bd_dictionaryvalue(id,id_dictionary,id_parent,code,value,num,description,enableFlag,editableFlag,systemFlag,ft,lt,fu,lu) values('4028810028a8ef8f0128a8f114600433','40288100288c226801288c2987e90001','4028810028a8ef8f0128a8f114410432','330501','',null,null,'1',null,null,null,null,null,null);
insert into bd_dictionaryvalue(id,id_dictionary,id_parent,code,value,num,description,enableFlag,editableFlag,systemFlag,ft,lt,fu,lu) values('4028810028a8ef8f0128a8f114600434','40288100288c226801288c2987e90001','4028810028a8ef8f0128a8f114410432','330521','',null,null,'1',null,null,null,null,null,null);
insert into bd_dictionaryvalue(id,id_dictionary,id_parent,code,value,num,description,enableFlag,editableFlag,systemFlag,ft,lt,fu,lu) values('4028810028a8ef8f0128a8f114700435','40288100288c226801288c2987e90001','4028810028a8ef8f0128a8f114410432','330522','',null,null,'1',null,null,null,null,null,null);
insert into bd_dictionaryvalue(id,id_dictionary,id_parent,code,value,num,description,enableFlag,editableFlag,systemFlag,ft,lt,fu,lu) values('4028810028a8ef8f0128a8f114800436','40288100288c226801288c2987e90001','4028810028a8ef8f0128a8f114410432','330523','',null,null,'1',null,null,null,null,null,null);
insert into bd_dictionaryvalue(id,id_dictionary,id_parent,code,value,num,description,enableFlag,editableFlag,systemFlag,ft,lt,fu,lu) values('4028810028a8ef8f0128a8f1148f0437','40288100288c226801288c2987e90001','4028810028a8ef8f0128a8f1114403ff','330600','',null,null,'1',null,null,null,null,null,null);
insert into bd_dictionaryvalue(id,id_dictionary,id_parent,code,value,num,description,enableFlag,editableFlag,systemFlag,ft,lt,fu,lu) values('4028810028a8ef8f0128a8f1149f0438','40288100288c226801288c2987e90001','4028810028a8ef8f0128a8f1148f0437','330601','',null,null,'1',null,null,null,null,null,null);
insert into bd_dictionaryvalue(id,id_dictionary,id_parent,code,value,num,description,enableFlag,editableFlag,systemFlag,ft,lt,fu,lu) values('4028810028a8ef8f0128a8f114af0439','40288100288c226801288c2987e90001','4028810028a8ef8f0128a8f1148f0437','330602','',null,null,'1',null,null,null,null,null,null);
insert into bd_dictionaryvalue(id,id_dictionary,id_parent,code,value,num,description,enableFlag,editableFlag,systemFlag,ft,lt,fu,lu) values('4028810028a8ef8f0128a8f114be043a','40288100288c226801288c2987e90001','4028810028a8ef8f0128a8f1148f0437','330621','',null,null,'1',null,null,null,null,null,null);
insert into bd_dictionaryvalue(id,id_dictionary,id_parent,code,value,num,description,enableFlag,editableFlag,systemFlag,ft,lt,fu,lu) values('4028810028a8ef8f0128a8f114ce043b','40288100288c226801288c2987e90001','4028810028a8ef8f0128a8f1148f0437','330624','',null,null,'1',null,null,null,null,null,null);
insert into bd_dictionaryvalue(id,id_dictionary,id_parent,code,value,num,description,enableFlag,editableFlag,systemFlag,ft,lt,fu,lu) values('4028810028a8ef8f0128a8f114dd043c','40288100288c226801288c2987e90001','4028810028a8ef8f0128a8f1148f0437','330681','',null,null,'1',null,null,null,null,null,null);
insert into bd_dictionaryvalue(id,id_dictionary,id_parent,code,value,num,description,enableFlag,editableFlag,systemFlag,ft,lt,fu,lu) values('4028810028a8ef8f0128a8f114ed043d','40288100288c226801288c2987e90001','4028810028a8ef8f0128a8f1148f0437','330682','',null,null,'1',null,null,null,null,null,null);
insert into bd_dictionaryvalue(id,id_dictionary,id_parent,code,value,num,description,enableFlag,editableFlag,systemFlag,ft,lt,fu,lu) values('4028810028a8ef8f0128a8f114fd043e','40288100288c226801288c2987e90001','4028810028a8ef8f0128a8f1148f0437','330683','',null,null,'1',null,null,null,null,null,null);
insert into bd_dictionaryvalue(id,id_dictionary,id_parent,code,value,num,description,enableFlag,editableFlag,systemFlag,ft,lt,fu,lu) values('4028810028a8ef8f0128a8f1150c043f','40288100288c226801288c2987e90001','4028810028a8ef8f0128a8f1114403ff','330700','',null,null,'1',null,null,null,null,null,null);
insert into bd_dictionaryvalue(id,id_dictionary,id_parent,code,value,num,description,enableFlag,editableFlag,systemFlag,ft,lt,fu,lu) values('4028810028a8ef8f0128a8f1151c0440','40288100288c226801288c2987e90001','4028810028a8ef8f0128a8f1150c043f','330701','',null,null,'1',null,null,null,null,null,null);
insert into bd_dictionaryvalue(id,id_dictionary,id_parent,code,value,num,description,enableFlag,editableFlag,systemFlag,ft,lt,fu,lu) values('4028810028a8ef8f0128a8f1152c0441','40288100288c226801288c2987e90001','4028810028a8ef8f0128a8f1150c043f','330702','',null,null,'1',null,null,null,null,null,null);
insert into bd_dictionaryvalue(id,id_dictionary,id_parent,code,value,num,description,enableFlag,editableFlag,systemFlag,ft,lt,fu,lu) values('4028810028a8ef8f0128a8f1153b0442','40288100288c226801288c2987e90001','4028810028a8ef8f0128a8f1150c043f','330721','',null,null,'1',null,null,null,null,null,null);
insert into bd_dictionaryvalue(id,id_dictionary,id_parent,code,value,num,description,enableFlag,editableFlag,systemFlag,ft,lt,fu,lu) values('4028810028a8ef8f0128a8f1154b0443','40288100288c226801288c2987e90001','4028810028a8ef8f0128a8f1150c043f','330723','',null,null,'1',null,null,null,null,null,null);
insert into bd_dictionaryvalue(id,id_dictionary,id_parent,code,value,num,description,enableFlag,editableFlag,systemFlag,ft,lt,fu,lu) values('4028810028a8ef8f0128a8f1155a0444','40288100288c226801288c2987e90001','4028810028a8ef8f0128a8f1150c043f','330726','',null,null,'1',null,null,null,null,null,null);
insert into bd_dictionaryvalue(id,id_dictionary,id_parent,code,value,num,description,enableFlag,editableFlag,systemFlag,ft,lt,fu,lu) values('4028810028a8ef8f0128a8f1156a0445','40288100288c226801288c2987e90001','4028810028a8ef8f0128a8f1150c043f','330727','',null,null,'1',null,null,null,null,null,null);
insert into bd_dictionaryvalue(id,id_dictionary,id_parent,code,value,num,description,enableFlag,editableFlag,systemFlag,ft,lt,fu,lu) values('4028810028a8ef8f0128a8f1156a0446','40288100288c226801288c2987e90001','4028810028a8ef8f0128a8f1150c043f','330781','',null,null,'1',null,null,null,null,null,null);
insert into bd_dictionaryvalue(id,id_dictionary,id_parent,code,value,num,description,enableFlag,editableFlag,systemFlag,ft,lt,fu,lu) values('4028810028a8ef8f0128a8f1157a0447','40288100288c226801288c2987e90001','4028810028a8ef8f0128a8f1150c043f','330782','',null,null,'1',null,null,null,null,null,null);
insert into bd_dictionaryvalue(id,id_dictionary,id_parent,code,value,num,description,enableFlag,editableFlag,systemFlag,ft,lt,fu,lu) values('4028810028a8ef8f0128a8f115890448','40288100288c226801288c2987e90001','4028810028a8ef8f0128a8f1150c043f','330783','',null,null,'1',null,null,null,null,null,null);
insert into bd_dictionaryvalue(id,id_dictionary,id_parent,code,value,num,description,enableFlag,editableFlag,systemFlag,ft,lt,fu,lu) values('4028810028a8ef8f0128a8f115990449','40288100288c226801288c2987e90001','4028810028a8ef8f0128a8f1150c043f','330784','',null,null,'1',null,null,null,null,null,null);
insert into bd_dictionaryvalue(id,id_dictionary,id_parent,code,value,num,description,enableFlag,editableFlag,systemFlag,ft,lt,fu,lu) values('4028810028a8ef8f0128a8f115a9044a','40288100288c226801288c2987e90001','4028810028a8ef8f0128a8f1114403ff','330800','',null,null,'1',null,null,null,null,null,null);
insert into bd_dictionaryvalue(id,id_dictionary,id_parent,code,value,num,description,enableFlag,editableFlag,systemFlag,ft,lt,fu,lu) values('4028810028a8ef8f0128a8f115b8044b','40288100288c226801288c2987e90001','4028810028a8ef8f0128a8f115a9044a','330801','',null,null,'1',null,null,null,null,null,null);
insert into bd_dictionaryvalue(id,id_dictionary,id_parent,code,value,num,description,enableFlag,editableFlag,systemFlag,ft,lt,fu,lu) values('4028810028a8ef8f0128a8f115c8044c','40288100288c226801288c2987e90001','4028810028a8ef8f0128a8f115a9044a','330802','',null,null,'1',null,null,null,null,null,null);
insert into bd_dictionaryvalue(id,id_dictionary,id_parent,code,value,num,description,enableFlag,editableFlag,systemFlag,ft,lt,fu,lu) values('4028810028a8ef8f0128a8f115d7044d','40288100288c226801288c2987e90001','4028810028a8ef8f0128a8f115a9044a','330803','',null,null,'1',null,null,null,null,null,null);
insert into bd_dictionaryvalue(id,id_dictionary,id_parent,code,value,num,description,enableFlag,editableFlag,systemFlag,ft,lt,fu,lu) values('4028810028a8ef8f0128a8f115e7044e','40288100288c226801288c2987e90001','4028810028a8ef8f0128a8f115a9044a','330822','',null,null,'1',null,null,null,null,null,null);
insert into bd_dictionaryvalue(id,id_dictionary,id_parent,code,value,num,description,enableFlag,editableFlag,systemFlag,ft,lt,fu,lu) values('4028810028a8ef8f0128a8f115f7044f','40288100288c226801288c2987e90001','4028810028a8ef8f0128a8f115a9044a','330824','',null,null,'1',null,null,null,null,null,null);
insert into bd_dictionaryvalue(id,id_dictionary,id_parent,code,value,num,description,enableFlag,editableFlag,systemFlag,ft,lt,fu,lu) values('4028810028a8ef8f0128a8f116060450','40288100288c226801288c2987e90001','4028810028a8ef8f0128a8f115a9044a','330825','',null,null,'1',null,null,null,null,null,null);
insert into bd_dictionaryvalue(id,id_dictionary,id_parent,code,value,num,description,enableFlag,editableFlag,systemFlag,ft,lt,fu,lu) values('4028810028a8ef8f0128a8f116160451','40288100288c226801288c2987e90001','4028810028a8ef8f0128a8f115a9044a','330881','',null,null,'1',null,null,null,null,null,null);
insert into bd_dictionaryvalue(id,id_dictionary,id_parent,code,value,num,description,enableFlag,editableFlag,systemFlag,ft,lt,fu,lu) values('4028810028a8ef8f0128a8f116260452','40288100288c226801288c2987e90001','4028810028a8ef8f0128a8f1114403ff','330900','',null,null,'1',null,null,null,null,null,null);
insert into bd_dictionaryvalue(id,id_dictionary,id_parent,code,value,num,description,enableFlag,editableFlag,systemFlag,ft,lt,fu,lu) values('4028810028a8ef8f0128a8f116350453','40288100288c226801288c2987e90001','4028810028a8ef8f0128a8f116260452','330901','',null,null,'1',null,null,null,null,null,null);
insert into bd_dictionaryvalue(id,id_dictionary,id_parent,code,value,num,description,enableFlag,editableFlag,systemFlag,ft,lt,fu,lu) values('4028810028a8ef8f0128a8f116450454','40288100288c226801288c2987e90001','4028810028a8ef8f0128a8f116260452','330902','',null,null,'1',null,null,null,null,null,null);
insert into bd_dictionaryvalue(id,id_dictionary,id_parent,code,value,num,description,enableFlag,editableFlag,systemFlag,ft,lt,fu,lu) values('4028810028a8ef8f0128a8f116540455','40288100288c226801288c2987e90001','4028810028a8ef8f0128a8f116260452','330903','',null,null,'1',null,null,null,null,null,null);
insert into bd_dictionaryvalue(id,id_dictionary,id_parent,code,value,num,description,enableFlag,editableFlag,systemFlag,ft,lt,fu,lu) values('4028810028a8ef8f0128a8f116640456','40288100288c226801288c2987e90001','4028810028a8ef8f0128a8f116260452','330921','',null,null,'1',null,null,null,null,null,null);
insert into bd_dictionaryvalue(id,id_dictionary,id_parent,code,value,num,description,enableFlag,editableFlag,systemFlag,ft,lt,fu,lu) values('4028810028a8ef8f0128a8f116740457','40288100288c226801288c2987e90001','4028810028a8ef8f0128a8f116260452','330922','',null,null,'1',null,null,null,null,null,null);
insert into bd_dictionaryvalue(id,id_dictionary,id_parent,code,value,num,description,enableFlag,editableFlag,systemFlag,ft,lt,fu,lu) values('4028810028a8ef8f0128a8f116830458','40288100288c226801288c2987e90001','4028810028a8ef8f0128a8f1114403ff','331000','',null,null,'1',null,null,null,null,null,null);
insert into bd_dictionaryvalue(id,id_dictionary,id_parent,code,value,num,description,enableFlag,editableFlag,systemFlag,ft,lt,fu,lu) values('4028810028a8ef8f0128a8f116930459','40288100288c226801288c2987e90001','4028810028a8ef8f0128a8f116830458','331001','',null,null,'1',null,null,null,null,null,null);
insert into bd_dictionaryvalue(id,id_dictionary,id_parent,code,value,num,description,enableFlag,editableFlag,systemFlag,ft,lt,fu,lu) values('4028810028a8ef8f0128a8f116a3045a','40288100288c226801288c2987e90001','4028810028a8ef8f0128a8f116830458','331002','',null,null,'1',null,null,null,null,null,null);
insert into bd_dictionaryvalue(id,id_dictionary,id_parent,code,value,num,description,enableFlag,editableFlag,systemFlag,ft,lt,fu,lu) values('4028810028a8ef8f0128a8f116b2045b','40288100288c226801288c2987e90001','4028810028a8ef8f0128a8f116830458','331003','',null,null,'1',null,null,null,null,null,null);
insert into bd_dictionaryvalue(id,id_dictionary,id_parent,code,value,num,description,enableFlag,editableFlag,systemFlag,ft,lt,fu,lu) values('4028810028a8ef8f0128a8f116c2045c','40288100288c226801288c2987e90001','4028810028a8ef8f0128a8f116830458','331004','',null,null,'1',null,null,null,null,null,null);
insert into bd_dictionaryvalue(id,id_dictionary,id_parent,code,value,num,description,enableFlag,editableFlag,systemFlag,ft,lt,fu,lu) values('4028810028a8ef8f0128a8f116d1045d','40288100288c226801288c2987e90001','4028810028a8ef8f0128a8f116830458','331021','',null,null,'1',null,null,null,null,null,null);
insert into bd_dictionaryvalue(id,id_dictionary,id_parent,code,value,num,description,enableFlag,editableFlag,systemFlag,ft,lt,fu,lu) values('4028810028a8ef8f0128a8f116e1045e','40288100288c226801288c2987e90001','4028810028a8ef8f0128a8f116830458','331022','',null,null,'1',null,null,null,null,null,null);
insert into bd_dictionaryvalue(id,id_dictionary,id_parent,code,value,num,description,enableFlag,editableFlag,systemFlag,ft,lt,fu,lu) values('4028810028a8ef8f0128a8f116f1045f','40288100288c226801288c2987e90001','4028810028a8ef8f0128a8f116830458','331023','',null,null,'1',null,null,null,null,null,null);
insert into bd_dictionaryvalue(id,id_dictionary,id_parent,code,value,num,description,enableFlag,editableFlag,systemFlag,ft,lt,fu,lu) values('4028810028a8ef8f0128a8f117000460','40288100288c226801288c2987e90001','4028810028a8ef8f0128a8f116830458','331024','',null,null,'1',null,null,null,null,null,null);
insert into bd_dictionaryvalue(id,id_dictionary,id_parent,code,value,num,description,enableFlag,editableFlag,systemFlag,ft,lt,fu,lu) values('4028810028a8ef8f0128a8f117100461','40288100288c226801288c2987e90001','4028810028a8ef8f0128a8f116830458','331081','',null,null,'1',null,null,null,null,null,null);
insert into bd_dictionaryvalue(id,id_dictionary,id_parent,code,value,num,description,enableFlag,editableFlag,systemFlag,ft,lt,fu,lu) values('4028810028a8ef8f0128a8f117200462','40288100288c226801288c2987e90001','4028810028a8ef8f0128a8f116830458','331082','',null,null,'1',null,null,null,null,null,null);
insert into bd_dictionaryvalue(id,id_dictionary,id_parent,code,value,num,description,enableFlag,editableFlag,systemFlag,ft,lt,fu,lu) values('4028810028a8ef8f0128a8f1172f0463','40288100288c226801288c2987e90001','4028810028a8ef8f0128a8f1114403ff','331100','',null,null,'1',null,null,null,null,null,null);
insert into bd_dictionaryvalue(id,id_dictionary,id_parent,code,value,num,description,enableFlag,editableFlag,systemFlag,ft,lt,fu,lu) values('4028810028a8ef8f0128a8f1173f0464','40288100288c226801288c2987e90001','4028810028a8ef8f0128a8f1172f0463','331101','',null,null,'1',null,null,null,null,null,null);
insert into bd_dictionaryvalue(id,id_dictionary,id_parent,code,value,num,description,enableFlag,editableFlag,systemFlag,ft,lt,fu,lu) values('4028810028a8ef8f0128a8f1174e0465','40288100288c226801288c2987e90001','4028810028a8ef8f0128a8f1172f0463','331102','',null,null,'1',null,null,null,null,null,null);
insert into bd_dictionaryvalue(id,id_dictionary,id_parent,code,value,num,description,enableFlag,editableFlag,systemFlag,ft,lt,fu,lu) values('4028810028a8ef8f0128a8f1175e0466','40288100288c226801288c2987e90001','4028810028a8ef8f0128a8f1172f0463','331121','',null,null,'1',null,null,null,null,null,null);
insert into bd_dictionaryvalue(id,id_dictionary,id_parent,code,value,num,description,enableFlag,editableFlag,systemFlag,ft,lt,fu,lu) values('4028810028a8ef8f0128a8f1177d0467','40288100288c226801288c2987e90001','4028810028a8ef8f0128a8f1172f0463','331122','',null,null,'1',null,null,null,null,null,null);
insert into bd_dictionaryvalue(id,id_dictionary,id_parent,code,value,num,description,enableFlag,editableFlag,systemFlag,ft,lt,fu,lu) values('4028810028a8ef8f0128a8f1178d0468','40288100288c226801288c2987e90001','4028810028a8ef8f0128a8f1172f0463','331123','',null,null,'1',null,null,null,null,null,null);
insert into bd_dictionaryvalue(id,id_dictionary,id_parent,code,value,num,description,enableFlag,editableFlag,systemFlag,ft,lt,fu,lu) values('4028810028a8ef8f0128a8f1179d0469','40288100288c226801288c2987e90001','4028810028a8ef8f0128a8f1172f0463','331124','',null,null,'1',null,null,null,null,null,null);
insert into bd_dictionaryvalue(id,id_dictionary,id_parent,code,value,num,description,enableFlag,editableFlag,systemFlag,ft,lt,fu,lu) values('4028810028a8ef8f0128a8f117ac046a','40288100288c226801288c2987e90001','4028810028a8ef8f0128a8f1172f0463','331125','',null,null,'1',null,null,null,null,null,null);
insert into bd_dictionaryvalue(id,id_dictionary,id_parent,code,value,num,description,enableFlag,editableFlag,systemFlag,ft,lt,fu,lu) values('4028810028a8ef8f0128a8f117ac046b','40288100288c226801288c2987e90001','4028810028a8ef8f0128a8f1172f0463','331126','',null,null,'1',null,null,null,null,null,null);
insert into bd_dictionaryvalue(id,id_dictionary,id_parent,code,value,num,description,enableFlag,editableFlag,systemFlag,ft,lt,fu,lu) values('4028810028a8ef8f0128a8f117bc046c','40288100288c226801288c2987e90001','4028810028a8ef8f0128a8f1172f0463','331127','',null,null,'1',null,null,null,null,null,null);
insert into bd_dictionaryvalue(id,id_dictionary,id_parent,code,value,num,description,enableFlag,editableFlag,systemFlag,ft,lt,fu,lu) values('4028810028a8ef8f0128a8f117cb046d','40288100288c226801288c2987e90001','4028810028a8ef8f0128a8f1172f0463','331181','',null,null,'1',null,null,null,null,null,null);
insert into bd_dictionaryvalue(id,id_dictionary,id_parent,code,value,num,description,enableFlag,editableFlag,systemFlag,ft,lt,fu,lu) values('4028810028a8ef8f0128a8f117db046e','40288100288c226801288c2987e90001',null,'340000','',null,null,'1',null,null,null,null,null,null);
insert into bd_dictionaryvalue(id,id_dictionary,id_parent,code,value,num,description,enableFlag,editableFlag,systemFlag,ft,lt,fu,lu) values('4028810028a8ef8f0128a8f117eb046f','40288100288c226801288c2987e90001','4028810028a8ef8f0128a8f117db046e','340100','',null,null,'1',null,null,null,null,null,null);
insert into bd_dictionaryvalue(id,id_dictionary,id_parent,code,value,num,description,enableFlag,editableFlag,systemFlag,ft,lt,fu,lu) values('4028810028a8ef8f0128a8f117fa0470','40288100288c226801288c2987e90001','4028810028a8ef8f0128a8f117eb046f','340101','',null,null,'1',null,null,null,null,null,null);
insert into bd_dictionaryvalue(id,id_dictionary,id_parent,code,value,num,description,enableFlag,editableFlag,systemFlag,ft,lt,fu,lu) values('4028810028a8ef8f0128a8f1180a0471','40288100288c226801288c2987e90001','4028810028a8ef8f0128a8f117eb046f','340102','',null,null,'1',null,null,null,null,null,null);
insert into bd_dictionaryvalue(id,id_dictionary,id_parent,code,value,num,description,enableFlag,editableFlag,systemFlag,ft,lt,fu,lu) values('4028810028a8ef8f0128a8f1181a0472','40288100288c226801288c2987e90001','4028810028a8ef8f0128a8f117eb046f','340103','',null,null,'1',null,null,null,null,null,null);
insert into bd_dictionaryvalue(id,id_dictionary,id_parent,code,value,num,description,enableFlag,editableFlag,systemFlag,ft,lt,fu,lu) values('4028810028a8ef8f0128a8f118290473','40288100288c226801288c2987e90001','4028810028a8ef8f0128a8f117eb046f','340104','',null,null,'1',null,null,null,null,null,null);
insert into bd_dictionaryvalue(id,id_dictionary,id_parent,code,value,num,description,enableFlag,editableFlag,systemFlag,ft,lt,fu,lu) values('4028810028a8ef8f0128a8f118390474','40288100288c226801288c2987e90001','4028810028a8ef8f0128a8f117eb046f','340111','',null,null,'1',null,null,null,null,null,null);
insert into bd_dictionaryvalue(id,id_dictionary,id_parent,code,value,num,description,enableFlag,editableFlag,systemFlag,ft,lt,fu,lu) values('4028810028a8ef8f0128a8f118480475','40288100288c226801288c2987e90001','4028810028a8ef8f0128a8f117eb046f','340121','',null,null,'1',null,null,null,null,null,null);
insert into bd_dictionaryvalue(id,id_dictionary,id_parent,code,value,num,description,enableFlag,editableFlag,systemFlag,ft,lt,fu,lu) values('4028810028a8ef8f0128a8f118580476','40288100288c226801288c2987e90001','4028810028a8ef8f0128a8f117eb046f','340122','',null,null,'1',null,null,null,null,null,null);
insert into bd_dictionaryvalue(id,id_dictionary,id_parent,code,value,num,description,enableFlag,editableFlag,systemFlag,ft,lt,fu,lu) values('4028810028a8ef8f0128a8f118680477','40288100288c226801288c2987e90001','4028810028a8ef8f0128a8f117eb046f','340123','',null,null,'1',null,null,null,null,null,null);
insert into bd_dictionaryvalue(id,id_dictionary,id_parent,code,value,num,description,enableFlag,editableFlag,systemFlag,ft,lt,fu,lu) values('4028810028a8ef8f0128a8f118770478','40288100288c226801288c2987e90001','4028810028a8ef8f0128a8f117db046e','340200','',null,null,'1',null,null,null,null,null,null);
insert into bd_dictionaryvalue(id,id_dictionary,id_parent,code,value,num,description,enableFlag,editableFlag,systemFlag,ft,lt,fu,lu) values('4028810028a8ef8f0128a8f118870479','40288100288c226801288c2987e90001','4028810028a8ef8f0128a8f118770478','340201','',null,null,'1',null,null,null,null,null,null);
insert into bd_dictionaryvalue(id,id_dictionary,id_parent,code,value,num,description,enableFlag,editableFlag,systemFlag,ft,lt,fu,lu) values('4028810028a8ef8f0128a8f11897047a','40288100288c226801288c2987e90001','4028810028a8ef8f0128a8f118770478','340202','',null,null,'1',null,null,null,null,null,null);
insert into bd_dictionaryvalue(id,id_dictionary,id_parent,code,value,num,description,enableFlag,editableFlag,systemFlag,ft,lt,fu,lu) values('4028810028a8ef8f0128a8f118a6047b','40288100288c226801288c2987e90001','4028810028a8ef8f0128a8f118770478','340203','',null,null,'1',null,null,null,null,null,null);
insert into bd_dictionaryvalue(id,id_dictionary,id_parent,code,value,num,description,enableFlag,editableFlag,systemFlag,ft,lt,fu,lu) values('4028810028a8ef8f0128a8f118b6047c','40288100288c226801288c2987e90001','4028810028a8ef8f0128a8f118770478','340204','',null,null,'1',null,null,null,null,null,null);
insert into bd_dictionaryvalue(id,id_dictionary,id_parent,code,value,num,description,enableFlag,editableFlag,systemFlag,ft,lt,fu,lu) values('4028810028a8ef8f0128a8f118c5047d','40288100288c226801288c2987e90001','4028810028a8ef8f0128a8f118770478','340207','',null,null,'1',null,null,null,null,null,null);
insert into bd_dictionaryvalue(id,id_dictionary,id_parent,code,value,num,description,enableFlag,editableFlag,systemFlag,ft,lt,fu,lu) values('4028810028a8ef8f0128a8f118e5047e','40288100288c226801288c2987e90001','4028810028a8ef8f0128a8f118770478','340221','',null,null,'1',null,null,null,null,null,null);
insert into bd_dictionaryvalue(id,id_dictionary,id_parent,code,value,num,description,enableFlag,editableFlag,systemFlag,ft,lt,fu,lu) values('4028810028a8ef8f0128a8f118f4047f','40288100288c226801288c2987e90001','4028810028a8ef8f0128a8f118770478','340222','',null,null,'1',null,null,null,null,null,null);
insert into bd_dictionaryvalue(id,id_dictionary,id_parent,code,value,num,description,enableFlag,editableFlag,systemFlag,ft,lt,fu,lu) values('4028810028a8ef8f0128a8f119040480','40288100288c226801288c2987e90001','4028810028a8ef8f0128a8f118770478','340223','',null,null,'1',null,null,null,null,null,null);
insert into bd_dictionaryvalue(id,id_dictionary,id_parent,code,value,num,description,enableFlag,editableFlag,systemFlag,ft,lt,fu,lu) values('4028810028a8ef8f0128a8f119140481','40288100288c226801288c2987e90001','4028810028a8ef8f0128a8f117db046e','340300','',null,null,'1',null,null,null,null,null,null);
insert into bd_dictionaryvalue(id,id_dictionary,id_parent,code,value,num,description,enableFlag,editableFlag,systemFlag,ft,lt,fu,lu) values('4028810028a8ef8f0128a8f119230482','40288100288c226801288c2987e90001','4028810028a8ef8f0128a8f119140481','340301','',null,null,'1',null,null,null,null,null,null);
insert into bd_dictionaryvalue(id,id_dictionary,id_parent,code,value,num,description,enableFlag,editableFlag,systemFlag,ft,lt,fu,lu) values('4028810028a8ef8f0128a8f119330483','40288100288c226801288c2987e90001','4028810028a8ef8f0128a8f119140481','340302','',null,null,'1',null,null,null,null,null,null);
insert into bd_dictionaryvalue(id,id_dictionary,id_parent,code,value,num,description,enableFlag,editableFlag,systemFlag,ft,lt,fu,lu) values('4028810028a8ef8f0128a8f119420484','40288100288c226801288c2987e90001','4028810028a8ef8f0128a8f119140481','340303','',null,null,'1',null,null,null,null,null,null);
insert into bd_dictionaryvalue(id,id_dictionary,id_parent,code,value,num,description,enableFlag,editableFlag,systemFlag,ft,lt,fu,lu) values('4028810028a8ef8f0128a8f119520485','40288100288c226801288c2987e90001','4028810028a8ef8f0128a8f119140481','340304','',null,null,'1',null,null,null,null,null,null);
insert into bd_dictionaryvalue(id,id_dictionary,id_parent,code,value,num,description,enableFlag,editableFlag,systemFlag,ft,lt,fu,lu) values('4028810028a8ef8f0128a8f119620486','40288100288c226801288c2987e90001','4028810028a8ef8f0128a8f119140481','340311','',null,null,'1',null,null,null,null,null,null);
insert into bd_dictionaryvalue(id,id_dictionary,id_parent,code,value,num,description,enableFlag,editableFlag,systemFlag,ft,lt,fu,lu) values('4028810028a8ef8f0128a8f119710487','40288100288c226801288c2987e90001','4028810028a8ef8f0128a8f119140481','340321','',null,null,'1',null,null,null,null,null,null);
insert into bd_dictionaryvalue(id,id_dictionary,id_parent,code,value,num,description,enableFlag,editableFlag,systemFlag,ft,lt,fu,lu) values('4028810028a8ef8f0128a8f119810488','40288100288c226801288c2987e90001','4028810028a8ef8f0128a8f119140481','340322','',null,null,'1',null,null,null,null,null,null);
insert into bd_dictionaryvalue(id,id_dictionary,id_parent,code,value,num,description,enableFlag,editableFlag,systemFlag,ft,lt,fu,lu) values('4028810028a8ef8f0128a8f119910489','40288100288c226801288c2987e90001','4028810028a8ef8f0128a8f119140481','340323','',null,null,'1',null,null,null,null,null,null);
insert into bd_dictionaryvalue(id,id_dictionary,id_parent,code,value,num,description,enableFlag,editableFlag,systemFlag,ft,lt,fu,lu) values('4028810028a8ef8f0128a8f119b0048a','40288100288c226801288c2987e90001','4028810028a8ef8f0128a8f117db046e','340400','',null,null,'1',null,null,null,null,null,null);
insert into bd_dictionaryvalue(id,id_dictionary,id_parent,code,value,num,description,enableFlag,editableFlag,systemFlag,ft,lt,fu,lu) values('4028810028a8ef8f0128a8f119bf048b','40288100288c226801288c2987e90001','4028810028a8ef8f0128a8f119b0048a','340401','',null,null,'1',null,null,null,null,null,null);
insert into bd_dictionaryvalue(id,id_dictionary,id_parent,code,value,num,description,enableFlag,editableFlag,systemFlag,ft,lt,fu,lu) values('4028810028a8ef8f0128a8f119cf048c','40288100288c226801288c2987e90001','4028810028a8ef8f0128a8f119b0048a','340402','',null,null,'1',null,null,null,null,null,null);
insert into bd_dictionaryvalue(id,id_dictionary,id_parent,code,value,num,description,enableFlag,editableFlag,systemFlag,ft,lt,fu,lu) values('4028810028a8ef8f0128a8f119df048d','40288100288c226801288c2987e90001','4028810028a8ef8f0128a8f119b0048a','340403','',null,null,'1',null,null,null,null,null,null);
insert into bd_dictionaryvalue(id,id_dictionary,id_parent,code,value,num,description,enableFlag,editableFlag,systemFlag,ft,lt,fu,lu) values('4028810028a8ef8f0128a8f119ee048e','40288100288c226801288c2987e90001','4028810028a8ef8f0128a8f119b0048a','340404','',null,null,'1',null,null,null,null,null,null);
insert into bd_dictionaryvalue(id,id_dictionary,id_parent,code,value,num,description,enableFlag,editableFlag,systemFlag,ft,lt,fu,lu) values('4028810028a8ef8f0128a8f119fe048f','40288100288c226801288c2987e90001','4028810028a8ef8f0128a8f119b0048a','340405','',null,null,'1',null,null,null,null,null,null);
insert into bd_dictionaryvalue(id,id_dictionary,id_parent,code,value,num,description,enableFlag,editableFlag,systemFlag,ft,lt,fu,lu) values('4028810028a8ef8f0128a8f11a0e0490','40288100288c226801288c2987e90001','4028810028a8ef8f0128a8f119b0048a','340406','',null,null,'1',null,null,null,null,null,null);
insert into bd_dictionaryvalue(id,id_dictionary,id_parent,code,value,num,description,enableFlag,editableFlag,systemFlag,ft,lt,fu,lu) values('4028810028a8ef8f0128a8f11a1d0491','40288100288c226801288c2987e90001','4028810028a8ef8f0128a8f119b0048a','340421','',null,null,'1',null,null,null,null,null,null);
insert into bd_dictionaryvalue(id,id_dictionary,id_parent,code,value,num,description,enableFlag,editableFlag,systemFlag,ft,lt,fu,lu) values('4028810028a8ef8f0128a8f11a2d0492','40288100288c226801288c2987e90001','4028810028a8ef8f0128a8f117db046e','340500','',null,null,'1',null,null,null,null,null,null);
insert into bd_dictionaryvalue(id,id_dictionary,id_parent,code,value,num,description,enableFlag,editableFlag,systemFlag,ft,lt,fu,lu) values('4028810028a8ef8f0128a8f11a3c0493','40288100288c226801288c2987e90001','4028810028a8ef8f0128a8f11a2d0492','340501','',null,null,'1',null,null,null,null,null,null);
insert into bd_dictionaryvalue(id,id_dictionary,id_parent,code,value,num,description,enableFlag,editableFlag,systemFlag,ft,lt,fu,lu) values('4028810028a8ef8f0128a8f11a4c0494','40288100288c226801288c2987e90001','4028810028a8ef8f0128a8f11a2d0492','340502','',null,null,'1',null,null,null,null,null,null);
insert into bd_dictionaryvalue(id,id_dictionary,id_parent,code,value,num,description,enableFlag,editableFlag,systemFlag,ft,lt,fu,lu) values('4028810028a8ef8f0128a8f11a5c0495','40288100288c226801288c2987e90001','4028810028a8ef8f0128a8f11a2d0492','340503','',null,null,'1',null,null,null,null,null,null);
insert into bd_dictionaryvalue(id,id_dictionary,id_parent,code,value,num,description,enableFlag,editableFlag,systemFlag,ft,lt,fu,lu) values('4028810028a8ef8f0128a8f11a6b0496','40288100288c226801288c2987e90001','4028810028a8ef8f0128a8f11a2d0492','340504','',null,null,'1',null,null,null,null,null,null);
insert into bd_dictionaryvalue(id,id_dictionary,id_parent,code,value,num,description,enableFlag,editableFlag,systemFlag,ft,lt,fu,lu) values('4028810028a8ef8f0128a8f11a8b0497','40288100288c226801288c2987e90001','4028810028a8ef8f0128a8f11a2d0492','340521','',null,null,'1',null,null,null,null,null,null);
insert into bd_dictionaryvalue(id,id_dictionary,id_parent,code,value,num,description,enableFlag,editableFlag,systemFlag,ft,lt,fu,lu) values('4028810028a8ef8f0128a8f11a9a0498','40288100288c226801288c2987e90001','4028810028a8ef8f0128a8f117db046e','340600','',null,null,'1',null,null,null,null,null,null);
insert into bd_dictionaryvalue(id,id_dictionary,id_parent,code,value,num,description,enableFlag,editableFlag,systemFlag,ft,lt,fu,lu) values('4028810028a8ef8f0128a8f11aaa0499','40288100288c226801288c2987e90001','4028810028a8ef8f0128a8f11a9a0498','340601','',null,null,'1',null,null,null,null,null,null);
insert into bd_dictionaryvalue(id,id_dictionary,id_parent,code,value,num,description,enableFlag,editableFlag,systemFlag,ft,lt,fu,lu) values('4028810028a8ef8f0128a8f11ab9049a','40288100288c226801288c2987e90001','4028810028a8ef8f0128a8f11a9a0498','340602','',null,null,'1',null,null,null,null,null,null);
insert into bd_dictionaryvalue(id,id_dictionary,id_parent,code,value,num,description,enableFlag,editableFlag,systemFlag,ft,lt,fu,lu) values('4028810028a8ef8f0128a8f11ac9049b','40288100288c226801288c2987e90001','4028810028a8ef8f0128a8f11a9a0498','340603','',null,null,'1',null,null,null,null,null,null);
insert into bd_dictionaryvalue(id,id_dictionary,id_parent,code,value,num,description,enableFlag,editableFlag,systemFlag,ft,lt,fu,lu) values('4028810028a8ef8f0128a8f11ad9049c','40288100288c226801288c2987e90001','4028810028a8ef8f0128a8f11a9a0498','340604','',null,null,'1',null,null,null,null,null,null);
insert into bd_dictionaryvalue(id,id_dictionary,id_parent,code,value,num,description,enableFlag,editableFlag,systemFlag,ft,lt,fu,lu) values('4028810028a8ef8f0128a8f11af8049d','40288100288c226801288c2987e90001','4028810028a8ef8f0128a8f11a9a0498','340621','',null,null,'1',null,null,null,null,null,null);
insert into bd_dictionaryvalue(id,id_dictionary,id_parent,code,value,num,description,enableFlag,editableFlag,systemFlag,ft,lt,fu,lu) values('4028810028a8ef8f0128a8f11b08049e','40288100288c226801288c2987e90001','4028810028a8ef8f0128a8f117db046e','340700','',null,null,'1',null,null,null,null,null,null);
insert into bd_dictionaryvalue(id,id_dictionary,id_parent,code,value,num,description,enableFlag,editableFlag,systemFlag,ft,lt,fu,lu) values('4028810028a8ef8f0128a8f11b17049f','40288100288c226801288c2987e90001','4028810028a8ef8f0128a8f11b08049e','340701','',null,null,'1',null,null,null,null,null,null);
insert into bd_dictionaryvalue(id,id_dictionary,id_parent,code,value,num,description,enableFlag,editableFlag,systemFlag,ft,lt,fu,lu) values('4028810028a8ef8f0128a8f11b2704a0','40288100288c226801288c2987e90001','4028810028a8ef8f0128a8f11b08049e','340702','',null,null,'1',null,null,null,null,null,null);
insert into bd_dictionaryvalue(id,id_dictionary,id_parent,code,value,num,description,enableFlag,editableFlag,systemFlag,ft,lt,fu,lu) values('4028810028a8ef8f0128a8f11b3604a1','40288100288c226801288c2987e90001','4028810028a8ef8f0128a8f11b08049e','340703','',null,null,'1',null,null,null,null,null,null);
insert into bd_dictionaryvalue(id,id_dictionary,id_parent,code,value,num,description,enableFlag,editableFlag,systemFlag,ft,lt,fu,lu) values('4028810028a8ef8f0128a8f11b4604a2','40288100288c226801288c2987e90001','4028810028a8ef8f0128a8f11b08049e','340711','',null,null,'1',null,null,null,null,null,null);
insert into bd_dictionaryvalue(id,id_dictionary,id_parent,code,value,num,description,enableFlag,editableFlag,systemFlag,ft,lt,fu,lu) values('4028810028a8ef8f0128a8f11b6504a3','40288100288c226801288c2987e90001','4028810028a8ef8f0128a8f11b08049e','340721','',null,null,'1',null,null,null,null,null,null);
insert into bd_dictionaryvalue(id,id_dictionary,id_parent,code,value,num,description,enableFlag,editableFlag,systemFlag,ft,lt,fu,lu) values('4028810028a8ef8f0128a8f11b7504a4','40288100288c226801288c2987e90001','4028810028a8ef8f0128a8f117db046e','340800','',null,null,'1',null,null,null,null,null,null);
insert into bd_dictionaryvalue(id,id_dictionary,id_parent,code,value,num,description,enableFlag,editableFlag,systemFlag,ft,lt,fu,lu) values('4028810028a8ef8f0128a8f11b8504a5','40288100288c226801288c2987e90001','4028810028a8ef8f0128a8f11b7504a4','340801','',null,null,'1',null,null,null,null,null,null);
insert into bd_dictionaryvalue(id,id_dictionary,id_parent,code,value,num,description,enableFlag,editableFlag,systemFlag,ft,lt,fu,lu) values('4028810028a8ef8f0128a8f11b9404a6','40288100288c226801288c2987e90001','4028810028a8ef8f0128a8f11b7504a4','340802','',null,null,'1',null,null,null,null,null,null);
insert into bd_dictionaryvalue(id,id_dictionary,id_parent,code,value,num,description,enableFlag,editableFlag,systemFlag,ft,lt,fu,lu) values('4028810028a8ef8f0128a8f11ba404a7','40288100288c226801288c2987e90001','4028810028a8ef8f0128a8f11b7504a4','340803','',null,null,'1',null,null,null,null,null,null);
insert into bd_dictionaryvalue(id,id_dictionary,id_parent,code,value,num,description,enableFlag,editableFlag,systemFlag,ft,lt,fu,lu) values('4028810028a8ef8f0128a8f11bb304a8','40288100288c226801288c2987e90001','4028810028a8ef8f0128a8f11b7504a4','340811','',null,null,'1',null,null,null,null,null,null);
insert into bd_dictionaryvalue(id,id_dictionary,id_parent,code,value,num,description,enableFlag,editableFlag,systemFlag,ft,lt,fu,lu) values('4028810028a8ef8f0128a8f11bc304a9','40288100288c226801288c2987e90001','4028810028a8ef8f0128a8f11b7504a4','340822','',null,null,'1',null,null,null,null,null,null);
insert into bd_dictionaryvalue(id,id_dictionary,id_parent,code,value,num,description,enableFlag,editableFlag,systemFlag,ft,lt,fu,lu) values('4028810028a8ef8f0128a8f11bd304aa','40288100288c226801288c2987e90001','4028810028a8ef8f0128a8f11b7504a4','340823','',null,null,'1',null,null,null,null,null,null);
insert into bd_dictionaryvalue(id,id_dictionary,id_parent,code,value,num,description,enableFlag,editableFlag,systemFlag,ft,lt,fu,lu) values('4028810028a8ef8f0128a8f11be204ab','40288100288c226801288c2987e90001','4028810028a8ef8f0128a8f11b7504a4','340824','',null,null,'1',null,null,null,null,null,null);
insert into bd_dictionaryvalue(id,id_dictionary,id_parent,code,value,num,description,enableFlag,editableFlag,systemFlag,ft,lt,fu,lu) values('4028810028a8ef8f0128a8f11bf204ac','40288100288c226801288c2987e90001','4028810028a8ef8f0128a8f11b7504a4','340825','',null,null,'1',null,null,null,null,null,null);
insert into bd_dictionaryvalue(id,id_dictionary,id_parent,code,value,num,description,enableFlag,editableFlag,systemFlag,ft,lt,fu,lu) values('4028810028a8ef8f0128a8f11c0204ad','40288100288c226801288c2987e90001','4028810028a8ef8f0128a8f11b7504a4','340826','',null,null,'1',null,null,null,null,null,null);
insert into bd_dictionaryvalue(id,id_dictionary,id_parent,code,value,num,description,enableFlag,editableFlag,systemFlag,ft,lt,fu,lu) values('4028810028a8ef8f0128a8f11c1104ae','40288100288c226801288c2987e90001','4028810028a8ef8f0128a8f11b7504a4','340827','',null,null,'1',null,null,null,null,null,null);
insert into bd_dictionaryvalue(id,id_dictionary,id_parent,code,value,num,description,enableFlag,editableFlag,systemFlag,ft,lt,fu,lu) values('4028810028a8ef8f0128a8f11c2104af','40288100288c226801288c2987e90001','4028810028a8ef8f0128a8f11b7504a4','340828','',null,null,'1',null,null,null,null,null,null);
insert into bd_dictionaryvalue(id,id_dictionary,id_parent,code,value,num,description,enableFlag,editableFlag,systemFlag,ft,lt,fu,lu) values('4028810028a8ef8f0128a8f11c3004b0','40288100288c226801288c2987e90001','4028810028a8ef8f0128a8f11b7504a4','340881','',null,null,'1',null,null,null,null,null,null);
insert into bd_dictionaryvalue(id,id_dictionary,id_parent,code,value,num,description,enableFlag,editableFlag,systemFlag,ft,lt,fu,lu) values('4028810028a8ef8f0128a8f11c4004b1','40288100288c226801288c2987e90001','4028810028a8ef8f0128a8f117db046e','341000','',null,null,'1',null,null,null,null,null,null);
insert into bd_dictionaryvalue(id,id_dictionary,id_parent,code,value,num,description,enableFlag,editableFlag,systemFlag,ft,lt,fu,lu) values('4028810028a8ef8f0128a8f11c5f04b2','40288100288c226801288c2987e90001','4028810028a8ef8f0128a8f11c4004b1','341001','',null,null,'1',null,null,null,null,null,null);
insert into bd_dictionaryvalue(id,id_dictionary,id_parent,code,value,num,description,enableFlag,editableFlag,systemFlag,ft,lt,fu,lu) values('4028810028a8ef8f0128a8f11c6f04b3','40288100288c226801288c2987e90001','4028810028a8ef8f0128a8f11c4004b1','341002','',null,null,'1',null,null,null,null,null,null);
insert into bd_dictionaryvalue(id,id_dictionary,id_parent,code,value,num,description,enableFlag,editableFlag,systemFlag,ft,lt,fu,lu) values('4028810028a8ef8f0128a8f11c7f04b4','40288100288c226801288c2987e90001','4028810028a8ef8f0128a8f11c4004b1','341003','',null,null,'1',null,null,null,null,null,null);
insert into bd_dictionaryvalue(id,id_dictionary,id_parent,code,value,num,description,enableFlag,editableFlag,systemFlag,ft,lt,fu,lu) values('4028810028a8ef8f0128a8f11c8e04b5','40288100288c226801288c2987e90001','4028810028a8ef8f0128a8f11c4004b1','341004','',null,null,'1',null,null,null,null,null,null);
insert into bd_dictionaryvalue(id,id_dictionary,id_parent,code,value,num,description,enableFlag,editableFlag,systemFlag,ft,lt,fu,lu) values('4028810028a8ef8f0128a8f11c9e04b6','40288100288c226801288c2987e90001','4028810028a8ef8f0128a8f11c4004b1','341021','',null,null,'1',null,null,null,null,null,null);
insert into bd_dictionaryvalue(id,id_dictionary,id_parent,code,value,num,description,enableFlag,editableFlag,systemFlag,ft,lt,fu,lu) values('4028810028a8ef8f0128a8f11cad04b7','40288100288c226801288c2987e90001','4028810028a8ef8f0128a8f11c4004b1','341022','',null,null,'1',null,null,null,null,null,null);
insert into bd_dictionaryvalue(id,id_dictionary,id_parent,code,value,num,description,enableFlag,editableFlag,systemFlag,ft,lt,fu,lu) values('4028810028a8ef8f0128a8f11cbd04b8','40288100288c226801288c2987e90001','4028810028a8ef8f0128a8f11c4004b1','341023','',null,null,'1',null,null,null,null,null,null);
insert into bd_dictionaryvalue(id,id_dictionary,id_parent,code,value,num,description,enableFlag,editableFlag,systemFlag,ft,lt,fu,lu) values('4028810028a8ef8f0128a8f11ccd04b9','40288100288c226801288c2987e90001','4028810028a8ef8f0128a8f11c4004b1','341024','',null,null,'1',null,null,null,null,null,null);
insert into bd_dictionaryvalue(id,id_dictionary,id_parent,code,value,num,description,enableFlag,editableFlag,systemFlag,ft,lt,fu,lu) values('4028810028a8ef8f0128a8f11cdc04ba','40288100288c226801288c2987e90001','4028810028a8ef8f0128a8f117db046e','341100','',null,null,'1',null,null,null,null,null,null);
insert into bd_dictionaryvalue(id,id_dictionary,id_parent,code,value,num,description,enableFlag,editableFlag,systemFlag,ft,lt,fu,lu) values('4028810028a8ef8f0128a8f11cec04bb','40288100288c226801288c2987e90001','4028810028a8ef8f0128a8f11cdc04ba','341101','',null,null,'1',null,null,null,null,null,null);
insert into bd_dictionaryvalue(id,id_dictionary,id_parent,code,value,num,description,enableFlag,editableFlag,systemFlag,ft,lt,fu,lu) values('4028810028a8ef8f0128a8f11cfc04bc','40288100288c226801288c2987e90001','4028810028a8ef8f0128a8f11cdc04ba','341102','',null,null,'1',null,null,null,null,null,null);
insert into bd_dictionaryvalue(id,id_dictionary,id_parent,code,value,num,description,enableFlag,editableFlag,systemFlag,ft,lt,fu,lu) values('4028810028a8ef8f0128a8f11d0b04bd','40288100288c226801288c2987e90001','4028810028a8ef8f0128a8f11cdc04ba','341103','',null,null,'1',null,null,null,null,null,null);
insert into bd_dictionaryvalue(id,id_dictionary,id_parent,code,value,num,description,enableFlag,editableFlag,systemFlag,ft,lt,fu,lu) values('4028810028a8ef8f0128a8f11d1b04be','40288100288c226801288c2987e90001','4028810028a8ef8f0128a8f11cdc04ba','341122','',null,null,'1',null,null,null,null,null,null);
insert into bd_dictionaryvalue(id,id_dictionary,id_parent,code,value,num,description,enableFlag,editableFlag,systemFlag,ft,lt,fu,lu) values('4028810028a8ef8f0128a8f11d2a04bf','40288100288c226801288c2987e90001','4028810028a8ef8f0128a8f11cdc04ba','341124','',null,null,'1',null,null,null,null,null,null);
insert into bd_dictionaryvalue(id,id_dictionary,id_parent,code,value,num,description,enableFlag,editableFlag,systemFlag,ft,lt,fu,lu) values('4028810028a8ef8f0128a8f11d3a04c0','40288100288c226801288c2987e90001','4028810028a8ef8f0128a8f11cdc04ba','341125','',null,null,'1',null,null,null,null,null,null);
insert into bd_dictionaryvalue(id,id_dictionary,id_parent,code,value,num,description,enableFlag,editableFlag,systemFlag,ft,lt,fu,lu) values('4028810028a8ef8f0128a8f11d4a04c1','40288100288c226801288c2987e90001','4028810028a8ef8f0128a8f11cdc04ba','341126','',null,null,'1',null,null,null,null,null,null);
insert into bd_dictionaryvalue(id,id_dictionary,id_parent,code,value,num,description,enableFlag,editableFlag,systemFlag,ft,lt,fu,lu) values('4028810028a8ef8f0128a8f11d5904c2','40288100288c226801288c2987e90001','4028810028a8ef8f0128a8f11cdc04ba','341181','',null,null,'1',null,null,null,null,null,null);
insert into bd_dictionaryvalue(id,id_dictionary,id_parent,code,value,num,description,enableFlag,editableFlag,systemFlag,ft,lt,fu,lu) values('4028810028a8ef8f0128a8f11d7904c3','40288100288c226801288c2987e90001','4028810028a8ef8f0128a8f11cdc04ba','341182','',null,null,'1',null,null,null,null,null,null);
insert into bd_dictionaryvalue(id,id_dictionary,id_parent,code,value,num,description,enableFlag,editableFlag,systemFlag,ft,lt,fu,lu) values('4028810028a8ef8f0128a8f11d8804c4','40288100288c226801288c2987e90001','4028810028a8ef8f0128a8f117db046e','341200','',null,null,'1',null,null,null,null,null,null);
insert into bd_dictionaryvalue(id,id_dictionary,id_parent,code,value,num,description,enableFlag,editableFlag,systemFlag,ft,lt,fu,lu) values('4028810028a8ef8f0128a8f11d9804c5','40288100288c226801288c2987e90001','4028810028a8ef8f0128a8f11d8804c4','341201','',null,null,'1',null,null,null,null,null,null);
insert into bd_dictionaryvalue(id,id_dictionary,id_parent,code,value,num,description,enableFlag,editableFlag,systemFlag,ft,lt,fu,lu) values('4028810028a8ef8f0128a8f11da704c6','40288100288c226801288c2987e90001','4028810028a8ef8f0128a8f11d8804c4','341202','',null,null,'1',null,null,null,null,null,null);
insert into bd_dictionaryvalue(id,id_dictionary,id_parent,code,value,num,description,enableFlag,editableFlag,systemFlag,ft,lt,fu,lu) values('4028810028a8ef8f0128a8f11db704c7','40288100288c226801288c2987e90001','4028810028a8ef8f0128a8f11d8804c4','341203','',null,null,'1',null,null,null,null,null,null);
insert into bd_dictionaryvalue(id,id_dictionary,id_parent,code,value,num,description,enableFlag,editableFlag,systemFlag,ft,lt,fu,lu) values('4028810028a8ef8f0128a8f11dc704c8','40288100288c226801288c2987e90001','4028810028a8ef8f0128a8f11d8804c4','341204','',null,null,'1',null,null,null,null,null,null);
insert into bd_dictionaryvalue(id,id_dictionary,id_parent,code,value,num,description,enableFlag,editableFlag,systemFlag,ft,lt,fu,lu) values('4028810028a8ef8f0128a8f11dd604c9','40288100288c226801288c2987e90001','4028810028a8ef8f0128a8f11d8804c4','341221','',null,null,'1',null,null,null,null,null,null);
insert into bd_dictionaryvalue(id,id_dictionary,id_parent,code,value,num,description,enableFlag,editableFlag,systemFlag,ft,lt,fu,lu) values('4028810028a8ef8f0128a8f11de604ca','40288100288c226801288c2987e90001','4028810028a8ef8f0128a8f11d8804c4','341222','',null,null,'1',null,null,null,null,null,null);
insert into bd_dictionaryvalue(id,id_dictionary,id_parent,code,value,num,description,enableFlag,editableFlag,systemFlag,ft,lt,fu,lu) values('4028810028a8ef8f0128a8f11e0504cb','40288100288c226801288c2987e90001','4028810028a8ef8f0128a8f11d8804c4','341225','',null,null,'1',null,null,null,null,null,null);
insert into bd_dictionaryvalue(id,id_dictionary,id_parent,code,value,num,description,enableFlag,editableFlag,systemFlag,ft,lt,fu,lu) values('4028810028a8ef8f0128a8f11e1504cc','40288100288c226801288c2987e90001','4028810028a8ef8f0128a8f11d8804c4','341226','',null,null,'1',null,null,null,null,null,null);
insert into bd_dictionaryvalue(id,id_dictionary,id_parent,code,value,num,description,enableFlag,editableFlag,systemFlag,ft,lt,fu,lu) values('4028810028a8ef8f0128a8f11e2404cd','40288100288c226801288c2987e90001','4028810028a8ef8f0128a8f11d8804c4','341282','',null,null,'1',null,null,null,null,null,null);
insert into bd_dictionaryvalue(id,id_dictionary,id_parent,code,value,num,description,enableFlag,editableFlag,systemFlag,ft,lt,fu,lu) values('4028810028a8ef8f0128a8f11e3404ce','40288100288c226801288c2987e90001','4028810028a8ef8f0128a8f117db046e','341300','',null,null,'1',null,null,null,null,null,null);
insert into bd_dictionaryvalue(id,id_dictionary,id_parent,code,value,num,description,enableFlag,editableFlag,systemFlag,ft,lt,fu,lu) values('4028810028a8ef8f0128a8f11e4404cf','40288100288c226801288c2987e90001','4028810028a8ef8f0128a8f11e3404ce','341301','',null,null,'1',null,null,null,null,null,null);
insert into bd_dictionaryvalue(id,id_dictionary,id_parent,code,value,num,description,enableFlag,editableFlag,systemFlag,ft,lt,fu,lu) values('4028810028a8ef8f0128a8f11e5304d0','40288100288c226801288c2987e90001','4028810028a8ef8f0128a8f11e3404ce','341302','',null,null,'1',null,null,null,null,null,null);
insert into bd_dictionaryvalue(id,id_dictionary,id_parent,code,value,num,description,enableFlag,editableFlag,systemFlag,ft,lt,fu,lu) values('4028810028a8ef8f0128a8f11e6304d1','40288100288c226801288c2987e90001','4028810028a8ef8f0128a8f11e3404ce','341321','',null,null,'1',null,null,null,null,null,null);
insert into bd_dictionaryvalue(id,id_dictionary,id_parent,code,value,num,description,enableFlag,editableFlag,systemFlag,ft,lt,fu,lu) values('4028810028a8ef8f0128a8f11e7304d2','40288100288c226801288c2987e90001','4028810028a8ef8f0128a8f11e3404ce','341322','',null,null,'1',null,null,null,null,null,null);
insert into bd_dictionaryvalue(id,id_dictionary,id_parent,code,value,num,description,enableFlag,editableFlag,systemFlag,ft,lt,fu,lu) values('4028810028a8ef8f0128a8f11e8204d3','40288100288c226801288c2987e90001','4028810028a8ef8f0128a8f11e3404ce','341323','',null,null,'1',null,null,null,null,null,null);
insert into bd_dictionaryvalue(id,id_dictionary,id_parent,code,value,num,description,enableFlag,editableFlag,systemFlag,ft,lt,fu,lu) values('4028810028a8ef8f0128a8f11e9204d4','40288100288c226801288c2987e90001','4028810028a8ef8f0128a8f11e3404ce','341324','',null,null,'1',null,null,null,null,null,null);
insert into bd_dictionaryvalue(id,id_dictionary,id_parent,code,value,num,description,enableFlag,editableFlag,systemFlag,ft,lt,fu,lu) values('4028810028a8ef8f0128a8f11ea104d5','40288100288c226801288c2987e90001','4028810028a8ef8f0128a8f117db046e','341400','',null,null,'1',null,null,null,null,null,null);
insert into bd_dictionaryvalue(id,id_dictionary,id_parent,code,value,num,description,enableFlag,editableFlag,systemFlag,ft,lt,fu,lu) values('4028810028a8ef8f0128a8f11ec104d6','40288100288c226801288c2987e90001','4028810028a8ef8f0128a8f11ea104d5','341401','',null,null,'1',null,null,null,null,null,null);
insert into bd_dictionaryvalue(id,id_dictionary,id_parent,code,value,num,description,enableFlag,editableFlag,systemFlag,ft,lt,fu,lu) values('4028810028a8ef8f0128a8f11ed004d7','40288100288c226801288c2987e90001','4028810028a8ef8f0128a8f11ea104d5','341402','',null,null,'1',null,null,null,null,null,null);
insert into bd_dictionaryvalue(id,id_dictionary,id_parent,code,value,num,description,enableFlag,editableFlag,systemFlag,ft,lt,fu,lu) values('4028810028a8ef8f0128a8f11ee004d8','40288100288c226801288c2987e90001','4028810028a8ef8f0128a8f11ea104d5','341421','',null,null,'1',null,null,null,null,null,null);
insert into bd_dictionaryvalue(id,id_dictionary,id_parent,code,value,num,description,enableFlag,editableFlag,systemFlag,ft,lt,fu,lu) values('4028810028a8ef8f0128a8f11ef004d9','40288100288c226801288c2987e90001','4028810028a8ef8f0128a8f11ea104d5','341422','',null,null,'1',null,null,null,null,null,null);
insert into bd_dictionaryvalue(id,id_dictionary,id_parent,code,value,num,description,enableFlag,editableFlag,systemFlag,ft,lt,fu,lu) values('4028810028a8ef8f0128a8f11eff04da','40288100288c226801288c2987e90001','4028810028a8ef8f0128a8f11ea104d5','341423','',null,null,'1',null,null,null,null,null,null);
insert into bd_dictionaryvalue(id,id_dictionary,id_parent,code,value,num,description,enableFlag,editableFlag,systemFlag,ft,lt,fu,lu) values('4028810028a8ef8f0128a8f11f0f04db','40288100288c226801288c2987e90001','4028810028a8ef8f0128a8f11ea104d5','341424','',null,null,'1',null,null,null,null,null,null);
insert into bd_dictionaryvalue(id,id_dictionary,id_parent,code,value,num,description,enableFlag,editableFlag,systemFlag,ft,lt,fu,lu) values('4028810028a8ef8f0128a8f11f1e04dc','40288100288c226801288c2987e90001','4028810028a8ef8f0128a8f117db046e','341500','',null,null,'1',null,null,null,null,null,null);
insert into bd_dictionaryvalue(id,id_dictionary,id_parent,code,value,num,description,enableFlag,editableFlag,systemFlag,ft,lt,fu,lu) values('4028810028a8ef8f0128a8f11f2e04dd','40288100288c226801288c2987e90001','4028810028a8ef8f0128a8f11f1e04dc','341501','',null,null,'1',null,null,null,null,null,null);
insert into bd_dictionaryvalue(id,id_dictionary,id_parent,code,value,num,description,enableFlag,editableFlag,systemFlag,ft,lt,fu,lu) values('4028810028a8ef8f0128a8f11f3e04de','40288100288c226801288c2987e90001','4028810028a8ef8f0128a8f11f1e04dc','341502','',null,null,'1',null,null,null,null,null,null);
insert into bd_dictionaryvalue(id,id_dictionary,id_parent,code,value,num,description,enableFlag,editableFlag,systemFlag,ft,lt,fu,lu) values('4028810028a8ef8f0128a8f11f4d04df','40288100288c226801288c2987e90001','4028810028a8ef8f0128a8f11f1e04dc','341503','',null,null,'1',null,null,null,null,null,null);
insert into bd_dictionaryvalue(id,id_dictionary,id_parent,code,value,num,description,enableFlag,editableFlag,systemFlag,ft,lt,fu,lu) values('4028810028a8ef8f0128a8f11f5d04e0','40288100288c226801288c2987e90001','4028810028a8ef8f0128a8f11f1e04dc','341521','',null,null,'1',null,null,null,null,null,null);
insert into bd_dictionaryvalue(id,id_dictionary,id_parent,code,value,num,description,enableFlag,editableFlag,systemFlag,ft,lt,fu,lu) values('4028810028a8ef8f0128a8f11f6d04e1','40288100288c226801288c2987e90001','4028810028a8ef8f0128a8f11f1e04dc','341522','',null,null,'1',null,null,null,null,null,null);
insert into bd_dictionaryvalue(id,id_dictionary,id_parent,code,value,num,description,enableFlag,editableFlag,systemFlag,ft,lt,fu,lu) values('4028810028a8ef8f0128a8f11f7c04e2','40288100288c226801288c2987e90001','4028810028a8ef8f0128a8f11f1e04dc','341523','',null,null,'1',null,null,null,null,null,null);
insert into bd_dictionaryvalue(id,id_dictionary,id_parent,code,value,num,description,enableFlag,editableFlag,systemFlag,ft,lt,fu,lu) values('4028810028a8ef8f0128a8f11f8c04e3','40288100288c226801288c2987e90001','4028810028a8ef8f0128a8f11f1e04dc','341524','',null,null,'1',null,null,null,null,null,null);
insert into bd_dictionaryvalue(id,id_dictionary,id_parent,code,value,num,description,enableFlag,editableFlag,systemFlag,ft,lt,fu,lu) values('4028810028a8ef8f0128a8f11f9b04e4','40288100288c226801288c2987e90001','4028810028a8ef8f0128a8f11f1e04dc','341525','',null,null,'1',null,null,null,null,null,null);
insert into bd_dictionaryvalue(id,id_dictionary,id_parent,code,value,num,description,enableFlag,editableFlag,systemFlag,ft,lt,fu,lu) values('4028810028a8ef8f0128a8f11fbb04e5','40288100288c226801288c2987e90001','4028810028a8ef8f0128a8f117db046e','341600','',null,null,'1',null,null,null,null,null,null);
insert into bd_dictionaryvalue(id,id_dictionary,id_parent,code,value,num,description,enableFlag,editableFlag,systemFlag,ft,lt,fu,lu) values('4028810028a8ef8f0128a8f11fca04e6','40288100288c226801288c2987e90001','4028810028a8ef8f0128a8f11fbb04e5','341601','',null,null,'1',null,null,null,null,null,null);
insert into bd_dictionaryvalue(id,id_dictionary,id_parent,code,value,num,description,enableFlag,editableFlag,systemFlag,ft,lt,fu,lu) values('4028810028a8ef8f0128a8f11fda04e7','40288100288c226801288c2987e90001','4028810028a8ef8f0128a8f11fbb04e5','341602','',null,null,'1',null,null,null,null,null,null);
insert into bd_dictionaryvalue(id,id_dictionary,id_parent,code,value,num,description,enableFlag,editableFlag,systemFlag,ft,lt,fu,lu) values('4028810028a8ef8f0128a8f11fea04e8','40288100288c226801288c2987e90001','4028810028a8ef8f0128a8f11fbb04e5','341621','',null,null,'1',null,null,null,null,null,null);
insert into bd_dictionaryvalue(id,id_dictionary,id_parent,code,value,num,description,enableFlag,editableFlag,systemFlag,ft,lt,fu,lu) values('4028810028a8ef8f0128a8f11ff904e9','40288100288c226801288c2987e90001','4028810028a8ef8f0128a8f11fbb04e5','341622','',null,null,'1',null,null,null,null,null,null);
insert into bd_dictionaryvalue(id,id_dictionary,id_parent,code,value,num,description,enableFlag,editableFlag,systemFlag,ft,lt,fu,lu) values('4028810028a8ef8f0128a8f1200904ea','40288100288c226801288c2987e90001','4028810028a8ef8f0128a8f11fbb04e5','341623','',null,null,'1',null,null,null,null,null,null);
insert into bd_dictionaryvalue(id,id_dictionary,id_parent,code,value,num,description,enableFlag,editableFlag,systemFlag,ft,lt,fu,lu) values('4028810028a8ef8f0128a8f1201804eb','40288100288c226801288c2987e90001','4028810028a8ef8f0128a8f117db046e','341700','',null,null,'1',null,null,null,null,null,null);
insert into bd_dictionaryvalue(id,id_dictionary,id_parent,code,value,num,description,enableFlag,editableFlag,systemFlag,ft,lt,fu,lu) values('4028810028a8ef8f0128a8f1202804ec','40288100288c226801288c2987e90001','4028810028a8ef8f0128a8f1201804eb','341701','',null,null,'1',null,null,null,null,null,null);
insert into bd_dictionaryvalue(id,id_dictionary,id_parent,code,value,num,description,enableFlag,editableFlag,systemFlag,ft,lt,fu,lu) values('4028810028a8ef8f0128a8f1203804ed','40288100288c226801288c2987e90001','4028810028a8ef8f0128a8f1201804eb','341702','',null,null,'1',null,null,null,null,null,null);
insert into bd_dictionaryvalue(id,id_dictionary,id_parent,code,value,num,description,enableFlag,editableFlag,systemFlag,ft,lt,fu,lu) values('4028810028a8ef8f0128a8f1204704ee','40288100288c226801288c2987e90001','4028810028a8ef8f0128a8f1201804eb','341721','',null,null,'1',null,null,null,null,null,null);
insert into bd_dictionaryvalue(id,id_dictionary,id_parent,code,value,num,description,enableFlag,editableFlag,systemFlag,ft,lt,fu,lu) values('4028810028a8ef8f0128a8f1205704ef','40288100288c226801288c2987e90001','4028810028a8ef8f0128a8f1201804eb','341722','',null,null,'1',null,null,null,null,null,null);
insert into bd_dictionaryvalue(id,id_dictionary,id_parent,code,value,num,description,enableFlag,editableFlag,systemFlag,ft,lt,fu,lu) values('4028810028a8ef8f0128a8f1206704f0','40288100288c226801288c2987e90001','4028810028a8ef8f0128a8f1201804eb','341723','',null,null,'1',null,null,null,null,null,null);
insert into bd_dictionaryvalue(id,id_dictionary,id_parent,code,value,num,description,enableFlag,editableFlag,systemFlag,ft,lt,fu,lu) values('4028810028a8ef8f0128a8f1207604f1','40288100288c226801288c2987e90001','4028810028a8ef8f0128a8f117db046e','341800','',null,null,'1',null,null,null,null,null,null);
insert into bd_dictionaryvalue(id,id_dictionary,id_parent,code,value,num,description,enableFlag,editableFlag,systemFlag,ft,lt,fu,lu) values('4028810028a8ef8f0128a8f1208604f2','40288100288c226801288c2987e90001','4028810028a8ef8f0128a8f1207604f1','341801','',null,null,'1',null,null,null,null,null,null);
insert into bd_dictionaryvalue(id,id_dictionary,id_parent,code,value,num,description,enableFlag,editableFlag,systemFlag,ft,lt,fu,lu) values('4028810028a8ef8f0128a8f1209504f3','40288100288c226801288c2987e90001','4028810028a8ef8f0128a8f1207604f1','341802','',null,null,'1',null,null,null,null,null,null);
insert into bd_dictionaryvalue(id,id_dictionary,id_parent,code,value,num,description,enableFlag,editableFlag,systemFlag,ft,lt,fu,lu) values('4028810028a8ef8f0128a8f120b504f4','40288100288c226801288c2987e90001','4028810028a8ef8f0128a8f1207604f1','341821','',null,null,'1',null,null,null,null,null,null);
insert into bd_dictionaryvalue(id,id_dictionary,id_parent,code,value,num,description,enableFlag,editableFlag,systemFlag,ft,lt,fu,lu) values('4028810028a8ef8f0128a8f120c404f5','40288100288c226801288c2987e90001','4028810028a8ef8f0128a8f1207604f1','341822','',null,null,'1',null,null,null,null,null,null);
insert into bd_dictionaryvalue(id,id_dictionary,id_parent,code,value,num,description,enableFlag,editableFlag,systemFlag,ft,lt,fu,lu) values('4028810028a8ef8f0128a8f120d404f6','40288100288c226801288c2987e90001','4028810028a8ef8f0128a8f1207604f1','341823','',null,null,'1',null,null,null,null,null,null);
insert into bd_dictionaryvalue(id,id_dictionary,id_parent,code,value,num,description,enableFlag,editableFlag,systemFlag,ft,lt,fu,lu) values('4028810028a8ef8f0128a8f120e404f7','40288100288c226801288c2987e90001','4028810028a8ef8f0128a8f1207604f1','341824','',null,null,'1',null,null,null,null,null,null);
insert into bd_dictionaryvalue(id,id_dictionary,id_parent,code,value,num,description,enableFlag,editableFlag,systemFlag,ft,lt,fu,lu) values('4028810028a8ef8f0128a8f120f304f8','40288100288c226801288c2987e90001','4028810028a8ef8f0128a8f1207604f1','341825','',null,null,'1',null,null,null,null,null,null);
insert into bd_dictionaryvalue(id,id_dictionary,id_parent,code,value,num,description,enableFlag,editableFlag,systemFlag,ft,lt,fu,lu) values('4028810028a8ef8f0128a8f1210304f9','40288100288c226801288c2987e90001','4028810028a8ef8f0128a8f1207604f1','341881','',null,null,'1',null,null,null,null,null,null);
insert into bd_dictionaryvalue(id,id_dictionary,id_parent,code,value,num,description,enableFlag,editableFlag,systemFlag,ft,lt,fu,lu) values('4028810028a8ef8f0128a8f1211204fa','40288100288c226801288c2987e90001',null,'350000','',null,null,'1',null,null,null,null,null,null);
insert into bd_dictionaryvalue(id,id_dictionary,id_parent,code,value,num,description,enableFlag,editableFlag,systemFlag,ft,lt,fu,lu) values('4028810028a8ef8f0128a8f1213204fb','40288100288c226801288c2987e90001','4028810028a8ef8f0128a8f1211204fa','350100','',null,null,'1',null,null,null,null,null,null);
insert into bd_dictionaryvalue(id,id_dictionary,id_parent,code,value,num,description,enableFlag,editableFlag,systemFlag,ft,lt,fu,lu) values('4028810028a8ef8f0128a8f1214104fc','40288100288c226801288c2987e90001','4028810028a8ef8f0128a8f1213204fb','350101','',null,null,'1',null,null,null,null,null,null);
insert into bd_dictionaryvalue(id,id_dictionary,id_parent,code,value,num,description,enableFlag,editableFlag,systemFlag,ft,lt,fu,lu) values('4028810028a8ef8f0128a8f1215104fd','40288100288c226801288c2987e90001','4028810028a8ef8f0128a8f1213204fb','350102','',null,null,'1',null,null,null,null,null,null);
insert into bd_dictionaryvalue(id,id_dictionary,id_parent,code,value,num,description,enableFlag,editableFlag,systemFlag,ft,lt,fu,lu) values('4028810028a8ef8f0128a8f1216104fe','40288100288c226801288c2987e90001','4028810028a8ef8f0128a8f1213204fb','350103','',null,null,'1',null,null,null,null,null,null);
insert into bd_dictionaryvalue(id,id_dictionary,id_parent,code,value,num,description,enableFlag,editableFlag,systemFlag,ft,lt,fu,lu) values('4028810028a8ef8f0128a8f1217004ff','40288100288c226801288c2987e90001','4028810028a8ef8f0128a8f1213204fb','350104','',null,null,'1',null,null,null,null,null,null);
insert into bd_dictionaryvalue(id,id_dictionary,id_parent,code,value,num,description,enableFlag,editableFlag,systemFlag,ft,lt,fu,lu) values('4028810028a8ef8f0128a8f121800500','40288100288c226801288c2987e90001','4028810028a8ef8f0128a8f1213204fb','350105','',null,null,'1',null,null,null,null,null,null);
insert into bd_dictionaryvalue(id,id_dictionary,id_parent,code,value,num,description,enableFlag,editableFlag,systemFlag,ft,lt,fu,lu) values('4028810028a8ef8f0128a8f1218f0501','40288100288c226801288c2987e90001','4028810028a8ef8f0128a8f1213204fb','350111','',null,null,'1',null,null,null,null,null,null);
insert into bd_dictionaryvalue(id,id_dictionary,id_parent,code,value,num,description,enableFlag,editableFlag,systemFlag,ft,lt,fu,lu) values('4028810028a8ef8f0128a8f1219f0502','40288100288c226801288c2987e90001','4028810028a8ef8f0128a8f1213204fb','350121','',null,null,'1',null,null,null,null,null,null);
insert into bd_dictionaryvalue(id,id_dictionary,id_parent,code,value,num,description,enableFlag,editableFlag,systemFlag,ft,lt,fu,lu) values('4028810028a8ef8f0128a8f121af0503','40288100288c226801288c2987e90001','4028810028a8ef8f0128a8f1213204fb','350122','',null,null,'1',null,null,null,null,null,null);
insert into bd_dictionaryvalue(id,id_dictionary,id_parent,code,value,num,description,enableFlag,editableFlag,systemFlag,ft,lt,fu,lu) values('4028810028a8ef8f0128a8f121ce0504','40288100288c226801288c2987e90001','4028810028a8ef8f0128a8f1213204fb','350123','',null,null,'1',null,null,null,null,null,null);
insert into bd_dictionaryvalue(id,id_dictionary,id_parent,code,value,num,description,enableFlag,editableFlag,systemFlag,ft,lt,fu,lu) values('4028810028a8ef8f0128a8f121de0505','40288100288c226801288c2987e90001','4028810028a8ef8f0128a8f1213204fb','350124','',null,null,'1',null,null,null,null,null,null);
insert into bd_dictionaryvalue(id,id_dictionary,id_parent,code,value,num,description,enableFlag,editableFlag,systemFlag,ft,lt,fu,lu) values('4028810028a8ef8f0128a8f121ed0506','40288100288c226801288c2987e90001','4028810028a8ef8f0128a8f1213204fb','350125','',null,null,'1',null,null,null,null,null,null);
insert into bd_dictionaryvalue(id,id_dictionary,id_parent,code,value,num,description,enableFlag,editableFlag,systemFlag,ft,lt,fu,lu) values('4028810028a8ef8f0128a8f121fd0507','40288100288c226801288c2987e90001','4028810028a8ef8f0128a8f1213204fb','350128','',null,null,'1',null,null,null,null,null,null);
insert into bd_dictionaryvalue(id,id_dictionary,id_parent,code,value,num,description,enableFlag,editableFlag,systemFlag,ft,lt,fu,lu) values('4028810028a8ef8f0128a8f1220c0508','40288100288c226801288c2987e90001','4028810028a8ef8f0128a8f1213204fb','350181','',null,null,'1',null,null,null,null,null,null);
insert into bd_dictionaryvalue(id,id_dictionary,id_parent,code,value,num,description,enableFlag,editableFlag,systemFlag,ft,lt,fu,lu) values('4028810028a8ef8f0128a8f1221c0509','40288100288c226801288c2987e90001','4028810028a8ef8f0128a8f1213204fb','350182','',null,null,'1',null,null,null,null,null,null);
insert into bd_dictionaryvalue(id,id_dictionary,id_parent,code,value,num,description,enableFlag,editableFlag,systemFlag,ft,lt,fu,lu) values('4028810028a8ef8f0128a8f1222c050a','40288100288c226801288c2987e90001','4028810028a8ef8f0128a8f1211204fa','350200','',null,null,'1',null,null,null,null,null,null);
insert into bd_dictionaryvalue(id,id_dictionary,id_parent,code,value,num,description,enableFlag,editableFlag,systemFlag,ft,lt,fu,lu) values('4028810028a8ef8f0128a8f1223b050b','40288100288c226801288c2987e90001','4028810028a8ef8f0128a8f1222c050a','350201','',null,null,'1',null,null,null,null,null,null);
insert into bd_dictionaryvalue(id,id_dictionary,id_parent,code,value,num,description,enableFlag,editableFlag,systemFlag,ft,lt,fu,lu) values('4028810028a8ef8f0128a8f1224b050c','40288100288c226801288c2987e90001','4028810028a8ef8f0128a8f1222c050a','350202','',null,null,'1',null,null,null,null,null,null);
insert into bd_dictionaryvalue(id,id_dictionary,id_parent,code,value,num,description,enableFlag,editableFlag,systemFlag,ft,lt,fu,lu) values('4028810028a8ef8f0128a8f1225b050d','40288100288c226801288c2987e90001','4028810028a8ef8f0128a8f1222c050a','350203','',null,null,'1',null,null,null,null,null,null);
insert into bd_dictionaryvalue(id,id_dictionary,id_parent,code,value,num,description,enableFlag,editableFlag,systemFlag,ft,lt,fu,lu) values('4028810028a8ef8f0128a8f1227a050e','40288100288c226801288c2987e90001','4028810028a8ef8f0128a8f1222c050a','350204','',null,null,'1',null,null,null,null,null,null);
insert into bd_dictionaryvalue(id,id_dictionary,id_parent,code,value,num,description,enableFlag,editableFlag,systemFlag,ft,lt,fu,lu) values('4028810028a8ef8f0128a8f12289050f','40288100288c226801288c2987e90001','4028810028a8ef8f0128a8f1222c050a','350205','',null,null,'1',null,null,null,null,null,null);
insert into bd_dictionaryvalue(id,id_dictionary,id_parent,code,value,num,description,enableFlag,editableFlag,systemFlag,ft,lt,fu,lu) values('4028810028a8ef8f0128a8f122990510','40288100288c226801288c2987e90001','4028810028a8ef8f0128a8f1222c050a','350206','',null,null,'1',null,null,null,null,null,null);
insert into bd_dictionaryvalue(id,id_dictionary,id_parent,code,value,num,description,enableFlag,editableFlag,systemFlag,ft,lt,fu,lu) values('4028810028a8ef8f0128a8f122a90511','40288100288c226801288c2987e90001','4028810028a8ef8f0128a8f1222c050a','350211','',null,null,'1',null,null,null,null,null,null);
insert into bd_dictionaryvalue(id,id_dictionary,id_parent,code,value,num,description,enableFlag,editableFlag,systemFlag,ft,lt,fu,lu) values('4028810028a8ef8f0128a8f122b80512','40288100288c226801288c2987e90001','4028810028a8ef8f0128a8f1222c050a','350212','',null,null,'1',null,null,null,null,null,null);
insert into bd_dictionaryvalue(id,id_dictionary,id_parent,code,value,num,description,enableFlag,editableFlag,systemFlag,ft,lt,fu,lu) values('4028810028a8ef8f0128a8f122c80513','40288100288c226801288c2987e90001','4028810028a8ef8f0128a8f1211204fa','350300','',null,null,'1',null,null,null,null,null,null);
insert into bd_dictionaryvalue(id,id_dictionary,id_parent,code,value,num,description,enableFlag,editableFlag,systemFlag,ft,lt,fu,lu) values('4028810028a8ef8f0128a8f122d80514','40288100288c226801288c2987e90001','4028810028a8ef8f0128a8f122c80513','350301','',null,null,'1',null,null,null,null,null,null);
insert into bd_dictionaryvalue(id,id_dictionary,id_parent,code,value,num,description,enableFlag,editableFlag,systemFlag,ft,lt,fu,lu) values('4028810028a8ef8f0128a8f122e70515','40288100288c226801288c2987e90001','4028810028a8ef8f0128a8f122c80513','350302','',null,null,'1',null,null,null,null,null,null);
insert into bd_dictionaryvalue(id,id_dictionary,id_parent,code,value,num,description,enableFlag,editableFlag,systemFlag,ft,lt,fu,lu) values('4028810028a8ef8f0128a8f122f70516','40288100288c226801288c2987e90001','4028810028a8ef8f0128a8f122c80513','350303','',null,null,'1',null,null,null,null,null,null);
insert into bd_dictionaryvalue(id,id_dictionary,id_parent,code,value,num,description,enableFlag,editableFlag,systemFlag,ft,lt,fu,lu) values('4028810028a8ef8f0128a8f123060517','40288100288c226801288c2987e90001','4028810028a8ef8f0128a8f122c80513','350321','',null,null,'1',null,null,null,null,null,null);
insert into bd_dictionaryvalue(id,id_dictionary,id_parent,code,value,num,description,enableFlag,editableFlag,systemFlag,ft,lt,fu,lu) values('4028810028a8ef8f0128a8f123160518','40288100288c226801288c2987e90001','4028810028a8ef8f0128a8f122c80513','350322','',null,null,'1',null,null,null,null,null,null);
insert into bd_dictionaryvalue(id,id_dictionary,id_parent,code,value,num,description,enableFlag,editableFlag,systemFlag,ft,lt,fu,lu) values('4028810028a8ef8f0128a8f123260519','40288100288c226801288c2987e90001','4028810028a8ef8f0128a8f1211204fa','350400','',null,null,'1',null,null,null,null,null,null);
insert into bd_dictionaryvalue(id,id_dictionary,id_parent,code,value,num,description,enableFlag,editableFlag,systemFlag,ft,lt,fu,lu) values('4028810028a8ef8f0128a8f12345051a','40288100288c226801288c2987e90001','4028810028a8ef8f0128a8f123260519','350401','',null,null,'1',null,null,null,null,null,null);
insert into bd_dictionaryvalue(id,id_dictionary,id_parent,code,value,num,description,enableFlag,editableFlag,systemFlag,ft,lt,fu,lu) values('4028810028a8ef8f0128a8f12355051b','40288100288c226801288c2987e90001','4028810028a8ef8f0128a8f123260519','350402','',null,null,'1',null,null,null,null,null,null);
insert into bd_dictionaryvalue(id,id_dictionary,id_parent,code,value,num,description,enableFlag,editableFlag,systemFlag,ft,lt,fu,lu) values('4028810028a8ef8f0128a8f12364051c','40288100288c226801288c2987e90001','4028810028a8ef8f0128a8f123260519','350403','',null,null,'1',null,null,null,null,null,null);
insert into bd_dictionaryvalue(id,id_dictionary,id_parent,code,value,num,description,enableFlag,editableFlag,systemFlag,ft,lt,fu,lu) values('4028810028a8ef8f0128a8f12374051d','40288100288c226801288c2987e90001','4028810028a8ef8f0128a8f123260519','350421','',null,null,'1',null,null,null,null,null,null);
insert into bd_dictionaryvalue(id,id_dictionary,id_parent,code,value,num,description,enableFlag,editableFlag,systemFlag,ft,lt,fu,lu) values('4028810028a8ef8f0128a8f12383051e','40288100288c226801288c2987e90001','4028810028a8ef8f0128a8f123260519','350423','',null,null,'1',null,null,null,null,null,null);
insert into bd_dictionaryvalue(id,id_dictionary,id_parent,code,value,num,description,enableFlag,editableFlag,systemFlag,ft,lt,fu,lu) values('4028810028a8ef8f0128a8f12393051f','40288100288c226801288c2987e90001','4028810028a8ef8f0128a8f123260519','350424','',null,null,'1',null,null,null,null,null,null);
insert into bd_dictionaryvalue(id,id_dictionary,id_parent,code,value,num,description,enableFlag,editableFlag,systemFlag,ft,lt,fu,lu) values('4028810028a8ef8f0128a8f123a30520','40288100288c226801288c2987e90001','4028810028a8ef8f0128a8f123260519','350425','',null,null,'1',null,null,null,null,null,null);
insert into bd_dictionaryvalue(id,id_dictionary,id_parent,code,value,num,description,enableFlag,editableFlag,systemFlag,ft,lt,fu,lu) values('4028810028a8ef8f0128a8f123b20521','40288100288c226801288c2987e90001','4028810028a8ef8f0128a8f123260519','350426','',null,null,'1',null,null,null,null,null,null);
insert into bd_dictionaryvalue(id,id_dictionary,id_parent,code,value,num,description,enableFlag,editableFlag,systemFlag,ft,lt,fu,lu) values('4028810028a8ef8f0128a8f123c20522','40288100288c226801288c2987e90001','4028810028a8ef8f0128a8f123260519','350427','',null,null,'1',null,null,null,null,null,null);
insert into bd_dictionaryvalue(id,id_dictionary,id_parent,code,value,num,description,enableFlag,editableFlag,systemFlag,ft,lt,fu,lu) values('4028810028a8ef8f0128a8f123d20523','40288100288c226801288c2987e90001','4028810028a8ef8f0128a8f123260519','350428','',null,null,'1',null,null,null,null,null,null);
insert into bd_dictionaryvalue(id,id_dictionary,id_parent,code,value,num,description,enableFlag,editableFlag,systemFlag,ft,lt,fu,lu) values('4028810028a8ef8f0128a8f123e10524','40288100288c226801288c2987e90001','4028810028a8ef8f0128a8f123260519','350429','',null,null,'1',null,null,null,null,null,null);
insert into bd_dictionaryvalue(id,id_dictionary,id_parent,code,value,num,description,enableFlag,editableFlag,systemFlag,ft,lt,fu,lu) values('4028810028a8ef8f0128a8f123f10525','40288100288c226801288c2987e90001','4028810028a8ef8f0128a8f123260519','350430','',null,null,'1',null,null,null,null,null,null);
insert into bd_dictionaryvalue(id,id_dictionary,id_parent,code,value,num,description,enableFlag,editableFlag,systemFlag,ft,lt,fu,lu) values('4028810028a8ef8f0128a8f124100526','40288100288c226801288c2987e90001','4028810028a8ef8f0128a8f123260519','350481','',null,null,'1',null,null,null,null,null,null);
insert into bd_dictionaryvalue(id,id_dictionary,id_parent,code,value,num,description,enableFlag,editableFlag,systemFlag,ft,lt,fu,lu) values('4028810028a8ef8f0128a8f124200527','40288100288c226801288c2987e90001','4028810028a8ef8f0128a8f1211204fa','350500','',null,null,'1',null,null,null,null,null,null);
insert into bd_dictionaryvalue(id,id_dictionary,id_parent,code,value,num,description,enableFlag,editableFlag,systemFlag,ft,lt,fu,lu) values('4028810028a8ef8f0128a8f1242f0528','40288100288c226801288c2987e90001','4028810028a8ef8f0128a8f124200527','350501','',null,null,'1',null,null,null,null,null,null);
insert into bd_dictionaryvalue(id,id_dictionary,id_parent,code,value,num,description,enableFlag,editableFlag,systemFlag,ft,lt,fu,lu) values('4028810028a8ef8f0128a8f1243f0529','40288100288c226801288c2987e90001','4028810028a8ef8f0128a8f124200527','350502','',null,null,'1',null,null,null,null,null,null);
insert into bd_dictionaryvalue(id,id_dictionary,id_parent,code,value,num,description,enableFlag,editableFlag,systemFlag,ft,lt,fu,lu) values('4028810028a8ef8f0128a8f1244f052a','40288100288c226801288c2987e90001','4028810028a8ef8f0128a8f124200527','350503','',null,null,'1',null,null,null,null,null,null);
insert into bd_dictionaryvalue(id,id_dictionary,id_parent,code,value,num,description,enableFlag,editableFlag,systemFlag,ft,lt,fu,lu) values('4028810028a8ef8f0128a8f1245e052b','40288100288c226801288c2987e90001','4028810028a8ef8f0128a8f124200527','350504','',null,null,'1',null,null,null,null,null,null);
insert into bd_dictionaryvalue(id,id_dictionary,id_parent,code,value,num,description,enableFlag,editableFlag,systemFlag,ft,lt,fu,lu) values('4028810028a8ef8f0128a8f1246e052c','40288100288c226801288c2987e90001','4028810028a8ef8f0128a8f124200527','350505','',null,null,'1',null,null,null,null,null,null);
insert into bd_dictionaryvalue(id,id_dictionary,id_parent,code,value,num,description,enableFlag,editableFlag,systemFlag,ft,lt,fu,lu) values('4028810028a8ef8f0128a8f1247d052d','40288100288c226801288c2987e90001','4028810028a8ef8f0128a8f124200527','350521','',null,null,'1',null,null,null,null,null,null);
insert into bd_dictionaryvalue(id,id_dictionary,id_parent,code,value,num,description,enableFlag,editableFlag,systemFlag,ft,lt,fu,lu) values('4028810028a8ef8f0128a8f1249d052e','40288100288c226801288c2987e90001','4028810028a8ef8f0128a8f124200527','350524','',null,null,'1',null,null,null,null,null,null);
insert into bd_dictionaryvalue(id,id_dictionary,id_parent,code,value,num,description,enableFlag,editableFlag,systemFlag,ft,lt,fu,lu) values('4028810028a8ef8f0128a8f124ac052f','40288100288c226801288c2987e90001','4028810028a8ef8f0128a8f124200527','350525','',null,null,'1',null,null,null,null,null,null);
insert into bd_dictionaryvalue(id,id_dictionary,id_parent,code,value,num,description,enableFlag,editableFlag,systemFlag,ft,lt,fu,lu) values('4028810028a8ef8f0128a8f124bc0530','40288100288c226801288c2987e90001','4028810028a8ef8f0128a8f124200527','350526','',null,null,'1',null,null,null,null,null,null);
insert into bd_dictionaryvalue(id,id_dictionary,id_parent,code,value,num,description,enableFlag,editableFlag,systemFlag,ft,lt,fu,lu) values('4028810028a8ef8f0128a8f124cc0531','40288100288c226801288c2987e90001','4028810028a8ef8f0128a8f124200527','350527','',null,null,'1',null,null,null,null,null,null);
insert into bd_dictionaryvalue(id,id_dictionary,id_parent,code,value,num,description,enableFlag,editableFlag,systemFlag,ft,lt,fu,lu) values('4028810028a8ef8f0128a8f124eb0532','40288100288c226801288c2987e90001','4028810028a8ef8f0128a8f124200527','350581','',null,null,'1',null,null,null,null,null,null);
insert into bd_dictionaryvalue(id,id_dictionary,id_parent,code,value,num,description,enableFlag,editableFlag,systemFlag,ft,lt,fu,lu) values('4028810028a8ef8f0128a8f124fa0533','40288100288c226801288c2987e90001','4028810028a8ef8f0128a8f124200527','350582','',null,null,'1',null,null,null,null,null,null);
insert into bd_dictionaryvalue(id,id_dictionary,id_parent,code,value,num,description,enableFlag,editableFlag,systemFlag,ft,lt,fu,lu) values('4028810028a8ef8f0128a8f1250a0534','40288100288c226801288c2987e90001','4028810028a8ef8f0128a8f124200527','350583','',null,null,'1',null,null,null,null,null,null);
insert into bd_dictionaryvalue(id,id_dictionary,id_parent,code,value,num,description,enableFlag,editableFlag,systemFlag,ft,lt,fu,lu) values('4028810028a8ef8f0128a8f1251a0535','40288100288c226801288c2987e90001','4028810028a8ef8f0128a8f1211204fa','350600','',null,null,'1',null,null,null,null,null,null);
insert into bd_dictionaryvalue(id,id_dictionary,id_parent,code,value,num,description,enableFlag,editableFlag,systemFlag,ft,lt,fu,lu) values('4028810028a8ef8f0128a8f125290536','40288100288c226801288c2987e90001','4028810028a8ef8f0128a8f1251a0535','350601','',null,null,'1',null,null,null,null,null,null);
insert into bd_dictionaryvalue(id,id_dictionary,id_parent,code,value,num,description,enableFlag,editableFlag,systemFlag,ft,lt,fu,lu) values('4028810028a8ef8f0128a8f125390537','40288100288c226801288c2987e90001','4028810028a8ef8f0128a8f1251a0535','350602','',null,null,'1',null,null,null,null,null,null);
insert into bd_dictionaryvalue(id,id_dictionary,id_parent,code,value,num,description,enableFlag,editableFlag,systemFlag,ft,lt,fu,lu) values('4028810028a8ef8f0128a8f125490538','40288100288c226801288c2987e90001','4028810028a8ef8f0128a8f1251a0535','350603','',null,null,'1',null,null,null,null,null,null);
insert into bd_dictionaryvalue(id,id_dictionary,id_parent,code,value,num,description,enableFlag,editableFlag,systemFlag,ft,lt,fu,lu) values('4028810028a8ef8f0128a8f125580539','40288100288c226801288c2987e90001','4028810028a8ef8f0128a8f1251a0535','350622','',null,null,'1',null,null,null,null,null,null);
insert into bd_dictionaryvalue(id,id_dictionary,id_parent,code,value,num,description,enableFlag,editableFlag,systemFlag,ft,lt,fu,lu) values('4028810028a8ef8f0128a8f12568053a','40288100288c226801288c2987e90001','4028810028a8ef8f0128a8f1251a0535','350623','',null,null,'1',null,null,null,null,null,null);
insert into bd_dictionaryvalue(id,id_dictionary,id_parent,code,value,num,description,enableFlag,editableFlag,systemFlag,ft,lt,fu,lu) values('4028810028a8ef8f0128a8f12577053b','40288100288c226801288c2987e90001','4028810028a8ef8f0128a8f1251a0535','350624','',null,null,'1',null,null,null,null,null,null);
insert into bd_dictionaryvalue(id,id_dictionary,id_parent,code,value,num,description,enableFlag,editableFlag,systemFlag,ft,lt,fu,lu) values('4028810028a8ef8f0128a8f12597053c','40288100288c226801288c2987e90001','4028810028a8ef8f0128a8f1251a0535','350625','',null,null,'1',null,null,null,null,null,null);
insert into bd_dictionaryvalue(id,id_dictionary,id_parent,code,value,num,description,enableFlag,editableFlag,systemFlag,ft,lt,fu,lu) values('4028810028a8ef8f0128a8f125a6053d','40288100288c226801288c2987e90001','4028810028a8ef8f0128a8f1251a0535','350626','',null,null,'1',null,null,null,null,null,null);
insert into bd_dictionaryvalue(id,id_dictionary,id_parent,code,value,num,description,enableFlag,editableFlag,systemFlag,ft,lt,fu,lu) values('4028810028a8ef8f0128a8f125b6053e','40288100288c226801288c2987e90001','4028810028a8ef8f0128a8f1251a0535','350627','',null,null,'1',null,null,null,null,null,null);
insert into bd_dictionaryvalue(id,id_dictionary,id_parent,code,value,num,description,enableFlag,editableFlag,systemFlag,ft,lt,fu,lu) values('4028810028a8ef8f0128a8f125c6053f','40288100288c226801288c2987e90001','4028810028a8ef8f0128a8f1251a0535','350628','',null,null,'1',null,null,null,null,null,null);
insert into bd_dictionaryvalue(id,id_dictionary,id_parent,code,value,num,description,enableFlag,editableFlag,systemFlag,ft,lt,fu,lu) values('4028810028a8ef8f0128a8f125d50540','40288100288c226801288c2987e90001','4028810028a8ef8f0128a8f1251a0535','350629','',null,null,'1',null,null,null,null,null,null);
insert into bd_dictionaryvalue(id,id_dictionary,id_parent,code,value,num,description,enableFlag,editableFlag,systemFlag,ft,lt,fu,lu) values('4028810028a8ef8f0128a8f125e50541','40288100288c226801288c2987e90001','4028810028a8ef8f0128a8f1251a0535','350681','',null,null,'1',null,null,null,null,null,null);
insert into bd_dictionaryvalue(id,id_dictionary,id_parent,code,value,num,description,enableFlag,editableFlag,systemFlag,ft,lt,fu,lu) values('4028810028a8ef8f0128a8f125f40542','40288100288c226801288c2987e90001','4028810028a8ef8f0128a8f1211204fa','350700','',null,null,'1',null,null,null,null,null,null);
insert into bd_dictionaryvalue(id,id_dictionary,id_parent,code,value,num,description,enableFlag,editableFlag,systemFlag,ft,lt,fu,lu) values('4028810028a8ef8f0128a8f126140543','40288100288c226801288c2987e90001','4028810028a8ef8f0128a8f125f40542','350701','',null,null,'1',null,null,null,null,null,null);
insert into bd_dictionaryvalue(id,id_dictionary,id_parent,code,value,num,description,enableFlag,editableFlag,systemFlag,ft,lt,fu,lu) values('4028810028a8ef8f0128a8f126230544','40288100288c226801288c2987e90001','4028810028a8ef8f0128a8f125f40542','350702','',null,null,'1',null,null,null,null,null,null);
insert into bd_dictionaryvalue(id,id_dictionary,id_parent,code,value,num,description,enableFlag,editableFlag,systemFlag,ft,lt,fu,lu) values('4028810028a8ef8f0128a8f126330545','40288100288c226801288c2987e90001','4028810028a8ef8f0128a8f125f40542','350721','',null,null,'1',null,null,null,null,null,null);
insert into bd_dictionaryvalue(id,id_dictionary,id_parent,code,value,num,description,enableFlag,editableFlag,systemFlag,ft,lt,fu,lu) values('4028810028a8ef8f0128a8f126430546','40288100288c226801288c2987e90001','4028810028a8ef8f0128a8f125f40542','350722','',null,null,'1',null,null,null,null,null,null);
insert into bd_dictionaryvalue(id,id_dictionary,id_parent,code,value,num,description,enableFlag,editableFlag,systemFlag,ft,lt,fu,lu) values('4028810028a8ef8f0128a8f126520547','40288100288c226801288c2987e90001','4028810028a8ef8f0128a8f125f40542','350723','',null,null,'1',null,null,null,null,null,null);
insert into bd_dictionaryvalue(id,id_dictionary,id_parent,code,value,num,description,enableFlag,editableFlag,systemFlag,ft,lt,fu,lu) values('4028810028a8ef8f0128a8f126620548','40288100288c226801288c2987e90001','4028810028a8ef8f0128a8f125f40542','350724','',null,null,'1',null,null,null,null,null,null);
insert into bd_dictionaryvalue(id,id_dictionary,id_parent,code,value,num,description,enableFlag,editableFlag,systemFlag,ft,lt,fu,lu) values('4028810028a8ef8f0128a8f126710549','40288100288c226801288c2987e90001','4028810028a8ef8f0128a8f125f40542','350725','',null,null,'1',null,null,null,null,null,null);
insert into bd_dictionaryvalue(id,id_dictionary,id_parent,code,value,num,description,enableFlag,editableFlag,systemFlag,ft,lt,fu,lu) values('4028810028a8ef8f0128a8f12681054a','40288100288c226801288c2987e90001','4028810028a8ef8f0128a8f125f40542','350781','',null,null,'1',null,null,null,null,null,null);
insert into bd_dictionaryvalue(id,id_dictionary,id_parent,code,value,num,description,enableFlag,editableFlag,systemFlag,ft,lt,fu,lu) values('4028810028a8ef8f0128a8f126a0054b','40288100288c226801288c2987e90001','4028810028a8ef8f0128a8f125f40542','350782','',null,null,'1',null,null,null,null,null,null);
insert into bd_dictionaryvalue(id,id_dictionary,id_parent,code,value,num,description,enableFlag,editableFlag,systemFlag,ft,lt,fu,lu) values('4028810028a8ef8f0128a8f126b0054c','40288100288c226801288c2987e90001','4028810028a8ef8f0128a8f125f40542','350783','',null,null,'1',null,null,null,null,null,null);
insert into bd_dictionaryvalue(id,id_dictionary,id_parent,code,value,num,description,enableFlag,editableFlag,systemFlag,ft,lt,fu,lu) values('4028810028a8ef8f0128a8f126c0054d','40288100288c226801288c2987e90001','4028810028a8ef8f0128a8f125f40542','350784','',null,null,'1',null,null,null,null,null,null);
insert into bd_dictionaryvalue(id,id_dictionary,id_parent,code,value,num,description,enableFlag,editableFlag,systemFlag,ft,lt,fu,lu) values('4028810028a8ef8f0128a8f126cf054e','40288100288c226801288c2987e90001','4028810028a8ef8f0128a8f1211204fa','350800','',null,null,'1',null,null,null,null,null,null);
insert into bd_dictionaryvalue(id,id_dictionary,id_parent,code,value,num,description,enableFlag,editableFlag,systemFlag,ft,lt,fu,lu) values('4028810028a8ef8f0128a8f126df054f','40288100288c226801288c2987e90001','4028810028a8ef8f0128a8f126cf054e','350801','',null,null,'1',null,null,null,null,null,null);
insert into bd_dictionaryvalue(id,id_dictionary,id_parent,code,value,num,description,enableFlag,editableFlag,systemFlag,ft,lt,fu,lu) values('4028810028a8ef8f0128a8f126ee0550','40288100288c226801288c2987e90001','4028810028a8ef8f0128a8f126cf054e','350802','',null,null,'1',null,null,null,null,null,null);
insert into bd_dictionaryvalue(id,id_dictionary,id_parent,code,value,num,description,enableFlag,editableFlag,systemFlag,ft,lt,fu,lu) values('4028810028a8ef8f0128a8f126fe0551','40288100288c226801288c2987e90001','4028810028a8ef8f0128a8f126cf054e','350821','',null,null,'1',null,null,null,null,null,null);
insert into bd_dictionaryvalue(id,id_dictionary,id_parent,code,value,num,description,enableFlag,editableFlag,systemFlag,ft,lt,fu,lu) values('4028810028a8ef8f0128a8f1270e0552','40288100288c226801288c2987e90001','4028810028a8ef8f0128a8f126cf054e','350822','',null,null,'1',null,null,null,null,null,null);
insert into bd_dictionaryvalue(id,id_dictionary,id_parent,code,value,num,description,enableFlag,editableFlag,systemFlag,ft,lt,fu,lu) values('4028810028a8ef8f0128a8f1272d0553','40288100288c226801288c2987e90001','4028810028a8ef8f0128a8f126cf054e','350823','',null,null,'1',null,null,null,null,null,null);
insert into bd_dictionaryvalue(id,id_dictionary,id_parent,code,value,num,description,enableFlag,editableFlag,systemFlag,ft,lt,fu,lu) values('4028810028a8ef8f0128a8f1273d0554','40288100288c226801288c2987e90001','4028810028a8ef8f0128a8f126cf054e','350824','',null,null,'1',null,null,null,null,null,null);
insert into bd_dictionaryvalue(id,id_dictionary,id_parent,code,value,num,description,enableFlag,editableFlag,systemFlag,ft,lt,fu,lu) values('4028810028a8ef8f0128a8f1274c0555','40288100288c226801288c2987e90001','4028810028a8ef8f0128a8f126cf054e','350825','',null,null,'1',null,null,null,null,null,null);
insert into bd_dictionaryvalue(id,id_dictionary,id_parent,code,value,num,description,enableFlag,editableFlag,systemFlag,ft,lt,fu,lu) values('4028810028a8ef8f0128a8f1275c0556','40288100288c226801288c2987e90001','4028810028a8ef8f0128a8f126cf054e','350881','',null,null,'1',null,null,null,null,null,null);
insert into bd_dictionaryvalue(id,id_dictionary,id_parent,code,value,num,description,enableFlag,editableFlag,systemFlag,ft,lt,fu,lu) values('4028810028a8ef8f0128a8f1276b0557','40288100288c226801288c2987e90001','4028810028a8ef8f0128a8f1211204fa','350900','',null,null,'1',null,null,null,null,null,null);
insert into bd_dictionaryvalue(id,id_dictionary,id_parent,code,value,num,description,enableFlag,editableFlag,systemFlag,ft,lt,fu,lu) values('4028810028a8ef8f0128a8f1277b0558','40288100288c226801288c2987e90001','4028810028a8ef8f0128a8f1276b0557','350901','',null,null,'1',null,null,null,null,null,null);
insert into bd_dictionaryvalue(id,id_dictionary,id_parent,code,value,num,description,enableFlag,editableFlag,systemFlag,ft,lt,fu,lu) values('4028810028a8ef8f0128a8f1278b0559','40288100288c226801288c2987e90001','4028810028a8ef8f0128a8f1276b0557','350902','',null,null,'1',null,null,null,null,null,null);
insert into bd_dictionaryvalue(id,id_dictionary,id_parent,code,value,num,description,enableFlag,editableFlag,systemFlag,ft,lt,fu,lu) values('4028810028a8ef8f0128a8f1279a055a','40288100288c226801288c2987e90001','4028810028a8ef8f0128a8f1276b0557','350921','',null,null,'1',null,null,null,null,null,null);
insert into bd_dictionaryvalue(id,id_dictionary,id_parent,code,value,num,description,enableFlag,editableFlag,systemFlag,ft,lt,fu,lu) values('4028810028a8ef8f0128a8f127ba055b','40288100288c226801288c2987e90001','4028810028a8ef8f0128a8f1276b0557','350922','',null,null,'1',null,null,null,null,null,null);
insert into bd_dictionaryvalue(id,id_dictionary,id_parent,code,value,num,description,enableFlag,editableFlag,systemFlag,ft,lt,fu,lu) values('4028810028a8ef8f0128a8f127c9055c','40288100288c226801288c2987e90001','4028810028a8ef8f0128a8f1276b0557','350923','',null,null,'1',null,null,null,null,null,null);
insert into bd_dictionaryvalue(id,id_dictionary,id_parent,code,value,num,description,enableFlag,editableFlag,systemFlag,ft,lt,fu,lu) values('4028810028a8ef8f0128a8f127d9055d','40288100288c226801288c2987e90001','4028810028a8ef8f0128a8f1276b0557','350924','',null,null,'1',null,null,null,null,null,null);
insert into bd_dictionaryvalue(id,id_dictionary,id_parent,code,value,num,description,enableFlag,editableFlag,systemFlag,ft,lt,fu,lu) values('4028810028a8ef8f0128a8f127e8055e','40288100288c226801288c2987e90001','4028810028a8ef8f0128a8f1276b0557','350925','',null,null,'1',null,null,null,null,null,null);
insert into bd_dictionaryvalue(id,id_dictionary,id_parent,code,value,num,description,enableFlag,editableFlag,systemFlag,ft,lt,fu,lu) values('4028810028a8ef8f0128a8f127f8055f','40288100288c226801288c2987e90001','4028810028a8ef8f0128a8f1276b0557','350926','',null,null,'1',null,null,null,null,null,null);
insert into bd_dictionaryvalue(id,id_dictionary,id_parent,code,value,num,description,enableFlag,editableFlag,systemFlag,ft,lt,fu,lu) values('4028810028a8ef8f0128a8f128080560','40288100288c226801288c2987e90001','4028810028a8ef8f0128a8f1276b0557','350981','',null,null,'1',null,null,null,null,null,null);
insert into bd_dictionaryvalue(id,id_dictionary,id_parent,code,value,num,description,enableFlag,editableFlag,systemFlag,ft,lt,fu,lu) values('4028810028a8ef8f0128a8f128170561','40288100288c226801288c2987e90001','4028810028a8ef8f0128a8f1276b0557','350982','',null,null,'1',null,null,null,null,null,null);
insert into bd_dictionaryvalue(id,id_dictionary,id_parent,code,value,num,description,enableFlag,editableFlag,systemFlag,ft,lt,fu,lu) values('4028810028a8ef8f0128a8f128270562','40288100288c226801288c2987e90001',null,'360000','',null,null,'1',null,null,null,null,null,null);
insert into bd_dictionaryvalue(id,id_dictionary,id_parent,code,value,num,description,enableFlag,editableFlag,systemFlag,ft,lt,fu,lu) values('4028810028a8ef8f0128a8f128460563','40288100288c226801288c2987e90001','4028810028a8ef8f0128a8f128270562','360100','',null,null,'1',null,null,null,null,null,null);
insert into bd_dictionaryvalue(id,id_dictionary,id_parent,code,value,num,description,enableFlag,editableFlag,systemFlag,ft,lt,fu,lu) values('4028810028a8ef8f0128a8f128560564','40288100288c226801288c2987e90001','4028810028a8ef8f0128a8f128460563','360101','',null,null,'1',null,null,null,null,null,null);
insert into bd_dictionaryvalue(id,id_dictionary,id_parent,code,value,num,description,enableFlag,editableFlag,systemFlag,ft,lt,fu,lu) values('4028810028a8ef8f0128a8f128650565','40288100288c226801288c2987e90001','4028810028a8ef8f0128a8f128460563','360102','',null,null,'1',null,null,null,null,null,null);
insert into bd_dictionaryvalue(id,id_dictionary,id_parent,code,value,num,description,enableFlag,editableFlag,systemFlag,ft,lt,fu,lu) values('4028810028a8ef8f0128a8f128750566','40288100288c226801288c2987e90001','4028810028a8ef8f0128a8f128460563','360103','',null,null,'1',null,null,null,null,null,null);
insert into bd_dictionaryvalue(id,id_dictionary,id_parent,code,value,num,description,enableFlag,editableFlag,systemFlag,ft,lt,fu,lu) values('4028810028a8ef8f0128a8f128850567','40288100288c226801288c2987e90001','4028810028a8ef8f0128a8f128460563','360104','',null,null,'1',null,null,null,null,null,null);
insert into bd_dictionaryvalue(id,id_dictionary,id_parent,code,value,num,description,enableFlag,editableFlag,systemFlag,ft,lt,fu,lu) values('4028810028a8ef8f0128a8f128940568','40288100288c226801288c2987e90001','4028810028a8ef8f0128a8f128460563','360105','',null,null,'1',null,null,null,null,null,null);
insert into bd_dictionaryvalue(id,id_dictionary,id_parent,code,value,num,description,enableFlag,editableFlag,systemFlag,ft,lt,fu,lu) values('4028810028a8ef8f0128a8f128a40569','40288100288c226801288c2987e90001','4028810028a8ef8f0128a8f128460563','360111','',null,null,'1',null,null,null,null,null,null);
insert into bd_dictionaryvalue(id,id_dictionary,id_parent,code,value,num,description,enableFlag,editableFlag,systemFlag,ft,lt,fu,lu) values('4028810028a8ef8f0128a8f128c3056a','40288100288c226801288c2987e90001','4028810028a8ef8f0128a8f128460563','360121','',null,null,'1',null,null,null,null,null,null);
insert into bd_dictionaryvalue(id,id_dictionary,id_parent,code,value,num,description,enableFlag,editableFlag,systemFlag,ft,lt,fu,lu) values('4028810028a8ef8f0128a8f128d3056b','40288100288c226801288c2987e90001','4028810028a8ef8f0128a8f128460563','360122','',null,null,'1',null,null,null,null,null,null);
insert into bd_dictionaryvalue(id,id_dictionary,id_parent,code,value,num,description,enableFlag,editableFlag,systemFlag,ft,lt,fu,lu) values('4028810028a8ef8f0128a8f128e2056c','40288100288c226801288c2987e90001','4028810028a8ef8f0128a8f128460563','360123','',null,null,'1',null,null,null,null,null,null);
insert into bd_dictionaryvalue(id,id_dictionary,id_parent,code,value,num,description,enableFlag,editableFlag,systemFlag,ft,lt,fu,lu) values('4028810028a8ef8f0128a8f128f2056d','40288100288c226801288c2987e90001','4028810028a8ef8f0128a8f128460563','360124','',null,null,'1',null,null,null,null,null,null);
insert into bd_dictionaryvalue(id,id_dictionary,id_parent,code,value,num,description,enableFlag,editableFlag,systemFlag,ft,lt,fu,lu) values('4028810028a8ef8f0128a8f12911056e','40288100288c226801288c2987e90001','4028810028a8ef8f0128a8f128270562','360200','',null,null,'1',null,null,null,null,null,null);
insert into bd_dictionaryvalue(id,id_dictionary,id_parent,code,value,num,description,enableFlag,editableFlag,systemFlag,ft,lt,fu,lu) values('4028810028a8ef8f0128a8f12921056f','40288100288c226801288c2987e90001','4028810028a8ef8f0128a8f12911056e','360201','',null,null,'1',null,null,null,null,null,null);
insert into bd_dictionaryvalue(id,id_dictionary,id_parent,code,value,num,description,enableFlag,editableFlag,systemFlag,ft,lt,fu,lu) values('4028810028a8ef8f0128a8f129400570','40288100288c226801288c2987e90001','4028810028a8ef8f0128a8f12911056e','360202','',null,null,'1',null,null,null,null,null,null);
insert into bd_dictionaryvalue(id,id_dictionary,id_parent,code,value,num,description,enableFlag,editableFlag,systemFlag,ft,lt,fu,lu) values('4028810028a8ef8f0128a8f129500571','40288100288c226801288c2987e90001','4028810028a8ef8f0128a8f12911056e','360203','',null,null,'1',null,null,null,null,null,null);
insert into bd_dictionaryvalue(id,id_dictionary,id_parent,code,value,num,description,enableFlag,editableFlag,systemFlag,ft,lt,fu,lu) values('4028810028a8ef8f0128a8f1295f0572','40288100288c226801288c2987e90001','4028810028a8ef8f0128a8f12911056e','360222','',null,null,'1',null,null,null,null,null,null);
insert into bd_dictionaryvalue(id,id_dictionary,id_parent,code,value,num,description,enableFlag,editableFlag,systemFlag,ft,lt,fu,lu) values('4028810028a8ef8f0128a8f1296f0573','40288100288c226801288c2987e90001','4028810028a8ef8f0128a8f12911056e','360281','',null,null,'1',null,null,null,null,null,null);
insert into bd_dictionaryvalue(id,id_dictionary,id_parent,code,value,num,description,enableFlag,editableFlag,systemFlag,ft,lt,fu,lu) values('4028810028a8ef8f0128a8f1297f0574','40288100288c226801288c2987e90001','4028810028a8ef8f0128a8f128270562','360300','',null,null,'1',null,null,null,null,null,null);
insert into bd_dictionaryvalue(id,id_dictionary,id_parent,code,value,num,description,enableFlag,editableFlag,systemFlag,ft,lt,fu,lu) values('4028810028a8ef8f0128a8f1298e0575','40288100288c226801288c2987e90001','4028810028a8ef8f0128a8f1297f0574','360301','',null,null,'1',null,null,null,null,null,null);
insert into bd_dictionaryvalue(id,id_dictionary,id_parent,code,value,num,description,enableFlag,editableFlag,systemFlag,ft,lt,fu,lu) values('4028810028a8ef8f0128a8f1299e0576','40288100288c226801288c2987e90001','4028810028a8ef8f0128a8f1297f0574','360302','',null,null,'1',null,null,null,null,null,null);
insert into bd_dictionaryvalue(id,id_dictionary,id_parent,code,value,num,description,enableFlag,editableFlag,systemFlag,ft,lt,fu,lu) values('4028810028a8ef8f0128a8f129bd0577','40288100288c226801288c2987e90001','4028810028a8ef8f0128a8f1297f0574','360313','',null,null,'1',null,null,null,null,null,null);
insert into bd_dictionaryvalue(id,id_dictionary,id_parent,code,value,num,description,enableFlag,editableFlag,systemFlag,ft,lt,fu,lu) values('4028810028a8ef8f0128a8f129cd0578','40288100288c226801288c2987e90001','4028810028a8ef8f0128a8f1297f0574','360321','',null,null,'1',null,null,null,null,null,null);
insert into bd_dictionaryvalue(id,id_dictionary,id_parent,code,value,num,description,enableFlag,editableFlag,systemFlag,ft,lt,fu,lu) values('4028810028a8ef8f0128a8f129dc0579','40288100288c226801288c2987e90001','4028810028a8ef8f0128a8f1297f0574','360322','',null,null,'1',null,null,null,null,null,null);
insert into bd_dictionaryvalue(id,id_dictionary,id_parent,code,value,num,description,enableFlag,editableFlag,systemFlag,ft,lt,fu,lu) values('4028810028a8ef8f0128a8f129ec057a','40288100288c226801288c2987e90001','4028810028a8ef8f0128a8f1297f0574','360323','',null,null,'1',null,null,null,null,null,null);
insert into bd_dictionaryvalue(id,id_dictionary,id_parent,code,value,num,description,enableFlag,editableFlag,systemFlag,ft,lt,fu,lu) values('4028810028a8ef8f0128a8f129fc057b','40288100288c226801288c2987e90001','4028810028a8ef8f0128a8f128270562','360400','',null,null,'1',null,null,null,null,null,null);
insert into bd_dictionaryvalue(id,id_dictionary,id_parent,code,value,num,description,enableFlag,editableFlag,systemFlag,ft,lt,fu,lu) values('4028810028a8ef8f0128a8f12a0b057c','40288100288c226801288c2987e90001','4028810028a8ef8f0128a8f129fc057b','360401','',null,null,'1',null,null,null,null,null,null);
insert into bd_dictionaryvalue(id,id_dictionary,id_parent,code,value,num,description,enableFlag,editableFlag,systemFlag,ft,lt,fu,lu) values('4028810028a8ef8f0128a8f12a1b057d','40288100288c226801288c2987e90001','4028810028a8ef8f0128a8f129fc057b','360402','',null,null,'1',null,null,null,null,null,null);
insert into bd_dictionaryvalue(id,id_dictionary,id_parent,code,value,num,description,enableFlag,editableFlag,systemFlag,ft,lt,fu,lu) values('4028810028a8ef8f0128a8f12a2b057e','40288100288c226801288c2987e90001','4028810028a8ef8f0128a8f129fc057b','360403','',null,null,'1',null,null,null,null,null,null);
insert into bd_dictionaryvalue(id,id_dictionary,id_parent,code,value,num,description,enableFlag,editableFlag,systemFlag,ft,lt,fu,lu) values('4028810028a8ef8f0128a8f12a4a057f','40288100288c226801288c2987e90001','4028810028a8ef8f0128a8f129fc057b','360421','',null,null,'1',null,null,null,null,null,null);
insert into bd_dictionaryvalue(id,id_dictionary,id_parent,code,value,num,description,enableFlag,editableFlag,systemFlag,ft,lt,fu,lu) values('4028810028a8ef8f0128a8f12a590580','40288100288c226801288c2987e90001','4028810028a8ef8f0128a8f129fc057b','360423','',null,null,'1',null,null,null,null,null,null);
insert into bd_dictionaryvalue(id,id_dictionary,id_parent,code,value,num,description,enableFlag,editableFlag,systemFlag,ft,lt,fu,lu) values('4028810028a8ef8f0128a8f12a690581','40288100288c226801288c2987e90001','4028810028a8ef8f0128a8f129fc057b','360424','',null,null,'1',null,null,null,null,null,null);
insert into bd_dictionaryvalue(id,id_dictionary,id_parent,code,value,num,description,enableFlag,editableFlag,systemFlag,ft,lt,fu,lu) values('4028810028a8ef8f0128a8f12a790582','40288100288c226801288c2987e90001','4028810028a8ef8f0128a8f129fc057b','360425','',null,null,'1',null,null,null,null,null,null);
insert into bd_dictionaryvalue(id,id_dictionary,id_parent,code,value,num,description,enableFlag,editableFlag,systemFlag,ft,lt,fu,lu) values('4028810028a8ef8f0128a8f12a880583','40288100288c226801288c2987e90001','4028810028a8ef8f0128a8f129fc057b','360426','',null,null,'1',null,null,null,null,null,null);
insert into bd_dictionaryvalue(id,id_dictionary,id_parent,code,value,num,description,enableFlag,editableFlag,systemFlag,ft,lt,fu,lu) values('4028810028a8ef8f0128a8f12aa80584','40288100288c226801288c2987e90001','4028810028a8ef8f0128a8f129fc057b','360427','',null,null,'1',null,null,null,null,null,null);
insert into bd_dictionaryvalue(id,id_dictionary,id_parent,code,value,num,description,enableFlag,editableFlag,systemFlag,ft,lt,fu,lu) values('4028810028a8ef8f0128a8f12ab70585','40288100288c226801288c2987e90001','4028810028a8ef8f0128a8f129fc057b','360428','',null,null,'1',null,null,null,null,null,null);
insert into bd_dictionaryvalue(id,id_dictionary,id_parent,code,value,num,description,enableFlag,editableFlag,systemFlag,ft,lt,fu,lu) values('4028810028a8ef8f0128a8f12ac70586','40288100288c226801288c2987e90001','4028810028a8ef8f0128a8f129fc057b','360429','',null,null,'1',null,null,null,null,null,null);
insert into bd_dictionaryvalue(id,id_dictionary,id_parent,code,value,num,description,enableFlag,editableFlag,systemFlag,ft,lt,fu,lu) values('4028810028a8ef8f0128a8f12ad60587','40288100288c226801288c2987e90001','4028810028a8ef8f0128a8f129fc057b','360430','',null,null,'1',null,null,null,null,null,null);
insert into bd_dictionaryvalue(id,id_dictionary,id_parent,code,value,num,description,enableFlag,editableFlag,systemFlag,ft,lt,fu,lu) values('4028810028a8ef8f0128a8f12ae60588','40288100288c226801288c2987e90001','4028810028a8ef8f0128a8f129fc057b','360481','',null,null,'1',null,null,null,null,null,null);
insert into bd_dictionaryvalue(id,id_dictionary,id_parent,code,value,num,description,enableFlag,editableFlag,systemFlag,ft,lt,fu,lu) values('4028810028a8ef8f0128a8f12af60589','40288100288c226801288c2987e90001','4028810028a8ef8f0128a8f128270562','360500','',null,null,'1',null,null,null,null,null,null);
insert into bd_dictionaryvalue(id,id_dictionary,id_parent,code,value,num,description,enableFlag,editableFlag,systemFlag,ft,lt,fu,lu) values('4028810028a8ef8f0128a8f12b15058a','40288100288c226801288c2987e90001','4028810028a8ef8f0128a8f12af60589','360501','',null,null,'1',null,null,null,null,null,null);
insert into bd_dictionaryvalue(id,id_dictionary,id_parent,code,value,num,description,enableFlag,editableFlag,systemFlag,ft,lt,fu,lu) values('4028810028a8ef8f0128a8f12b25058b','40288100288c226801288c2987e90001','4028810028a8ef8f0128a8f12af60589','360502','',null,null,'1',null,null,null,null,null,null);
insert into bd_dictionaryvalue(id,id_dictionary,id_parent,code,value,num,description,enableFlag,editableFlag,systemFlag,ft,lt,fu,lu) values('4028810028a8ef8f0128a8f12b34058c','40288100288c226801288c2987e90001','4028810028a8ef8f0128a8f12af60589','360521','',null,null,'1',null,null,null,null,null,null);
insert into bd_dictionaryvalue(id,id_dictionary,id_parent,code,value,num,description,enableFlag,editableFlag,systemFlag,ft,lt,fu,lu) values('4028810028a8ef8f0128a8f12b44058d','40288100288c226801288c2987e90001','4028810028a8ef8f0128a8f128270562','360600','',null,null,'1',null,null,null,null,null,null);
insert into bd_dictionaryvalue(id,id_dictionary,id_parent,code,value,num,description,enableFlag,editableFlag,systemFlag,ft,lt,fu,lu) values('4028810028a8ef8f0128a8f12b53058e','40288100288c226801288c2987e90001','4028810028a8ef8f0128a8f12b44058d','360601','',null,null,'1',null,null,null,null,null,null);
insert into bd_dictionaryvalue(id,id_dictionary,id_parent,code,value,num,description,enableFlag,editableFlag,systemFlag,ft,lt,fu,lu) values('4028810028a8ef8f0128a8f12b63058f','40288100288c226801288c2987e90001','4028810028a8ef8f0128a8f12b44058d','360602','',null,null,'1',null,null,null,null,null,null);
insert into bd_dictionaryvalue(id,id_dictionary,id_parent,code,value,num,description,enableFlag,editableFlag,systemFlag,ft,lt,fu,lu) values('4028810028a8ef8f0128a8f12b820590','40288100288c226801288c2987e90001','4028810028a8ef8f0128a8f12b44058d','360622','',null,null,'1',null,null,null,null,null,null);
insert into bd_dictionaryvalue(id,id_dictionary,id_parent,code,value,num,description,enableFlag,editableFlag,systemFlag,ft,lt,fu,lu) values('4028810028a8ef8f0128a8f12b920591','40288100288c226801288c2987e90001','4028810028a8ef8f0128a8f12b44058d','360681','',null,null,'1',null,null,null,null,null,null);
insert into bd_dictionaryvalue(id,id_dictionary,id_parent,code,value,num,description,enableFlag,editableFlag,systemFlag,ft,lt,fu,lu) values('4028810028a8ef8f0128a8f12ba20592','40288100288c226801288c2987e90001','4028810028a8ef8f0128a8f128270562','360700','',null,null,'1',null,null,null,null,null,null);
insert into bd_dictionaryvalue(id,id_dictionary,id_parent,code,value,num,description,enableFlag,editableFlag,systemFlag,ft,lt,fu,lu) values('4028810028a8ef8f0128a8f12bb10593','40288100288c226801288c2987e90001','4028810028a8ef8f0128a8f12ba20592','360701','',null,null,'1',null,null,null,null,null,null);
insert into bd_dictionaryvalue(id,id_dictionary,id_parent,code,value,num,description,enableFlag,editableFlag,systemFlag,ft,lt,fu,lu) values('4028810028a8ef8f0128a8f12bc10594','40288100288c226801288c2987e90001','4028810028a8ef8f0128a8f12ba20592','360702','',null,null,'1',null,null,null,null,null,null);
insert into bd_dictionaryvalue(id,id_dictionary,id_parent,code,value,num,description,enableFlag,editableFlag,systemFlag,ft,lt,fu,lu) values('4028810028a8ef8f0128a8f12bd00595','40288100288c226801288c2987e90001','4028810028a8ef8f0128a8f12ba20592','360721','',null,null,'1',null,null,null,null,null,null);
insert into bd_dictionaryvalue(id,id_dictionary,id_parent,code,value,num,description,enableFlag,editableFlag,systemFlag,ft,lt,fu,lu) values('4028810028a8ef8f0128a8f12bf00596','40288100288c226801288c2987e90001','4028810028a8ef8f0128a8f12ba20592','360722','',null,null,'1',null,null,null,null,null,null);
insert into bd_dictionaryvalue(id,id_dictionary,id_parent,code,value,num,description,enableFlag,editableFlag,systemFlag,ft,lt,fu,lu) values('4028810028a8ef8f0128a8f12bff0597','40288100288c226801288c2987e90001','4028810028a8ef8f0128a8f12ba20592','360723','',null,null,'1',null,null,null,null,null,null);
insert into bd_dictionaryvalue(id,id_dictionary,id_parent,code,value,num,description,enableFlag,editableFlag,systemFlag,ft,lt,fu,lu) values('4028810028a8ef8f0128a8f12c0f0598','40288100288c226801288c2987e90001','4028810028a8ef8f0128a8f12ba20592','360724','',null,null,'1',null,null,null,null,null,null);
insert into bd_dictionaryvalue(id,id_dictionary,id_parent,code,value,num,description,enableFlag,editableFlag,systemFlag,ft,lt,fu,lu) values('4028810028a8ef8f0128a8f12c1f0599','40288100288c226801288c2987e90001','4028810028a8ef8f0128a8f12ba20592','360725','',null,null,'1',null,null,null,null,null,null);
insert into bd_dictionaryvalue(id,id_dictionary,id_parent,code,value,num,description,enableFlag,editableFlag,systemFlag,ft,lt,fu,lu) values('4028810028a8ef8f0128a8f12c2e059a','40288100288c226801288c2987e90001','4028810028a8ef8f0128a8f12ba20592','360726','',null,null,'1',null,null,null,null,null,null);
insert into bd_dictionaryvalue(id,id_dictionary,id_parent,code,value,num,description,enableFlag,editableFlag,systemFlag,ft,lt,fu,lu) values('4028810028a8ef8f0128a8f12c3e059b','40288100288c226801288c2987e90001','4028810028a8ef8f0128a8f12ba20592','360727','',null,null,'1',null,null,null,null,null,null);
insert into bd_dictionaryvalue(id,id_dictionary,id_parent,code,value,num,description,enableFlag,editableFlag,systemFlag,ft,lt,fu,lu) values('4028810028a8ef8f0128a8f12c5d059c','40288100288c226801288c2987e90001','4028810028a8ef8f0128a8f12ba20592','360728','',null,null,'1',null,null,null,null,null,null);
insert into bd_dictionaryvalue(id,id_dictionary,id_parent,code,value,num,description,enableFlag,editableFlag,systemFlag,ft,lt,fu,lu) values('4028810028a8ef8f0128a8f12c6d059d','40288100288c226801288c2987e90001','4028810028a8ef8f0128a8f12ba20592','360729','',null,null,'1',null,null,null,null,null,null);
insert into bd_dictionaryvalue(id,id_dictionary,id_parent,code,value,num,description,enableFlag,editableFlag,systemFlag,ft,lt,fu,lu) values('4028810028a8ef8f0128a8f12c7c059e','40288100288c226801288c2987e90001','4028810028a8ef8f0128a8f12ba20592','360730','',null,null,'1',null,null,null,null,null,null);
insert into bd_dictionaryvalue(id,id_dictionary,id_parent,code,value,num,description,enableFlag,editableFlag,systemFlag,ft,lt,fu,lu) values('4028810028a8ef8f0128a8f12c9c059f','40288100288c226801288c2987e90001','4028810028a8ef8f0128a8f12ba20592','360731','',null,null,'1',null,null,null,null,null,null);
insert into bd_dictionaryvalue(id,id_dictionary,id_parent,code,value,num,description,enableFlag,editableFlag,systemFlag,ft,lt,fu,lu) values('4028810028a8ef8f0128a8f12cab05a0','40288100288c226801288c2987e90001','4028810028a8ef8f0128a8f12ba20592','360732','',null,null,'1',null,null,null,null,null,null);
insert into bd_dictionaryvalue(id,id_dictionary,id_parent,code,value,num,description,enableFlag,editableFlag,systemFlag,ft,lt,fu,lu) values('4028810028a8ef8f0128a8f12cbb05a1','40288100288c226801288c2987e90001','4028810028a8ef8f0128a8f12ba20592','360733','',null,null,'1',null,null,null,null,null,null);
insert into bd_dictionaryvalue(id,id_dictionary,id_parent,code,value,num,description,enableFlag,editableFlag,systemFlag,ft,lt,fu,lu) values('4028810028a8ef8f0128a8f12cca05a2','40288100288c226801288c2987e90001','4028810028a8ef8f0128a8f12ba20592','360734','',null,null,'1',null,null,null,null,null,null);
insert into bd_dictionaryvalue(id,id_dictionary,id_parent,code,value,num,description,enableFlag,editableFlag,systemFlag,ft,lt,fu,lu) values('4028810028a8ef8f0128a8f12cda05a3','40288100288c226801288c2987e90001','4028810028a8ef8f0128a8f12ba20592','360735','',null,null,'1',null,null,null,null,null,null);
insert into bd_dictionaryvalue(id,id_dictionary,id_parent,code,value,num,description,enableFlag,editableFlag,systemFlag,ft,lt,fu,lu) values('4028810028a8ef8f0128a8f12cea05a4','40288100288c226801288c2987e90001','4028810028a8ef8f0128a8f12ba20592','360781','',null,null,'1',null,null,null,null,null,null);
insert into bd_dictionaryvalue(id,id_dictionary,id_parent,code,value,num,description,enableFlag,editableFlag,systemFlag,ft,lt,fu,lu) values('4028810028a8ef8f0128a8f12cf905a5','40288100288c226801288c2987e90001','4028810028a8ef8f0128a8f12ba20592','360782','',null,null,'1',null,null,null,null,null,null);
insert into bd_dictionaryvalue(id,id_dictionary,id_parent,code,value,num,description,enableFlag,editableFlag,systemFlag,ft,lt,fu,lu) values('4028810028a8ef8f0128a8f12d0905a6','40288100288c226801288c2987e90001','4028810028a8ef8f0128a8f128270562','360800','',null,null,'1',null,null,null,null,null,null);
insert into bd_dictionaryvalue(id,id_dictionary,id_parent,code,value,num,description,enableFlag,editableFlag,systemFlag,ft,lt,fu,lu) values('4028810028a8ef8f0128a8f12d2805a7','40288100288c226801288c2987e90001','4028810028a8ef8f0128a8f12d0905a6','360801','',null,null,'1',null,null,null,null,null,null);
insert into bd_dictionaryvalue(id,id_dictionary,id_parent,code,value,num,description,enableFlag,editableFlag,systemFlag,ft,lt,fu,lu) values('4028810028a8ef8f0128a8f12d3805a8','40288100288c226801288c2987e90001','4028810028a8ef8f0128a8f12d0905a6','360802','',null,null,'1',null,null,null,null,null,null);
insert into bd_dictionaryvalue(id,id_dictionary,id_parent,code,value,num,description,enableFlag,editableFlag,systemFlag,ft,lt,fu,lu) values('4028810028a8ef8f0128a8f12d4705a9','40288100288c226801288c2987e90001','4028810028a8ef8f0128a8f12d0905a6','360803','',null,null,'1',null,null,null,null,null,null);
insert into bd_dictionaryvalue(id,id_dictionary,id_parent,code,value,num,description,enableFlag,editableFlag,systemFlag,ft,lt,fu,lu) values('4028810028a8ef8f0128a8f12d5705aa','40288100288c226801288c2987e90001','4028810028a8ef8f0128a8f12d0905a6','360821','',null,null,'1',null,null,null,null,null,null);
insert into bd_dictionaryvalue(id,id_dictionary,id_parent,code,value,num,description,enableFlag,editableFlag,systemFlag,ft,lt,fu,lu) values('4028810028a8ef8f0128a8f12d6705ab','40288100288c226801288c2987e90001','4028810028a8ef8f0128a8f12d0905a6','360822','',null,null,'1',null,null,null,null,null,null);
insert into bd_dictionaryvalue(id,id_dictionary,id_parent,code,value,num,description,enableFlag,editableFlag,systemFlag,ft,lt,fu,lu) values('4028810028a8ef8f0128a8f12d7605ac','40288100288c226801288c2987e90001','4028810028a8ef8f0128a8f12d0905a6','360823','',null,null,'1',null,null,null,null,null,null);
insert into bd_dictionaryvalue(id,id_dictionary,id_parent,code,value,num,description,enableFlag,editableFlag,systemFlag,ft,lt,fu,lu) values('4028810028a8ef8f0128a8f12d8605ad','40288100288c226801288c2987e90001','4028810028a8ef8f0128a8f12d0905a6','360824','',null,null,'1',null,null,null,null,null,null);
insert into bd_dictionaryvalue(id,id_dictionary,id_parent,code,value,num,description,enableFlag,editableFlag,systemFlag,ft,lt,fu,lu) values('4028810028a8ef8f0128a8f12d9605ae','40288100288c226801288c2987e90001','4028810028a8ef8f0128a8f12d0905a6','360825','',null,null,'1',null,null,null,null,null,null);
insert into bd_dictionaryvalue(id,id_dictionary,id_parent,code,value,num,description,enableFlag,editableFlag,systemFlag,ft,lt,fu,lu) values('4028810028a8ef8f0128a8f12db505af','40288100288c226801288c2987e90001','4028810028a8ef8f0128a8f12d0905a6','360826','',null,null,'1',null,null,null,null,null,null);
insert into bd_dictionaryvalue(id,id_dictionary,id_parent,code,value,num,description,enableFlag,editableFlag,systemFlag,ft,lt,fu,lu) values('4028810028a8ef8f0128a8f12dc405b0','40288100288c226801288c2987e90001','4028810028a8ef8f0128a8f12d0905a6','360827','',null,null,'1',null,null,null,null,null,null);
insert into bd_dictionaryvalue(id,id_dictionary,id_parent,code,value,num,description,enableFlag,editableFlag,systemFlag,ft,lt,fu,lu) values('4028810028a8ef8f0128a8f12dd405b1','40288100288c226801288c2987e90001','4028810028a8ef8f0128a8f12d0905a6','360828','',null,null,'1',null,null,null,null,null,null);
insert into bd_dictionaryvalue(id,id_dictionary,id_parent,code,value,num,description,enableFlag,editableFlag,systemFlag,ft,lt,fu,lu) values('4028810028a8ef8f0128a8f12de405b2','40288100288c226801288c2987e90001','4028810028a8ef8f0128a8f12d0905a6','360829','',null,null,'1',null,null,null,null,null,null);
insert into bd_dictionaryvalue(id,id_dictionary,id_parent,code,value,num,description,enableFlag,editableFlag,systemFlag,ft,lt,fu,lu) values('4028810028a8ef8f0128a8f12df305b3','40288100288c226801288c2987e90001','4028810028a8ef8f0128a8f12d0905a6','360830','',null,null,'1',null,null,null,null,null,null);
insert into bd_dictionaryvalue(id,id_dictionary,id_parent,code,value,num,description,enableFlag,editableFlag,systemFlag,ft,lt,fu,lu) values('4028810028a8ef8f0128a8f12e0305b4','40288100288c226801288c2987e90001','4028810028a8ef8f0128a8f12d0905a6','360881','',null,null,'1',null,null,null,null,null,null);
insert into bd_dictionaryvalue(id,id_dictionary,id_parent,code,value,num,description,enableFlag,editableFlag,systemFlag,ft,lt,fu,lu) values('4028810028a8ef8f0128a8f12e2205b5','40288100288c226801288c2987e90001','4028810028a8ef8f0128a8f128270562','360900','',null,null,'1',null,null,null,null,null,null);
insert into bd_dictionaryvalue(id,id_dictionary,id_parent,code,value,num,description,enableFlag,editableFlag,systemFlag,ft,lt,fu,lu) values('4028810028a8ef8f0128a8f12e3205b6','40288100288c226801288c2987e90001','4028810028a8ef8f0128a8f12e2205b5','360901','',null,null,'1',null,null,null,null,null,null);
insert into bd_dictionaryvalue(id,id_dictionary,id_parent,code,value,num,description,enableFlag,editableFlag,systemFlag,ft,lt,fu,lu) values('4028810028a8ef8f0128a8f12e4105b7','40288100288c226801288c2987e90001','4028810028a8ef8f0128a8f12e2205b5','360902','',null,null,'1',null,null,null,null,null,null);
insert into bd_dictionaryvalue(id,id_dictionary,id_parent,code,value,num,description,enableFlag,editableFlag,systemFlag,ft,lt,fu,lu) values('4028810028a8ef8f0128a8f12e5105b8','40288100288c226801288c2987e90001','4028810028a8ef8f0128a8f12e2205b5','360921','',null,null,'1',null,null,null,null,null,null);
insert into bd_dictionaryvalue(id,id_dictionary,id_parent,code,value,num,description,enableFlag,editableFlag,systemFlag,ft,lt,fu,lu) values('4028810028a8ef8f0128a8f12e7005b9','40288100288c226801288c2987e90001','4028810028a8ef8f0128a8f12e2205b5','360922','',null,null,'1',null,null,null,null,null,null);
insert into bd_dictionaryvalue(id,id_dictionary,id_parent,code,value,num,description,enableFlag,editableFlag,systemFlag,ft,lt,fu,lu) values('4028810028a8ef8f0128a8f12e8005ba','40288100288c226801288c2987e90001','4028810028a8ef8f0128a8f12e2205b5','360923','',null,null,'1',null,null,null,null,null,null);
insert into bd_dictionaryvalue(id,id_dictionary,id_parent,code,value,num,description,enableFlag,editableFlag,systemFlag,ft,lt,fu,lu) values('4028810028a8ef8f0128a8f12e9005bb','40288100288c226801288c2987e90001','4028810028a8ef8f0128a8f12e2205b5','360924','',null,null,'1',null,null,null,null,null,null);
insert into bd_dictionaryvalue(id,id_dictionary,id_parent,code,value,num,description,enableFlag,editableFlag,systemFlag,ft,lt,fu,lu) values('4028810028a8ef8f0128a8f12e9f05bc','40288100288c226801288c2987e90001','4028810028a8ef8f0128a8f12e2205b5','360925','',null,null,'1',null,null,null,null,null,null);
insert into bd_dictionaryvalue(id,id_dictionary,id_parent,code,value,num,description,enableFlag,editableFlag,systemFlag,ft,lt,fu,lu) values('4028810028a8ef8f0128a8f12eaf05bd','40288100288c226801288c2987e90001','4028810028a8ef8f0128a8f12e2205b5','360926','',null,null,'1',null,null,null,null,null,null);
insert into bd_dictionaryvalue(id,id_dictionary,id_parent,code,value,num,description,enableFlag,editableFlag,systemFlag,ft,lt,fu,lu) values('4028810028a8ef8f0128a8f12ece05be','40288100288c226801288c2987e90001','4028810028a8ef8f0128a8f12e2205b5','360981','',null,null,'1',null,null,null,null,null,null);
insert into bd_dictionaryvalue(id,id_dictionary,id_parent,code,value,num,description,enableFlag,editableFlag,systemFlag,ft,lt,fu,lu) values('4028810028a8ef8f0128a8f12ede05bf','40288100288c226801288c2987e90001','4028810028a8ef8f0128a8f12e2205b5','360982','',null,null,'1',null,null,null,null,null,null);
insert into bd_dictionaryvalue(id,id_dictionary,id_parent,code,value,num,description,enableFlag,editableFlag,systemFlag,ft,lt,fu,lu) values('4028810028a8ef8f0128a8f12eed05c0','40288100288c226801288c2987e90001','4028810028a8ef8f0128a8f12e2205b5','360983','',null,null,'1',null,null,null,null,null,null);
insert into bd_dictionaryvalue(id,id_dictionary,id_parent,code,value,num,description,enableFlag,editableFlag,systemFlag,ft,lt,fu,lu) values('4028810028a8ef8f0128a8f12efd05c1','40288100288c226801288c2987e90001','4028810028a8ef8f0128a8f128270562','361000','',null,null,'1',null,null,null,null,null,null);
insert into bd_dictionaryvalue(id,id_dictionary,id_parent,code,value,num,description,enableFlag,editableFlag,systemFlag,ft,lt,fu,lu) values('4028810028a8ef8f0128a8f12f0d05c2','40288100288c226801288c2987e90001','4028810028a8ef8f0128a8f12efd05c1','361001','',null,null,'1',null,null,null,null,null,null);
insert into bd_dictionaryvalue(id,id_dictionary,id_parent,code,value,num,description,enableFlag,editableFlag,systemFlag,ft,lt,fu,lu) values('4028810028a8ef8f0128a8f12f1c05c3','40288100288c226801288c2987e90001','4028810028a8ef8f0128a8f12efd05c1','361002','',null,null,'1',null,null,null,null,null,null);
insert into bd_dictionaryvalue(id,id_dictionary,id_parent,code,value,num,description,enableFlag,editableFlag,systemFlag,ft,lt,fu,lu) values('4028810028a8ef8f0128a8f12f2c05c4','40288100288c226801288c2987e90001','4028810028a8ef8f0128a8f12efd05c1','361021','',null,null,'1',null,null,null,null,null,null);
insert into bd_dictionaryvalue(id,id_dictionary,id_parent,code,value,num,description,enableFlag,editableFlag,systemFlag,ft,lt,fu,lu) values('4028810028a8ef8f0128a8f12f4b05c5','40288100288c226801288c2987e90001','4028810028a8ef8f0128a8f12efd05c1','361022','',null,null,'1',null,null,null,null,null,null);
insert into bd_dictionaryvalue(id,id_dictionary,id_parent,code,value,num,description,enableFlag,editableFlag,systemFlag,ft,lt,fu,lu) values('4028810028a8ef8f0128a8f12f5b05c6','40288100288c226801288c2987e90001','4028810028a8ef8f0128a8f12efd05c1','361023','',null,null,'1',null,null,null,null,null,null);
insert into bd_dictionaryvalue(id,id_dictionary,id_parent,code,value,num,description,enableFlag,editableFlag,systemFlag,ft,lt,fu,lu) values('4028810028a8ef8f0128a8f12f6a05c7','40288100288c226801288c2987e90001','4028810028a8ef8f0128a8f12efd05c1','361024','',null,null,'1',null,null,null,null,null,null);
insert into bd_dictionaryvalue(id,id_dictionary,id_parent,code,value,num,description,enableFlag,editableFlag,systemFlag,ft,lt,fu,lu) values('4028810028a8ef8f0128a8f12f7a05c8','40288100288c226801288c2987e90001','4028810028a8ef8f0128a8f12efd05c1','361025','',null,null,'1',null,null,null,null,null,null);
insert into bd_dictionaryvalue(id,id_dictionary,id_parent,code,value,num,description,enableFlag,editableFlag,systemFlag,ft,lt,fu,lu) values('4028810028a8ef8f0128a8f12f8a05c9','40288100288c226801288c2987e90001','4028810028a8ef8f0128a8f12efd05c1','361026','',null,null,'1',null,null,null,null,null,null);
insert into bd_dictionaryvalue(id,id_dictionary,id_parent,code,value,num,description,enableFlag,editableFlag,systemFlag,ft,lt,fu,lu) values('4028810028a8ef8f0128a8f12f9905ca','40288100288c226801288c2987e90001','4028810028a8ef8f0128a8f12efd05c1','361027','',null,null,'1',null,null,null,null,null,null);
insert into bd_dictionaryvalue(id,id_dictionary,id_parent,code,value,num,description,enableFlag,editableFlag,systemFlag,ft,lt,fu,lu) values('4028810028a8ef8f0128a8f12fb805cb','40288100288c226801288c2987e90001','4028810028a8ef8f0128a8f12efd05c1','361028','',null,null,'1',null,null,null,null,null,null);
insert into bd_dictionaryvalue(id,id_dictionary,id_parent,code,value,num,description,enableFlag,editableFlag,systemFlag,ft,lt,fu,lu) values('4028810028a8ef8f0128a8f12fc805cc','40288100288c226801288c2987e90001','4028810028a8ef8f0128a8f12efd05c1','361029','',null,null,'1',null,null,null,null,null,null);
insert into bd_dictionaryvalue(id,id_dictionary,id_parent,code,value,num,description,enableFlag,editableFlag,systemFlag,ft,lt,fu,lu) values('4028810028a8ef8f0128a8f12fd805cd','40288100288c226801288c2987e90001','4028810028a8ef8f0128a8f12efd05c1','361030','',null,null,'1',null,null,null,null,null,null);
insert into bd_dictionaryvalue(id,id_dictionary,id_parent,code,value,num,description,enableFlag,editableFlag,systemFlag,ft,lt,fu,lu) values('4028810028a8ef8f0128a8f12ff705ce','40288100288c226801288c2987e90001','4028810028a8ef8f0128a8f128270562','361100','',null,null,'1',null,null,null,null,null,null);
insert into bd_dictionaryvalue(id,id_dictionary,id_parent,code,value,num,description,enableFlag,editableFlag,systemFlag,ft,lt,fu,lu) values('4028810028a8ef8f0128a8f1300705cf','40288100288c226801288c2987e90001','4028810028a8ef8f0128a8f12ff705ce','361101','',null,null,'1',null,null,null,null,null,null);
insert into bd_dictionaryvalue(id,id_dictionary,id_parent,code,value,num,description,enableFlag,editableFlag,systemFlag,ft,lt,fu,lu) values('4028810028a8ef8f0128a8f1301605d0','40288100288c226801288c2987e90001','4028810028a8ef8f0128a8f12ff705ce','361102','',null,null,'1',null,null,null,null,null,null);
insert into bd_dictionaryvalue(id,id_dictionary,id_parent,code,value,num,description,enableFlag,editableFlag,systemFlag,ft,lt,fu,lu) values('4028810028a8ef8f0128a8f1302605d1','40288100288c226801288c2987e90001','4028810028a8ef8f0128a8f12ff705ce','361121','',null,null,'1',null,null,null,null,null,null);
insert into bd_dictionaryvalue(id,id_dictionary,id_parent,code,value,num,description,enableFlag,editableFlag,systemFlag,ft,lt,fu,lu) values('4028810028a8ef8f0128a8f1304505d2','40288100288c226801288c2987e90001','4028810028a8ef8f0128a8f12ff705ce','361122','',null,null,'1',null,null,null,null,null,null);
insert into bd_dictionaryvalue(id,id_dictionary,id_parent,code,value,num,description,enableFlag,editableFlag,systemFlag,ft,lt,fu,lu) values('4028810028a8ef8f0128a8f1305505d3','40288100288c226801288c2987e90001','4028810028a8ef8f0128a8f12ff705ce','361123','',null,null,'1',null,null,null,null,null,null);
insert into bd_dictionaryvalue(id,id_dictionary,id_parent,code,value,num,description,enableFlag,editableFlag,systemFlag,ft,lt,fu,lu) values('4028810028a8ef8f0128a8f1306405d4','40288100288c226801288c2987e90001','4028810028a8ef8f0128a8f12ff705ce','361124','',null,null,'1',null,null,null,null,null,null);
insert into bd_dictionaryvalue(id,id_dictionary,id_parent,code,value,num,description,enableFlag,editableFlag,systemFlag,ft,lt,fu,lu) values('4028810028a8ef8f0128a8f1308405d5','40288100288c226801288c2987e90001','4028810028a8ef8f0128a8f12ff705ce','361125','',null,null,'1',null,null,null,null,null,null);
insert into bd_dictionaryvalue(id,id_dictionary,id_parent,code,value,num,description,enableFlag,editableFlag,systemFlag,ft,lt,fu,lu) values('4028810028a8ef8f0128a8f1309305d6','40288100288c226801288c2987e90001','4028810028a8ef8f0128a8f12ff705ce','361126','',null,null,'1',null,null,null,null,null,null);
insert into bd_dictionaryvalue(id,id_dictionary,id_parent,code,value,num,description,enableFlag,editableFlag,systemFlag,ft,lt,fu,lu) values('4028810028a8ef8f0128a8f130a305d7','40288100288c226801288c2987e90001','4028810028a8ef8f0128a8f12ff705ce','361127','',null,null,'1',null,null,null,null,null,null);
insert into bd_dictionaryvalue(id,id_dictionary,id_parent,code,value,num,description,enableFlag,editableFlag,systemFlag,ft,lt,fu,lu) values('4028810028a8ef8f0128a8f130b205d8','40288100288c226801288c2987e90001','4028810028a8ef8f0128a8f12ff705ce','361128','',null,null,'1',null,null,null,null,null,null);
insert into bd_dictionaryvalue(id,id_dictionary,id_parent,code,value,num,description,enableFlag,editableFlag,systemFlag,ft,lt,fu,lu) values('4028810028a8ef8f0128a8f130d205d9','40288100288c226801288c2987e90001','4028810028a8ef8f0128a8f12ff705ce','361129','',null,null,'1',null,null,null,null,null,null);
insert into bd_dictionaryvalue(id,id_dictionary,id_parent,code,value,num,description,enableFlag,editableFlag,systemFlag,ft,lt,fu,lu) values('4028810028a8ef8f0128a8f130e105da','40288100288c226801288c2987e90001','4028810028a8ef8f0128a8f12ff705ce','361130','',null,null,'1',null,null,null,null,null,null);
insert into bd_dictionaryvalue(id,id_dictionary,id_parent,code,value,num,description,enableFlag,editableFlag,systemFlag,ft,lt,fu,lu) values('4028810028a8ef8f0128a8f130f105db','40288100288c226801288c2987e90001','4028810028a8ef8f0128a8f12ff705ce','361181','',null,null,'1',null,null,null,null,null,null);
insert into bd_dictionaryvalue(id,id_dictionary,id_parent,code,value,num,description,enableFlag,editableFlag,systemFlag,ft,lt,fu,lu) values('4028810028a8ef8f0128a8f1310105dc','40288100288c226801288c2987e90001',null,'370000','',null,null,'1',null,null,null,null,null,null);
insert into bd_dictionaryvalue(id,id_dictionary,id_parent,code,value,num,description,enableFlag,editableFlag,systemFlag,ft,lt,fu,lu) values('4028810028a8ef8f0128a8f1312005dd','40288100288c226801288c2987e90001','4028810028a8ef8f0128a8f1310105dc','370100','',null,null,'1',null,null,null,null,null,null);
insert into bd_dictionaryvalue(id,id_dictionary,id_parent,code,value,num,description,enableFlag,editableFlag,systemFlag,ft,lt,fu,lu) values('4028810028a8ef8f0128a8f1312f05de','40288100288c226801288c2987e90001','4028810028a8ef8f0128a8f1312005dd','370101','',null,null,'1',null,null,null,null,null,null);
insert into bd_dictionaryvalue(id,id_dictionary,id_parent,code,value,num,description,enableFlag,editableFlag,systemFlag,ft,lt,fu,lu) values('4028810028a8ef8f0128a8f1313f05df','40288100288c226801288c2987e90001','4028810028a8ef8f0128a8f1312005dd','370102','',null,null,'1',null,null,null,null,null,null);
insert into bd_dictionaryvalue(id,id_dictionary,id_parent,code,value,num,description,enableFlag,editableFlag,systemFlag,ft,lt,fu,lu) values('4028810028a8ef8f0128a8f1315e05e0','40288100288c226801288c2987e90001','4028810028a8ef8f0128a8f1312005dd','370103','',null,null,'1',null,null,null,null,null,null);
insert into bd_dictionaryvalue(id,id_dictionary,id_parent,code,value,num,description,enableFlag,editableFlag,systemFlag,ft,lt,fu,lu) values('4028810028a8ef8f0128a8f1316e05e1','40288100288c226801288c2987e90001','4028810028a8ef8f0128a8f1312005dd','370104','',null,null,'1',null,null,null,null,null,null);
insert into bd_dictionaryvalue(id,id_dictionary,id_parent,code,value,num,description,enableFlag,editableFlag,systemFlag,ft,lt,fu,lu) values('4028810028a8ef8f0128a8f1317e05e2','40288100288c226801288c2987e90001','4028810028a8ef8f0128a8f1312005dd','370105','',null,null,'1',null,null,null,null,null,null);
insert into bd_dictionaryvalue(id,id_dictionary,id_parent,code,value,num,description,enableFlag,editableFlag,systemFlag,ft,lt,fu,lu) values('4028810028a8ef8f0128a8f1318d05e3','40288100288c226801288c2987e90001','4028810028a8ef8f0128a8f1312005dd','370112','',null,null,'1',null,null,null,null,null,null);
insert into bd_dictionaryvalue(id,id_dictionary,id_parent,code,value,num,description,enableFlag,editableFlag,systemFlag,ft,lt,fu,lu) values('4028810028a8ef8f0128a8f1319d05e4','40288100288c226801288c2987e90001','4028810028a8ef8f0128a8f1312005dd','370113','',null,null,'1',null,null,null,null,null,null);
insert into bd_dictionaryvalue(id,id_dictionary,id_parent,code,value,num,description,enableFlag,editableFlag,systemFlag,ft,lt,fu,lu) values('4028810028a8ef8f0128a8f131bc05e5','40288100288c226801288c2987e90001','4028810028a8ef8f0128a8f1312005dd','370124','',null,null,'1',null,null,null,null,null,null);
insert into bd_dictionaryvalue(id,id_dictionary,id_parent,code,value,num,description,enableFlag,editableFlag,systemFlag,ft,lt,fu,lu) values('4028810028a8ef8f0128a8f131cc05e6','40288100288c226801288c2987e90001','4028810028a8ef8f0128a8f1312005dd','370125','',null,null,'1',null,null,null,null,null,null);
insert into bd_dictionaryvalue(id,id_dictionary,id_parent,code,value,num,description,enableFlag,editableFlag,systemFlag,ft,lt,fu,lu) values('4028810028a8ef8f0128a8f131db05e7','40288100288c226801288c2987e90001','4028810028a8ef8f0128a8f1312005dd','370126','',null,null,'1',null,null,null,null,null,null);
insert into bd_dictionaryvalue(id,id_dictionary,id_parent,code,value,num,description,enableFlag,editableFlag,systemFlag,ft,lt,fu,lu) values('4028810028a8ef8f0128a8f131eb05e8','40288100288c226801288c2987e90001','4028810028a8ef8f0128a8f1312005dd','370181','',null,null,'1',null,null,null,null,null,null);
insert into bd_dictionaryvalue(id,id_dictionary,id_parent,code,value,num,description,enableFlag,editableFlag,systemFlag,ft,lt,fu,lu) values('4028810028a8ef8f0128a8f131fb05e9','40288100288c226801288c2987e90001','4028810028a8ef8f0128a8f1310105dc','370200','',null,null,'1',null,null,null,null,null,null);
insert into bd_dictionaryvalue(id,id_dictionary,id_parent,code,value,num,description,enableFlag,editableFlag,systemFlag,ft,lt,fu,lu) values('4028810028a8ef8f0128a8f1320a05ea','40288100288c226801288c2987e90001','4028810028a8ef8f0128a8f131fb05e9','370201','',null,null,'1',null,null,null,null,null,null);
insert into bd_dictionaryvalue(id,id_dictionary,id_parent,code,value,num,description,enableFlag,editableFlag,systemFlag,ft,lt,fu,lu) values('4028810028a8ef8f0128a8f1321a05eb','40288100288c226801288c2987e90001','4028810028a8ef8f0128a8f131fb05e9','370202','',null,null,'1',null,null,null,null,null,null);
insert into bd_dictionaryvalue(id,id_dictionary,id_parent,code,value,num,description,enableFlag,editableFlag,systemFlag,ft,lt,fu,lu) values('4028810028a8ef8f0128a8f1323905ec','40288100288c226801288c2987e90001','4028810028a8ef8f0128a8f131fb05e9','370203','',null,null,'1',null,null,null,null,null,null);
insert into bd_dictionaryvalue(id,id_dictionary,id_parent,code,value,num,description,enableFlag,editableFlag,systemFlag,ft,lt,fu,lu) values('4028810028a8ef8f0128a8f1324905ed','40288100288c226801288c2987e90001','4028810028a8ef8f0128a8f131fb05e9','370205','',null,null,'1',null,null,null,null,null,null);
insert into bd_dictionaryvalue(id,id_dictionary,id_parent,code,value,num,description,enableFlag,editableFlag,systemFlag,ft,lt,fu,lu) values('4028810028a8ef8f0128a8f1325805ee','40288100288c226801288c2987e90001','4028810028a8ef8f0128a8f131fb05e9','370211','',null,null,'1',null,null,null,null,null,null);
insert into bd_dictionaryvalue(id,id_dictionary,id_parent,code,value,num,description,enableFlag,editableFlag,systemFlag,ft,lt,fu,lu) values('4028810028a8ef8f0128a8f1326805ef','40288100288c226801288c2987e90001','4028810028a8ef8f0128a8f131fb05e9','370212','',null,null,'1',null,null,null,null,null,null);
insert into bd_dictionaryvalue(id,id_dictionary,id_parent,code,value,num,description,enableFlag,editableFlag,systemFlag,ft,lt,fu,lu) values('4028810028a8ef8f0128a8f1327805f0','40288100288c226801288c2987e90001','4028810028a8ef8f0128a8f131fb05e9','370213','',null,null,'1',null,null,null,null,null,null);
insert into bd_dictionaryvalue(id,id_dictionary,id_parent,code,value,num,description,enableFlag,editableFlag,systemFlag,ft,lt,fu,lu) values('4028810028a8ef8f0128a8f1329705f1','40288100288c226801288c2987e90001','4028810028a8ef8f0128a8f131fb05e9','370214','',null,null,'1',null,null,null,null,null,null);
insert into bd_dictionaryvalue(id,id_dictionary,id_parent,code,value,num,description,enableFlag,editableFlag,systemFlag,ft,lt,fu,lu) values('4028810028a8ef8f0128a8f132a605f2','40288100288c226801288c2987e90001','4028810028a8ef8f0128a8f131fb05e9','370281','',null,null,'1',null,null,null,null,null,null);
insert into bd_dictionaryvalue(id,id_dictionary,id_parent,code,value,num,description,enableFlag,editableFlag,systemFlag,ft,lt,fu,lu) values('4028810028a8ef8f0128a8f132b605f3','40288100288c226801288c2987e90001','4028810028a8ef8f0128a8f131fb05e9','370282','',null,null,'1',null,null,null,null,null,null);
insert into bd_dictionaryvalue(id,id_dictionary,id_parent,code,value,num,description,enableFlag,editableFlag,systemFlag,ft,lt,fu,lu) values('4028810028a8ef8f0128a8f132c605f4','40288100288c226801288c2987e90001','4028810028a8ef8f0128a8f131fb05e9','370283','',null,null,'1',null,null,null,null,null,null);
insert into bd_dictionaryvalue(id,id_dictionary,id_parent,code,value,num,description,enableFlag,editableFlag,systemFlag,ft,lt,fu,lu) values('4028810028a8ef8f0128a8f132d505f5','40288100288c226801288c2987e90001','4028810028a8ef8f0128a8f131fb05e9','370284','',null,null,'1',null,null,null,null,null,null);
insert into bd_dictionaryvalue(id,id_dictionary,id_parent,code,value,num,description,enableFlag,editableFlag,systemFlag,ft,lt,fu,lu) values('4028810028a8ef8f0128a8f132f505f6','40288100288c226801288c2987e90001','4028810028a8ef8f0128a8f131fb05e9','370285','',null,null,'1',null,null,null,null,null,null);
insert into bd_dictionaryvalue(id,id_dictionary,id_parent,code,value,num,description,enableFlag,editableFlag,systemFlag,ft,lt,fu,lu) values('4028810028a8ef8f0128a8f1330405f7','40288100288c226801288c2987e90001','4028810028a8ef8f0128a8f1310105dc','370300','',null,null,'1',null,null,null,null,null,null);
insert into bd_dictionaryvalue(id,id_dictionary,id_parent,code,value,num,description,enableFlag,editableFlag,systemFlag,ft,lt,fu,lu) values('4028810028a8ef8f0128a8f1331405f8','40288100288c226801288c2987e90001','4028810028a8ef8f0128a8f1330405f7','370301','',null,null,'1',null,null,null,null,null,null);
insert into bd_dictionaryvalue(id,id_dictionary,id_parent,code,value,num,description,enableFlag,editableFlag,systemFlag,ft,lt,fu,lu) values('4028810028a8ef8f0128a8f1332305f9','40288100288c226801288c2987e90001','4028810028a8ef8f0128a8f1330405f7','370302','',null,null,'1',null,null,null,null,null,null);
insert into bd_dictionaryvalue(id,id_dictionary,id_parent,code,value,num,description,enableFlag,editableFlag,systemFlag,ft,lt,fu,lu) values('4028810028a8ef8f0128a8f1334305fa','40288100288c226801288c2987e90001','4028810028a8ef8f0128a8f1330405f7','370303','',null,null,'1',null,null,null,null,null,null);
insert into bd_dictionaryvalue(id,id_dictionary,id_parent,code,value,num,description,enableFlag,editableFlag,systemFlag,ft,lt,fu,lu) values('4028810028a8ef8f0128a8f1335205fb','40288100288c226801288c2987e90001','4028810028a8ef8f0128a8f1330405f7','370304','',null,null,'1',null,null,null,null,null,null);
insert into bd_dictionaryvalue(id,id_dictionary,id_parent,code,value,num,description,enableFlag,editableFlag,systemFlag,ft,lt,fu,lu) values('4028810028a8ef8f0128a8f1336205fc','40288100288c226801288c2987e90001','4028810028a8ef8f0128a8f1330405f7','370305','',null,null,'1',null,null,null,null,null,null);
insert into bd_dictionaryvalue(id,id_dictionary,id_parent,code,value,num,description,enableFlag,editableFlag,systemFlag,ft,lt,fu,lu) values('4028810028a8ef8f0128a8f1337205fd','40288100288c226801288c2987e90001','4028810028a8ef8f0128a8f1330405f7','370306','',null,null,'1',null,null,null,null,null,null);
insert into bd_dictionaryvalue(id,id_dictionary,id_parent,code,value,num,description,enableFlag,editableFlag,systemFlag,ft,lt,fu,lu) values('4028810028a8ef8f0128a8f1339105fe','40288100288c226801288c2987e90001','4028810028a8ef8f0128a8f1330405f7','370321','',null,null,'1',null,null,null,null,null,null);
insert into bd_dictionaryvalue(id,id_dictionary,id_parent,code,value,num,description,enableFlag,editableFlag,systemFlag,ft,lt,fu,lu) values('4028810028a8ef8f0128a8f133a005ff','40288100288c226801288c2987e90001','4028810028a8ef8f0128a8f1330405f7','370322','',null,null,'1',null,null,null,null,null,null);
insert into bd_dictionaryvalue(id,id_dictionary,id_parent,code,value,num,description,enableFlag,editableFlag,systemFlag,ft,lt,fu,lu) values('4028810028a8ef8f0128a8f133b00600','40288100288c226801288c2987e90001','4028810028a8ef8f0128a8f1330405f7','370323','',null,null,'1',null,null,null,null,null,null);
insert into bd_dictionaryvalue(id,id_dictionary,id_parent,code,value,num,description,enableFlag,editableFlag,systemFlag,ft,lt,fu,lu) values('4028810028a8ef8f0128a8f133cf0601','40288100288c226801288c2987e90001','4028810028a8ef8f0128a8f1310105dc','370400','',null,null,'1',null,null,null,null,null,null);
insert into bd_dictionaryvalue(id,id_dictionary,id_parent,code,value,num,description,enableFlag,editableFlag,systemFlag,ft,lt,fu,lu) values('4028810028a8ef8f0128a8f133df0602','40288100288c226801288c2987e90001','4028810028a8ef8f0128a8f133cf0601','370401','',null,null,'1',null,null,null,null,null,null);
insert into bd_dictionaryvalue(id,id_dictionary,id_parent,code,value,num,description,enableFlag,editableFlag,systemFlag,ft,lt,fu,lu) values('4028810028a8ef8f0128a8f133ef0603','40288100288c226801288c2987e90001','4028810028a8ef8f0128a8f133cf0601','370402','',null,null,'1',null,null,null,null,null,null);
insert into bd_dictionaryvalue(id,id_dictionary,id_parent,code,value,num,description,enableFlag,editableFlag,systemFlag,ft,lt,fu,lu) values('4028810028a8ef8f0128a8f133fe0604','40288100288c226801288c2987e90001','4028810028a8ef8f0128a8f133cf0601','370403','',null,null,'1',null,null,null,null,null,null);
insert into bd_dictionaryvalue(id,id_dictionary,id_parent,code,value,num,description,enableFlag,editableFlag,systemFlag,ft,lt,fu,lu) values('4028810028a8ef8f0128a8f1340e0605','40288100288c226801288c2987e90001','4028810028a8ef8f0128a8f133cf0601','370404','',null,null,'1',null,null,null,null,null,null);
insert into bd_dictionaryvalue(id,id_dictionary,id_parent,code,value,num,description,enableFlag,editableFlag,systemFlag,ft,lt,fu,lu) values('4028810028a8ef8f0128a8f1342d0606','40288100288c226801288c2987e90001','4028810028a8ef8f0128a8f133cf0601','370405','',null,null,'1',null,null,null,null,null,null);
insert into bd_dictionaryvalue(id,id_dictionary,id_parent,code,value,num,description,enableFlag,editableFlag,systemFlag,ft,lt,fu,lu) values('4028810028a8ef8f0128a8f1343d0607','40288100288c226801288c2987e90001','4028810028a8ef8f0128a8f133cf0601','370406','',null,null,'1',null,null,null,null,null,null);
insert into bd_dictionaryvalue(id,id_dictionary,id_parent,code,value,num,description,enableFlag,editableFlag,systemFlag,ft,lt,fu,lu) values('4028810028a8ef8f0128a8f1344c0608','40288100288c226801288c2987e90001','4028810028a8ef8f0128a8f133cf0601','370481','',null,null,'1',null,null,null,null,null,null);
insert into bd_dictionaryvalue(id,id_dictionary,id_parent,code,value,num,description,enableFlag,editableFlag,systemFlag,ft,lt,fu,lu) values('4028810028a8ef8f0128a8f1346c0609','40288100288c226801288c2987e90001','4028810028a8ef8f0128a8f1310105dc','370500','',null,null,'1',null,null,null,null,null,null);
insert into bd_dictionaryvalue(id,id_dictionary,id_parent,code,value,num,description,enableFlag,editableFlag,systemFlag,ft,lt,fu,lu) values('4028810028a8ef8f0128a8f1348b060a','40288100288c226801288c2987e90001','4028810028a8ef8f0128a8f1346c0609','370501','',null,null,'1',null,null,null,null,null,null);
insert into bd_dictionaryvalue(id,id_dictionary,id_parent,code,value,num,description,enableFlag,editableFlag,systemFlag,ft,lt,fu,lu) values('4028810028a8ef8f0128a8f1349a060b','40288100288c226801288c2987e90001','4028810028a8ef8f0128a8f1346c0609','370502','',null,null,'1',null,null,null,null,null,null);
insert into bd_dictionaryvalue(id,id_dictionary,id_parent,code,value,num,description,enableFlag,editableFlag,systemFlag,ft,lt,fu,lu) values('4028810028a8ef8f0128a8f134aa060c','40288100288c226801288c2987e90001','4028810028a8ef8f0128a8f1346c0609','370503','',null,null,'1',null,null,null,null,null,null);
insert into bd_dictionaryvalue(id,id_dictionary,id_parent,code,value,num,description,enableFlag,editableFlag,systemFlag,ft,lt,fu,lu) values('4028810028a8ef8f0128a8f134ba060d','40288100288c226801288c2987e90001','4028810028a8ef8f0128a8f1346c0609','370521','',null,null,'1',null,null,null,null,null,null);
insert into bd_dictionaryvalue(id,id_dictionary,id_parent,code,value,num,description,enableFlag,editableFlag,systemFlag,ft,lt,fu,lu) values('4028810028a8ef8f0128a8f134c9060e','40288100288c226801288c2987e90001','4028810028a8ef8f0128a8f1346c0609','370522','',null,null,'1',null,null,null,null,null,null);
insert into bd_dictionaryvalue(id,id_dictionary,id_parent,code,value,num,description,enableFlag,editableFlag,systemFlag,ft,lt,fu,lu) values('4028810028a8ef8f0128a8f134d9060f','40288100288c226801288c2987e90001','4028810028a8ef8f0128a8f1346c0609','370523','',null,null,'1',null,null,null,null,null,null);
insert into bd_dictionaryvalue(id,id_dictionary,id_parent,code,value,num,description,enableFlag,editableFlag,systemFlag,ft,lt,fu,lu) values('4028810028a8ef8f0128a8f134f80610','40288100288c226801288c2987e90001','4028810028a8ef8f0128a8f1310105dc','370600','',null,null,'1',null,null,null,null,null,null);
insert into bd_dictionaryvalue(id,id_dictionary,id_parent,code,value,num,description,enableFlag,editableFlag,systemFlag,ft,lt,fu,lu) values('4028810028a8ef8f0128a8f135080611','40288100288c226801288c2987e90001','4028810028a8ef8f0128a8f134f80610','370601','',null,null,'1',null,null,null,null,null,null);
insert into bd_dictionaryvalue(id,id_dictionary,id_parent,code,value,num,description,enableFlag,editableFlag,systemFlag,ft,lt,fu,lu) values('4028810028a8ef8f0128a8f135170612','40288100288c226801288c2987e90001','4028810028a8ef8f0128a8f134f80610','370602','',null,null,'1',null,null,null,null,null,null);
insert into bd_dictionaryvalue(id,id_dictionary,id_parent,code,value,num,description,enableFlag,editableFlag,systemFlag,ft,lt,fu,lu) values('4028810028a8ef8f0128a8f135270613','40288100288c226801288c2987e90001','4028810028a8ef8f0128a8f134f80610','370611','',null,null,'1',null,null,null,null,null,null);
insert into bd_dictionaryvalue(id,id_dictionary,id_parent,code,value,num,description,enableFlag,editableFlag,systemFlag,ft,lt,fu,lu) values('4028810028a8ef8f0128a8f135370614','40288100288c226801288c2987e90001','4028810028a8ef8f0128a8f134f80610','370612','',null,null,'1',null,null,null,null,null,null);
insert into bd_dictionaryvalue(id,id_dictionary,id_parent,code,value,num,description,enableFlag,editableFlag,systemFlag,ft,lt,fu,lu) values('4028810028a8ef8f0128a8f135560615','40288100288c226801288c2987e90001','4028810028a8ef8f0128a8f134f80610','370613','',null,null,'1',null,null,null,null,null,null);
insert into bd_dictionaryvalue(id,id_dictionary,id_parent,code,value,num,description,enableFlag,editableFlag,systemFlag,ft,lt,fu,lu) values('4028810028a8ef8f0128a8f135660616','40288100288c226801288c2987e90001','4028810028a8ef8f0128a8f134f80610','370634','',null,null,'1',null,null,null,null,null,null);
insert into bd_dictionaryvalue(id,id_dictionary,id_parent,code,value,num,description,enableFlag,editableFlag,systemFlag,ft,lt,fu,lu) values('4028810028a8ef8f0128a8f135750617','40288100288c226801288c2987e90001','4028810028a8ef8f0128a8f134f80610','370681','',null,null,'1',null,null,null,null,null,null);
insert into bd_dictionaryvalue(id,id_dictionary,id_parent,code,value,num,description,enableFlag,editableFlag,systemFlag,ft,lt,fu,lu) values('4028810028a8ef8f0128a8f135850618','40288100288c226801288c2987e90001','4028810028a8ef8f0128a8f134f80610','370682','',null,null,'1',null,null,null,null,null,null);
insert into bd_dictionaryvalue(id,id_dictionary,id_parent,code,value,num,description,enableFlag,editableFlag,systemFlag,ft,lt,fu,lu) values('4028810028a8ef8f0128a8f135940619','40288100288c226801288c2987e90001','4028810028a8ef8f0128a8f134f80610','370683','',null,null,'1',null,null,null,null,null,null);
insert into bd_dictionaryvalue(id,id_dictionary,id_parent,code,value,num,description,enableFlag,editableFlag,systemFlag,ft,lt,fu,lu) values('4028810028a8ef8f0128a8f135b4061a','40288100288c226801288c2987e90001','4028810028a8ef8f0128a8f134f80610','370684','',null,null,'1',null,null,null,null,null,null);
insert into bd_dictionaryvalue(id,id_dictionary,id_parent,code,value,num,description,enableFlag,editableFlag,systemFlag,ft,lt,fu,lu) values('4028810028a8ef8f0128a8f135c3061b','40288100288c226801288c2987e90001','4028810028a8ef8f0128a8f134f80610','370685','',null,null,'1',null,null,null,null,null,null);
insert into bd_dictionaryvalue(id,id_dictionary,id_parent,code,value,num,description,enableFlag,editableFlag,systemFlag,ft,lt,fu,lu) values('4028810028a8ef8f0128a8f135d3061c','40288100288c226801288c2987e90001','4028810028a8ef8f0128a8f134f80610','370686','',null,null,'1',null,null,null,null,null,null);
insert into bd_dictionaryvalue(id,id_dictionary,id_parent,code,value,num,description,enableFlag,editableFlag,systemFlag,ft,lt,fu,lu) values('4028810028a8ef8f0128a8f135f2061d','40288100288c226801288c2987e90001','4028810028a8ef8f0128a8f134f80610','370687','',null,null,'1',null,null,null,null,null,null);
insert into bd_dictionaryvalue(id,id_dictionary,id_parent,code,value,num,description,enableFlag,editableFlag,systemFlag,ft,lt,fu,lu) values('4028810028a8ef8f0128a8f13602061e','40288100288c226801288c2987e90001','4028810028a8ef8f0128a8f1310105dc','370700','',null,null,'1',null,null,null,null,null,null);
insert into bd_dictionaryvalue(id,id_dictionary,id_parent,code,value,num,description,enableFlag,editableFlag,systemFlag,ft,lt,fu,lu) values('4028810028a8ef8f0128a8f13611061f','40288100288c226801288c2987e90001','4028810028a8ef8f0128a8f13602061e','370701','',null,null,'1',null,null,null,null,null,null);
insert into bd_dictionaryvalue(id,id_dictionary,id_parent,code,value,num,description,enableFlag,editableFlag,systemFlag,ft,lt,fu,lu) values('4028810028a8ef8f0128a8f136210620','40288100288c226801288c2987e90001','4028810028a8ef8f0128a8f13602061e','370702','',null,null,'1',null,null,null,null,null,null);
insert into bd_dictionaryvalue(id,id_dictionary,id_parent,code,value,num,description,enableFlag,editableFlag,systemFlag,ft,lt,fu,lu) values('4028810028a8ef8f0128a8f136310621','40288100288c226801288c2987e90001','4028810028a8ef8f0128a8f13602061e','370703','',null,null,'1',null,null,null,null,null,null);
insert into bd_dictionaryvalue(id,id_dictionary,id_parent,code,value,num,description,enableFlag,editableFlag,systemFlag,ft,lt,fu,lu) values('4028810028a8ef8f0128a8f136500622','40288100288c226801288c2987e90001','4028810028a8ef8f0128a8f13602061e','370704','',null,null,'1',null,null,null,null,null,null);
insert into bd_dictionaryvalue(id,id_dictionary,id_parent,code,value,num,description,enableFlag,editableFlag,systemFlag,ft,lt,fu,lu) values('4028810028a8ef8f0128a8f136600623','40288100288c226801288c2987e90001','4028810028a8ef8f0128a8f13602061e','370705','',null,null,'1',null,null,null,null,null,null);
insert into bd_dictionaryvalue(id,id_dictionary,id_parent,code,value,num,description,enableFlag,editableFlag,systemFlag,ft,lt,fu,lu) values('4028810028a8ef8f0128a8f1366f0624','40288100288c226801288c2987e90001','4028810028a8ef8f0128a8f13602061e','370724','',null,null,'1',null,null,null,null,null,null);
insert into bd_dictionaryvalue(id,id_dictionary,id_parent,code,value,num,description,enableFlag,editableFlag,systemFlag,ft,lt,fu,lu) values('4028810028a8ef8f0128a8f1367f0625','40288100288c226801288c2987e90001','4028810028a8ef8f0128a8f13602061e','370725','',null,null,'1',null,null,null,null,null,null);
insert into bd_dictionaryvalue(id,id_dictionary,id_parent,code,value,num,description,enableFlag,editableFlag,systemFlag,ft,lt,fu,lu) values('4028810028a8ef8f0128a8f1369e0626','40288100288c226801288c2987e90001','4028810028a8ef8f0128a8f13602061e','370781','',null,null,'1',null,null,null,null,null,null);
insert into bd_dictionaryvalue(id,id_dictionary,id_parent,code,value,num,description,enableFlag,editableFlag,systemFlag,ft,lt,fu,lu) values('4028810028a8ef8f0128a8f136ae0627','40288100288c226801288c2987e90001','4028810028a8ef8f0128a8f13602061e','370782','',null,null,'1',null,null,null,null,null,null);
insert into bd_dictionaryvalue(id,id_dictionary,id_parent,code,value,num,description,enableFlag,editableFlag,systemFlag,ft,lt,fu,lu) values('4028810028a8ef8f0128a8f136bd0628','40288100288c226801288c2987e90001','4028810028a8ef8f0128a8f13602061e','370783','',null,null,'1',null,null,null,null,null,null);
insert into bd_dictionaryvalue(id,id_dictionary,id_parent,code,value,num,description,enableFlag,editableFlag,systemFlag,ft,lt,fu,lu) values('4028810028a8ef8f0128a8f136cd0629','40288100288c226801288c2987e90001','4028810028a8ef8f0128a8f13602061e','370784','',null,null,'1',null,null,null,null,null,null);
insert into bd_dictionaryvalue(id,id_dictionary,id_parent,code,value,num,description,enableFlag,editableFlag,systemFlag,ft,lt,fu,lu) values('4028810028a8ef8f0128a8f136ec062a','40288100288c226801288c2987e90001','4028810028a8ef8f0128a8f13602061e','370785','',null,null,'1',null,null,null,null,null,null);
insert into bd_dictionaryvalue(id,id_dictionary,id_parent,code,value,num,description,enableFlag,editableFlag,systemFlag,ft,lt,fu,lu) values('4028810028a8ef8f0128a8f136fc062b','40288100288c226801288c2987e90001','4028810028a8ef8f0128a8f13602061e','370786','',null,null,'1',null,null,null,null,null,null);
insert into bd_dictionaryvalue(id,id_dictionary,id_parent,code,value,num,description,enableFlag,editableFlag,systemFlag,ft,lt,fu,lu) values('4028810028a8ef8f0128a8f1370b062c','40288100288c226801288c2987e90001','4028810028a8ef8f0128a8f1310105dc','370800','',null,null,'1',null,null,null,null,null,null);
insert into bd_dictionaryvalue(id,id_dictionary,id_parent,code,value,num,description,enableFlag,editableFlag,systemFlag,ft,lt,fu,lu) values('4028810028a8ef8f0128a8f1371b062d','40288100288c226801288c2987e90001','4028810028a8ef8f0128a8f1370b062c','370801','',null,null,'1',null,null,null,null,null,null);
insert into bd_dictionaryvalue(id,id_dictionary,id_parent,code,value,num,description,enableFlag,editableFlag,systemFlag,ft,lt,fu,lu) values('4028810028a8ef8f0128a8f1373a062e','40288100288c226801288c2987e90001','4028810028a8ef8f0128a8f1370b062c','370802','',null,null,'1',null,null,null,null,null,null);
insert into bd_dictionaryvalue(id,id_dictionary,id_parent,code,value,num,description,enableFlag,editableFlag,systemFlag,ft,lt,fu,lu) values('4028810028a8ef8f0128a8f1374a062f','40288100288c226801288c2987e90001','4028810028a8ef8f0128a8f1370b062c','370811','',null,null,'1',null,null,null,null,null,null);
insert into bd_dictionaryvalue(id,id_dictionary,id_parent,code,value,num,description,enableFlag,editableFlag,systemFlag,ft,lt,fu,lu) values('4028810028a8ef8f0128a8f137690630','40288100288c226801288c2987e90001','4028810028a8ef8f0128a8f1370b062c','370826','',null,null,'1',null,null,null,null,null,null);
insert into bd_dictionaryvalue(id,id_dictionary,id_parent,code,value,num,description,enableFlag,editableFlag,systemFlag,ft,lt,fu,lu) values('4028810028a8ef8f0128a8f137790631','40288100288c226801288c2987e90001','4028810028a8ef8f0128a8f1370b062c','370827','',null,null,'1',null,null,null,null,null,null);
insert into bd_dictionaryvalue(id,id_dictionary,id_parent,code,value,num,description,enableFlag,editableFlag,systemFlag,ft,lt,fu,lu) values('4028810028a8ef8f0128a8f137880632','40288100288c226801288c2987e90001','4028810028a8ef8f0128a8f1370b062c','370828','',null,null,'1',null,null,null,null,null,null);
insert into bd_dictionaryvalue(id,id_dictionary,id_parent,code,value,num,description,enableFlag,editableFlag,systemFlag,ft,lt,fu,lu) values('4028810028a8ef8f0128a8f137980633','40288100288c226801288c2987e90001','4028810028a8ef8f0128a8f1370b062c','370829','',null,null,'1',null,null,null,null,null,null);
insert into bd_dictionaryvalue(id,id_dictionary,id_parent,code,value,num,description,enableFlag,editableFlag,systemFlag,ft,lt,fu,lu) values('4028810028a8ef8f0128a8f137a80634','40288100288c226801288c2987e90001','4028810028a8ef8f0128a8f1370b062c','370830','',null,null,'1',null,null,null,null,null,null);
insert into bd_dictionaryvalue(id,id_dictionary,id_parent,code,value,num,description,enableFlag,editableFlag,systemFlag,ft,lt,fu,lu) values('4028810028a8ef8f0128a8f137c70635','40288100288c226801288c2987e90001','4028810028a8ef8f0128a8f1370b062c','370831','',null,null,'1',null,null,null,null,null,null);
insert into bd_dictionaryvalue(id,id_dictionary,id_parent,code,value,num,description,enableFlag,editableFlag,systemFlag,ft,lt,fu,lu) values('4028810028a8ef8f0128a8f137d70636','40288100288c226801288c2987e90001','4028810028a8ef8f0128a8f1370b062c','370832','',null,null,'1',null,null,null,null,null,null);
insert into bd_dictionaryvalue(id,id_dictionary,id_parent,code,value,num,description,enableFlag,editableFlag,systemFlag,ft,lt,fu,lu) values('4028810028a8ef8f0128a8f137e60637','40288100288c226801288c2987e90001','4028810028a8ef8f0128a8f1370b062c','370881','',null,null,'1',null,null,null,null,null,null);
insert into bd_dictionaryvalue(id,id_dictionary,id_parent,code,value,num,description,enableFlag,editableFlag,systemFlag,ft,lt,fu,lu) values('4028810028a8ef8f0128a8f137f60638','40288100288c226801288c2987e90001','4028810028a8ef8f0128a8f1370b062c','370882','',null,null,'1',null,null,null,null,null,null);
insert into bd_dictionaryvalue(id,id_dictionary,id_parent,code,value,num,description,enableFlag,editableFlag,systemFlag,ft,lt,fu,lu) values('4028810028a8ef8f0128a8f138150639','40288100288c226801288c2987e90001','4028810028a8ef8f0128a8f1370b062c','370883','',null,null,'1',null,null,null,null,null,null);
insert into bd_dictionaryvalue(id,id_dictionary,id_parent,code,value,num,description,enableFlag,editableFlag,systemFlag,ft,lt,fu,lu) values('4028810028a8ef8f0128a8f13825063a','40288100288c226801288c2987e90001','4028810028a8ef8f0128a8f1310105dc','370900','',null,null,'1',null,null,null,null,null,null);
insert into bd_dictionaryvalue(id,id_dictionary,id_parent,code,value,num,description,enableFlag,editableFlag,systemFlag,ft,lt,fu,lu) values('4028810028a8ef8f0128a8f13834063b','40288100288c226801288c2987e90001','4028810028a8ef8f0128a8f13825063a','370901','',null,null,'1',null,null,null,null,null,null);
insert into bd_dictionaryvalue(id,id_dictionary,id_parent,code,value,num,description,enableFlag,editableFlag,systemFlag,ft,lt,fu,lu) values('4028810028a8ef8f0128a8f13844063c','40288100288c226801288c2987e90001','4028810028a8ef8f0128a8f13825063a','370902','',null,null,'1',null,null,null,null,null,null);
insert into bd_dictionaryvalue(id,id_dictionary,id_parent,code,value,num,description,enableFlag,editableFlag,systemFlag,ft,lt,fu,lu) values('4028810028a8ef8f0128a8f13863063d','40288100288c226801288c2987e90001','4028810028a8ef8f0128a8f13825063a','370911','',null,null,'1',null,null,null,null,null,null);
insert into bd_dictionaryvalue(id,id_dictionary,id_parent,code,value,num,description,enableFlag,editableFlag,systemFlag,ft,lt,fu,lu) values('4028810028a8ef8f0128a8f13873063e','40288100288c226801288c2987e90001','4028810028a8ef8f0128a8f13825063a','370921','',null,null,'1',null,null,null,null,null,null);
insert into bd_dictionaryvalue(id,id_dictionary,id_parent,code,value,num,description,enableFlag,editableFlag,systemFlag,ft,lt,fu,lu) values('4028810028a8ef8f0128a8f13882063f','40288100288c226801288c2987e90001','4028810028a8ef8f0128a8f13825063a','370923','',null,null,'1',null,null,null,null,null,null);
insert into bd_dictionaryvalue(id,id_dictionary,id_parent,code,value,num,description,enableFlag,editableFlag,systemFlag,ft,lt,fu,lu) values('4028810028a8ef8f0128a8f138920640','40288100288c226801288c2987e90001','4028810028a8ef8f0128a8f13825063a','370982','',null,null,'1',null,null,null,null,null,null);
insert into bd_dictionaryvalue(id,id_dictionary,id_parent,code,value,num,description,enableFlag,editableFlag,systemFlag,ft,lt,fu,lu) values('4028810028a8ef8f0128a8f138b10641','40288100288c226801288c2987e90001','4028810028a8ef8f0128a8f13825063a','370983','',null,null,'1',null,null,null,null,null,null);
insert into bd_dictionaryvalue(id,id_dictionary,id_parent,code,value,num,description,enableFlag,editableFlag,systemFlag,ft,lt,fu,lu) values('4028810028a8ef8f0128a8f138c10642','40288100288c226801288c2987e90001','4028810028a8ef8f0128a8f1310105dc','371000','',null,null,'1',null,null,null,null,null,null);
insert into bd_dictionaryvalue(id,id_dictionary,id_parent,code,value,num,description,enableFlag,editableFlag,systemFlag,ft,lt,fu,lu) values('4028810028a8ef8f0128a8f138d10643','40288100288c226801288c2987e90001','4028810028a8ef8f0128a8f138c10642','371001','',null,null,'1',null,null,null,null,null,null);
insert into bd_dictionaryvalue(id,id_dictionary,id_parent,code,value,num,description,enableFlag,editableFlag,systemFlag,ft,lt,fu,lu) values('4028810028a8ef8f0128a8f138f00644','40288100288c226801288c2987e90001','4028810028a8ef8f0128a8f138c10642','371002','',null,null,'1',null,null,null,null,null,null);
insert into bd_dictionaryvalue(id,id_dictionary,id_parent,code,value,num,description,enableFlag,editableFlag,systemFlag,ft,lt,fu,lu) values('4028810028a8ef8f0128a8f138ff0645','40288100288c226801288c2987e90001','4028810028a8ef8f0128a8f138c10642','371081','',null,null,'1',null,null,null,null,null,null);
insert into bd_dictionaryvalue(id,id_dictionary,id_parent,code,value,num,description,enableFlag,editableFlag,systemFlag,ft,lt,fu,lu) values('4028810028a8ef8f0128a8f1390f0646','40288100288c226801288c2987e90001','4028810028a8ef8f0128a8f138c10642','371082','',null,null,'1',null,null,null,null,null,null);
insert into bd_dictionaryvalue(id,id_dictionary,id_parent,code,value,num,description,enableFlag,editableFlag,systemFlag,ft,lt,fu,lu) values('4028810028a8ef8f0128a8f1391f0647','40288100288c226801288c2987e90001','4028810028a8ef8f0128a8f138c10642','371083','',null,null,'1',null,null,null,null,null,null);
insert into bd_dictionaryvalue(id,id_dictionary,id_parent,code,value,num,description,enableFlag,editableFlag,systemFlag,ft,lt,fu,lu) values('4028810028a8ef8f0128a8f1393e0648','40288100288c226801288c2987e90001','4028810028a8ef8f0128a8f1310105dc','371100','',null,null,'1',null,null,null,null,null,null);
insert into bd_dictionaryvalue(id,id_dictionary,id_parent,code,value,num,description,enableFlag,editableFlag,systemFlag,ft,lt,fu,lu) values('4028810028a8ef8f0128a8f1394e0649','40288100288c226801288c2987e90001','4028810028a8ef8f0128a8f1393e0648','371101','',null,null,'1',null,null,null,null,null,null);
insert into bd_dictionaryvalue(id,id_dictionary,id_parent,code,value,num,description,enableFlag,editableFlag,systemFlag,ft,lt,fu,lu) values('4028810028a8ef8f0128a8f1395d064a','40288100288c226801288c2987e90001','4028810028a8ef8f0128a8f1393e0648','371102','',null,null,'1',null,null,null,null,null,null);
insert into bd_dictionaryvalue(id,id_dictionary,id_parent,code,value,num,description,enableFlag,editableFlag,systemFlag,ft,lt,fu,lu) values('4028810028a8ef8f0128a8f1396d064b','40288100288c226801288c2987e90001','4028810028a8ef8f0128a8f1393e0648','371121','',null,null,'1',null,null,null,null,null,null);
insert into bd_dictionaryvalue(id,id_dictionary,id_parent,code,value,num,description,enableFlag,editableFlag,systemFlag,ft,lt,fu,lu) values('4028810028a8ef8f0128a8f1398c064c','40288100288c226801288c2987e90001','4028810028a8ef8f0128a8f1393e0648','371122','',null,null,'1',null,null,null,null,null,null);
insert into bd_dictionaryvalue(id,id_dictionary,id_parent,code,value,num,description,enableFlag,editableFlag,systemFlag,ft,lt,fu,lu) values('4028810028a8ef8f0128a8f1399c064d','40288100288c226801288c2987e90001','4028810028a8ef8f0128a8f1310105dc','371200','',null,null,'1',null,null,null,null,null,null);
insert into bd_dictionaryvalue(id,id_dictionary,id_parent,code,value,num,description,enableFlag,editableFlag,systemFlag,ft,lt,fu,lu) values('4028810028a8ef8f0128a8f139ab064e','40288100288c226801288c2987e90001','4028810028a8ef8f0128a8f1399c064d','371201','',null,null,'1',null,null,null,null,null,null);
insert into bd_dictionaryvalue(id,id_dictionary,id_parent,code,value,num,description,enableFlag,editableFlag,systemFlag,ft,lt,fu,lu) values('4028810028a8ef8f0128a8f139bb064f','40288100288c226801288c2987e90001','4028810028a8ef8f0128a8f1399c064d','371202','',null,null,'1',null,null,null,null,null,null);
insert into bd_dictionaryvalue(id,id_dictionary,id_parent,code,value,num,description,enableFlag,editableFlag,systemFlag,ft,lt,fu,lu) values('4028810028a8ef8f0128a8f139da0650','40288100288c226801288c2987e90001','4028810028a8ef8f0128a8f1399c064d','371203','',null,null,'1',null,null,null,null,null,null);
insert into bd_dictionaryvalue(id,id_dictionary,id_parent,code,value,num,description,enableFlag,editableFlag,systemFlag,ft,lt,fu,lu) values('4028810028a8ef8f0128a8f139ea0651','40288100288c226801288c2987e90001','4028810028a8ef8f0128a8f1310105dc','371300','',null,null,'1',null,null,null,null,null,null);
insert into bd_dictionaryvalue(id,id_dictionary,id_parent,code,value,num,description,enableFlag,editableFlag,systemFlag,ft,lt,fu,lu) values('4028810028a8ef8f0128a8f139f90652','40288100288c226801288c2987e90001','4028810028a8ef8f0128a8f139ea0651','371301','',null,null,'1',null,null,null,null,null,null);
insert into bd_dictionaryvalue(id,id_dictionary,id_parent,code,value,num,description,enableFlag,editableFlag,systemFlag,ft,lt,fu,lu) values('4028810028a8ef8f0128a8f13a190653','40288100288c226801288c2987e90001','4028810028a8ef8f0128a8f139ea0651','371302','',null,null,'1',null,null,null,null,null,null);
insert into bd_dictionaryvalue(id,id_dictionary,id_parent,code,value,num,description,enableFlag,editableFlag,systemFlag,ft,lt,fu,lu) values('4028810028a8ef8f0128a8f13a280654','40288100288c226801288c2987e90001','4028810028a8ef8f0128a8f139ea0651','371311','',null,null,'1',null,null,null,null,null,null);
insert into bd_dictionaryvalue(id,id_dictionary,id_parent,code,value,num,description,enableFlag,editableFlag,systemFlag,ft,lt,fu,lu) values('4028810028a8ef8f0128a8f13a380655','40288100288c226801288c2987e90001','4028810028a8ef8f0128a8f139ea0651','371312','',null,null,'1',null,null,null,null,null,null);
insert into bd_dictionaryvalue(id,id_dictionary,id_parent,code,value,num,description,enableFlag,editableFlag,systemFlag,ft,lt,fu,lu) values('4028810028a8ef8f0128a8f13a480656','40288100288c226801288c2987e90001','4028810028a8ef8f0128a8f139ea0651','371321','',null,null,'1',null,null,null,null,null,null);
insert into bd_dictionaryvalue(id,id_dictionary,id_parent,code,value,num,description,enableFlag,editableFlag,systemFlag,ft,lt,fu,lu) values('4028810028a8ef8f0128a8f13a570657','40288100288c226801288c2987e90001','4028810028a8ef8f0128a8f139ea0651','371322','',null,null,'1',null,null,null,null,null,null);
insert into bd_dictionaryvalue(id,id_dictionary,id_parent,code,value,num,description,enableFlag,editableFlag,systemFlag,ft,lt,fu,lu) values('4028810028a8ef8f0128a8f13a760658','40288100288c226801288c2987e90001','4028810028a8ef8f0128a8f139ea0651','371323','',null,null,'1',null,null,null,null,null,null);
insert into bd_dictionaryvalue(id,id_dictionary,id_parent,code,value,num,description,enableFlag,editableFlag,systemFlag,ft,lt,fu,lu) values('4028810028a8ef8f0128a8f13a860659','40288100288c226801288c2987e90001','4028810028a8ef8f0128a8f139ea0651','371324','',null,null,'1',null,null,null,null,null,null);
insert into bd_dictionaryvalue(id,id_dictionary,id_parent,code,value,num,description,enableFlag,editableFlag,systemFlag,ft,lt,fu,lu) values('4028810028a8ef8f0128a8f13a96065a','40288100288c226801288c2987e90001','4028810028a8ef8f0128a8f139ea0651','371325','',null,null,'1',null,null,null,null,null,null);
insert into bd_dictionaryvalue(id,id_dictionary,id_parent,code,value,num,description,enableFlag,editableFlag,systemFlag,ft,lt,fu,lu) values('4028810028a8ef8f0128a8f13aa5065b','40288100288c226801288c2987e90001','4028810028a8ef8f0128a8f139ea0651','371326','',null,null,'1',null,null,null,null,null,null);
insert into bd_dictionaryvalue(id,id_dictionary,id_parent,code,value,num,description,enableFlag,editableFlag,systemFlag,ft,lt,fu,lu) values('4028810028a8ef8f0128a8f13ac5065c','40288100288c226801288c2987e90001','4028810028a8ef8f0128a8f139ea0651','371327','',null,null,'1',null,null,null,null,null,null);
insert into bd_dictionaryvalue(id,id_dictionary,id_parent,code,value,num,description,enableFlag,editableFlag,systemFlag,ft,lt,fu,lu) values('4028810028a8ef8f0128a8f13ad4065d','40288100288c226801288c2987e90001','4028810028a8ef8f0128a8f139ea0651','371328','',null,null,'1',null,null,null,null,null,null);
insert into bd_dictionaryvalue(id,id_dictionary,id_parent,code,value,num,description,enableFlag,editableFlag,systemFlag,ft,lt,fu,lu) values('4028810028a8ef8f0128a8f13ae4065e','40288100288c226801288c2987e90001','4028810028a8ef8f0128a8f139ea0651','371329','',null,null,'1',null,null,null,null,null,null);
insert into bd_dictionaryvalue(id,id_dictionary,id_parent,code,value,num,description,enableFlag,editableFlag,systemFlag,ft,lt,fu,lu) values('4028810028a8ef8f0128a8f13af3065f','40288100288c226801288c2987e90001','4028810028a8ef8f0128a8f1310105dc','371400','',null,null,'1',null,null,null,null,null,null);
insert into bd_dictionaryvalue(id,id_dictionary,id_parent,code,value,num,description,enableFlag,editableFlag,systemFlag,ft,lt,fu,lu) values('4028810028a8ef8f0128a8f13b130660','40288100288c226801288c2987e90001','4028810028a8ef8f0128a8f13af3065f','371401','',null,null,'1',null,null,null,null,null,null);
insert into bd_dictionaryvalue(id,id_dictionary,id_parent,code,value,num,description,enableFlag,editableFlag,systemFlag,ft,lt,fu,lu) values('4028810028a8ef8f0128a8f13b220661','40288100288c226801288c2987e90001','4028810028a8ef8f0128a8f13af3065f','371402','',null,null,'1',null,null,null,null,null,null);
insert into bd_dictionaryvalue(id,id_dictionary,id_parent,code,value,num,description,enableFlag,editableFlag,systemFlag,ft,lt,fu,lu) values('4028810028a8ef8f0128a8f13b320662','40288100288c226801288c2987e90001','4028810028a8ef8f0128a8f13af3065f','371421','',null,null,'1',null,null,null,null,null,null);
insert into bd_dictionaryvalue(id,id_dictionary,id_parent,code,value,num,description,enableFlag,editableFlag,systemFlag,ft,lt,fu,lu) values('4028810028a8ef8f0128a8f13b510663','40288100288c226801288c2987e90001','4028810028a8ef8f0128a8f13af3065f','371422','',null,null,'1',null,null,null,null,null,null);
insert into bd_dictionaryvalue(id,id_dictionary,id_parent,code,value,num,description,enableFlag,editableFlag,systemFlag,ft,lt,fu,lu) values('4028810028a8ef8f0128a8f13b610664','40288100288c226801288c2987e90001','4028810028a8ef8f0128a8f13af3065f','371423','',null,null,'1',null,null,null,null,null,null);
insert into bd_dictionaryvalue(id,id_dictionary,id_parent,code,value,num,description,enableFlag,editableFlag,systemFlag,ft,lt,fu,lu) values('4028810028a8ef8f0128a8f13b700665','40288100288c226801288c2987e90001','4028810028a8ef8f0128a8f13af3065f','371424','',null,null,'1',null,null,null,null,null,null);
insert into bd_dictionaryvalue(id,id_dictionary,id_parent,code,value,num,description,enableFlag,editableFlag,systemFlag,ft,lt,fu,lu) values('4028810028a8ef8f0128a8f13b800666','40288100288c226801288c2987e90001','4028810028a8ef8f0128a8f13af3065f','371425','',null,null,'1',null,null,null,null,null,null);
insert into bd_dictionaryvalue(id,id_dictionary,id_parent,code,value,num,description,enableFlag,editableFlag,systemFlag,ft,lt,fu,lu) values('4028810028a8ef8f0128a8f13b9f0667','40288100288c226801288c2987e90001','4028810028a8ef8f0128a8f13af3065f','371426','',null,null,'1',null,null,null,null,null,null);
insert into bd_dictionaryvalue(id,id_dictionary,id_parent,code,value,num,description,enableFlag,editableFlag,systemFlag,ft,lt,fu,lu) values('4028810028a8ef8f0128a8f13baf0668','40288100288c226801288c2987e90001','4028810028a8ef8f0128a8f13af3065f','371427','',null,null,'1',null,null,null,null,null,null);
insert into bd_dictionaryvalue(id,id_dictionary,id_parent,code,value,num,description,enableFlag,editableFlag,systemFlag,ft,lt,fu,lu) values('4028810028a8ef8f0128a8f13bbf0669','40288100288c226801288c2987e90001','4028810028a8ef8f0128a8f13af3065f','371428','',null,null,'1',null,null,null,null,null,null);
insert into bd_dictionaryvalue(id,id_dictionary,id_parent,code,value,num,description,enableFlag,editableFlag,systemFlag,ft,lt,fu,lu) values('4028810028a8ef8f0128a8f13bce066a','40288100288c226801288c2987e90001','4028810028a8ef8f0128a8f13af3065f','371481','',null,null,'1',null,null,null,null,null,null);
insert into bd_dictionaryvalue(id,id_dictionary,id_parent,code,value,num,description,enableFlag,editableFlag,systemFlag,ft,lt,fu,lu) values('4028810028a8ef8f0128a8f13bed066b','40288100288c226801288c2987e90001','4028810028a8ef8f0128a8f13af3065f','371482','',null,null,'1',null,null,null,null,null,null);
insert into bd_dictionaryvalue(id,id_dictionary,id_parent,code,value,num,description,enableFlag,editableFlag,systemFlag,ft,lt,fu,lu) values('4028810028a8ef8f0128a8f13bfd066c','40288100288c226801288c2987e90001','4028810028a8ef8f0128a8f1310105dc','371500','',null,null,'1',null,null,null,null,null,null);
insert into bd_dictionaryvalue(id,id_dictionary,id_parent,code,value,num,description,enableFlag,editableFlag,systemFlag,ft,lt,fu,lu) values('4028810028a8ef8f0128a8f13c0d066d','40288100288c226801288c2987e90001','4028810028a8ef8f0128a8f13bfd066c','371501','',null,null,'1',null,null,null,null,null,null);
insert into bd_dictionaryvalue(id,id_dictionary,id_parent,code,value,num,description,enableFlag,editableFlag,systemFlag,ft,lt,fu,lu) values('4028810028a8ef8f0128a8f13c1c066e','40288100288c226801288c2987e90001','4028810028a8ef8f0128a8f13bfd066c','371502','',null,null,'1',null,null,null,null,null,null);
insert into bd_dictionaryvalue(id,id_dictionary,id_parent,code,value,num,description,enableFlag,editableFlag,systemFlag,ft,lt,fu,lu) values('4028810028a8ef8f0128a8f13c3c066f','40288100288c226801288c2987e90001','4028810028a8ef8f0128a8f13bfd066c','371521','',null,null,'1',null,null,null,null,null,null);
insert into bd_dictionaryvalue(id,id_dictionary,id_parent,code,value,num,description,enableFlag,editableFlag,systemFlag,ft,lt,fu,lu) values('4028810028a8ef8f0128a8f13c4b0670','40288100288c226801288c2987e90001','4028810028a8ef8f0128a8f13bfd066c','371522','',null,null,'1',null,null,null,null,null,null);
insert into bd_dictionaryvalue(id,id_dictionary,id_parent,code,value,num,description,enableFlag,editableFlag,systemFlag,ft,lt,fu,lu) values('4028810028a8ef8f0128a8f13c5b0671','40288100288c226801288c2987e90001','4028810028a8ef8f0128a8f13bfd066c','371523','',null,null,'1',null,null,null,null,null,null);
insert into bd_dictionaryvalue(id,id_dictionary,id_parent,code,value,num,description,enableFlag,editableFlag,systemFlag,ft,lt,fu,lu) values('4028810028a8ef8f0128a8f13c6a0672','40288100288c226801288c2987e90001','4028810028a8ef8f0128a8f13bfd066c','371524','',null,null,'1',null,null,null,null,null,null);
insert into bd_dictionaryvalue(id,id_dictionary,id_parent,code,value,num,description,enableFlag,editableFlag,systemFlag,ft,lt,fu,lu) values('4028810028a8ef8f0128a8f13c8a0673','40288100288c226801288c2987e90001','4028810028a8ef8f0128a8f13bfd066c','371525','',null,null,'1',null,null,null,null,null,null);
insert into bd_dictionaryvalue(id,id_dictionary,id_parent,code,value,num,description,enableFlag,editableFlag,systemFlag,ft,lt,fu,lu) values('4028810028a8ef8f0128a8f13c990674','40288100288c226801288c2987e90001','4028810028a8ef8f0128a8f13bfd066c','371526','',null,null,'1',null,null,null,null,null,null);
insert into bd_dictionaryvalue(id,id_dictionary,id_parent,code,value,num,description,enableFlag,editableFlag,systemFlag,ft,lt,fu,lu) values('4028810028a8ef8f0128a8f13ca90675','40288100288c226801288c2987e90001','4028810028a8ef8f0128a8f13bfd066c','371581','',null,null,'1',null,null,null,null,null,null);
insert into bd_dictionaryvalue(id,id_dictionary,id_parent,code,value,num,description,enableFlag,editableFlag,systemFlag,ft,lt,fu,lu) values('4028810028a8ef8f0128a8f13cb90676','40288100288c226801288c2987e90001','4028810028a8ef8f0128a8f1310105dc','371600','',null,null,'1',null,null,null,null,null,null);
insert into bd_dictionaryvalue(id,id_dictionary,id_parent,code,value,num,description,enableFlag,editableFlag,systemFlag,ft,lt,fu,lu) values('4028810028a8ef8f0128a8f13cd80677','40288100288c226801288c2987e90001','4028810028a8ef8f0128a8f13cb90676','371601','',null,null,'1',null,null,null,null,null,null);
insert into bd_dictionaryvalue(id,id_dictionary,id_parent,code,value,num,description,enableFlag,editableFlag,systemFlag,ft,lt,fu,lu) values('4028810028a8ef8f0128a8f13ce70678','40288100288c226801288c2987e90001','4028810028a8ef8f0128a8f13cb90676','371602','',null,null,'1',null,null,null,null,null,null);
insert into bd_dictionaryvalue(id,id_dictionary,id_parent,code,value,num,description,enableFlag,editableFlag,systemFlag,ft,lt,fu,lu) values('4028810028a8ef8f0128a8f13cf70679','40288100288c226801288c2987e90001','4028810028a8ef8f0128a8f13cb90676','371621','',null,null,'1',null,null,null,null,null,null);
insert into bd_dictionaryvalue(id,id_dictionary,id_parent,code,value,num,description,enableFlag,editableFlag,systemFlag,ft,lt,fu,lu) values('4028810028a8ef8f0128a8f13d16067a','40288100288c226801288c2987e90001','4028810028a8ef8f0128a8f13cb90676','371622','',null,null,'1',null,null,null,null,null,null);
insert into bd_dictionaryvalue(id,id_dictionary,id_parent,code,value,num,description,enableFlag,editableFlag,systemFlag,ft,lt,fu,lu) values('4028810028a8ef8f0128a8f13d26067b','40288100288c226801288c2987e90001','4028810028a8ef8f0128a8f13cb90676','371623','',null,null,'1',null,null,null,null,null,null);
insert into bd_dictionaryvalue(id,id_dictionary,id_parent,code,value,num,description,enableFlag,editableFlag,systemFlag,ft,lt,fu,lu) values('4028810028a8ef8f0128a8f13d36067c','40288100288c226801288c2987e90001','4028810028a8ef8f0128a8f13cb90676','371624','',null,null,'1',null,null,null,null,null,null);
insert into bd_dictionaryvalue(id,id_dictionary,id_parent,code,value,num,description,enableFlag,editableFlag,systemFlag,ft,lt,fu,lu) values('4028810028a8ef8f0128a8f13d45067d','40288100288c226801288c2987e90001','4028810028a8ef8f0128a8f13cb90676','371625','',null,null,'1',null,null,null,null,null,null);
insert into bd_dictionaryvalue(id,id_dictionary,id_parent,code,value,num,description,enableFlag,editableFlag,systemFlag,ft,lt,fu,lu) values('4028810028a8ef8f0128a8f13d64067e','40288100288c226801288c2987e90001','4028810028a8ef8f0128a8f13cb90676','371626','',null,null,'1',null,null,null,null,null,null);
insert into bd_dictionaryvalue(id,id_dictionary,id_parent,code,value,num,description,enableFlag,editableFlag,systemFlag,ft,lt,fu,lu) values('4028810028a8ef8f0128a8f13d74067f','40288100288c226801288c2987e90001','4028810028a8ef8f0128a8f1310105dc','371700','',null,null,'1',null,null,null,null,null,null);
insert into bd_dictionaryvalue(id,id_dictionary,id_parent,code,value,num,description,enableFlag,editableFlag,systemFlag,ft,lt,fu,lu) values('4028810028a8ef8f0128a8f13d840680','40288100288c226801288c2987e90001','4028810028a8ef8f0128a8f13d74067f','371701','',null,null,'1',null,null,null,null,null,null);
insert into bd_dictionaryvalue(id,id_dictionary,id_parent,code,value,num,description,enableFlag,editableFlag,systemFlag,ft,lt,fu,lu) values('4028810028a8ef8f0128a8f13d930681','40288100288c226801288c2987e90001','4028810028a8ef8f0128a8f13d74067f','371702','',null,null,'1',null,null,null,null,null,null);
insert into bd_dictionaryvalue(id,id_dictionary,id_parent,code,value,num,description,enableFlag,editableFlag,systemFlag,ft,lt,fu,lu) values('4028810028a8ef8f0128a8f13db30682','40288100288c226801288c2987e90001','4028810028a8ef8f0128a8f13d74067f','371721','',null,null,'1',null,null,null,null,null,null);
insert into bd_dictionaryvalue(id,id_dictionary,id_parent,code,value,num,description,enableFlag,editableFlag,systemFlag,ft,lt,fu,lu) values('4028810028a8ef8f0128a8f13dc20683','40288100288c226801288c2987e90001','4028810028a8ef8f0128a8f13d74067f','371722','',null,null,'1',null,null,null,null,null,null);
insert into bd_dictionaryvalue(id,id_dictionary,id_parent,code,value,num,description,enableFlag,editableFlag,systemFlag,ft,lt,fu,lu) values('4028810028a8ef8f0128a8f13dd20684','40288100288c226801288c2987e90001','4028810028a8ef8f0128a8f13d74067f','371723','',null,null,'1',null,null,null,null,null,null);
insert into bd_dictionaryvalue(id,id_dictionary,id_parent,code,value,num,description,enableFlag,editableFlag,systemFlag,ft,lt,fu,lu) values('4028810028a8ef8f0128a8f13df10685','40288100288c226801288c2987e90001','4028810028a8ef8f0128a8f13d74067f','371724','',null,null,'1',null,null,null,null,null,null);
insert into bd_dictionaryvalue(id,id_dictionary,id_parent,code,value,num,description,enableFlag,editableFlag,systemFlag,ft,lt,fu,lu) values('4028810028a8ef8f0128a8f13e010686','40288100288c226801288c2987e90001','4028810028a8ef8f0128a8f13d74067f','371725','',null,null,'1',null,null,null,null,null,null);
insert into bd_dictionaryvalue(id,id_dictionary,id_parent,code,value,num,description,enableFlag,editableFlag,systemFlag,ft,lt,fu,lu) values('4028810028a8ef8f0128a8f13e100687','40288100288c226801288c2987e90001','4028810028a8ef8f0128a8f13d74067f','371726','',null,null,'1',null,null,null,null,null,null);
insert into bd_dictionaryvalue(id,id_dictionary,id_parent,code,value,num,description,enableFlag,editableFlag,systemFlag,ft,lt,fu,lu) values('4028810028a8ef8f0128a8f13e300688','40288100288c226801288c2987e90001','4028810028a8ef8f0128a8f13d74067f','371727','',null,null,'1',null,null,null,null,null,null);
insert into bd_dictionaryvalue(id,id_dictionary,id_parent,code,value,num,description,enableFlag,editableFlag,systemFlag,ft,lt,fu,lu) values('4028810028a8ef8f0128a8f13e3f0689','40288100288c226801288c2987e90001','4028810028a8ef8f0128a8f13d74067f','371728','',null,null,'1',null,null,null,null,null,null);
insert into bd_dictionaryvalue(id,id_dictionary,id_parent,code,value,num,description,enableFlag,editableFlag,systemFlag,ft,lt,fu,lu) values('4028810028a8ef8f0128a8f13e4f068a','40288100288c226801288c2987e90001',null,'410000','',null,null,'1',null,null,null,null,null,null);
insert into bd_dictionaryvalue(id,id_dictionary,id_parent,code,value,num,description,enableFlag,editableFlag,systemFlag,ft,lt,fu,lu) values('4028810028a8ef8f0128a8f13e6e068b','40288100288c226801288c2987e90001','4028810028a8ef8f0128a8f13e4f068a','410100','',null,null,'1',null,null,null,null,null,null);
insert into bd_dictionaryvalue(id,id_dictionary,id_parent,code,value,num,description,enableFlag,editableFlag,systemFlag,ft,lt,fu,lu) values('4028810028a8ef8f0128a8f13e7e068c','40288100288c226801288c2987e90001','4028810028a8ef8f0128a8f13e6e068b','410101','',null,null,'1',null,null,null,null,null,null);
insert into bd_dictionaryvalue(id,id_dictionary,id_parent,code,value,num,description,enableFlag,editableFlag,systemFlag,ft,lt,fu,lu) values('4028810028a8ef8f0128a8f13e8d068d','40288100288c226801288c2987e90001','4028810028a8ef8f0128a8f13e6e068b','410102','',null,null,'1',null,null,null,null,null,null);
insert into bd_dictionaryvalue(id,id_dictionary,id_parent,code,value,num,description,enableFlag,editableFlag,systemFlag,ft,lt,fu,lu) values('4028810028a8ef8f0128a8f13ead068e','40288100288c226801288c2987e90001','4028810028a8ef8f0128a8f13e6e068b','410103','',null,null,'1',null,null,null,null,null,null);
insert into bd_dictionaryvalue(id,id_dictionary,id_parent,code,value,num,description,enableFlag,editableFlag,systemFlag,ft,lt,fu,lu) values('4028810028a8ef8f0128a8f13ebc068f','40288100288c226801288c2987e90001','4028810028a8ef8f0128a8f13e6e068b','410104','',null,null,'1',null,null,null,null,null,null);
insert into bd_dictionaryvalue(id,id_dictionary,id_parent,code,value,num,description,enableFlag,editableFlag,systemFlag,ft,lt,fu,lu) values('4028810028a8ef8f0128a8f13ecc0690','40288100288c226801288c2987e90001','4028810028a8ef8f0128a8f13e6e068b','410105','',null,null,'1',null,null,null,null,null,null);
insert into bd_dictionaryvalue(id,id_dictionary,id_parent,code,value,num,description,enableFlag,editableFlag,systemFlag,ft,lt,fu,lu) values('4028810028a8ef8f0128a8f13edb0691','40288100288c226801288c2987e90001','4028810028a8ef8f0128a8f13e6e068b','410106','',null,null,'1',null,null,null,null,null,null);
insert into bd_dictionaryvalue(id,id_dictionary,id_parent,code,value,num,description,enableFlag,editableFlag,systemFlag,ft,lt,fu,lu) values('4028810028a8ef8f0128a8f13efb0692','40288100288c226801288c2987e90001','4028810028a8ef8f0128a8f13e6e068b','410108','',null,null,'1',null,null,null,null,null,null);
insert into bd_dictionaryvalue(id,id_dictionary,id_parent,code,value,num,description,enableFlag,editableFlag,systemFlag,ft,lt,fu,lu) values('4028810028a8ef8f0128a8f13f0a0693','40288100288c226801288c2987e90001','4028810028a8ef8f0128a8f13e6e068b','410122','',null,null,'1',null,null,null,null,null,null);
insert into bd_dictionaryvalue(id,id_dictionary,id_parent,code,value,num,description,enableFlag,editableFlag,systemFlag,ft,lt,fu,lu) values('4028810028a8ef8f0128a8f13f1a0694','40288100288c226801288c2987e90001','4028810028a8ef8f0128a8f13e6e068b','410181','',null,null,'1',null,null,null,null,null,null);
insert into bd_dictionaryvalue(id,id_dictionary,id_parent,code,value,num,description,enableFlag,editableFlag,systemFlag,ft,lt,fu,lu) values('4028810028a8ef8f0128a8f13f2a0695','40288100288c226801288c2987e90001','4028810028a8ef8f0128a8f13e6e068b','410182','',null,null,'1',null,null,null,null,null,null);
insert into bd_dictionaryvalue(id,id_dictionary,id_parent,code,value,num,description,enableFlag,editableFlag,systemFlag,ft,lt,fu,lu) values('4028810028a8ef8f0128a8f13f390696','40288100288c226801288c2987e90001','4028810028a8ef8f0128a8f13e6e068b','410183','',null,null,'1',null,null,null,null,null,null);
insert into bd_dictionaryvalue(id,id_dictionary,id_parent,code,value,num,description,enableFlag,editableFlag,systemFlag,ft,lt,fu,lu) values('4028810028a8ef8f0128a8f13f580697','40288100288c226801288c2987e90001','4028810028a8ef8f0128a8f13e6e068b','410184','',null,null,'1',null,null,null,null,null,null);
insert into bd_dictionaryvalue(id,id_dictionary,id_parent,code,value,num,description,enableFlag,editableFlag,systemFlag,ft,lt,fu,lu) values('4028810028a8ef8f0128a8f13f680698','40288100288c226801288c2987e90001','4028810028a8ef8f0128a8f13e6e068b','410185','',null,null,'1',null,null,null,null,null,null);
insert into bd_dictionaryvalue(id,id_dictionary,id_parent,code,value,num,description,enableFlag,editableFlag,systemFlag,ft,lt,fu,lu) values('4028810028a8ef8f0128a8f13f780699','40288100288c226801288c2987e90001','4028810028a8ef8f0128a8f13e4f068a','410200','',null,null,'1',null,null,null,null,null,null);
insert into bd_dictionaryvalue(id,id_dictionary,id_parent,code,value,num,description,enableFlag,editableFlag,systemFlag,ft,lt,fu,lu) values('4028810028a8ef8f0128a8f13f97069a','40288100288c226801288c2987e90001','4028810028a8ef8f0128a8f13f780699','410201','',null,null,'1',null,null,null,null,null,null);
insert into bd_dictionaryvalue(id,id_dictionary,id_parent,code,value,num,description,enableFlag,editableFlag,systemFlag,ft,lt,fu,lu) values('4028810028a8ef8f0128a8f13fa7069b','40288100288c226801288c2987e90001','4028810028a8ef8f0128a8f13f780699','410202','',null,null,'1',null,null,null,null,null,null);
insert into bd_dictionaryvalue(id,id_dictionary,id_parent,code,value,num,description,enableFlag,editableFlag,systemFlag,ft,lt,fu,lu) values('4028810028a8ef8f0128a8f13fb6069c','40288100288c226801288c2987e90001','4028810028a8ef8f0128a8f13f780699','410203','',null,null,'1',null,null,null,null,null,null);
insert into bd_dictionaryvalue(id,id_dictionary,id_parent,code,value,num,description,enableFlag,editableFlag,systemFlag,ft,lt,fu,lu) values('4028810028a8ef8f0128a8f13fc6069d','40288100288c226801288c2987e90001','4028810028a8ef8f0128a8f13f780699','410204','',null,null,'1',null,null,null,null,null,null);
insert into bd_dictionaryvalue(id,id_dictionary,id_parent,code,value,num,description,enableFlag,editableFlag,systemFlag,ft,lt,fu,lu) values('4028810028a8ef8f0128a8f13fe5069e','40288100288c226801288c2987e90001','4028810028a8ef8f0128a8f13f780699','410205','',null,null,'1',null,null,null,null,null,null);
insert into bd_dictionaryvalue(id,id_dictionary,id_parent,code,value,num,description,enableFlag,editableFlag,systemFlag,ft,lt,fu,lu) values('4028810028a8ef8f0128a8f13ff5069f','40288100288c226801288c2987e90001','4028810028a8ef8f0128a8f13f780699','410211','',null,null,'1',null,null,null,null,null,null);
insert into bd_dictionaryvalue(id,id_dictionary,id_parent,code,value,num,description,enableFlag,editableFlag,systemFlag,ft,lt,fu,lu) values('4028810028a8ef8f0128a8f1400406a0','40288100288c226801288c2987e90001','4028810028a8ef8f0128a8f13f780699','410221','',null,null,'1',null,null,null,null,null,null);
insert into bd_dictionaryvalue(id,id_dictionary,id_parent,code,value,num,description,enableFlag,editableFlag,systemFlag,ft,lt,fu,lu) values('4028810028a8ef8f0128a8f1401406a1','40288100288c226801288c2987e90001','4028810028a8ef8f0128a8f13f780699','410222','',null,null,'1',null,null,null,null,null,null);
insert into bd_dictionaryvalue(id,id_dictionary,id_parent,code,value,num,description,enableFlag,editableFlag,systemFlag,ft,lt,fu,lu) values('4028810028a8ef8f0128a8f1403306a2','40288100288c226801288c2987e90001','4028810028a8ef8f0128a8f13f780699','410223','',null,null,'1',null,null,null,null,null,null);
insert into bd_dictionaryvalue(id,id_dictionary,id_parent,code,value,num,description,enableFlag,editableFlag,systemFlag,ft,lt,fu,lu) values('4028810028a8ef8f0128a8f1404306a3','40288100288c226801288c2987e90001','4028810028a8ef8f0128a8f13f780699','410224','',null,null,'1',null,null,null,null,null,null);
insert into bd_dictionaryvalue(id,id_dictionary,id_parent,code,value,num,description,enableFlag,editableFlag,systemFlag,ft,lt,fu,lu) values('4028810028a8ef8f0128a8f1406206a4','40288100288c226801288c2987e90001','4028810028a8ef8f0128a8f13f780699','410225','',null,null,'1',null,null,null,null,null,null);
insert into bd_dictionaryvalue(id,id_dictionary,id_parent,code,value,num,description,enableFlag,editableFlag,systemFlag,ft,lt,fu,lu) values('4028810028a8ef8f0128a8f1407206a5','40288100288c226801288c2987e90001','4028810028a8ef8f0128a8f13e4f068a','410300','',null,null,'1',null,null,null,null,null,null);
insert into bd_dictionaryvalue(id,id_dictionary,id_parent,code,value,num,description,enableFlag,editableFlag,systemFlag,ft,lt,fu,lu) values('4028810028a8ef8f0128a8f1408106a6','40288100288c226801288c2987e90001','4028810028a8ef8f0128a8f1407206a5','410301','',null,null,'1',null,null,null,null,null,null);
insert into bd_dictionaryvalue(id,id_dictionary,id_parent,code,value,num,description,enableFlag,editableFlag,systemFlag,ft,lt,fu,lu) values('4028810028a8ef8f0128a8f140a106a7','40288100288c226801288c2987e90001','4028810028a8ef8f0128a8f1407206a5','410302','',null,null,'1',null,null,null,null,null,null);
insert into bd_dictionaryvalue(id,id_dictionary,id_parent,code,value,num,description,enableFlag,editableFlag,systemFlag,ft,lt,fu,lu) values('4028810028a8ef8f0128a8f140b006a8','40288100288c226801288c2987e90001','4028810028a8ef8f0128a8f1407206a5','410303','',null,null,'1',null,null,null,null,null,null);
insert into bd_dictionaryvalue(id,id_dictionary,id_parent,code,value,num,description,enableFlag,editableFlag,systemFlag,ft,lt,fu,lu) values('4028810028a8ef8f0128a8f140c006a9','40288100288c226801288c2987e90001','4028810028a8ef8f0128a8f1407206a5','410304','',null,null,'1',null,null,null,null,null,null);
insert into bd_dictionaryvalue(id,id_dictionary,id_parent,code,value,num,description,enableFlag,editableFlag,systemFlag,ft,lt,fu,lu) values('4028810028a8ef8f0128a8f140cf06aa','40288100288c226801288c2987e90001','4028810028a8ef8f0128a8f1407206a5','410305','',null,null,'1',null,null,null,null,null,null);
insert into bd_dictionaryvalue(id,id_dictionary,id_parent,code,value,num,description,enableFlag,editableFlag,systemFlag,ft,lt,fu,lu) values('4028810028a8ef8f0128a8f140ef06ab','40288100288c226801288c2987e90001','4028810028a8ef8f0128a8f1407206a5','410306','',null,null,'1',null,null,null,null,null,null);
insert into bd_dictionaryvalue(id,id_dictionary,id_parent,code,value,num,description,enableFlag,editableFlag,systemFlag,ft,lt,fu,lu) values('4028810028a8ef8f0128a8f140fe06ac','40288100288c226801288c2987e90001','4028810028a8ef8f0128a8f1407206a5','410311','',null,null,'1',null,null,null,null,null,null);
insert into bd_dictionaryvalue(id,id_dictionary,id_parent,code,value,num,description,enableFlag,editableFlag,systemFlag,ft,lt,fu,lu) values('4028810028a8ef8f0128a8f1410e06ad','40288100288c226801288c2987e90001','4028810028a8ef8f0128a8f1407206a5','410322','',null,null,'1',null,null,null,null,null,null);
insert into bd_dictionaryvalue(id,id_dictionary,id_parent,code,value,num,description,enableFlag,editableFlag,systemFlag,ft,lt,fu,lu) values('4028810028a8ef8f0128a8f1411e06ae','40288100288c226801288c2987e90001','4028810028a8ef8f0128a8f1407206a5','410323','',null,null,'1',null,null,null,null,null,null);
insert into bd_dictionaryvalue(id,id_dictionary,id_parent,code,value,num,description,enableFlag,editableFlag,systemFlag,ft,lt,fu,lu) values('4028810028a8ef8f0128a8f1413d06af','40288100288c226801288c2987e90001','4028810028a8ef8f0128a8f1407206a5','410324','',null,null,'1',null,null,null,null,null,null);
insert into bd_dictionaryvalue(id,id_dictionary,id_parent,code,value,num,description,enableFlag,editableFlag,systemFlag,ft,lt,fu,lu) values('4028810028a8ef8f0128a8f1414c06b0','40288100288c226801288c2987e90001','4028810028a8ef8f0128a8f1407206a5','410325','',null,null,'1',null,null,null,null,null,null);
insert into bd_dictionaryvalue(id,id_dictionary,id_parent,code,value,num,description,enableFlag,editableFlag,systemFlag,ft,lt,fu,lu) values('4028810028a8ef8f0128a8f1415c06b1','40288100288c226801288c2987e90001','4028810028a8ef8f0128a8f1407206a5','410326','',null,null,'1',null,null,null,null,null,null);
insert into bd_dictionaryvalue(id,id_dictionary,id_parent,code,value,num,description,enableFlag,editableFlag,systemFlag,ft,lt,fu,lu) values('4028810028a8ef8f0128a8f1417b06b2','40288100288c226801288c2987e90001','4028810028a8ef8f0128a8f1407206a5','410327','',null,null,'1',null,null,null,null,null,null);
insert into bd_dictionaryvalue(id,id_dictionary,id_parent,code,value,num,description,enableFlag,editableFlag,systemFlag,ft,lt,fu,lu) values('4028810028a8ef8f0128a8f1418b06b3','40288100288c226801288c2987e90001','4028810028a8ef8f0128a8f1407206a5','410328','',null,null,'1',null,null,null,null,null,null);
insert into bd_dictionaryvalue(id,id_dictionary,id_parent,code,value,num,description,enableFlag,editableFlag,systemFlag,ft,lt,fu,lu) values('4028810028a8ef8f0128a8f141aa06b4','40288100288c226801288c2987e90001','4028810028a8ef8f0128a8f1407206a5','410329','',null,null,'1',null,null,null,null,null,null);
insert into bd_dictionaryvalue(id,id_dictionary,id_parent,code,value,num,description,enableFlag,editableFlag,systemFlag,ft,lt,fu,lu) values('4028810028a8ef8f0128a8f141ba06b5','40288100288c226801288c2987e90001','4028810028a8ef8f0128a8f1407206a5','410381','',null,null,'1',null,null,null,null,null,null);
insert into bd_dictionaryvalue(id,id_dictionary,id_parent,code,value,num,description,enableFlag,editableFlag,systemFlag,ft,lt,fu,lu) values('4028810028a8ef8f0128a8f141c906b6','40288100288c226801288c2987e90001','4028810028a8ef8f0128a8f13e4f068a','410400','',null,null,'1',null,null,null,null,null,null);
insert into bd_dictionaryvalue(id,id_dictionary,id_parent,code,value,num,description,enableFlag,editableFlag,systemFlag,ft,lt,fu,lu) values('4028810028a8ef8f0128a8f141e906b7','40288100288c226801288c2987e90001','4028810028a8ef8f0128a8f141c906b6','410401','',null,null,'1',null,null,null,null,null,null);
insert into bd_dictionaryvalue(id,id_dictionary,id_parent,code,value,num,description,enableFlag,editableFlag,systemFlag,ft,lt,fu,lu) values('4028810028a8ef8f0128a8f141f806b8','40288100288c226801288c2987e90001','4028810028a8ef8f0128a8f141c906b6','410402','',null,null,'1',null,null,null,null,null,null);
insert into bd_dictionaryvalue(id,id_dictionary,id_parent,code,value,num,description,enableFlag,editableFlag,systemFlag,ft,lt,fu,lu) values('4028810028a8ef8f0128a8f1420806b9','40288100288c226801288c2987e90001','4028810028a8ef8f0128a8f141c906b6','410403','',null,null,'1',null,null,null,null,null,null);
insert into bd_dictionaryvalue(id,id_dictionary,id_parent,code,value,num,description,enableFlag,editableFlag,systemFlag,ft,lt,fu,lu) values('4028810028a8ef8f0128a8f1421806ba','40288100288c226801288c2987e90001','4028810028a8ef8f0128a8f141c906b6','410404','',null,null,'1',null,null,null,null,null,null);
insert into bd_dictionaryvalue(id,id_dictionary,id_parent,code,value,num,description,enableFlag,editableFlag,systemFlag,ft,lt,fu,lu) values('4028810028a8ef8f0128a8f1423706bb','40288100288c226801288c2987e90001','4028810028a8ef8f0128a8f141c906b6','410411','',null,null,'1',null,null,null,null,null,null);
insert into bd_dictionaryvalue(id,id_dictionary,id_parent,code,value,num,description,enableFlag,editableFlag,systemFlag,ft,lt,fu,lu) values('4028810028a8ef8f0128a8f1424606bc','40288100288c226801288c2987e90001','4028810028a8ef8f0128a8f141c906b6','410421','',null,null,'1',null,null,null,null,null,null);
insert into bd_dictionaryvalue(id,id_dictionary,id_parent,code,value,num,description,enableFlag,editableFlag,systemFlag,ft,lt,fu,lu) values('4028810028a8ef8f0128a8f1425606bd','40288100288c226801288c2987e90001','4028810028a8ef8f0128a8f141c906b6','410422','',null,null,'1',null,null,null,null,null,null);
insert into bd_dictionaryvalue(id,id_dictionary,id_parent,code,value,num,description,enableFlag,editableFlag,systemFlag,ft,lt,fu,lu) values('4028810028a8ef8f0128a8f1427506be','40288100288c226801288c2987e90001','4028810028a8ef8f0128a8f141c906b6','410423','',null,null,'1',null,null,null,null,null,null);
insert into bd_dictionaryvalue(id,id_dictionary,id_parent,code,value,num,description,enableFlag,editableFlag,systemFlag,ft,lt,fu,lu) values('4028810028a8ef8f0128a8f1428506bf','40288100288c226801288c2987e90001','4028810028a8ef8f0128a8f141c906b6','410425','',null,null,'1',null,null,null,null,null,null);
insert into bd_dictionaryvalue(id,id_dictionary,id_parent,code,value,num,description,enableFlag,editableFlag,systemFlag,ft,lt,fu,lu) values('4028810028a8ef8f0128a8f1429506c0','40288100288c226801288c2987e90001','4028810028a8ef8f0128a8f141c906b6','410481','',null,null,'1',null,null,null,null,null,null);
insert into bd_dictionaryvalue(id,id_dictionary,id_parent,code,value,num,description,enableFlag,editableFlag,systemFlag,ft,lt,fu,lu) values('4028810028a8ef8f0128a8f142a406c1','40288100288c226801288c2987e90001','4028810028a8ef8f0128a8f141c906b6','410482','',null,null,'1',null,null,null,null,null,null);
insert into bd_dictionaryvalue(id,id_dictionary,id_parent,code,value,num,description,enableFlag,editableFlag,systemFlag,ft,lt,fu,lu) values('4028810028a8ef8f0128a8f142c306c2','40288100288c226801288c2987e90001','4028810028a8ef8f0128a8f13e4f068a','410500','',null,null,'1',null,null,null,null,null,null);
insert into bd_dictionaryvalue(id,id_dictionary,id_parent,code,value,num,description,enableFlag,editableFlag,systemFlag,ft,lt,fu,lu) values('4028810028a8ef8f0128a8f142d306c3','40288100288c226801288c2987e90001','4028810028a8ef8f0128a8f142c306c2','410501','',null,null,'1',null,null,null,null,null,null);
insert into bd_dictionaryvalue(id,id_dictionary,id_parent,code,value,num,description,enableFlag,editableFlag,systemFlag,ft,lt,fu,lu) values('4028810028a8ef8f0128a8f142e306c4','40288100288c226801288c2987e90001','4028810028a8ef8f0128a8f142c306c2','410502','',null,null,'1',null,null,null,null,null,null);
insert into bd_dictionaryvalue(id,id_dictionary,id_parent,code,value,num,description,enableFlag,editableFlag,systemFlag,ft,lt,fu,lu) values('4028810028a8ef8f0128a8f1430206c5','40288100288c226801288c2987e90001','4028810028a8ef8f0128a8f142c306c2','410503','',null,null,'1',null,null,null,null,null,null);
insert into bd_dictionaryvalue(id,id_dictionary,id_parent,code,value,num,description,enableFlag,editableFlag,systemFlag,ft,lt,fu,lu) values('4028810028a8ef8f0128a8f1431206c6','40288100288c226801288c2987e90001','4028810028a8ef8f0128a8f142c306c2','410504','',null,null,'1',null,null,null,null,null,null);
insert into bd_dictionaryvalue(id,id_dictionary,id_parent,code,value,num,description,enableFlag,editableFlag,systemFlag,ft,lt,fu,lu) values('4028810028a8ef8f0128a8f1432106c7','40288100288c226801288c2987e90001','4028810028a8ef8f0128a8f142c306c2','410511','',null,null,'1',null,null,null,null,null,null);
insert into bd_dictionaryvalue(id,id_dictionary,id_parent,code,value,num,description,enableFlag,editableFlag,systemFlag,ft,lt,fu,lu) values('4028810028a8ef8f0128a8f1433106c8','40288100288c226801288c2987e90001','4028810028a8ef8f0128a8f142c306c2','410522','',null,null,'1',null,null,null,null,null,null);
insert into bd_dictionaryvalue(id,id_dictionary,id_parent,code,value,num,description,enableFlag,editableFlag,systemFlag,ft,lt,fu,lu) values('4028810028a8ef8f0128a8f1435006c9','40288100288c226801288c2987e90001','4028810028a8ef8f0128a8f142c306c2','410523','',null,null,'1',null,null,null,null,null,null);
insert into bd_dictionaryvalue(id,id_dictionary,id_parent,code,value,num,description,enableFlag,editableFlag,systemFlag,ft,lt,fu,lu) values('4028810028a8ef8f0128a8f1436f06ca','40288100288c226801288c2987e90001','4028810028a8ef8f0128a8f142c306c2','410526','',null,null,'1',null,null,null,null,null,null);
insert into bd_dictionaryvalue(id,id_dictionary,id_parent,code,value,num,description,enableFlag,editableFlag,systemFlag,ft,lt,fu,lu) values('4028810028a8ef8f0128a8f1437f06cb','40288100288c226801288c2987e90001','4028810028a8ef8f0128a8f142c306c2','410527','',null,null,'1',null,null,null,null,null,null);
insert into bd_dictionaryvalue(id,id_dictionary,id_parent,code,value,num,description,enableFlag,editableFlag,systemFlag,ft,lt,fu,lu) values('4028810028a8ef8f0128a8f1438f06cc','40288100288c226801288c2987e90001','4028810028a8ef8f0128a8f142c306c2','410581','',null,null,'1',null,null,null,null,null,null);
insert into bd_dictionaryvalue(id,id_dictionary,id_parent,code,value,num,description,enableFlag,editableFlag,systemFlag,ft,lt,fu,lu) values('4028810028a8ef8f0128a8f143ae06cd','40288100288c226801288c2987e90001','4028810028a8ef8f0128a8f13e4f068a','410600','',null,null,'1',null,null,null,null,null,null);
insert into bd_dictionaryvalue(id,id_dictionary,id_parent,code,value,num,description,enableFlag,editableFlag,systemFlag,ft,lt,fu,lu) values('4028810028a8ef8f0128a8f143bd06ce','40288100288c226801288c2987e90001','4028810028a8ef8f0128a8f143ae06cd','410601','',null,null,'1',null,null,null,null,null,null);
insert into bd_dictionaryvalue(id,id_dictionary,id_parent,code,value,num,description,enableFlag,editableFlag,systemFlag,ft,lt,fu,lu) values('4028810028a8ef8f0128a8f143dd06cf','40288100288c226801288c2987e90001','4028810028a8ef8f0128a8f143ae06cd','410602','',null,null,'1',null,null,null,null,null,null);
insert into bd_dictionaryvalue(id,id_dictionary,id_parent,code,value,num,description,enableFlag,editableFlag,systemFlag,ft,lt,fu,lu) values('4028810028a8ef8f0128a8f143ec06d0','40288100288c226801288c2987e90001','4028810028a8ef8f0128a8f143ae06cd','410603','',null,null,'1',null,null,null,null,null,null);
insert into bd_dictionaryvalue(id,id_dictionary,id_parent,code,value,num,description,enableFlag,editableFlag,systemFlag,ft,lt,fu,lu) values('4028810028a8ef8f0128a8f143fc06d1','40288100288c226801288c2987e90001','4028810028a8ef8f0128a8f143ae06cd','410611','',null,null,'1',null,null,null,null,null,null);
insert into bd_dictionaryvalue(id,id_dictionary,id_parent,code,value,num,description,enableFlag,editableFlag,systemFlag,ft,lt,fu,lu) values('4028810028a8ef8f0128a8f1441b06d2','40288100288c226801288c2987e90001','4028810028a8ef8f0128a8f143ae06cd','410621','',null,null,'1',null,null,null,null,null,null);
insert into bd_dictionaryvalue(id,id_dictionary,id_parent,code,value,num,description,enableFlag,editableFlag,systemFlag,ft,lt,fu,lu) values('4028810028a8ef8f0128a8f1442b06d3','40288100288c226801288c2987e90001','4028810028a8ef8f0128a8f143ae06cd','410622','',null,null,'1',null,null,null,null,null,null);
insert into bd_dictionaryvalue(id,id_dictionary,id_parent,code,value,num,description,enableFlag,editableFlag,systemFlag,ft,lt,fu,lu) values('4028810028a8ef8f0128a8f1443a06d4','40288100288c226801288c2987e90001','4028810028a8ef8f0128a8f13e4f068a','410700','',null,null,'1',null,null,null,null,null,null);
insert into bd_dictionaryvalue(id,id_dictionary,id_parent,code,value,num,description,enableFlag,editableFlag,systemFlag,ft,lt,fu,lu) values('4028810028a8ef8f0128a8f1445a06d5','40288100288c226801288c2987e90001','4028810028a8ef8f0128a8f1443a06d4','410701','',null,null,'1',null,null,null,null,null,null);
insert into bd_dictionaryvalue(id,id_dictionary,id_parent,code,value,num,description,enableFlag,editableFlag,systemFlag,ft,lt,fu,lu) values('4028810028a8ef8f0128a8f1446906d6','40288100288c226801288c2987e90001','4028810028a8ef8f0128a8f1443a06d4','410702','',null,null,'1',null,null,null,null,null,null);
insert into bd_dictionaryvalue(id,id_dictionary,id_parent,code,value,num,description,enableFlag,editableFlag,systemFlag,ft,lt,fu,lu) values('4028810028a8ef8f0128a8f1447906d7','40288100288c226801288c2987e90001','4028810028a8ef8f0128a8f1443a06d4','410703','',null,null,'1',null,null,null,null,null,null);
insert into bd_dictionaryvalue(id,id_dictionary,id_parent,code,value,num,description,enableFlag,editableFlag,systemFlag,ft,lt,fu,lu) values('4028810028a8ef8f0128a8f1448906d8','40288100288c226801288c2987e90001','4028810028a8ef8f0128a8f1443a06d4','410704','',null,null,'1',null,null,null,null,null,null);
insert into bd_dictionaryvalue(id,id_dictionary,id_parent,code,value,num,description,enableFlag,editableFlag,systemFlag,ft,lt,fu,lu) values('4028810028a8ef8f0128a8f144a806d9','40288100288c226801288c2987e90001','4028810028a8ef8f0128a8f1443a06d4','410711','',null,null,'1',null,null,null,null,null,null);
insert into bd_dictionaryvalue(id,id_dictionary,id_parent,code,value,num,description,enableFlag,editableFlag,systemFlag,ft,lt,fu,lu) values('4028810028a8ef8f0128a8f144c706da','40288100288c226801288c2987e90001','4028810028a8ef8f0128a8f1443a06d4','410721','',null,null,'1',null,null,null,null,null,null);
insert into bd_dictionaryvalue(id,id_dictionary,id_parent,code,value,num,description,enableFlag,editableFlag,systemFlag,ft,lt,fu,lu) values('4028810028a8ef8f0128a8f144d706db','40288100288c226801288c2987e90001','4028810028a8ef8f0128a8f1443a06d4','410724','',null,null,'1',null,null,null,null,null,null);
insert into bd_dictionaryvalue(id,id_dictionary,id_parent,code,value,num,description,enableFlag,editableFlag,systemFlag,ft,lt,fu,lu) values('4028810028a8ef8f0128a8f144e606dc','40288100288c226801288c2987e90001','4028810028a8ef8f0128a8f1443a06d4','410725','',null,null,'1',null,null,null,null,null,null);
insert into bd_dictionaryvalue(id,id_dictionary,id_parent,code,value,num,description,enableFlag,editableFlag,systemFlag,ft,lt,fu,lu) values('4028810028a8ef8f0128a8f1450606dd','40288100288c226801288c2987e90001','4028810028a8ef8f0128a8f1443a06d4','410726','',null,null,'1',null,null,null,null,null,null);
insert into bd_dictionaryvalue(id,id_dictionary,id_parent,code,value,num,description,enableFlag,editableFlag,systemFlag,ft,lt,fu,lu) values('4028810028a8ef8f0128a8f1451506de','40288100288c226801288c2987e90001','4028810028a8ef8f0128a8f1443a06d4','410727','',null,null,'1',null,null,null,null,null,null);
insert into bd_dictionaryvalue(id,id_dictionary,id_parent,code,value,num,description,enableFlag,editableFlag,systemFlag,ft,lt,fu,lu) values('4028810028a8ef8f0128a8f1452506df','40288100288c226801288c2987e90001','4028810028a8ef8f0128a8f1443a06d4','410728','',null,null,'1',null,null,null,null,null,null);
insert into bd_dictionaryvalue(id,id_dictionary,id_parent,code,value,num,description,enableFlag,editableFlag,systemFlag,ft,lt,fu,lu) values('4028810028a8ef8f0128a8f1453406e0','40288100288c226801288c2987e90001','4028810028a8ef8f0128a8f1443a06d4','410781','',null,null,'1',null,null,null,null,null,null);
insert into bd_dictionaryvalue(id,id_dictionary,id_parent,code,value,num,description,enableFlag,editableFlag,systemFlag,ft,lt,fu,lu) values('4028810028a8ef8f0128a8f1455406e1','40288100288c226801288c2987e90001','4028810028a8ef8f0128a8f1443a06d4','410782','',null,null,'1',null,null,null,null,null,null);
insert into bd_dictionaryvalue(id,id_dictionary,id_parent,code,value,num,description,enableFlag,editableFlag,systemFlag,ft,lt,fu,lu) values('4028810028a8ef8f0128a8f1456306e2','40288100288c226801288c2987e90001','4028810028a8ef8f0128a8f13e4f068a','410800','',null,null,'1',null,null,null,null,null,null);
insert into bd_dictionaryvalue(id,id_dictionary,id_parent,code,value,num,description,enableFlag,editableFlag,systemFlag,ft,lt,fu,lu) values('4028810028a8ef8f0128a8f1457306e3','40288100288c226801288c2987e90001','4028810028a8ef8f0128a8f1456306e2','410801','',null,null,'1',null,null,null,null,null,null);
insert into bd_dictionaryvalue(id,id_dictionary,id_parent,code,value,num,description,enableFlag,editableFlag,systemFlag,ft,lt,fu,lu) values('4028810028a8ef8f0128a8f1459206e4','40288100288c226801288c2987e90001','4028810028a8ef8f0128a8f1456306e2','410802','',null,null,'1',null,null,null,null,null,null);
insert into bd_dictionaryvalue(id,id_dictionary,id_parent,code,value,num,description,enableFlag,editableFlag,systemFlag,ft,lt,fu,lu) values('4028810028a8ef8f0128a8f145a206e5','40288100288c226801288c2987e90001','4028810028a8ef8f0128a8f1456306e2','410803','',null,null,'1',null,null,null,null,null,null);
insert into bd_dictionaryvalue(id,id_dictionary,id_parent,code,value,num,description,enableFlag,editableFlag,systemFlag,ft,lt,fu,lu) values('4028810028a8ef8f0128a8f145b106e6','40288100288c226801288c2987e90001','4028810028a8ef8f0128a8f1456306e2','410804','',null,null,'1',null,null,null,null,null,null);
insert into bd_dictionaryvalue(id,id_dictionary,id_parent,code,value,num,description,enableFlag,editableFlag,systemFlag,ft,lt,fu,lu) values('4028810028a8ef8f0128a8f145c106e7','40288100288c226801288c2987e90001','4028810028a8ef8f0128a8f1456306e2','410811','',null,null,'1',null,null,null,null,null,null);
insert into bd_dictionaryvalue(id,id_dictionary,id_parent,code,value,num,description,enableFlag,editableFlag,systemFlag,ft,lt,fu,lu) values('4028810028a8ef8f0128a8f145e006e8','40288100288c226801288c2987e90001','4028810028a8ef8f0128a8f1456306e2','410821','',null,null,'1',null,null,null,null,null,null);
insert into bd_dictionaryvalue(id,id_dictionary,id_parent,code,value,num,description,enableFlag,editableFlag,systemFlag,ft,lt,fu,lu) values('4028810028a8ef8f0128a8f145f006e9','40288100288c226801288c2987e90001','4028810028a8ef8f0128a8f1456306e2','410822','',null,null,'1',null,null,null,null,null,null);
insert into bd_dictionaryvalue(id,id_dictionary,id_parent,code,value,num,description,enableFlag,editableFlag,systemFlag,ft,lt,fu,lu) values('4028810028a8ef8f0128a8f1460006ea','40288100288c226801288c2987e90001','4028810028a8ef8f0128a8f1456306e2','410823','',null,null,'1',null,null,null,null,null,null);
insert into bd_dictionaryvalue(id,id_dictionary,id_parent,code,value,num,description,enableFlag,editableFlag,systemFlag,ft,lt,fu,lu) values('4028810028a8ef8f0128a8f1461f06eb','40288100288c226801288c2987e90001','4028810028a8ef8f0128a8f1456306e2','410825','',null,null,'1',null,null,null,null,null,null);
insert into bd_dictionaryvalue(id,id_dictionary,id_parent,code,value,num,description,enableFlag,editableFlag,systemFlag,ft,lt,fu,lu) values('4028810028a8ef8f0128a8f1462e06ec','40288100288c226801288c2987e90001','4028810028a8ef8f0128a8f1456306e2','410881','',null,null,'1',null,null,null,null,null,null);
insert into bd_dictionaryvalue(id,id_dictionary,id_parent,code,value,num,description,enableFlag,editableFlag,systemFlag,ft,lt,fu,lu) values('4028810028a8ef8f0128a8f1464e06ed','40288100288c226801288c2987e90001','4028810028a8ef8f0128a8f1456306e2','410882','',null,null,'1',null,null,null,null,null,null);
insert into bd_dictionaryvalue(id,id_dictionary,id_parent,code,value,num,description,enableFlag,editableFlag,systemFlag,ft,lt,fu,lu) values('4028810028a8ef8f0128a8f1465d06ee','40288100288c226801288c2987e90001','4028810028a8ef8f0128a8f1456306e2','410883','',null,null,'1',null,null,null,null,null,null);
insert into bd_dictionaryvalue(id,id_dictionary,id_parent,code,value,num,description,enableFlag,editableFlag,systemFlag,ft,lt,fu,lu) values('4028810028a8ef8f0128a8f1466d06ef','40288100288c226801288c2987e90001','4028810028a8ef8f0128a8f13e4f068a','410900','',null,null,'1',null,null,null,null,null,null);
insert into bd_dictionaryvalue(id,id_dictionary,id_parent,code,value,num,description,enableFlag,editableFlag,systemFlag,ft,lt,fu,lu) values('4028810028a8ef8f0128a8f1468c06f0','40288100288c226801288c2987e90001','4028810028a8ef8f0128a8f1466d06ef','410901','',null,null,'1',null,null,null,null,null,null);
insert into bd_dictionaryvalue(id,id_dictionary,id_parent,code,value,num,description,enableFlag,editableFlag,systemFlag,ft,lt,fu,lu) values('4028810028a8ef8f0128a8f1469c06f1','40288100288c226801288c2987e90001','4028810028a8ef8f0128a8f1466d06ef','410902','',null,null,'1',null,null,null,null,null,null);
insert into bd_dictionaryvalue(id,id_dictionary,id_parent,code,value,num,description,enableFlag,editableFlag,systemFlag,ft,lt,fu,lu) values('4028810028a8ef8f0128a8f146ab06f2','40288100288c226801288c2987e90001','4028810028a8ef8f0128a8f1466d06ef','410922','',null,null,'1',null,null,null,null,null,null);
insert into bd_dictionaryvalue(id,id_dictionary,id_parent,code,value,num,description,enableFlag,editableFlag,systemFlag,ft,lt,fu,lu) values('4028810028a8ef8f0128a8f146cb06f3','40288100288c226801288c2987e90001','4028810028a8ef8f0128a8f1466d06ef','410923','',null,null,'1',null,null,null,null,null,null);
insert into bd_dictionaryvalue(id,id_dictionary,id_parent,code,value,num,description,enableFlag,editableFlag,systemFlag,ft,lt,fu,lu) values('4028810028a8ef8f0128a8f146da06f4','40288100288c226801288c2987e90001','4028810028a8ef8f0128a8f1466d06ef','410926','',null,null,'1',null,null,null,null,null,null);
insert into bd_dictionaryvalue(id,id_dictionary,id_parent,code,value,num,description,enableFlag,editableFlag,systemFlag,ft,lt,fu,lu) values('4028810028a8ef8f0128a8f146ea06f5','40288100288c226801288c2987e90001','4028810028a8ef8f0128a8f1466d06ef','410927','',null,null,'1',null,null,null,null,null,null);
insert into bd_dictionaryvalue(id,id_dictionary,id_parent,code,value,num,description,enableFlag,editableFlag,systemFlag,ft,lt,fu,lu) values('4028810028a8ef8f0128a8f1470906f6','40288100288c226801288c2987e90001','4028810028a8ef8f0128a8f1466d06ef','410928','',null,null,'1',null,null,null,null,null,null);
insert into bd_dictionaryvalue(id,id_dictionary,id_parent,code,value,num,description,enableFlag,editableFlag,systemFlag,ft,lt,fu,lu) values('4028810028a8ef8f0128a8f1471906f7','40288100288c226801288c2987e90001','4028810028a8ef8f0128a8f13e4f068a','411000','',null,null,'1',null,null,null,null,null,null);
insert into bd_dictionaryvalue(id,id_dictionary,id_parent,code,value,num,description,enableFlag,editableFlag,systemFlag,ft,lt,fu,lu) values('4028810028a8ef8f0128a8f1472806f8','40288100288c226801288c2987e90001','4028810028a8ef8f0128a8f1471906f7','411001','',null,null,'1',null,null,null,null,null,null);
insert into bd_dictionaryvalue(id,id_dictionary,id_parent,code,value,num,description,enableFlag,editableFlag,systemFlag,ft,lt,fu,lu) values('4028810028a8ef8f0128a8f1474806f9','40288100288c226801288c2987e90001','4028810028a8ef8f0128a8f1471906f7','411002','',null,null,'1',null,null,null,null,null,null);
insert into bd_dictionaryvalue(id,id_dictionary,id_parent,code,value,num,description,enableFlag,editableFlag,systemFlag,ft,lt,fu,lu) values('4028810028a8ef8f0128a8f1475706fa','40288100288c226801288c2987e90001','4028810028a8ef8f0128a8f1471906f7','411023','',null,null,'1',null,null,null,null,null,null);
insert into bd_dictionaryvalue(id,id_dictionary,id_parent,code,value,num,description,enableFlag,editableFlag,systemFlag,ft,lt,fu,lu) values('4028810028a8ef8f0128a8f1476706fb','40288100288c226801288c2987e90001','4028810028a8ef8f0128a8f1471906f7','411024','',null,null,'1',null,null,null,null,null,null);
insert into bd_dictionaryvalue(id,id_dictionary,id_parent,code,value,num,description,enableFlag,editableFlag,systemFlag,ft,lt,fu,lu) values('4028810028a8ef8f0128a8f1478606fc','40288100288c226801288c2987e90001','4028810028a8ef8f0128a8f1471906f7','411025','',null,null,'1',null,null,null,null,null,null);
insert into bd_dictionaryvalue(id,id_dictionary,id_parent,code,value,num,description,enableFlag,editableFlag,systemFlag,ft,lt,fu,lu) values('4028810028a8ef8f0128a8f1479606fd','40288100288c226801288c2987e90001','4028810028a8ef8f0128a8f1471906f7','411081','',null,null,'1',null,null,null,null,null,null);
insert into bd_dictionaryvalue(id,id_dictionary,id_parent,code,value,num,description,enableFlag,editableFlag,systemFlag,ft,lt,fu,lu) values('4028810028a8ef8f0128a8f147a506fe','40288100288c226801288c2987e90001','4028810028a8ef8f0128a8f1471906f7','411082','',null,null,'1',null,null,null,null,null,null);
insert into bd_dictionaryvalue(id,id_dictionary,id_parent,code,value,num,description,enableFlag,editableFlag,systemFlag,ft,lt,fu,lu) values('4028810028a8ef8f0128a8f147c506ff','40288100288c226801288c2987e90001','4028810028a8ef8f0128a8f13e4f068a','411100','',null,null,'1',null,null,null,null,null,null);
insert into bd_dictionaryvalue(id,id_dictionary,id_parent,code,value,num,description,enableFlag,editableFlag,systemFlag,ft,lt,fu,lu) values('4028810028a8ef8f0128a8f147d40700','40288100288c226801288c2987e90001','4028810028a8ef8f0128a8f147c506ff','411101','',null,null,'1',null,null,null,null,null,null);
insert into bd_dictionaryvalue(id,id_dictionary,id_parent,code,value,num,description,enableFlag,editableFlag,systemFlag,ft,lt,fu,lu) values('4028810028a8ef8f0128a8f147f40701','40288100288c226801288c2987e90001','4028810028a8ef8f0128a8f147c506ff','411102','',null,null,'1',null,null,null,null,null,null);
insert into bd_dictionaryvalue(id,id_dictionary,id_parent,code,value,num,description,enableFlag,editableFlag,systemFlag,ft,lt,fu,lu) values('4028810028a8ef8f0128a8f148130702','40288100288c226801288c2987e90001','4028810028a8ef8f0128a8f147c506ff','411121','',null,null,'1',null,null,null,null,null,null);
insert into bd_dictionaryvalue(id,id_dictionary,id_parent,code,value,num,description,enableFlag,editableFlag,systemFlag,ft,lt,fu,lu) values('4028810028a8ef8f0128a8f148220703','40288100288c226801288c2987e90001','4028810028a8ef8f0128a8f147c506ff','411122','',null,null,'1',null,null,null,null,null,null);
insert into bd_dictionaryvalue(id,id_dictionary,id_parent,code,value,num,description,enableFlag,editableFlag,systemFlag,ft,lt,fu,lu) values('4028810028a8ef8f0128a8f148320704','40288100288c226801288c2987e90001','4028810028a8ef8f0128a8f147c506ff','411123','',null,null,'1',null,null,null,null,null,null);
insert into bd_dictionaryvalue(id,id_dictionary,id_parent,code,value,num,description,enableFlag,editableFlag,systemFlag,ft,lt,fu,lu) values('4028810028a8ef8f0128a8f148420705','40288100288c226801288c2987e90001','4028810028a8ef8f0128a8f13e4f068a','411200','',null,null,'1',null,null,null,null,null,null);
insert into bd_dictionaryvalue(id,id_dictionary,id_parent,code,value,num,description,enableFlag,editableFlag,systemFlag,ft,lt,fu,lu) values('4028810028a8ef8f0128a8f148610706','40288100288c226801288c2987e90001','4028810028a8ef8f0128a8f148420705','411201','',null,null,'1',null,null,null,null,null,null);
insert into bd_dictionaryvalue(id,id_dictionary,id_parent,code,value,num,description,enableFlag,editableFlag,systemFlag,ft,lt,fu,lu) values('4028810028a8ef8f0128a8f148710707','40288100288c226801288c2987e90001','4028810028a8ef8f0128a8f148420705','411202','',null,null,'1',null,null,null,null,null,null);
insert into bd_dictionaryvalue(id,id_dictionary,id_parent,code,value,num,description,enableFlag,editableFlag,systemFlag,ft,lt,fu,lu) values('4028810028a8ef8f0128a8f148800708','40288100288c226801288c2987e90001','4028810028a8ef8f0128a8f148420705','411221','',null,null,'1',null,null,null,null,null,null);
insert into bd_dictionaryvalue(id,id_dictionary,id_parent,code,value,num,description,enableFlag,editableFlag,systemFlag,ft,lt,fu,lu) values('4028810028a8ef8f0128a8f1489f0709','40288100288c226801288c2987e90001','4028810028a8ef8f0128a8f148420705','411222','',null,null,'1',null,null,null,null,null,null);
insert into bd_dictionaryvalue(id,id_dictionary,id_parent,code,value,num,description,enableFlag,editableFlag,systemFlag,ft,lt,fu,lu) values('4028810028a8ef8f0128a8f148af070a','40288100288c226801288c2987e90001','4028810028a8ef8f0128a8f148420705','411224','',null,null,'1',null,null,null,null,null,null);
insert into bd_dictionaryvalue(id,id_dictionary,id_parent,code,value,num,description,enableFlag,editableFlag,systemFlag,ft,lt,fu,lu) values('4028810028a8ef8f0128a8f148ce070b','40288100288c226801288c2987e90001','4028810028a8ef8f0128a8f148420705','411281','',null,null,'1',null,null,null,null,null,null);
insert into bd_dictionaryvalue(id,id_dictionary,id_parent,code,value,num,description,enableFlag,editableFlag,systemFlag,ft,lt,fu,lu) values('4028810028a8ef8f0128a8f148de070c','40288100288c226801288c2987e90001','4028810028a8ef8f0128a8f148420705','411282','',null,null,'1',null,null,null,null,null,null);
insert into bd_dictionaryvalue(id,id_dictionary,id_parent,code,value,num,description,enableFlag,editableFlag,systemFlag,ft,lt,fu,lu) values('4028810028a8ef8f0128a8f148ee070d','40288100288c226801288c2987e90001','4028810028a8ef8f0128a8f13e4f068a','411300','',null,null,'1',null,null,null,null,null,null);
insert into bd_dictionaryvalue(id,id_dictionary,id_parent,code,value,num,description,enableFlag,editableFlag,systemFlag,ft,lt,fu,lu) values('4028810028a8ef8f0128a8f1490d070e','40288100288c226801288c2987e90001','4028810028a8ef8f0128a8f148ee070d','411301','',null,null,'1',null,null,null,null,null,null);
insert into bd_dictionaryvalue(id,id_dictionary,id_parent,code,value,num,description,enableFlag,editableFlag,systemFlag,ft,lt,fu,lu) values('4028810028a8ef8f0128a8f1491c070f','40288100288c226801288c2987e90001','4028810028a8ef8f0128a8f148ee070d','411302','',null,null,'1',null,null,null,null,null,null);
insert into bd_dictionaryvalue(id,id_dictionary,id_parent,code,value,num,description,enableFlag,editableFlag,systemFlag,ft,lt,fu,lu) values('4028810028a8ef8f0128a8f1492c0710','40288100288c226801288c2987e90001','4028810028a8ef8f0128a8f148ee070d','411303','',null,null,'1',null,null,null,null,null,null);
insert into bd_dictionaryvalue(id,id_dictionary,id_parent,code,value,num,description,enableFlag,editableFlag,systemFlag,ft,lt,fu,lu) values('4028810028a8ef8f0128a8f1494b0711','40288100288c226801288c2987e90001','4028810028a8ef8f0128a8f148ee070d','411321','',null,null,'1',null,null,null,null,null,null);
insert into bd_dictionaryvalue(id,id_dictionary,id_parent,code,value,num,description,enableFlag,editableFlag,systemFlag,ft,lt,fu,lu) values('4028810028a8ef8f0128a8f1495b0712','40288100288c226801288c2987e90001','4028810028a8ef8f0128a8f148ee070d','411322','',null,null,'1',null,null,null,null,null,null);
insert into bd_dictionaryvalue(id,id_dictionary,id_parent,code,value,num,description,enableFlag,editableFlag,systemFlag,ft,lt,fu,lu) values('4028810028a8ef8f0128a8f1497a0713','40288100288c226801288c2987e90001','4028810028a8ef8f0128a8f148ee070d','411323','',null,null,'1',null,null,null,null,null,null);
insert into bd_dictionaryvalue(id,id_dictionary,id_parent,code,value,num,description,enableFlag,editableFlag,systemFlag,ft,lt,fu,lu) values('4028810028a8ef8f0128a8f1498a0714','40288100288c226801288c2987e90001','4028810028a8ef8f0128a8f148ee070d','411324','',null,null,'1',null,null,null,null,null,null);
insert into bd_dictionaryvalue(id,id_dictionary,id_parent,code,value,num,description,enableFlag,editableFlag,systemFlag,ft,lt,fu,lu) values('4028810028a8ef8f0128a8f149990715','40288100288c226801288c2987e90001','4028810028a8ef8f0128a8f148ee070d','411325','',null,null,'1',null,null,null,null,null,null);
insert into bd_dictionaryvalue(id,id_dictionary,id_parent,code,value,num,description,enableFlag,editableFlag,systemFlag,ft,lt,fu,lu) values('4028810028a8ef8f0128a8f149b90716','40288100288c226801288c2987e90001','4028810028a8ef8f0128a8f148ee070d','411326','',null,null,'1',null,null,null,null,null,null);
insert into bd_dictionaryvalue(id,id_dictionary,id_parent,code,value,num,description,enableFlag,editableFlag,systemFlag,ft,lt,fu,lu) values('4028810028a8ef8f0128a8f149c80717','40288100288c226801288c2987e90001','4028810028a8ef8f0128a8f148ee070d','411327','',null,null,'1',null,null,null,null,null,null);
insert into bd_dictionaryvalue(id,id_dictionary,id_parent,code,value,num,description,enableFlag,editableFlag,systemFlag,ft,lt,fu,lu) values('4028810028a8ef8f0128a8f149d80718','40288100288c226801288c2987e90001','4028810028a8ef8f0128a8f148ee070d','411328','',null,null,'1',null,null,null,null,null,null);
insert into bd_dictionaryvalue(id,id_dictionary,id_parent,code,value,num,description,enableFlag,editableFlag,systemFlag,ft,lt,fu,lu) values('4028810028a8ef8f0128a8f149f70719','40288100288c226801288c2987e90001','4028810028a8ef8f0128a8f148ee070d','411329','',null,null,'1',null,null,null,null,null,null);
insert into bd_dictionaryvalue(id,id_dictionary,id_parent,code,value,num,description,enableFlag,editableFlag,systemFlag,ft,lt,fu,lu) values('4028810028a8ef8f0128a8f14a07071a','40288100288c226801288c2987e90001','4028810028a8ef8f0128a8f148ee070d','411330','',null,null,'1',null,null,null,null,null,null);
insert into bd_dictionaryvalue(id,id_dictionary,id_parent,code,value,num,description,enableFlag,editableFlag,systemFlag,ft,lt,fu,lu) values('4028810028a8ef8f0128a8f14a16071b','40288100288c226801288c2987e90001','4028810028a8ef8f0128a8f148ee070d','411381','',null,null,'1',null,null,null,null,null,null);
insert into bd_dictionaryvalue(id,id_dictionary,id_parent,code,value,num,description,enableFlag,editableFlag,systemFlag,ft,lt,fu,lu) values('4028810028a8ef8f0128a8f14a36071c','40288100288c226801288c2987e90001','4028810028a8ef8f0128a8f13e4f068a','411400','',null,null,'1',null,null,null,null,null,null);
insert into bd_dictionaryvalue(id,id_dictionary,id_parent,code,value,num,description,enableFlag,editableFlag,systemFlag,ft,lt,fu,lu) values('4028810028a8ef8f0128a8f14a45071d','40288100288c226801288c2987e90001','4028810028a8ef8f0128a8f14a36071c','411401','',null,null,'1',null,null,null,null,null,null);
insert into bd_dictionaryvalue(id,id_dictionary,id_parent,code,value,num,description,enableFlag,editableFlag,systemFlag,ft,lt,fu,lu) values('4028810028a8ef8f0128a8f14a55071e','40288100288c226801288c2987e90001','4028810028a8ef8f0128a8f14a36071c','411402','',null,null,'1',null,null,null,null,null,null);
insert into bd_dictionaryvalue(id,id_dictionary,id_parent,code,value,num,description,enableFlag,editableFlag,systemFlag,ft,lt,fu,lu) values('4028810028a8ef8f0128a8f14a74071f','40288100288c226801288c2987e90001','4028810028a8ef8f0128a8f14a36071c','411403','',null,null,'1',null,null,null,null,null,null);
insert into bd_dictionaryvalue(id,id_dictionary,id_parent,code,value,num,description,enableFlag,editableFlag,systemFlag,ft,lt,fu,lu) values('4028810028a8ef8f0128a8f14a840720','40288100288c226801288c2987e90001','4028810028a8ef8f0128a8f14a36071c','411421','',null,null,'1',null,null,null,null,null,null);
insert into bd_dictionaryvalue(id,id_dictionary,id_parent,code,value,num,description,enableFlag,editableFlag,systemFlag,ft,lt,fu,lu) values('4028810028a8ef8f0128a8f14a930721','40288100288c226801288c2987e90001','4028810028a8ef8f0128a8f14a36071c','411422','',null,null,'1',null,null,null,null,null,null);
insert into bd_dictionaryvalue(id,id_dictionary,id_parent,code,value,num,description,enableFlag,editableFlag,systemFlag,ft,lt,fu,lu) values('4028810028a8ef8f0128a8f14ab30722','40288100288c226801288c2987e90001','4028810028a8ef8f0128a8f14a36071c','411423','',null,null,'1',null,null,null,null,null,null);
insert into bd_dictionaryvalue(id,id_dictionary,id_parent,code,value,num,description,enableFlag,editableFlag,systemFlag,ft,lt,fu,lu) values('4028810028a8ef8f0128a8f14ac20723','40288100288c226801288c2987e90001','4028810028a8ef8f0128a8f14a36071c','411424','',null,null,'1',null,null,null,null,null,null);
insert into bd_dictionaryvalue(id,id_dictionary,id_parent,code,value,num,description,enableFlag,editableFlag,systemFlag,ft,lt,fu,lu) values('4028810028a8ef8f0128a8f14ad20724','40288100288c226801288c2987e90001','4028810028a8ef8f0128a8f14a36071c','411425','',null,null,'1',null,null,null,null,null,null);
insert into bd_dictionaryvalue(id,id_dictionary,id_parent,code,value,num,description,enableFlag,editableFlag,systemFlag,ft,lt,fu,lu) values('4028810028a8ef8f0128a8f14af10725','40288100288c226801288c2987e90001','4028810028a8ef8f0128a8f14a36071c','411426','',null,null,'1',null,null,null,null,null,null);
insert into bd_dictionaryvalue(id,id_dictionary,id_parent,code,value,num,description,enableFlag,editableFlag,systemFlag,ft,lt,fu,lu) values('4028810028a8ef8f0128a8f14b010726','40288100288c226801288c2987e90001','4028810028a8ef8f0128a8f14a36071c','411481','',null,null,'1',null,null,null,null,null,null);
insert into bd_dictionaryvalue(id,id_dictionary,id_parent,code,value,num,description,enableFlag,editableFlag,systemFlag,ft,lt,fu,lu) values('4028810028a8ef8f0128a8f14b100727','40288100288c226801288c2987e90001','4028810028a8ef8f0128a8f13e4f068a','411500','',null,null,'1',null,null,null,null,null,null);
insert into bd_dictionaryvalue(id,id_dictionary,id_parent,code,value,num,description,enableFlag,editableFlag,systemFlag,ft,lt,fu,lu) values('4028810028a8ef8f0128a8f14b300728','40288100288c226801288c2987e90001','4028810028a8ef8f0128a8f14b100727','411501','',null,null,'1',null,null,null,null,null,null);
insert into bd_dictionaryvalue(id,id_dictionary,id_parent,code,value,num,description,enableFlag,editableFlag,systemFlag,ft,lt,fu,lu) values('4028810028a8ef8f0128a8f14b3f0729','40288100288c226801288c2987e90001','4028810028a8ef8f0128a8f14b100727','411502','',null,null,'1',null,null,null,null,null,null);
insert into bd_dictionaryvalue(id,id_dictionary,id_parent,code,value,num,description,enableFlag,editableFlag,systemFlag,ft,lt,fu,lu) values('4028810028a8ef8f0128a8f14b4f072a','40288100288c226801288c2987e90001','4028810028a8ef8f0128a8f14b100727','411503','',null,null,'1',null,null,null,null,null,null);
insert into bd_dictionaryvalue(id,id_dictionary,id_parent,code,value,num,description,enableFlag,editableFlag,systemFlag,ft,lt,fu,lu) values('4028810028a8ef8f0128a8f14b6e072b','40288100288c226801288c2987e90001','4028810028a8ef8f0128a8f14b100727','411521','',null,null,'1',null,null,null,null,null,null);
insert into bd_dictionaryvalue(id,id_dictionary,id_parent,code,value,num,description,enableFlag,editableFlag,systemFlag,ft,lt,fu,lu) values('4028810028a8ef8f0128a8f14b7e072c','40288100288c226801288c2987e90001','4028810028a8ef8f0128a8f14b100727','411522','',null,null,'1',null,null,null,null,null,null);
insert into bd_dictionaryvalue(id,id_dictionary,id_parent,code,value,num,description,enableFlag,editableFlag,systemFlag,ft,lt,fu,lu) values('4028810028a8ef8f0128a8f14b9d072d','40288100288c226801288c2987e90001','4028810028a8ef8f0128a8f14b100727','411523','',null,null,'1',null,null,null,null,null,null);
insert into bd_dictionaryvalue(id,id_dictionary,id_parent,code,value,num,description,enableFlag,editableFlag,systemFlag,ft,lt,fu,lu) values('4028810028a8ef8f0128a8f14bad072e','40288100288c226801288c2987e90001','4028810028a8ef8f0128a8f14b100727','411524','',null,null,'1',null,null,null,null,null,null);
insert into bd_dictionaryvalue(id,id_dictionary,id_parent,code,value,num,description,enableFlag,editableFlag,systemFlag,ft,lt,fu,lu) values('4028810028a8ef8f0128a8f14bbc072f','40288100288c226801288c2987e90001','4028810028a8ef8f0128a8f14b100727','411525','',null,null,'1',null,null,null,null,null,null);
insert into bd_dictionaryvalue(id,id_dictionary,id_parent,code,value,num,description,enableFlag,editableFlag,systemFlag,ft,lt,fu,lu) values('4028810028a8ef8f0128a8f14bdc0730','40288100288c226801288c2987e90001','4028810028a8ef8f0128a8f14b100727','411526','',null,null,'1',null,null,null,null,null,null);
insert into bd_dictionaryvalue(id,id_dictionary,id_parent,code,value,num,description,enableFlag,editableFlag,systemFlag,ft,lt,fu,lu) values('4028810028a8ef8f0128a8f14beb0731','40288100288c226801288c2987e90001','4028810028a8ef8f0128a8f14b100727','411527','',null,null,'1',null,null,null,null,null,null);
insert into bd_dictionaryvalue(id,id_dictionary,id_parent,code,value,num,description,enableFlag,editableFlag,systemFlag,ft,lt,fu,lu) values('4028810028a8ef8f0128a8f14c0a0732','40288100288c226801288c2987e90001','4028810028a8ef8f0128a8f14b100727','411528','',null,null,'1',null,null,null,null,null,null);
insert into bd_dictionaryvalue(id,id_dictionary,id_parent,code,value,num,description,enableFlag,editableFlag,systemFlag,ft,lt,fu,lu) values('4028810028a8ef8f0128a8f14c1a0733','40288100288c226801288c2987e90001','4028810028a8ef8f0128a8f13e4f068a','411600','',null,null,'1',null,null,null,null,null,null);
insert into bd_dictionaryvalue(id,id_dictionary,id_parent,code,value,num,description,enableFlag,editableFlag,systemFlag,ft,lt,fu,lu) values('4028810028a8ef8f0128a8f14c2a0734','40288100288c226801288c2987e90001','4028810028a8ef8f0128a8f14c1a0733','411601','',null,null,'1',null,null,null,null,null,null);
insert into bd_dictionaryvalue(id,id_dictionary,id_parent,code,value,num,description,enableFlag,editableFlag,systemFlag,ft,lt,fu,lu) values('4028810028a8ef8f0128a8f14c490735','40288100288c226801288c2987e90001','4028810028a8ef8f0128a8f14c1a0733','411602','',null,null,'1',null,null,null,null,null,null);
insert into bd_dictionaryvalue(id,id_dictionary,id_parent,code,value,num,description,enableFlag,editableFlag,systemFlag,ft,lt,fu,lu) values('4028810028a8ef8f0128a8f14c590736','40288100288c226801288c2987e90001','4028810028a8ef8f0128a8f14c1a0733','411621','',null,null,'1',null,null,null,null,null,null);
insert into bd_dictionaryvalue(id,id_dictionary,id_parent,code,value,num,description,enableFlag,editableFlag,systemFlag,ft,lt,fu,lu) values('4028810028a8ef8f0128a8f14c680737','40288100288c226801288c2987e90001','4028810028a8ef8f0128a8f14c1a0733','411622','',null,null,'1',null,null,null,null,null,null);
insert into bd_dictionaryvalue(id,id_dictionary,id_parent,code,value,num,description,enableFlag,editableFlag,systemFlag,ft,lt,fu,lu) values('4028810028a8ef8f0128a8f14c870738','40288100288c226801288c2987e90001','4028810028a8ef8f0128a8f14c1a0733','411623','',null,null,'1',null,null,null,null,null,null);
insert into bd_dictionaryvalue(id,id_dictionary,id_parent,code,value,num,description,enableFlag,editableFlag,systemFlag,ft,lt,fu,lu) values('4028810028a8ef8f0128a8f14c970739','40288100288c226801288c2987e90001','4028810028a8ef8f0128a8f14c1a0733','411624','',null,null,'1',null,null,null,null,null,null);
insert into bd_dictionaryvalue(id,id_dictionary,id_parent,code,value,num,description,enableFlag,editableFlag,systemFlag,ft,lt,fu,lu) values('4028810028a8ef8f0128a8f14cb6073a','40288100288c226801288c2987e90001','4028810028a8ef8f0128a8f14c1a0733','411625','',null,null,'1',null,null,null,null,null,null);
insert into bd_dictionaryvalue(id,id_dictionary,id_parent,code,value,num,description,enableFlag,editableFlag,systemFlag,ft,lt,fu,lu) values('4028810028a8ef8f0128a8f14cc6073b','40288100288c226801288c2987e90001','4028810028a8ef8f0128a8f14c1a0733','411626','',null,null,'1',null,null,null,null,null,null);
insert into bd_dictionaryvalue(id,id_dictionary,id_parent,code,value,num,description,enableFlag,editableFlag,systemFlag,ft,lt,fu,lu) values('4028810028a8ef8f0128a8f14ce5073c','40288100288c226801288c2987e90001','4028810028a8ef8f0128a8f14c1a0733','411627','',null,null,'1',null,null,null,null,null,null);
insert into bd_dictionaryvalue(id,id_dictionary,id_parent,code,value,num,description,enableFlag,editableFlag,systemFlag,ft,lt,fu,lu) values('4028810028a8ef8f0128a8f14cf5073d','40288100288c226801288c2987e90001','4028810028a8ef8f0128a8f14c1a0733','411628','',null,null,'1',null,null,null,null,null,null);
insert into bd_dictionaryvalue(id,id_dictionary,id_parent,code,value,num,description,enableFlag,editableFlag,systemFlag,ft,lt,fu,lu) values('4028810028a8ef8f0128a8f14d04073e','40288100288c226801288c2987e90001','4028810028a8ef8f0128a8f14c1a0733','411681','',null,null,'1',null,null,null,null,null,null);
insert into bd_dictionaryvalue(id,id_dictionary,id_parent,code,value,num,description,enableFlag,editableFlag,systemFlag,ft,lt,fu,lu) values('4028810028a8ef8f0128a8f14d24073f','40288100288c226801288c2987e90001','4028810028a8ef8f0128a8f13e4f068a','411700','',null,null,'1',null,null,null,null,null,null);
insert into bd_dictionaryvalue(id,id_dictionary,id_parent,code,value,num,description,enableFlag,editableFlag,systemFlag,ft,lt,fu,lu) values('4028810028a8ef8f0128a8f14d330740','40288100288c226801288c2987e90001','4028810028a8ef8f0128a8f14d24073f','411701','',null,null,'1',null,null,null,null,null,null);
insert into bd_dictionaryvalue(id,id_dictionary,id_parent,code,value,num,description,enableFlag,editableFlag,systemFlag,ft,lt,fu,lu) values('4028810028a8ef8f0128a8f14d430741','40288100288c226801288c2987e90001','4028810028a8ef8f0128a8f14d24073f','411702','',null,null,'1',null,null,null,null,null,null);
insert into bd_dictionaryvalue(id,id_dictionary,id_parent,code,value,num,description,enableFlag,editableFlag,systemFlag,ft,lt,fu,lu) values('4028810028a8ef8f0128a8f14d620742','40288100288c226801288c2987e90001','4028810028a8ef8f0128a8f14d24073f','411721','',null,null,'1',null,null,null,null,null,null);
insert into bd_dictionaryvalue(id,id_dictionary,id_parent,code,value,num,description,enableFlag,editableFlag,systemFlag,ft,lt,fu,lu) values('4028810028a8ef8f0128a8f14d720743','40288100288c226801288c2987e90001','4028810028a8ef8f0128a8f14d24073f','411722','',null,null,'1',null,null,null,null,null,null);
insert into bd_dictionaryvalue(id,id_dictionary,id_parent,code,value,num,description,enableFlag,editableFlag,systemFlag,ft,lt,fu,lu) values('4028810028a8ef8f0128a8f14d810744','40288100288c226801288c2987e90001','4028810028a8ef8f0128a8f14d24073f','411723','',null,null,'1',null,null,null,null,null,null);
insert into bd_dictionaryvalue(id,id_dictionary,id_parent,code,value,num,description,enableFlag,editableFlag,systemFlag,ft,lt,fu,lu) values('4028810028a8ef8f0128a8f14da10745','40288100288c226801288c2987e90001','4028810028a8ef8f0128a8f14d24073f','411724','',null,null,'1',null,null,null,null,null,null);
insert into bd_dictionaryvalue(id,id_dictionary,id_parent,code,value,num,description,enableFlag,editableFlag,systemFlag,ft,lt,fu,lu) values('4028810028a8ef8f0128a8f14db00746','40288100288c226801288c2987e90001','4028810028a8ef8f0128a8f14d24073f','411725','',null,null,'1',null,null,null,null,null,null);
insert into bd_dictionaryvalue(id,id_dictionary,id_parent,code,value,num,description,enableFlag,editableFlag,systemFlag,ft,lt,fu,lu) values('4028810028a8ef8f0128a8f14dd00747','40288100288c226801288c2987e90001','4028810028a8ef8f0128a8f14d24073f','411726','',null,null,'1',null,null,null,null,null,null);
insert into bd_dictionaryvalue(id,id_dictionary,id_parent,code,value,num,description,enableFlag,editableFlag,systemFlag,ft,lt,fu,lu) values('4028810028a8ef8f0128a8f14ddf0748','40288100288c226801288c2987e90001','4028810028a8ef8f0128a8f14d24073f','411727','',null,null,'1',null,null,null,null,null,null);
insert into bd_dictionaryvalue(id,id_dictionary,id_parent,code,value,num,description,enableFlag,editableFlag,systemFlag,ft,lt,fu,lu) values('4028810028a8ef8f0128a8f14dfe0749','40288100288c226801288c2987e90001','4028810028a8ef8f0128a8f14d24073f','411728','',null,null,'1',null,null,null,null,null,null);
insert into bd_dictionaryvalue(id,id_dictionary,id_parent,code,value,num,description,enableFlag,editableFlag,systemFlag,ft,lt,fu,lu) values('4028810028a8ef8f0128a8f14e0e074a','40288100288c226801288c2987e90001','4028810028a8ef8f0128a8f14d24073f','411729','',null,null,'1',null,null,null,null,null,null);
insert into bd_dictionaryvalue(id,id_dictionary,id_parent,code,value,num,description,enableFlag,editableFlag,systemFlag,ft,lt,fu,lu) values('4028810028a8ef8f0128a8f14e2d074b','40288100288c226801288c2987e90001',null,'420000','',null,null,'1',null,null,null,null,null,null);
insert into bd_dictionaryvalue(id,id_dictionary,id_parent,code,value,num,description,enableFlag,editableFlag,systemFlag,ft,lt,fu,lu) values('4028810028a8ef8f0128a8f14e3d074c','40288100288c226801288c2987e90001','4028810028a8ef8f0128a8f14e2d074b','420100','',null,null,'1',null,null,null,null,null,null);
insert into bd_dictionaryvalue(id,id_dictionary,id_parent,code,value,num,description,enableFlag,editableFlag,systemFlag,ft,lt,fu,lu) values('4028810028a8ef8f0128a8f14e4d074d','40288100288c226801288c2987e90001','4028810028a8ef8f0128a8f14e3d074c','420101','',null,null,'1',null,null,null,null,null,null);
insert into bd_dictionaryvalue(id,id_dictionary,id_parent,code,value,num,description,enableFlag,editableFlag,systemFlag,ft,lt,fu,lu) values('4028810028a8ef8f0128a8f14e6c074e','40288100288c226801288c2987e90001','4028810028a8ef8f0128a8f14e3d074c','420102','',null,null,'1',null,null,null,null,null,null);
insert into bd_dictionaryvalue(id,id_dictionary,id_parent,code,value,num,description,enableFlag,editableFlag,systemFlag,ft,lt,fu,lu) values('4028810028a8ef8f0128a8f14e7b074f','40288100288c226801288c2987e90001','4028810028a8ef8f0128a8f14e3d074c','420103','',null,null,'1',null,null,null,null,null,null);
insert into bd_dictionaryvalue(id,id_dictionary,id_parent,code,value,num,description,enableFlag,editableFlag,systemFlag,ft,lt,fu,lu) values('4028810028a8ef8f0128a8f14e8b0750','40288100288c226801288c2987e90001','4028810028a8ef8f0128a8f14e3d074c','420104','',null,null,'1',null,null,null,null,null,null);
insert into bd_dictionaryvalue(id,id_dictionary,id_parent,code,value,num,description,enableFlag,editableFlag,systemFlag,ft,lt,fu,lu) values('4028810028a8ef8f0128a8f14eaa0751','40288100288c226801288c2987e90001','4028810028a8ef8f0128a8f14e3d074c','420105','',null,null,'1',null,null,null,null,null,null);
insert into bd_dictionaryvalue(id,id_dictionary,id_parent,code,value,num,description,enableFlag,editableFlag,systemFlag,ft,lt,fu,lu) values('4028810028a8ef8f0128a8f14eba0752','40288100288c226801288c2987e90001','4028810028a8ef8f0128a8f14e3d074c','420106','',null,null,'1',null,null,null,null,null,null);
insert into bd_dictionaryvalue(id,id_dictionary,id_parent,code,value,num,description,enableFlag,editableFlag,systemFlag,ft,lt,fu,lu) values('4028810028a8ef8f0128a8f14ed90753','40288100288c226801288c2987e90001','4028810028a8ef8f0128a8f14e3d074c','420107','',null,null,'1',null,null,null,null,null,null);
insert into bd_dictionaryvalue(id,id_dictionary,id_parent,code,value,num,description,enableFlag,editableFlag,systemFlag,ft,lt,fu,lu) values('4028810028a8ef8f0128a8f14ee90754','40288100288c226801288c2987e90001','4028810028a8ef8f0128a8f14e3d074c','420111','',null,null,'1',null,null,null,null,null,null);
insert into bd_dictionaryvalue(id,id_dictionary,id_parent,code,value,num,description,enableFlag,editableFlag,systemFlag,ft,lt,fu,lu) values('4028810028a8ef8f0128a8f14ef80755','40288100288c226801288c2987e90001','4028810028a8ef8f0128a8f14e3d074c','420112','',null,null,'1',null,null,null,null,null,null);
insert into bd_dictionaryvalue(id,id_dictionary,id_parent,code,value,num,description,enableFlag,editableFlag,systemFlag,ft,lt,fu,lu) values('4028810028a8ef8f0128a8f14f180756','40288100288c226801288c2987e90001','4028810028a8ef8f0128a8f14e3d074c','420113','',null,null,'1',null,null,null,null,null,null);
insert into bd_dictionaryvalue(id,id_dictionary,id_parent,code,value,num,description,enableFlag,editableFlag,systemFlag,ft,lt,fu,lu) values('4028810028a8ef8f0128a8f14f270757','40288100288c226801288c2987e90001','4028810028a8ef8f0128a8f14e3d074c','420114','',null,null,'1',null,null,null,null,null,null);
insert into bd_dictionaryvalue(id,id_dictionary,id_parent,code,value,num,description,enableFlag,editableFlag,systemFlag,ft,lt,fu,lu) values('4028810028a8ef8f0128a8f14f370758','40288100288c226801288c2987e90001','4028810028a8ef8f0128a8f14e3d074c','420115','',null,null,'1',null,null,null,null,null,null);
insert into bd_dictionaryvalue(id,id_dictionary,id_parent,code,value,num,description,enableFlag,editableFlag,systemFlag,ft,lt,fu,lu) values('4028810028a8ef8f0128a8f14f560759','40288100288c226801288c2987e90001','4028810028a8ef8f0128a8f14e3d074c','420116','',null,null,'1',null,null,null,null,null,null);
insert into bd_dictionaryvalue(id,id_dictionary,id_parent,code,value,num,description,enableFlag,editableFlag,systemFlag,ft,lt,fu,lu) values('4028810028a8ef8f0128a8f14f66075a','40288100288c226801288c2987e90001','4028810028a8ef8f0128a8f14e3d074c','420117','',null,null,'1',null,null,null,null,null,null);
insert into bd_dictionaryvalue(id,id_dictionary,id_parent,code,value,num,description,enableFlag,editableFlag,systemFlag,ft,lt,fu,lu) values('4028810028a8ef8f0128a8f14f75075b','40288100288c226801288c2987e90001','4028810028a8ef8f0128a8f14e2d074b','420200','',null,null,'1',null,null,null,null,null,null);
insert into bd_dictionaryvalue(id,id_dictionary,id_parent,code,value,num,description,enableFlag,editableFlag,systemFlag,ft,lt,fu,lu) values('4028810028a8ef8f0128a8f14f95075c','40288100288c226801288c2987e90001','4028810028a8ef8f0128a8f14f75075b','420201','',null,null,'1',null,null,null,null,null,null);
insert into bd_dictionaryvalue(id,id_dictionary,id_parent,code,value,num,description,enableFlag,editableFlag,systemFlag,ft,lt,fu,lu) values('4028810028a8ef8f0128a8f14fa4075d','40288100288c226801288c2987e90001','4028810028a8ef8f0128a8f14f75075b','420202','',null,null,'1',null,null,null,null,null,null);
insert into bd_dictionaryvalue(id,id_dictionary,id_parent,code,value,num,description,enableFlag,editableFlag,systemFlag,ft,lt,fu,lu) values('4028810028a8ef8f0128a8f14fc4075e','40288100288c226801288c2987e90001','4028810028a8ef8f0128a8f14f75075b','420203','',null,null,'1',null,null,null,null,null,null);
insert into bd_dictionaryvalue(id,id_dictionary,id_parent,code,value,num,description,enableFlag,editableFlag,systemFlag,ft,lt,fu,lu) values('4028810028a8ef8f0128a8f14fd3075f','40288100288c226801288c2987e90001','4028810028a8ef8f0128a8f14f75075b','420204','',null,null,'1',null,null,null,null,null,null);
insert into bd_dictionaryvalue(id,id_dictionary,id_parent,code,value,num,description,enableFlag,editableFlag,systemFlag,ft,lt,fu,lu) values('4028810028a8ef8f0128a8f14ff20760','40288100288c226801288c2987e90001','4028810028a8ef8f0128a8f14f75075b','420205','',null,null,'1',null,null,null,null,null,null);
insert into bd_dictionaryvalue(id,id_dictionary,id_parent,code,value,num,description,enableFlag,editableFlag,systemFlag,ft,lt,fu,lu) values('4028810028a8ef8f0128a8f150020761','40288100288c226801288c2987e90001','4028810028a8ef8f0128a8f14f75075b','420222','',null,null,'1',null,null,null,null,null,null);
insert into bd_dictionaryvalue(id,id_dictionary,id_parent,code,value,num,description,enableFlag,editableFlag,systemFlag,ft,lt,fu,lu) values('4028810028a8ef8f0128a8f150210762','40288100288c226801288c2987e90001','4028810028a8ef8f0128a8f14f75075b','420281','',null,null,'1',null,null,null,null,null,null);
insert into bd_dictionaryvalue(id,id_dictionary,id_parent,code,value,num,description,enableFlag,editableFlag,systemFlag,ft,lt,fu,lu) values('4028810028a8ef8f0128a8f150310763','40288100288c226801288c2987e90001','4028810028a8ef8f0128a8f14e2d074b','420300','',null,null,'1',null,null,null,null,null,null);
insert into bd_dictionaryvalue(id,id_dictionary,id_parent,code,value,num,description,enableFlag,editableFlag,systemFlag,ft,lt,fu,lu) values('4028810028a8ef8f0128a8f150500764','40288100288c226801288c2987e90001','4028810028a8ef8f0128a8f150310763','420301','',null,null,'1',null,null,null,null,null,null);
insert into bd_dictionaryvalue(id,id_dictionary,id_parent,code,value,num,description,enableFlag,editableFlag,systemFlag,ft,lt,fu,lu) values('4028810028a8ef8f0128a8f150600765','40288100288c226801288c2987e90001','4028810028a8ef8f0128a8f150310763','420302','',null,null,'1',null,null,null,null,null,null);
insert into bd_dictionaryvalue(id,id_dictionary,id_parent,code,value,num,description,enableFlag,editableFlag,systemFlag,ft,lt,fu,lu) values('4028810028a8ef8f0128a8f1506f0766','40288100288c226801288c2987e90001','4028810028a8ef8f0128a8f150310763','420303','',null,null,'1',null,null,null,null,null,null);
insert into bd_dictionaryvalue(id,id_dictionary,id_parent,code,value,num,description,enableFlag,editableFlag,systemFlag,ft,lt,fu,lu) values('4028810028a8ef8f0128a8f1508f0767','40288100288c226801288c2987e90001','4028810028a8ef8f0128a8f150310763','420321','',null,null,'1',null,null,null,null,null,null);
insert into bd_dictionaryvalue(id,id_dictionary,id_parent,code,value,num,description,enableFlag,editableFlag,systemFlag,ft,lt,fu,lu) values('4028810028a8ef8f0128a8f1509e0768','40288100288c226801288c2987e90001','4028810028a8ef8f0128a8f150310763','420322','',null,null,'1',null,null,null,null,null,null);
insert into bd_dictionaryvalue(id,id_dictionary,id_parent,code,value,num,description,enableFlag,editableFlag,systemFlag,ft,lt,fu,lu) values('4028810028a8ef8f0128a8f150ae0769','40288100288c226801288c2987e90001','4028810028a8ef8f0128a8f150310763','420323','',null,null,'1',null,null,null,null,null,null);
insert into bd_dictionaryvalue(id,id_dictionary,id_parent,code,value,num,description,enableFlag,editableFlag,systemFlag,ft,lt,fu,lu) values('4028810028a8ef8f0128a8f150cd076a','40288100288c226801288c2987e90001','4028810028a8ef8f0128a8f150310763','420324','',null,null,'1',null,null,null,null,null,null);
insert into bd_dictionaryvalue(id,id_dictionary,id_parent,code,value,num,description,enableFlag,editableFlag,systemFlag,ft,lt,fu,lu) values('4028810028a8ef8f0128a8f150dd076b','40288100288c226801288c2987e90001','4028810028a8ef8f0128a8f150310763','420325','',null,null,'1',null,null,null,null,null,null);
insert into bd_dictionaryvalue(id,id_dictionary,id_parent,code,value,num,description,enableFlag,editableFlag,systemFlag,ft,lt,fu,lu) values('4028810028a8ef8f0128a8f150ec076c','40288100288c226801288c2987e90001','4028810028a8ef8f0128a8f150310763','420381','',null,null,'1',null,null,null,null,null,null);
insert into bd_dictionaryvalue(id,id_dictionary,id_parent,code,value,num,description,enableFlag,editableFlag,systemFlag,ft,lt,fu,lu) values('4028810028a8ef8f0128a8f1510c076d','40288100288c226801288c2987e90001','4028810028a8ef8f0128a8f14e2d074b','420500','',null,null,'1',null,null,null,null,null,null);
insert into bd_dictionaryvalue(id,id_dictionary,id_parent,code,value,num,description,enableFlag,editableFlag,systemFlag,ft,lt,fu,lu) values('4028810028a8ef8f0128a8f1511b076e','40288100288c226801288c2987e90001','4028810028a8ef8f0128a8f1510c076d','420501','',null,null,'1',null,null,null,null,null,null);
insert into bd_dictionaryvalue(id,id_dictionary,id_parent,code,value,num,description,enableFlag,editableFlag,systemFlag,ft,lt,fu,lu) values('4028810028a8ef8f0128a8f1513b076f','40288100288c226801288c2987e90001','4028810028a8ef8f0128a8f1510c076d','420502','',null,null,'1',null,null,null,null,null,null);
insert into bd_dictionaryvalue(id,id_dictionary,id_parent,code,value,num,description,enableFlag,editableFlag,systemFlag,ft,lt,fu,lu) values('4028810028a8ef8f0128a8f1514a0770','40288100288c226801288c2987e90001','4028810028a8ef8f0128a8f1510c076d','420503','',null,null,'1',null,null,null,null,null,null);
insert into bd_dictionaryvalue(id,id_dictionary,id_parent,code,value,num,description,enableFlag,editableFlag,systemFlag,ft,lt,fu,lu) values('4028810028a8ef8f0128a8f1515a0771','40288100288c226801288c2987e90001','4028810028a8ef8f0128a8f1510c076d','420504','',null,null,'1',null,null,null,null,null,null);
insert into bd_dictionaryvalue(id,id_dictionary,id_parent,code,value,num,description,enableFlag,editableFlag,systemFlag,ft,lt,fu,lu) values('4028810028a8ef8f0128a8f151790772','40288100288c226801288c2987e90001','4028810028a8ef8f0128a8f1510c076d','420505','',null,null,'1',null,null,null,null,null,null);
insert into bd_dictionaryvalue(id,id_dictionary,id_parent,code,value,num,description,enableFlag,editableFlag,systemFlag,ft,lt,fu,lu) values('4028810028a8ef8f0128a8f151890773','40288100288c226801288c2987e90001','4028810028a8ef8f0128a8f1510c076d','420506','',null,null,'1',null,null,null,null,null,null);
insert into bd_dictionaryvalue(id,id_dictionary,id_parent,code,value,num,description,enableFlag,editableFlag,systemFlag,ft,lt,fu,lu) values('4028810028a8ef8f0128a8f151980774','40288100288c226801288c2987e90001','4028810028a8ef8f0128a8f1510c076d','420525','',null,null,'1',null,null,null,null,null,null);
insert into bd_dictionaryvalue(id,id_dictionary,id_parent,code,value,num,description,enableFlag,editableFlag,systemFlag,ft,lt,fu,lu) values('4028810028a8ef8f0128a8f151b80775','40288100288c226801288c2987e90001','4028810028a8ef8f0128a8f1510c076d','420526','',null,null,'1',null,null,null,null,null,null);
insert into bd_dictionaryvalue(id,id_dictionary,id_parent,code,value,num,description,enableFlag,editableFlag,systemFlag,ft,lt,fu,lu) values('4028810028a8ef8f0128a8f151c70776','40288100288c226801288c2987e90001','4028810028a8ef8f0128a8f1510c076d','420527','',null,null,'1',null,null,null,null,null,null);
insert into bd_dictionaryvalue(id,id_dictionary,id_parent,code,value,num,description,enableFlag,editableFlag,systemFlag,ft,lt,fu,lu) values('4028810028a8ef8f0128a8f151e60777','40288100288c226801288c2987e90001','4028810028a8ef8f0128a8f1510c076d','420528','',null,null,'1',null,null,null,null,null,null);
insert into bd_dictionaryvalue(id,id_dictionary,id_parent,code,value,num,description,enableFlag,editableFlag,systemFlag,ft,lt,fu,lu) values('4028810028a8ef8f0128a8f151f60778','40288100288c226801288c2987e90001','4028810028a8ef8f0128a8f1510c076d','420529','',null,null,'1',null,null,null,null,null,null);
insert into bd_dictionaryvalue(id,id_dictionary,id_parent,code,value,num,description,enableFlag,editableFlag,systemFlag,ft,lt,fu,lu) values('4028810028a8ef8f0128a8f152060779','40288100288c226801288c2987e90001','4028810028a8ef8f0128a8f1510c076d','420581','',null,null,'1',null,null,null,null,null,null);
insert into bd_dictionaryvalue(id,id_dictionary,id_parent,code,value,num,description,enableFlag,editableFlag,systemFlag,ft,lt,fu,lu) values('4028810028a8ef8f0128a8f15225077a','40288100288c226801288c2987e90001','4028810028a8ef8f0128a8f1510c076d','420582','',null,null,'1',null,null,null,null,null,null);
insert into bd_dictionaryvalue(id,id_dictionary,id_parent,code,value,num,description,enableFlag,editableFlag,systemFlag,ft,lt,fu,lu) values('4028810028a8ef8f0128a8f15235077b','40288100288c226801288c2987e90001','4028810028a8ef8f0128a8f1510c076d','420583','',null,null,'1',null,null,null,null,null,null);
insert into bd_dictionaryvalue(id,id_dictionary,id_parent,code,value,num,description,enableFlag,editableFlag,systemFlag,ft,lt,fu,lu) values('4028810028a8ef8f0128a8f15244077c','40288100288c226801288c2987e90001','4028810028a8ef8f0128a8f14e2d074b','420600','',null,null,'1',null,null,null,null,null,null);
insert into bd_dictionaryvalue(id,id_dictionary,id_parent,code,value,num,description,enableFlag,editableFlag,systemFlag,ft,lt,fu,lu) values('4028810028a8ef8f0128a8f15263077d','40288100288c226801288c2987e90001','4028810028a8ef8f0128a8f15244077c','420601','',null,null,'1',null,null,null,null,null,null);
insert into bd_dictionaryvalue(id,id_dictionary,id_parent,code,value,num,description,enableFlag,editableFlag,systemFlag,ft,lt,fu,lu) values('4028810028a8ef8f0128a8f15273077e','40288100288c226801288c2987e90001','4028810028a8ef8f0128a8f15244077c','420602','',null,null,'1',null,null,null,null,null,null);
insert into bd_dictionaryvalue(id,id_dictionary,id_parent,code,value,num,description,enableFlag,editableFlag,systemFlag,ft,lt,fu,lu) values('4028810028a8ef8f0128a8f15292077f','40288100288c226801288c2987e90001','4028810028a8ef8f0128a8f15244077c','420606','',null,null,'1',null,null,null,null,null,null);
insert into bd_dictionaryvalue(id,id_dictionary,id_parent,code,value,num,description,enableFlag,editableFlag,systemFlag,ft,lt,fu,lu) values('4028810028a8ef8f0128a8f152a20780','40288100288c226801288c2987e90001','4028810028a8ef8f0128a8f15244077c','420607','',null,null,'1',null,null,null,null,null,null);
insert into bd_dictionaryvalue(id,id_dictionary,id_parent,code,value,num,description,enableFlag,editableFlag,systemFlag,ft,lt,fu,lu) values('4028810028a8ef8f0128a8f152b20781','40288100288c226801288c2987e90001','4028810028a8ef8f0128a8f15244077c','420624','',null,null,'1',null,null,null,null,null,null);
insert into bd_dictionaryvalue(id,id_dictionary,id_parent,code,value,num,description,enableFlag,editableFlag,systemFlag,ft,lt,fu,lu) values('4028810028a8ef8f0128a8f152d10782','40288100288c226801288c2987e90001','4028810028a8ef8f0128a8f15244077c','420625','',null,null,'1',null,null,null,null,null,null);
insert into bd_dictionaryvalue(id,id_dictionary,id_parent,code,value,num,description,enableFlag,editableFlag,systemFlag,ft,lt,fu,lu) values('4028810028a8ef8f0128a8f152e00783','40288100288c226801288c2987e90001','4028810028a8ef8f0128a8f15244077c','420626','',null,null,'1',null,null,null,null,null,null);
insert into bd_dictionaryvalue(id,id_dictionary,id_parent,code,value,num,description,enableFlag,editableFlag,systemFlag,ft,lt,fu,lu) values('4028810028a8ef8f0128a8f153000784','40288100288c226801288c2987e90001','4028810028a8ef8f0128a8f15244077c','420682','',null,null,'1',null,null,null,null,null,null);
insert into bd_dictionaryvalue(id,id_dictionary,id_parent,code,value,num,description,enableFlag,editableFlag,systemFlag,ft,lt,fu,lu) values('4028810028a8ef8f0128a8f1531f0785','40288100288c226801288c2987e90001','4028810028a8ef8f0128a8f15244077c','420683','',null,null,'1',null,null,null,null,null,null);
insert into bd_dictionaryvalue(id,id_dictionary,id_parent,code,value,num,description,enableFlag,editableFlag,systemFlag,ft,lt,fu,lu) values('4028810028a8ef8f0128a8f1532f0786','40288100288c226801288c2987e90001','4028810028a8ef8f0128a8f15244077c','420684','',null,null,'1',null,null,null,null,null,null);
insert into bd_dictionaryvalue(id,id_dictionary,id_parent,code,value,num,description,enableFlag,editableFlag,systemFlag,ft,lt,fu,lu) values('4028810028a8ef8f0128a8f1533e0787','40288100288c226801288c2987e90001','4028810028a8ef8f0128a8f14e2d074b','420700','',null,null,'1',null,null,null,null,null,null);
insert into bd_dictionaryvalue(id,id_dictionary,id_parent,code,value,num,description,enableFlag,editableFlag,systemFlag,ft,lt,fu,lu) values('4028810028a8ef8f0128a8f1535d0788','40288100288c226801288c2987e90001','4028810028a8ef8f0128a8f1533e0787','420701','',null,null,'1',null,null,null,null,null,null);
insert into bd_dictionaryvalue(id,id_dictionary,id_parent,code,value,num,description,enableFlag,editableFlag,systemFlag,ft,lt,fu,lu) values('4028810028a8ef8f0128a8f1537d0789','40288100288c226801288c2987e90001','4028810028a8ef8f0128a8f1533e0787','420702','',null,null,'1',null,null,null,null,null,null);
insert into bd_dictionaryvalue(id,id_dictionary,id_parent,code,value,num,description,enableFlag,editableFlag,systemFlag,ft,lt,fu,lu) values('4028810028a8ef8f0128a8f1538c078a','40288100288c226801288c2987e90001','4028810028a8ef8f0128a8f1533e0787','420703','',null,null,'1',null,null,null,null,null,null);
insert into bd_dictionaryvalue(id,id_dictionary,id_parent,code,value,num,description,enableFlag,editableFlag,systemFlag,ft,lt,fu,lu) values('4028810028a8ef8f0128a8f153ac078b','40288100288c226801288c2987e90001','4028810028a8ef8f0128a8f1533e0787','420704','',null,null,'1',null,null,null,null,null,null);
insert into bd_dictionaryvalue(id,id_dictionary,id_parent,code,value,num,description,enableFlag,editableFlag,systemFlag,ft,lt,fu,lu) values('4028810028a8ef8f0128a8f153bb078c','40288100288c226801288c2987e90001','4028810028a8ef8f0128a8f14e2d074b','420800','',null,null,'1',null,null,null,null,null,null);
insert into bd_dictionaryvalue(id,id_dictionary,id_parent,code,value,num,description,enableFlag,editableFlag,systemFlag,ft,lt,fu,lu) values('4028810028a8ef8f0128a8f153da078d','40288100288c226801288c2987e90001','4028810028a8ef8f0128a8f153bb078c','420801','',null,null,'1',null,null,null,null,null,null);
insert into bd_dictionaryvalue(id,id_dictionary,id_parent,code,value,num,description,enableFlag,editableFlag,systemFlag,ft,lt,fu,lu) values('4028810028a8ef8f0128a8f153ea078e','40288100288c226801288c2987e90001','4028810028a8ef8f0128a8f153bb078c','420802','',null,null,'1',null,null,null,null,null,null);
insert into bd_dictionaryvalue(id,id_dictionary,id_parent,code,value,num,description,enableFlag,editableFlag,systemFlag,ft,lt,fu,lu) values('4028810028a8ef8f0128a8f153fa078f','40288100288c226801288c2987e90001','4028810028a8ef8f0128a8f153bb078c','420804','',null,null,'1',null,null,null,null,null,null);
insert into bd_dictionaryvalue(id,id_dictionary,id_parent,code,value,num,description,enableFlag,editableFlag,systemFlag,ft,lt,fu,lu) values('4028810028a8ef8f0128a8f154190790','40288100288c226801288c2987e90001','4028810028a8ef8f0128a8f153bb078c','420821','',null,null,'1',null,null,null,null,null,null);
insert into bd_dictionaryvalue(id,id_dictionary,id_parent,code,value,num,description,enableFlag,editableFlag,systemFlag,ft,lt,fu,lu) values('4028810028a8ef8f0128a8f154290791','40288100288c226801288c2987e90001','4028810028a8ef8f0128a8f153bb078c','420822','',null,null,'1',null,null,null,null,null,null);
insert into bd_dictionaryvalue(id,id_dictionary,id_parent,code,value,num,description,enableFlag,editableFlag,systemFlag,ft,lt,fu,lu) values('4028810028a8ef8f0128a8f154480792','40288100288c226801288c2987e90001','4028810028a8ef8f0128a8f153bb078c','420881','',null,null,'1',null,null,null,null,null,null);
insert into bd_dictionaryvalue(id,id_dictionary,id_parent,code,value,num,description,enableFlag,editableFlag,systemFlag,ft,lt,fu,lu) values('4028810028a8ef8f0128a8f154570793','40288100288c226801288c2987e90001','4028810028a8ef8f0128a8f14e2d074b','420900','',null,null,'1',null,null,null,null,null,null);
insert into bd_dictionaryvalue(id,id_dictionary,id_parent,code,value,num,description,enableFlag,editableFlag,systemFlag,ft,lt,fu,lu) values('4028810028a8ef8f0128a8f154670794','40288100288c226801288c2987e90001','4028810028a8ef8f0128a8f154570793','420901','',null,null,'1',null,null,null,null,null,null);
insert into bd_dictionaryvalue(id,id_dictionary,id_parent,code,value,num,description,enableFlag,editableFlag,systemFlag,ft,lt,fu,lu) values('4028810028a8ef8f0128a8f154860795','40288100288c226801288c2987e90001','4028810028a8ef8f0128a8f154570793','420902','',null,null,'1',null,null,null,null,null,null);
insert into bd_dictionaryvalue(id,id_dictionary,id_parent,code,value,num,description,enableFlag,editableFlag,systemFlag,ft,lt,fu,lu) values('4028810028a8ef8f0128a8f154960796','40288100288c226801288c2987e90001','4028810028a8ef8f0128a8f154570793','420921','',null,null,'1',null,null,null,null,null,null);
insert into bd_dictionaryvalue(id,id_dictionary,id_parent,code,value,num,description,enableFlag,editableFlag,systemFlag,ft,lt,fu,lu) values('4028810028a8ef8f0128a8f154b50797','40288100288c226801288c2987e90001','4028810028a8ef8f0128a8f154570793','420922','',null,null,'1',null,null,null,null,null,null);
insert into bd_dictionaryvalue(id,id_dictionary,id_parent,code,value,num,description,enableFlag,editableFlag,systemFlag,ft,lt,fu,lu) values('4028810028a8ef8f0128a8f154c50798','40288100288c226801288c2987e90001','4028810028a8ef8f0128a8f154570793','420923','',null,null,'1',null,null,null,null,null,null);
insert into bd_dictionaryvalue(id,id_dictionary,id_parent,code,value,num,description,enableFlag,editableFlag,systemFlag,ft,lt,fu,lu) values('4028810028a8ef8f0128a8f154e40799','40288100288c226801288c2987e90001','4028810028a8ef8f0128a8f154570793','420981','',null,null,'1',null,null,null,null,null,null);
insert into bd_dictionaryvalue(id,id_dictionary,id_parent,code,value,num,description,enableFlag,editableFlag,systemFlag,ft,lt,fu,lu) values('4028810028a8ef8f0128a8f154f4079a','40288100288c226801288c2987e90001','4028810028a8ef8f0128a8f154570793','420982','',null,null,'1',null,null,null,null,null,null);
insert into bd_dictionaryvalue(id,id_dictionary,id_parent,code,value,num,description,enableFlag,editableFlag,systemFlag,ft,lt,fu,lu) values('4028810028a8ef8f0128a8f15503079b','40288100288c226801288c2987e90001','4028810028a8ef8f0128a8f154570793','420984','',null,null,'1',null,null,null,null,null,null);
insert into bd_dictionaryvalue(id,id_dictionary,id_parent,code,value,num,description,enableFlag,editableFlag,systemFlag,ft,lt,fu,lu) values('4028810028a8ef8f0128a8f15523079c','40288100288c226801288c2987e90001','4028810028a8ef8f0128a8f14e2d074b','421000','',null,null,'1',null,null,null,null,null,null);
insert into bd_dictionaryvalue(id,id_dictionary,id_parent,code,value,num,description,enableFlag,editableFlag,systemFlag,ft,lt,fu,lu) values('4028810028a8ef8f0128a8f15532079d','40288100288c226801288c2987e90001','4028810028a8ef8f0128a8f15523079c','421001','',null,null,'1',null,null,null,null,null,null);
insert into bd_dictionaryvalue(id,id_dictionary,id_parent,code,value,num,description,enableFlag,editableFlag,systemFlag,ft,lt,fu,lu) values('4028810028a8ef8f0128a8f15542079e','40288100288c226801288c2987e90001','4028810028a8ef8f0128a8f15523079c','421002','',null,null,'1',null,null,null,null,null,null);
insert into bd_dictionaryvalue(id,id_dictionary,id_parent,code,value,num,description,enableFlag,editableFlag,systemFlag,ft,lt,fu,lu) values('4028810028a8ef8f0128a8f15561079f','40288100288c226801288c2987e90001','4028810028a8ef8f0128a8f15523079c','421003','',null,null,'1',null,null,null,null,null,null);
insert into bd_dictionaryvalue(id,id_dictionary,id_parent,code,value,num,description,enableFlag,editableFlag,systemFlag,ft,lt,fu,lu) values('4028810028a8ef8f0128a8f1557107a0','40288100288c226801288c2987e90001','4028810028a8ef8f0128a8f15523079c','421022','',null,null,'1',null,null,null,null,null,null);
insert into bd_dictionaryvalue(id,id_dictionary,id_parent,code,value,num,description,enableFlag,editableFlag,systemFlag,ft,lt,fu,lu) values('4028810028a8ef8f0128a8f1559007a1','40288100288c226801288c2987e90001','4028810028a8ef8f0128a8f15523079c','421023','',null,null,'1',null,null,null,null,null,null);
insert into bd_dictionaryvalue(id,id_dictionary,id_parent,code,value,num,description,enableFlag,editableFlag,systemFlag,ft,lt,fu,lu) values('4028810028a8ef8f0128a8f155a007a2','40288100288c226801288c2987e90001','4028810028a8ef8f0128a8f15523079c','421024','',null,null,'1',null,null,null,null,null,null);
insert into bd_dictionaryvalue(id,id_dictionary,id_parent,code,value,num,description,enableFlag,editableFlag,systemFlag,ft,lt,fu,lu) values('4028810028a8ef8f0128a8f155af07a3','40288100288c226801288c2987e90001','4028810028a8ef8f0128a8f15523079c','421081','',null,null,'1',null,null,null,null,null,null);
insert into bd_dictionaryvalue(id,id_dictionary,id_parent,code,value,num,description,enableFlag,editableFlag,systemFlag,ft,lt,fu,lu) values('4028810028a8ef8f0128a8f155ce07a4','40288100288c226801288c2987e90001','4028810028a8ef8f0128a8f15523079c','421083','',null,null,'1',null,null,null,null,null,null);
insert into bd_dictionaryvalue(id,id_dictionary,id_parent,code,value,num,description,enableFlag,editableFlag,systemFlag,ft,lt,fu,lu) values('4028810028a8ef8f0128a8f155de07a5','40288100288c226801288c2987e90001','4028810028a8ef8f0128a8f15523079c','421087','',null,null,'1',null,null,null,null,null,null);
insert into bd_dictionaryvalue(id,id_dictionary,id_parent,code,value,num,description,enableFlag,editableFlag,systemFlag,ft,lt,fu,lu) values('4028810028a8ef8f0128a8f155fd07a6','40288100288c226801288c2987e90001','4028810028a8ef8f0128a8f14e2d074b','421100','',null,null,'1',null,null,null,null,null,null);
insert into bd_dictionaryvalue(id,id_dictionary,id_parent,code,value,num,description,enableFlag,editableFlag,systemFlag,ft,lt,fu,lu) values('4028810028a8ef8f0128a8f1560d07a7','40288100288c226801288c2987e90001','4028810028a8ef8f0128a8f155fd07a6','421101','',null,null,'1',null,null,null,null,null,null);
insert into bd_dictionaryvalue(id,id_dictionary,id_parent,code,value,num,description,enableFlag,editableFlag,systemFlag,ft,lt,fu,lu) values('4028810028a8ef8f0128a8f1562c07a8','40288100288c226801288c2987e90001','4028810028a8ef8f0128a8f155fd07a6','421102','',null,null,'1',null,null,null,null,null,null);
insert into bd_dictionaryvalue(id,id_dictionary,id_parent,code,value,num,description,enableFlag,editableFlag,systemFlag,ft,lt,fu,lu) values('4028810028a8ef8f0128a8f1563c07a9','40288100288c226801288c2987e90001','4028810028a8ef8f0128a8f155fd07a6','421121','',null,null,'1',null,null,null,null,null,null);
insert into bd_dictionaryvalue(id,id_dictionary,id_parent,code,value,num,description,enableFlag,editableFlag,systemFlag,ft,lt,fu,lu) values('4028810028a8ef8f0128a8f1565b07aa','40288100288c226801288c2987e90001','4028810028a8ef8f0128a8f155fd07a6','421122','',null,null,'1',null,null,null,null,null,null);
insert into bd_dictionaryvalue(id,id_dictionary,id_parent,code,value,num,description,enableFlag,editableFlag,systemFlag,ft,lt,fu,lu) values('4028810028a8ef8f0128a8f1566b07ab','40288100288c226801288c2987e90001','4028810028a8ef8f0128a8f155fd07a6','421123','',null,null,'1',null,null,null,null,null,null);
insert into bd_dictionaryvalue(id,id_dictionary,id_parent,code,value,num,description,enableFlag,editableFlag,systemFlag,ft,lt,fu,lu) values('4028810028a8ef8f0128a8f1567a07ac','40288100288c226801288c2987e90001','4028810028a8ef8f0128a8f155fd07a6','421124','',null,null,'1',null,null,null,null,null,null);
insert into bd_dictionaryvalue(id,id_dictionary,id_parent,code,value,num,description,enableFlag,editableFlag,systemFlag,ft,lt,fu,lu) values('4028810028a8ef8f0128a8f1569a07ad','40288100288c226801288c2987e90001','4028810028a8ef8f0128a8f155fd07a6','421125','',null,null,'1',null,null,null,null,null,null);
insert into bd_dictionaryvalue(id,id_dictionary,id_parent,code,value,num,description,enableFlag,editableFlag,systemFlag,ft,lt,fu,lu) values('4028810028a8ef8f0128a8f156a907ae','40288100288c226801288c2987e90001','4028810028a8ef8f0128a8f155fd07a6','421126','',null,null,'1',null,null,null,null,null,null);
insert into bd_dictionaryvalue(id,id_dictionary,id_parent,code,value,num,description,enableFlag,editableFlag,systemFlag,ft,lt,fu,lu) values('4028810028a8ef8f0128a8f156c807af','40288100288c226801288c2987e90001','4028810028a8ef8f0128a8f155fd07a6','421127','',null,null,'1',null,null,null,null,null,null);
insert into bd_dictionaryvalue(id,id_dictionary,id_parent,code,value,num,description,enableFlag,editableFlag,systemFlag,ft,lt,fu,lu) values('4028810028a8ef8f0128a8f156d807b0','40288100288c226801288c2987e90001','4028810028a8ef8f0128a8f155fd07a6','421181','',null,null,'1',null,null,null,null,null,null);
insert into bd_dictionaryvalue(id,id_dictionary,id_parent,code,value,num,description,enableFlag,editableFlag,systemFlag,ft,lt,fu,lu) values('4028810028a8ef8f0128a8f156e807b1','40288100288c226801288c2987e90001','4028810028a8ef8f0128a8f155fd07a6','421182','',null,null,'1',null,null,null,null,null,null);
insert into bd_dictionaryvalue(id,id_dictionary,id_parent,code,value,num,description,enableFlag,editableFlag,systemFlag,ft,lt,fu,lu) values('4028810028a8ef8f0128a8f1570707b2','40288100288c226801288c2987e90001','4028810028a8ef8f0128a8f14e2d074b','421200','',null,null,'1',null,null,null,null,null,null);
insert into bd_dictionaryvalue(id,id_dictionary,id_parent,code,value,num,description,enableFlag,editableFlag,systemFlag,ft,lt,fu,lu) values('4028810028a8ef8f0128a8f1571707b3','40288100288c226801288c2987e90001','4028810028a8ef8f0128a8f1570707b2','421201','',null,null,'1',null,null,null,null,null,null);
insert into bd_dictionaryvalue(id,id_dictionary,id_parent,code,value,num,description,enableFlag,editableFlag,systemFlag,ft,lt,fu,lu) values('4028810028a8ef8f0128a8f1573607b4','40288100288c226801288c2987e90001','4028810028a8ef8f0128a8f1570707b2','421202','',null,null,'1',null,null,null,null,null,null);
insert into bd_dictionaryvalue(id,id_dictionary,id_parent,code,value,num,description,enableFlag,editableFlag,systemFlag,ft,lt,fu,lu) values('4028810028a8ef8f0128a8f1574507b5','40288100288c226801288c2987e90001','4028810028a8ef8f0128a8f1570707b2','421221','',null,null,'1',null,null,null,null,null,null);
insert into bd_dictionaryvalue(id,id_dictionary,id_parent,code,value,num,description,enableFlag,editableFlag,systemFlag,ft,lt,fu,lu) values('4028810028a8ef8f0128a8f1576507b6','40288100288c226801288c2987e90001','4028810028a8ef8f0128a8f1570707b2','421222','',null,null,'1',null,null,null,null,null,null);
insert into bd_dictionaryvalue(id,id_dictionary,id_parent,code,value,num,description,enableFlag,editableFlag,systemFlag,ft,lt,fu,lu) values('4028810028a8ef8f0128a8f1578407b7','40288100288c226801288c2987e90001','4028810028a8ef8f0128a8f1570707b2','421223','',null,null,'1',null,null,null,null,null,null);
insert into bd_dictionaryvalue(id,id_dictionary,id_parent,code,value,num,description,enableFlag,editableFlag,systemFlag,ft,lt,fu,lu) values('4028810028a8ef8f0128a8f1579407b8','40288100288c226801288c2987e90001','4028810028a8ef8f0128a8f1570707b2','421224','',null,null,'1',null,null,null,null,null,null);
insert into bd_dictionaryvalue(id,id_dictionary,id_parent,code,value,num,description,enableFlag,editableFlag,systemFlag,ft,lt,fu,lu) values('4028810028a8ef8f0128a8f157a307b9','40288100288c226801288c2987e90001','4028810028a8ef8f0128a8f1570707b2','421281','',null,null,'1',null,null,null,null,null,null);
insert into bd_dictionaryvalue(id,id_dictionary,id_parent,code,value,num,description,enableFlag,editableFlag,systemFlag,ft,lt,fu,lu) values('4028810028a8ef8f0128a8f157c207ba','40288100288c226801288c2987e90001','4028810028a8ef8f0128a8f14e2d074b','421300','',null,null,'1',null,null,null,null,null,null);
insert into bd_dictionaryvalue(id,id_dictionary,id_parent,code,value,num,description,enableFlag,editableFlag,systemFlag,ft,lt,fu,lu) values('4028810028a8ef8f0128a8f157d207bb','40288100288c226801288c2987e90001','4028810028a8ef8f0128a8f157c207ba','421301','',null,null,'1',null,null,null,null,null,null);
insert into bd_dictionaryvalue(id,id_dictionary,id_parent,code,value,num,description,enableFlag,editableFlag,systemFlag,ft,lt,fu,lu) values('4028810028a8ef8f0128a8f157f107bc','40288100288c226801288c2987e90001','4028810028a8ef8f0128a8f157c207ba','421302','',null,null,'1',null,null,null,null,null,null);
insert into bd_dictionaryvalue(id,id_dictionary,id_parent,code,value,num,description,enableFlag,editableFlag,systemFlag,ft,lt,fu,lu) values('4028810028a8ef8f0128a8f1580107bd','40288100288c226801288c2987e90001','4028810028a8ef8f0128a8f157c207ba','421381','',null,null,'1',null,null,null,null,null,null);
insert into bd_dictionaryvalue(id,id_dictionary,id_parent,code,value,num,description,enableFlag,editableFlag,systemFlag,ft,lt,fu,lu) values('4028810028a8ef8f0128a8f1582007be','40288100288c226801288c2987e90001','4028810028a8ef8f0128a8f14e2d074b','422800','',null,null,'1',null,null,null,null,null,null);
insert into bd_dictionaryvalue(id,id_dictionary,id_parent,code,value,num,description,enableFlag,editableFlag,systemFlag,ft,lt,fu,lu) values('4028810028a8ef8f0128a8f1583007bf','40288100288c226801288c2987e90001','4028810028a8ef8f0128a8f1582007be','422801','',null,null,'1',null,null,null,null,null,null);
insert into bd_dictionaryvalue(id,id_dictionary,id_parent,code,value,num,description,enableFlag,editableFlag,systemFlag,ft,lt,fu,lu) values('4028810028a8ef8f0128a8f1583f07c0','40288100288c226801288c2987e90001','4028810028a8ef8f0128a8f1582007be','422802','',null,null,'1',null,null,null,null,null,null);
insert into bd_dictionaryvalue(id,id_dictionary,id_parent,code,value,num,description,enableFlag,editableFlag,systemFlag,ft,lt,fu,lu) values('4028810028a8ef8f0128a8f1585f07c1','40288100288c226801288c2987e90001','4028810028a8ef8f0128a8f1582007be','422822','',null,null,'1',null,null,null,null,null,null);
insert into bd_dictionaryvalue(id,id_dictionary,id_parent,code,value,num,description,enableFlag,editableFlag,systemFlag,ft,lt,fu,lu) values('4028810028a8ef8f0128a8f1587e07c2','40288100288c226801288c2987e90001','4028810028a8ef8f0128a8f1582007be','422823','',null,null,'1',null,null,null,null,null,null);
insert into bd_dictionaryvalue(id,id_dictionary,id_parent,code,value,num,description,enableFlag,editableFlag,systemFlag,ft,lt,fu,lu) values('4028810028a8ef8f0128a8f1588e07c3','40288100288c226801288c2987e90001','4028810028a8ef8f0128a8f1582007be','422825','',null,null,'1',null,null,null,null,null,null);
insert into bd_dictionaryvalue(id,id_dictionary,id_parent,code,value,num,description,enableFlag,editableFlag,systemFlag,ft,lt,fu,lu) values('4028810028a8ef8f0128a8f158ad07c4','40288100288c226801288c2987e90001','4028810028a8ef8f0128a8f1582007be','422826','',null,null,'1',null,null,null,null,null,null);
insert into bd_dictionaryvalue(id,id_dictionary,id_parent,code,value,num,description,enableFlag,editableFlag,systemFlag,ft,lt,fu,lu) values('4028810028a8ef8f0128a8f158bc07c5','40288100288c226801288c2987e90001','4028810028a8ef8f0128a8f1582007be','422827','',null,null,'1',null,null,null,null,null,null);
insert into bd_dictionaryvalue(id,id_dictionary,id_parent,code,value,num,description,enableFlag,editableFlag,systemFlag,ft,lt,fu,lu) values('4028810028a8ef8f0128a8f158dc07c6','40288100288c226801288c2987e90001','4028810028a8ef8f0128a8f1582007be','422828','',null,null,'1',null,null,null,null,null,null);
insert into bd_dictionaryvalue(id,id_dictionary,id_parent,code,value,num,description,enableFlag,editableFlag,systemFlag,ft,lt,fu,lu) values('4028810028a8ef8f0128a8f158eb07c7','40288100288c226801288c2987e90001','4028810028a8ef8f0128a8f14e2d074b','429000','',null,null,'1',null,null,null,null,null,null);
insert into bd_dictionaryvalue(id,id_dictionary,id_parent,code,value,num,description,enableFlag,editableFlag,systemFlag,ft,lt,fu,lu) values('4028810028a8ef8f0128a8f1590b07c8','40288100288c226801288c2987e90001','4028810028a8ef8f0128a8f158eb07c7','429004','',null,null,'1',null,null,null,null,null,null);
insert into bd_dictionaryvalue(id,id_dictionary,id_parent,code,value,num,description,enableFlag,editableFlag,systemFlag,ft,lt,fu,lu) values('4028810028a8ef8f0128a8f1591a07c9','40288100288c226801288c2987e90001','4028810028a8ef8f0128a8f158eb07c7','429005','',null,null,'1',null,null,null,null,null,null);
insert into bd_dictionaryvalue(id,id_dictionary,id_parent,code,value,num,description,enableFlag,editableFlag,systemFlag,ft,lt,fu,lu) values('4028810028a8ef8f0128a8f1593907ca','40288100288c226801288c2987e90001','4028810028a8ef8f0128a8f158eb07c7','429006','',null,null,'1',null,null,null,null,null,null);
insert into bd_dictionaryvalue(id,id_dictionary,id_parent,code,value,num,description,enableFlag,editableFlag,systemFlag,ft,lt,fu,lu) values('4028810028a8ef8f0128a8f1594907cb','40288100288c226801288c2987e90001','4028810028a8ef8f0128a8f158eb07c7','429021','',null,null,'1',null,null,null,null,null,null);
insert into bd_dictionaryvalue(id,id_dictionary,id_parent,code,value,num,description,enableFlag,editableFlag,systemFlag,ft,lt,fu,lu) values('4028810028a8ef8f0128a8f1595907cc','40288100288c226801288c2987e90001',null,'430000','',null,null,'1',null,null,null,null,null,null);
insert into bd_dictionaryvalue(id,id_dictionary,id_parent,code,value,num,description,enableFlag,editableFlag,systemFlag,ft,lt,fu,lu) values('4028810028a8ef8f0128a8f1597807cd','40288100288c226801288c2987e90001','4028810028a8ef8f0128a8f1595907cc','430100','',null,null,'1',null,null,null,null,null,null);
insert into bd_dictionaryvalue(id,id_dictionary,id_parent,code,value,num,description,enableFlag,editableFlag,systemFlag,ft,lt,fu,lu) values('4028810028a8ef8f0128a8f1598807ce','40288100288c226801288c2987e90001','4028810028a8ef8f0128a8f1597807cd','430101','',null,null,'1',null,null,null,null,null,null);
insert into bd_dictionaryvalue(id,id_dictionary,id_parent,code,value,num,description,enableFlag,editableFlag,systemFlag,ft,lt,fu,lu) values('4028810028a8ef8f0128a8f159a707cf','40288100288c226801288c2987e90001','4028810028a8ef8f0128a8f1597807cd','430102','',null,null,'1',null,null,null,null,null,null);
insert into bd_dictionaryvalue(id,id_dictionary,id_parent,code,value,num,description,enableFlag,editableFlag,systemFlag,ft,lt,fu,lu) values('4028810028a8ef8f0128a8f159b607d0','40288100288c226801288c2987e90001','4028810028a8ef8f0128a8f1597807cd','430103','',null,null,'1',null,null,null,null,null,null);
insert into bd_dictionaryvalue(id,id_dictionary,id_parent,code,value,num,description,enableFlag,editableFlag,systemFlag,ft,lt,fu,lu) values('4028810028a8ef8f0128a8f159d607d1','40288100288c226801288c2987e90001','4028810028a8ef8f0128a8f1597807cd','430104','',null,null,'1',null,null,null,null,null,null);
insert into bd_dictionaryvalue(id,id_dictionary,id_parent,code,value,num,description,enableFlag,editableFlag,systemFlag,ft,lt,fu,lu) values('4028810028a8ef8f0128a8f159e507d2','40288100288c226801288c2987e90001','4028810028a8ef8f0128a8f1597807cd','430105','',null,null,'1',null,null,null,null,null,null);
insert into bd_dictionaryvalue(id,id_dictionary,id_parent,code,value,num,description,enableFlag,editableFlag,systemFlag,ft,lt,fu,lu) values('4028810028a8ef8f0128a8f15a0507d3','40288100288c226801288c2987e90001','4028810028a8ef8f0128a8f1597807cd','430111','',null,null,'1',null,null,null,null,null,null);
insert into bd_dictionaryvalue(id,id_dictionary,id_parent,code,value,num,description,enableFlag,editableFlag,systemFlag,ft,lt,fu,lu) values('4028810028a8ef8f0128a8f15a1407d4','40288100288c226801288c2987e90001','4028810028a8ef8f0128a8f1597807cd','430121','',null,null,'1',null,null,null,null,null,null);
insert into bd_dictionaryvalue(id,id_dictionary,id_parent,code,value,num,description,enableFlag,editableFlag,systemFlag,ft,lt,fu,lu) values('4028810028a8ef8f0128a8f15a2407d5','40288100288c226801288c2987e90001','4028810028a8ef8f0128a8f1597807cd','430122','',null,null,'1',null,null,null,null,null,null);
insert into bd_dictionaryvalue(id,id_dictionary,id_parent,code,value,num,description,enableFlag,editableFlag,systemFlag,ft,lt,fu,lu) values('4028810028a8ef8f0128a8f15a4307d6','40288100288c226801288c2987e90001','4028810028a8ef8f0128a8f1597807cd','430124','',null,null,'1',null,null,null,null,null,null);
insert into bd_dictionaryvalue(id,id_dictionary,id_parent,code,value,num,description,enableFlag,editableFlag,systemFlag,ft,lt,fu,lu) values('4028810028a8ef8f0128a8f15a5307d7','40288100288c226801288c2987e90001','4028810028a8ef8f0128a8f1597807cd','430181','',null,null,'1',null,null,null,null,null,null);
insert into bd_dictionaryvalue(id,id_dictionary,id_parent,code,value,num,description,enableFlag,editableFlag,systemFlag,ft,lt,fu,lu) values('4028810028a8ef8f0128a8f15a7207d8','40288100288c226801288c2987e90001','4028810028a8ef8f0128a8f1595907cc','430200','',null,null,'1',null,null,null,null,null,null);
insert into bd_dictionaryvalue(id,id_dictionary,id_parent,code,value,num,description,enableFlag,editableFlag,systemFlag,ft,lt,fu,lu) values('4028810028a8ef8f0128a8f15a8207d9','40288100288c226801288c2987e90001','4028810028a8ef8f0128a8f15a7207d8','430201','',null,null,'1',null,null,null,null,null,null);
insert into bd_dictionaryvalue(id,id_dictionary,id_parent,code,value,num,description,enableFlag,editableFlag,systemFlag,ft,lt,fu,lu) values('4028810028a8ef8f0128a8f15a9107da','40288100288c226801288c2987e90001','4028810028a8ef8f0128a8f15a7207d8','430202','',null,null,'1',null,null,null,null,null,null);
insert into bd_dictionaryvalue(id,id_dictionary,id_parent,code,value,num,description,enableFlag,editableFlag,systemFlag,ft,lt,fu,lu) values('4028810028a8ef8f0128a8f15ab007db','40288100288c226801288c2987e90001','4028810028a8ef8f0128a8f15a7207d8','430203','',null,null,'1',null,null,null,null,null,null);
insert into bd_dictionaryvalue(id,id_dictionary,id_parent,code,value,num,description,enableFlag,editableFlag,systemFlag,ft,lt,fu,lu) values('4028810028a8ef8f0128a8f15ac007dc','40288100288c226801288c2987e90001','4028810028a8ef8f0128a8f15a7207d8','430204','',null,null,'1',null,null,null,null,null,null);
insert into bd_dictionaryvalue(id,id_dictionary,id_parent,code,value,num,description,enableFlag,editableFlag,systemFlag,ft,lt,fu,lu) values('4028810028a8ef8f0128a8f15adf07dd','40288100288c226801288c2987e90001','4028810028a8ef8f0128a8f15a7207d8','430211','',null,null,'1',null,null,null,null,null,null);
insert into bd_dictionaryvalue(id,id_dictionary,id_parent,code,value,num,description,enableFlag,editableFlag,systemFlag,ft,lt,fu,lu) values('4028810028a8ef8f0128a8f15aef07de','40288100288c226801288c2987e90001','4028810028a8ef8f0128a8f15a7207d8','430221','',null,null,'1',null,null,null,null,null,null);
insert into bd_dictionaryvalue(id,id_dictionary,id_parent,code,value,num,description,enableFlag,editableFlag,systemFlag,ft,lt,fu,lu) values('4028810028a8ef8f0128a8f15b0e07df','40288100288c226801288c2987e90001','4028810028a8ef8f0128a8f15a7207d8','430223','',null,null,'1',null,null,null,null,null,null);
insert into bd_dictionaryvalue(id,id_dictionary,id_parent,code,value,num,description,enableFlag,editableFlag,systemFlag,ft,lt,fu,lu) values('4028810028a8ef8f0128a8f15b1e07e0','40288100288c226801288c2987e90001','4028810028a8ef8f0128a8f15a7207d8','430224','',null,null,'1',null,null,null,null,null,null);
insert into bd_dictionaryvalue(id,id_dictionary,id_parent,code,value,num,description,enableFlag,editableFlag,systemFlag,ft,lt,fu,lu) values('4028810028a8ef8f0128a8f15b2d07e1','40288100288c226801288c2987e90001','4028810028a8ef8f0128a8f15a7207d8','430225','',null,null,'1',null,null,null,null,null,null);
insert into bd_dictionaryvalue(id,id_dictionary,id_parent,code,value,num,description,enableFlag,editableFlag,systemFlag,ft,lt,fu,lu) values('4028810028a8ef8f0128a8f15b4d07e2','40288100288c226801288c2987e90001','4028810028a8ef8f0128a8f15a7207d8','430281','',null,null,'1',null,null,null,null,null,null);
insert into bd_dictionaryvalue(id,id_dictionary,id_parent,code,value,num,description,enableFlag,editableFlag,systemFlag,ft,lt,fu,lu) values('4028810028a8ef8f0128a8f15b6c07e3','40288100288c226801288c2987e90001','4028810028a8ef8f0128a8f1595907cc','430300','',null,null,'1',null,null,null,null,null,null);
insert into bd_dictionaryvalue(id,id_dictionary,id_parent,code,value,num,description,enableFlag,editableFlag,systemFlag,ft,lt,fu,lu) values('4028810028a8ef8f0128a8f15b7c07e4','40288100288c226801288c2987e90001','4028810028a8ef8f0128a8f15b6c07e3','430301','',null,null,'1',null,null,null,null,null,null);
insert into bd_dictionaryvalue(id,id_dictionary,id_parent,code,value,num,description,enableFlag,editableFlag,systemFlag,ft,lt,fu,lu) values('4028810028a8ef8f0128a8f15b9b07e5','40288100288c226801288c2987e90001','4028810028a8ef8f0128a8f15b6c07e3','430302','',null,null,'1',null,null,null,null,null,null);
insert into bd_dictionaryvalue(id,id_dictionary,id_parent,code,value,num,description,enableFlag,editableFlag,systemFlag,ft,lt,fu,lu) values('4028810028a8ef8f0128a8f15baa07e6','40288100288c226801288c2987e90001','4028810028a8ef8f0128a8f15b6c07e3','430304','',null,null,'1',null,null,null,null,null,null);
insert into bd_dictionaryvalue(id,id_dictionary,id_parent,code,value,num,description,enableFlag,editableFlag,systemFlag,ft,lt,fu,lu) values('4028810028a8ef8f0128a8f15bba07e7','40288100288c226801288c2987e90001','4028810028a8ef8f0128a8f15b6c07e3','430321','',null,null,'1',null,null,null,null,null,null);
insert into bd_dictionaryvalue(id,id_dictionary,id_parent,code,value,num,description,enableFlag,editableFlag,systemFlag,ft,lt,fu,lu) values('4028810028a8ef8f0128a8f15bd907e8','40288100288c226801288c2987e90001','4028810028a8ef8f0128a8f15b6c07e3','430381','',null,null,'1',null,null,null,null,null,null);
insert into bd_dictionaryvalue(id,id_dictionary,id_parent,code,value,num,description,enableFlag,editableFlag,systemFlag,ft,lt,fu,lu) values('4028810028a8ef8f0128a8f15be907e9','40288100288c226801288c2987e90001','4028810028a8ef8f0128a8f15b6c07e3','430382','',null,null,'1',null,null,null,null,null,null);
insert into bd_dictionaryvalue(id,id_dictionary,id_parent,code,value,num,description,enableFlag,editableFlag,systemFlag,ft,lt,fu,lu) values('4028810028a8ef8f0128a8f15c0807ea','40288100288c226801288c2987e90001','4028810028a8ef8f0128a8f1595907cc','430400','',null,null,'1',null,null,null,null,null,null);
insert into bd_dictionaryvalue(id,id_dictionary,id_parent,code,value,num,description,enableFlag,editableFlag,systemFlag,ft,lt,fu,lu) values('4028810028a8ef8f0128a8f15c1807eb','40288100288c226801288c2987e90001','4028810028a8ef8f0128a8f15c0807ea','430401','',null,null,'1',null,null,null,null,null,null);
insert into bd_dictionaryvalue(id,id_dictionary,id_parent,code,value,num,description,enableFlag,editableFlag,systemFlag,ft,lt,fu,lu) values('4028810028a8ef8f0128a8f15c3707ec','40288100288c226801288c2987e90001','4028810028a8ef8f0128a8f15c0807ea','430405','',null,null,'1',null,null,null,null,null,null);
insert into bd_dictionaryvalue(id,id_dictionary,id_parent,code,value,num,description,enableFlag,editableFlag,systemFlag,ft,lt,fu,lu) values('4028810028a8ef8f0128a8f15c4707ed','40288100288c226801288c2987e90001','4028810028a8ef8f0128a8f15c0807ea','430406','',null,null,'1',null,null,null,null,null,null);
insert into bd_dictionaryvalue(id,id_dictionary,id_parent,code,value,num,description,enableFlag,editableFlag,systemFlag,ft,lt,fu,lu) values('4028810028a8ef8f0128a8f15c6607ee','40288100288c226801288c2987e90001','4028810028a8ef8f0128a8f15c0807ea','430407','',null,null,'1',null,null,null,null,null,null);
insert into bd_dictionaryvalue(id,id_dictionary,id_parent,code,value,num,description,enableFlag,editableFlag,systemFlag,ft,lt,fu,lu) values('4028810028a8ef8f0128a8f15c7607ef','40288100288c226801288c2987e90001','4028810028a8ef8f0128a8f15c0807ea','430408','',null,null,'1',null,null,null,null,null,null);
insert into bd_dictionaryvalue(id,id_dictionary,id_parent,code,value,num,description,enableFlag,editableFlag,systemFlag,ft,lt,fu,lu) values('4028810028a8ef8f0128a8f15c8507f0','40288100288c226801288c2987e90001','4028810028a8ef8f0128a8f15c0807ea','430412','',null,null,'1',null,null,null,null,null,null);
insert into bd_dictionaryvalue(id,id_dictionary,id_parent,code,value,num,description,enableFlag,editableFlag,systemFlag,ft,lt,fu,lu) values('4028810028a8ef8f0128a8f15ca407f1','40288100288c226801288c2987e90001','4028810028a8ef8f0128a8f15c0807ea','430421','',null,null,'1',null,null,null,null,null,null);
insert into bd_dictionaryvalue(id,id_dictionary,id_parent,code,value,num,description,enableFlag,editableFlag,systemFlag,ft,lt,fu,lu) values('4028810028a8ef8f0128a8f15cb407f2','40288100288c226801288c2987e90001','4028810028a8ef8f0128a8f15c0807ea','430422','',null,null,'1',null,null,null,null,null,null);
insert into bd_dictionaryvalue(id,id_dictionary,id_parent,code,value,num,description,enableFlag,editableFlag,systemFlag,ft,lt,fu,lu) values('4028810028a8ef8f0128a8f15cd307f3','40288100288c226801288c2987e90001','4028810028a8ef8f0128a8f15c0807ea','430423','',null,null,'1',null,null,null,null,null,null);
insert into bd_dictionaryvalue(id,id_dictionary,id_parent,code,value,num,description,enableFlag,editableFlag,systemFlag,ft,lt,fu,lu) values('4028810028a8ef8f0128a8f15ce307f4','40288100288c226801288c2987e90001','4028810028a8ef8f0128a8f15c0807ea','430424','',null,null,'1',null,null,null,null,null,null);
insert into bd_dictionaryvalue(id,id_dictionary,id_parent,code,value,num,description,enableFlag,editableFlag,systemFlag,ft,lt,fu,lu) values('4028810028a8ef8f0128a8f15d0207f5','40288100288c226801288c2987e90001','4028810028a8ef8f0128a8f15c0807ea','430426','',null,null,'1',null,null,null,null,null,null);
insert into bd_dictionaryvalue(id,id_dictionary,id_parent,code,value,num,description,enableFlag,editableFlag,systemFlag,ft,lt,fu,lu) values('4028810028a8ef8f0128a8f15d1207f6','40288100288c226801288c2987e90001','4028810028a8ef8f0128a8f15c0807ea','430481','',null,null,'1',null,null,null,null,null,null);
insert into bd_dictionaryvalue(id,id_dictionary,id_parent,code,value,num,description,enableFlag,editableFlag,systemFlag,ft,lt,fu,lu) values('4028810028a8ef8f0128a8f15d3107f7','40288100288c226801288c2987e90001','4028810028a8ef8f0128a8f15c0807ea','430482','',null,null,'1',null,null,null,null,null,null);
insert into bd_dictionaryvalue(id,id_dictionary,id_parent,code,value,num,description,enableFlag,editableFlag,systemFlag,ft,lt,fu,lu) values('4028810028a8ef8f0128a8f15d4107f8','40288100288c226801288c2987e90001','4028810028a8ef8f0128a8f1595907cc','430500','',null,null,'1',null,null,null,null,null,null);
insert into bd_dictionaryvalue(id,id_dictionary,id_parent,code,value,num,description,enableFlag,editableFlag,systemFlag,ft,lt,fu,lu) values('4028810028a8ef8f0128a8f15d6007f9','40288100288c226801288c2987e90001','4028810028a8ef8f0128a8f15d4107f8','430501','',null,null,'1',null,null,null,null,null,null);
insert into bd_dictionaryvalue(id,id_dictionary,id_parent,code,value,num,description,enableFlag,editableFlag,systemFlag,ft,lt,fu,lu) values('4028810028a8ef8f0128a8f15d7007fa','40288100288c226801288c2987e90001','4028810028a8ef8f0128a8f15d4107f8','430502','',null,null,'1',null,null,null,null,null,null);
insert into bd_dictionaryvalue(id,id_dictionary,id_parent,code,value,num,description,enableFlag,editableFlag,systemFlag,ft,lt,fu,lu) values('4028810028a8ef8f0128a8f15d8f07fb','40288100288c226801288c2987e90001','4028810028a8ef8f0128a8f15d4107f8','430503','',null,null,'1',null,null,null,null,null,null);
insert into bd_dictionaryvalue(id,id_dictionary,id_parent,code,value,num,description,enableFlag,editableFlag,systemFlag,ft,lt,fu,lu) values('4028810028a8ef8f0128a8f15d9e07fc','40288100288c226801288c2987e90001','4028810028a8ef8f0128a8f15d4107f8','430511','',null,null,'1',null,null,null,null,null,null);
insert into bd_dictionaryvalue(id,id_dictionary,id_parent,code,value,num,description,enableFlag,editableFlag,systemFlag,ft,lt,fu,lu) values('4028810028a8ef8f0128a8f15dbe07fd','40288100288c226801288c2987e90001','4028810028a8ef8f0128a8f15d4107f8','430521','',null,null,'1',null,null,null,null,null,null);
insert into bd_dictionaryvalue(id,id_dictionary,id_parent,code,value,num,description,enableFlag,editableFlag,systemFlag,ft,lt,fu,lu) values('4028810028a8ef8f0128a8f15dcd07fe','40288100288c226801288c2987e90001','4028810028a8ef8f0128a8f15d4107f8','430522','',null,null,'1',null,null,null,null,null,null);
insert into bd_dictionaryvalue(id,id_dictionary,id_parent,code,value,num,description,enableFlag,editableFlag,systemFlag,ft,lt,fu,lu) values('4028810028a8ef8f0128a8f15ded07ff','40288100288c226801288c2987e90001','4028810028a8ef8f0128a8f15d4107f8','430523','',null,null,'1',null,null,null,null,null,null);
insert into bd_dictionaryvalue(id,id_dictionary,id_parent,code,value,num,description,enableFlag,editableFlag,systemFlag,ft,lt,fu,lu) values('4028810028a8ef8f0128a8f15dfc0800','40288100288c226801288c2987e90001','4028810028a8ef8f0128a8f15d4107f8','430524','',null,null,'1',null,null,null,null,null,null);
insert into bd_dictionaryvalue(id,id_dictionary,id_parent,code,value,num,description,enableFlag,editableFlag,systemFlag,ft,lt,fu,lu) values('4028810028a8ef8f0128a8f15e0c0801','40288100288c226801288c2987e90001','4028810028a8ef8f0128a8f15d4107f8','430525','',null,null,'1',null,null,null,null,null,null);
insert into bd_dictionaryvalue(id,id_dictionary,id_parent,code,value,num,description,enableFlag,editableFlag,systemFlag,ft,lt,fu,lu) values('4028810028a8ef8f0128a8f15e2b0802','40288100288c226801288c2987e90001','4028810028a8ef8f0128a8f15d4107f8','430527','',null,null,'1',null,null,null,null,null,null);
insert into bd_dictionaryvalue(id,id_dictionary,id_parent,code,value,num,description,enableFlag,editableFlag,systemFlag,ft,lt,fu,lu) values('4028810028a8ef8f0128a8f15e3b0803','40288100288c226801288c2987e90001','4028810028a8ef8f0128a8f15d4107f8','430528','',null,null,'1',null,null,null,null,null,null);
insert into bd_dictionaryvalue(id,id_dictionary,id_parent,code,value,num,description,enableFlag,editableFlag,systemFlag,ft,lt,fu,lu) values('4028810028a8ef8f0128a8f15e5a0804','40288100288c226801288c2987e90001','4028810028a8ef8f0128a8f15d4107f8','430529','',null,null,'1',null,null,null,null,null,null);
insert into bd_dictionaryvalue(id,id_dictionary,id_parent,code,value,num,description,enableFlag,editableFlag,systemFlag,ft,lt,fu,lu) values('4028810028a8ef8f0128a8f15e6a0805','40288100288c226801288c2987e90001','4028810028a8ef8f0128a8f15d4107f8','430581','',null,null,'1',null,null,null,null,null,null);
insert into bd_dictionaryvalue(id,id_dictionary,id_parent,code,value,num,description,enableFlag,editableFlag,systemFlag,ft,lt,fu,lu) values('4028810028a8ef8f0128a8f15e890806','40288100288c226801288c2987e90001','4028810028a8ef8f0128a8f1595907cc','430600','',null,null,'1',null,null,null,null,null,null);
insert into bd_dictionaryvalue(id,id_dictionary,id_parent,code,value,num,description,enableFlag,editableFlag,systemFlag,ft,lt,fu,lu) values('4028810028a8ef8f0128a8f15e980807','40288100288c226801288c2987e90001','4028810028a8ef8f0128a8f15e890806','430601','',null,null,'1',null,null,null,null,null,null);
insert into bd_dictionaryvalue(id,id_dictionary,id_parent,code,value,num,description,enableFlag,editableFlag,systemFlag,ft,lt,fu,lu) values('4028810028a8ef8f0128a8f15eb80808','40288100288c226801288c2987e90001','4028810028a8ef8f0128a8f15e890806','430602','',null,null,'1',null,null,null,null,null,null);
insert into bd_dictionaryvalue(id,id_dictionary,id_parent,code,value,num,description,enableFlag,editableFlag,systemFlag,ft,lt,fu,lu) values('4028810028a8ef8f0128a8f15ec70809','40288100288c226801288c2987e90001','4028810028a8ef8f0128a8f15e890806','430603','',null,null,'1',null,null,null,null,null,null);
insert into bd_dictionaryvalue(id,id_dictionary,id_parent,code,value,num,description,enableFlag,editableFlag,systemFlag,ft,lt,fu,lu) values('4028810028a8ef8f0128a8f15ed7080a','40288100288c226801288c2987e90001','4028810028a8ef8f0128a8f15e890806','430611','',null,null,'1',null,null,null,null,null,null);
insert into bd_dictionaryvalue(id,id_dictionary,id_parent,code,value,num,description,enableFlag,editableFlag,systemFlag,ft,lt,fu,lu) values('4028810028a8ef8f0128a8f15ef6080b','40288100288c226801288c2987e90001','4028810028a8ef8f0128a8f15e890806','430621','',null,null,'1',null,null,null,null,null,null);
insert into bd_dictionaryvalue(id,id_dictionary,id_parent,code,value,num,description,enableFlag,editableFlag,systemFlag,ft,lt,fu,lu) values('4028810028a8ef8f0128a8f15f06080c','40288100288c226801288c2987e90001','4028810028a8ef8f0128a8f15e890806','430623','',null,null,'1',null,null,null,null,null,null);
insert into bd_dictionaryvalue(id,id_dictionary,id_parent,code,value,num,description,enableFlag,editableFlag,systemFlag,ft,lt,fu,lu) values('4028810028a8ef8f0128a8f15f25080d','40288100288c226801288c2987e90001','4028810028a8ef8f0128a8f15e890806','430624','',null,null,'1',null,null,null,null,null,null);
insert into bd_dictionaryvalue(id,id_dictionary,id_parent,code,value,num,description,enableFlag,editableFlag,systemFlag,ft,lt,fu,lu) values('4028810028a8ef8f0128a8f15f44080e','40288100288c226801288c2987e90001','4028810028a8ef8f0128a8f15e890806','430626','',null,null,'1',null,null,null,null,null,null);
insert into bd_dictionaryvalue(id,id_dictionary,id_parent,code,value,num,description,enableFlag,editableFlag,systemFlag,ft,lt,fu,lu) values('4028810028a8ef8f0128a8f15f54080f','40288100288c226801288c2987e90001','4028810028a8ef8f0128a8f15e890806','430681','',null,null,'1',null,null,null,null,null,null);
insert into bd_dictionaryvalue(id,id_dictionary,id_parent,code,value,num,description,enableFlag,editableFlag,systemFlag,ft,lt,fu,lu) values('4028810028a8ef8f0128a8f15f730810','40288100288c226801288c2987e90001','4028810028a8ef8f0128a8f15e890806','430682','',null,null,'1',null,null,null,null,null,null);
insert into bd_dictionaryvalue(id,id_dictionary,id_parent,code,value,num,description,enableFlag,editableFlag,systemFlag,ft,lt,fu,lu) values('4028810028a8ef8f0128a8f15f830811','40288100288c226801288c2987e90001','4028810028a8ef8f0128a8f1595907cc','430700','',null,null,'1',null,null,null,null,null,null);
insert into bd_dictionaryvalue(id,id_dictionary,id_parent,code,value,num,description,enableFlag,editableFlag,systemFlag,ft,lt,fu,lu) values('4028810028a8ef8f0128a8f15fa20812','40288100288c226801288c2987e90001','4028810028a8ef8f0128a8f15f830811','430701','',null,null,'1',null,null,null,null,null,null);
insert into bd_dictionaryvalue(id,id_dictionary,id_parent,code,value,num,description,enableFlag,editableFlag,systemFlag,ft,lt,fu,lu) values('4028810028a8ef8f0128a8f15fb20813','40288100288c226801288c2987e90001','4028810028a8ef8f0128a8f15f830811','430702','',null,null,'1',null,null,null,null,null,null);
insert into bd_dictionaryvalue(id,id_dictionary,id_parent,code,value,num,description,enableFlag,editableFlag,systemFlag,ft,lt,fu,lu) values('4028810028a8ef8f0128a8f15fc10814','40288100288c226801288c2987e90001','4028810028a8ef8f0128a8f15f830811','430703','',null,null,'1',null,null,null,null,null,null);
insert into bd_dictionaryvalue(id,id_dictionary,id_parent,code,value,num,description,enableFlag,editableFlag,systemFlag,ft,lt,fu,lu) values('4028810028a8ef8f0128a8f15fe10815','40288100288c226801288c2987e90001','4028810028a8ef8f0128a8f15f830811','430721','',null,null,'1',null,null,null,null,null,null);
insert into bd_dictionaryvalue(id,id_dictionary,id_parent,code,value,num,description,enableFlag,editableFlag,systemFlag,ft,lt,fu,lu) values('4028810028a8ef8f0128a8f15ff00816','40288100288c226801288c2987e90001','4028810028a8ef8f0128a8f15f830811','430722','',null,null,'1',null,null,null,null,null,null);
insert into bd_dictionaryvalue(id,id_dictionary,id_parent,code,value,num,description,enableFlag,editableFlag,systemFlag,ft,lt,fu,lu) values('4028810028a8ef8f0128a8f1600f0817','40288100288c226801288c2987e90001','4028810028a8ef8f0128a8f15f830811','430723','',null,null,'1',null,null,null,null,null,null);
insert into bd_dictionaryvalue(id,id_dictionary,id_parent,code,value,num,description,enableFlag,editableFlag,systemFlag,ft,lt,fu,lu) values('4028810028a8ef8f0128a8f1601f0818','40288100288c226801288c2987e90001','4028810028a8ef8f0128a8f15f830811','430724','',null,null,'1',null,null,null,null,null,null);
insert into bd_dictionaryvalue(id,id_dictionary,id_parent,code,value,num,description,enableFlag,editableFlag,systemFlag,ft,lt,fu,lu) values('4028810028a8ef8f0128a8f1603e0819','40288100288c226801288c2987e90001','4028810028a8ef8f0128a8f15f830811','430725','',null,null,'1',null,null,null,null,null,null);
insert into bd_dictionaryvalue(id,id_dictionary,id_parent,code,value,num,description,enableFlag,editableFlag,systemFlag,ft,lt,fu,lu) values('4028810028a8ef8f0128a8f1604e081a','40288100288c226801288c2987e90001','4028810028a8ef8f0128a8f15f830811','430726','',null,null,'1',null,null,null,null,null,null);
insert into bd_dictionaryvalue(id,id_dictionary,id_parent,code,value,num,description,enableFlag,editableFlag,systemFlag,ft,lt,fu,lu) values('4028810028a8ef8f0128a8f1605e081b','40288100288c226801288c2987e90001','4028810028a8ef8f0128a8f15f830811','430781','',null,null,'1',null,null,null,null,null,null);
insert into bd_dictionaryvalue(id,id_dictionary,id_parent,code,value,num,description,enableFlag,editableFlag,systemFlag,ft,lt,fu,lu) values('4028810028a8ef8f0128a8f1607d081c','40288100288c226801288c2987e90001','4028810028a8ef8f0128a8f1595907cc','430800','',null,null,'1',null,null,null,null,null,null);
insert into bd_dictionaryvalue(id,id_dictionary,id_parent,code,value,num,description,enableFlag,editableFlag,systemFlag,ft,lt,fu,lu) values('4028810028a8ef8f0128a8f1608c081d','40288100288c226801288c2987e90001','4028810028a8ef8f0128a8f1607d081c','430801','',null,null,'1',null,null,null,null,null,null);
insert into bd_dictionaryvalue(id,id_dictionary,id_parent,code,value,num,description,enableFlag,editableFlag,systemFlag,ft,lt,fu,lu) values('4028810028a8ef8f0128a8f160ac081e','40288100288c226801288c2987e90001','4028810028a8ef8f0128a8f1607d081c','430802','',null,null,'1',null,null,null,null,null,null);
insert into bd_dictionaryvalue(id,id_dictionary,id_parent,code,value,num,description,enableFlag,editableFlag,systemFlag,ft,lt,fu,lu) values('4028810028a8ef8f0128a8f160bb081f','40288100288c226801288c2987e90001','4028810028a8ef8f0128a8f1607d081c','430811','',null,null,'1',null,null,null,null,null,null);
insert into bd_dictionaryvalue(id,id_dictionary,id_parent,code,value,num,description,enableFlag,editableFlag,systemFlag,ft,lt,fu,lu) values('4028810028a8ef8f0128a8f160db0820','40288100288c226801288c2987e90001','4028810028a8ef8f0128a8f1607d081c','430821','',null,null,'1',null,null,null,null,null,null);
insert into bd_dictionaryvalue(id,id_dictionary,id_parent,code,value,num,description,enableFlag,editableFlag,systemFlag,ft,lt,fu,lu) values('4028810028a8ef8f0128a8f160ea0821','40288100288c226801288c2987e90001','4028810028a8ef8f0128a8f1607d081c','430822','',null,null,'1',null,null,null,null,null,null);
insert into bd_dictionaryvalue(id,id_dictionary,id_parent,code,value,num,description,enableFlag,editableFlag,systemFlag,ft,lt,fu,lu) values('4028810028a8ef8f0128a8f161090822','40288100288c226801288c2987e90001','4028810028a8ef8f0128a8f1595907cc','430900','',null,null,'1',null,null,null,null,null,null);
insert into bd_dictionaryvalue(id,id_dictionary,id_parent,code,value,num,description,enableFlag,editableFlag,systemFlag,ft,lt,fu,lu) values('4028810028a8ef8f0128a8f161190823','40288100288c226801288c2987e90001','4028810028a8ef8f0128a8f161090822','430901','',null,null,'1',null,null,null,null,null,null);
insert into bd_dictionaryvalue(id,id_dictionary,id_parent,code,value,num,description,enableFlag,editableFlag,systemFlag,ft,lt,fu,lu) values('4028810028a8ef8f0128a8f161380824','40288100288c226801288c2987e90001','4028810028a8ef8f0128a8f161090822','430902','',null,null,'1',null,null,null,null,null,null);
insert into bd_dictionaryvalue(id,id_dictionary,id_parent,code,value,num,description,enableFlag,editableFlag,systemFlag,ft,lt,fu,lu) values('4028810028a8ef8f0128a8f161480825','40288100288c226801288c2987e90001','4028810028a8ef8f0128a8f161090822','430903','',null,null,'1',null,null,null,null,null,null);
insert into bd_dictionaryvalue(id,id_dictionary,id_parent,code,value,num,description,enableFlag,editableFlag,systemFlag,ft,lt,fu,lu) values('4028810028a8ef8f0128a8f161670826','40288100288c226801288c2987e90001','4028810028a8ef8f0128a8f161090822','430921','',null,null,'1',null,null,null,null,null,null);
insert into bd_dictionaryvalue(id,id_dictionary,id_parent,code,value,num,description,enableFlag,editableFlag,systemFlag,ft,lt,fu,lu) values('4028810028a8ef8f0128a8f161770827','40288100288c226801288c2987e90001','4028810028a8ef8f0128a8f161090822','430922','',null,null,'1',null,null,null,null,null,null);
insert into bd_dictionaryvalue(id,id_dictionary,id_parent,code,value,num,description,enableFlag,editableFlag,systemFlag,ft,lt,fu,lu) values('4028810028a8ef8f0128a8f161960828','40288100288c226801288c2987e90001','4028810028a8ef8f0128a8f161090822','430923','',null,null,'1',null,null,null,null,null,null);
insert into bd_dictionaryvalue(id,id_dictionary,id_parent,code,value,num,description,enableFlag,editableFlag,systemFlag,ft,lt,fu,lu) values('4028810028a8ef8f0128a8f161a60829','40288100288c226801288c2987e90001','4028810028a8ef8f0128a8f161090822','430981','',null,null,'1',null,null,null,null,null,null);
insert into bd_dictionaryvalue(id,id_dictionary,id_parent,code,value,num,description,enableFlag,editableFlag,systemFlag,ft,lt,fu,lu) values('4028810028a8ef8f0128a8f161c5082a','40288100288c226801288c2987e90001','4028810028a8ef8f0128a8f1595907cc','431000','',null,null,'1',null,null,null,null,null,null);
insert into bd_dictionaryvalue(id,id_dictionary,id_parent,code,value,num,description,enableFlag,editableFlag,systemFlag,ft,lt,fu,lu) values('4028810028a8ef8f0128a8f161d5082b','40288100288c226801288c2987e90001','4028810028a8ef8f0128a8f161c5082a','431001','',null,null,'1',null,null,null,null,null,null);
insert into bd_dictionaryvalue(id,id_dictionary,id_parent,code,value,num,description,enableFlag,editableFlag,systemFlag,ft,lt,fu,lu) values('4028810028a8ef8f0128a8f161f4082c','40288100288c226801288c2987e90001','4028810028a8ef8f0128a8f161c5082a','431002','',null,null,'1',null,null,null,null,null,null);
insert into bd_dictionaryvalue(id,id_dictionary,id_parent,code,value,num,description,enableFlag,editableFlag,systemFlag,ft,lt,fu,lu) values('4028810028a8ef8f0128a8f16203082d','40288100288c226801288c2987e90001','4028810028a8ef8f0128a8f161c5082a','431003','',null,null,'1',null,null,null,null,null,null);
insert into bd_dictionaryvalue(id,id_dictionary,id_parent,code,value,num,description,enableFlag,editableFlag,systemFlag,ft,lt,fu,lu) values('4028810028a8ef8f0128a8f16223082e','40288100288c226801288c2987e90001','4028810028a8ef8f0128a8f161c5082a','431021','',null,null,'1',null,null,null,null,null,null);
insert into bd_dictionaryvalue(id,id_dictionary,id_parent,code,value,num,description,enableFlag,editableFlag,systemFlag,ft,lt,fu,lu) values('4028810028a8ef8f0128a8f16232082f','40288100288c226801288c2987e90001','4028810028a8ef8f0128a8f161c5082a','431022','',null,null,'1',null,null,null,null,null,null);
insert into bd_dictionaryvalue(id,id_dictionary,id_parent,code,value,num,description,enableFlag,editableFlag,systemFlag,ft,lt,fu,lu) values('4028810028a8ef8f0128a8f162520830','40288100288c226801288c2987e90001','4028810028a8ef8f0128a8f161c5082a','431023','',null,null,'1',null,null,null,null,null,null);
insert into bd_dictionaryvalue(id,id_dictionary,id_parent,code,value,num,description,enableFlag,editableFlag,systemFlag,ft,lt,fu,lu) values('4028810028a8ef8f0128a8f162610831','40288100288c226801288c2987e90001','4028810028a8ef8f0128a8f161c5082a','431024','',null,null,'1',null,null,null,null,null,null);
insert into bd_dictionaryvalue(id,id_dictionary,id_parent,code,value,num,description,enableFlag,editableFlag,systemFlag,ft,lt,fu,lu) values('4028810028a8ef8f0128a8f162800832','40288100288c226801288c2987e90001','4028810028a8ef8f0128a8f161c5082a','431025','',null,null,'1',null,null,null,null,null,null);
insert into bd_dictionaryvalue(id,id_dictionary,id_parent,code,value,num,description,enableFlag,editableFlag,systemFlag,ft,lt,fu,lu) values('4028810028a8ef8f0128a8f162900833','40288100288c226801288c2987e90001','4028810028a8ef8f0128a8f161c5082a','431026','',null,null,'1',null,null,null,null,null,null);
insert into bd_dictionaryvalue(id,id_dictionary,id_parent,code,value,num,description,enableFlag,editableFlag,systemFlag,ft,lt,fu,lu) values('4028810028a8ef8f0128a8f162af0834','40288100288c226801288c2987e90001','4028810028a8ef8f0128a8f161c5082a','431027','',null,null,'1',null,null,null,null,null,null);
insert into bd_dictionaryvalue(id,id_dictionary,id_parent,code,value,num,description,enableFlag,editableFlag,systemFlag,ft,lt,fu,lu) values('4028810028a8ef8f0128a8f162bf0835','40288100288c226801288c2987e90001','4028810028a8ef8f0128a8f161c5082a','431028','',null,null,'1',null,null,null,null,null,null);
insert into bd_dictionaryvalue(id,id_dictionary,id_parent,code,value,num,description,enableFlag,editableFlag,systemFlag,ft,lt,fu,lu) values('4028810028a8ef8f0128a8f162de0836','40288100288c226801288c2987e90001','4028810028a8ef8f0128a8f161c5082a','431081','',null,null,'1',null,null,null,null,null,null);
insert into bd_dictionaryvalue(id,id_dictionary,id_parent,code,value,num,description,enableFlag,editableFlag,systemFlag,ft,lt,fu,lu) values('4028810028a8ef8f0128a8f162ee0837','40288100288c226801288c2987e90001','4028810028a8ef8f0128a8f1595907cc','431100','',null,null,'1',null,null,null,null,null,null);
insert into bd_dictionaryvalue(id,id_dictionary,id_parent,code,value,num,description,enableFlag,editableFlag,systemFlag,ft,lt,fu,lu) values('4028810028a8ef8f0128a8f1630d0838','40288100288c226801288c2987e90001','4028810028a8ef8f0128a8f162ee0837','431101','',null,null,'1',null,null,null,null,null,null);
insert into bd_dictionaryvalue(id,id_dictionary,id_parent,code,value,num,description,enableFlag,editableFlag,systemFlag,ft,lt,fu,lu) values('4028810028a8ef8f0128a8f1631d0839','40288100288c226801288c2987e90001','4028810028a8ef8f0128a8f162ee0837','431102','',null,null,'1',null,null,null,null,null,null);
insert into bd_dictionaryvalue(id,id_dictionary,id_parent,code,value,num,description,enableFlag,editableFlag,systemFlag,ft,lt,fu,lu) values('4028810028a8ef8f0128a8f1633c083a','40288100288c226801288c2987e90001','4028810028a8ef8f0128a8f162ee0837','431103','',null,null,'1',null,null,null,null,null,null);
insert into bd_dictionaryvalue(id,id_dictionary,id_parent,code,value,num,description,enableFlag,editableFlag,systemFlag,ft,lt,fu,lu) values('4028810028a8ef8f0128a8f1635b083b','40288100288c226801288c2987e90001','4028810028a8ef8f0128a8f162ee0837','431121','',null,null,'1',null,null,null,null,null,null);
insert into bd_dictionaryvalue(id,id_dictionary,id_parent,code,value,num,description,enableFlag,editableFlag,systemFlag,ft,lt,fu,lu) values('4028810028a8ef8f0128a8f1636b083c','40288100288c226801288c2987e90001','4028810028a8ef8f0128a8f162ee0837','431122','',null,null,'1',null,null,null,null,null,null);
insert into bd_dictionaryvalue(id,id_dictionary,id_parent,code,value,num,description,enableFlag,editableFlag,systemFlag,ft,lt,fu,lu) values('4028810028a8ef8f0128a8f1638a083d','40288100288c226801288c2987e90001','4028810028a8ef8f0128a8f162ee0837','431123','',null,null,'1',null,null,null,null,null,null);
insert into bd_dictionaryvalue(id,id_dictionary,id_parent,code,value,num,description,enableFlag,editableFlag,systemFlag,ft,lt,fu,lu) values('4028810028a8ef8f0128a8f1639a083e','40288100288c226801288c2987e90001','4028810028a8ef8f0128a8f162ee0837','431124','',null,null,'1',null,null,null,null,null,null);
insert into bd_dictionaryvalue(id,id_dictionary,id_parent,code,value,num,description,enableFlag,editableFlag,systemFlag,ft,lt,fu,lu) values('4028810028a8ef8f0128a8f163b9083f','40288100288c226801288c2987e90001','4028810028a8ef8f0128a8f162ee0837','431125','',null,null,'1',null,null,null,null,null,null);
insert into bd_dictionaryvalue(id,id_dictionary,id_parent,code,value,num,description,enableFlag,editableFlag,systemFlag,ft,lt,fu,lu) values('4028810028a8ef8f0128a8f163c90840','40288100288c226801288c2987e90001','4028810028a8ef8f0128a8f162ee0837','431126','',null,null,'1',null,null,null,null,null,null);
insert into bd_dictionaryvalue(id,id_dictionary,id_parent,code,value,num,description,enableFlag,editableFlag,systemFlag,ft,lt,fu,lu) values('4028810028a8ef8f0128a8f163d80841','40288100288c226801288c2987e90001','4028810028a8ef8f0128a8f162ee0837','431127','',null,null,'1',null,null,null,null,null,null);
insert into bd_dictionaryvalue(id,id_dictionary,id_parent,code,value,num,description,enableFlag,editableFlag,systemFlag,ft,lt,fu,lu) values('4028810028a8ef8f0128a8f163f70842','40288100288c226801288c2987e90001','4028810028a8ef8f0128a8f162ee0837','431128','',null,null,'1',null,null,null,null,null,null);
insert into bd_dictionaryvalue(id,id_dictionary,id_parent,code,value,num,description,enableFlag,editableFlag,systemFlag,ft,lt,fu,lu) values('4028810028a8ef8f0128a8f164070843','40288100288c226801288c2987e90001','4028810028a8ef8f0128a8f162ee0837','431129','',null,null,'1',null,null,null,null,null,null);
insert into bd_dictionaryvalue(id,id_dictionary,id_parent,code,value,num,description,enableFlag,editableFlag,systemFlag,ft,lt,fu,lu) values('4028810028a8ef8f0128a8f164260844','40288100288c226801288c2987e90001','4028810028a8ef8f0128a8f1595907cc','431200','',null,null,'1',null,null,null,null,null,null);
insert into bd_dictionaryvalue(id,id_dictionary,id_parent,code,value,num,description,enableFlag,editableFlag,systemFlag,ft,lt,fu,lu) values('4028810028a8ef8f0128a8f164360845','40288100288c226801288c2987e90001','4028810028a8ef8f0128a8f164260844','431201','',null,null,'1',null,null,null,null,null,null);
insert into bd_dictionaryvalue(id,id_dictionary,id_parent,code,value,num,description,enableFlag,editableFlag,systemFlag,ft,lt,fu,lu) values('4028810028a8ef8f0128a8f164550846','40288100288c226801288c2987e90001','4028810028a8ef8f0128a8f164260844','431202','',null,null,'1',null,null,null,null,null,null);
insert into bd_dictionaryvalue(id,id_dictionary,id_parent,code,value,num,description,enableFlag,editableFlag,systemFlag,ft,lt,fu,lu) values('4028810028a8ef8f0128a8f164650847','40288100288c226801288c2987e90001','4028810028a8ef8f0128a8f164260844','431221','',null,null,'1',null,null,null,null,null,null);
insert into bd_dictionaryvalue(id,id_dictionary,id_parent,code,value,num,description,enableFlag,editableFlag,systemFlag,ft,lt,fu,lu) values('4028810028a8ef8f0128a8f164840848','40288100288c226801288c2987e90001','4028810028a8ef8f0128a8f164260844','431222','',null,null,'1',null,null,null,null,null,null);
insert into bd_dictionaryvalue(id,id_dictionary,id_parent,code,value,num,description,enableFlag,editableFlag,systemFlag,ft,lt,fu,lu) values('4028810028a8ef8f0128a8f164940849','40288100288c226801288c2987e90001','4028810028a8ef8f0128a8f164260844','431223','',null,null,'1',null,null,null,null,null,null);
insert into bd_dictionaryvalue(id,id_dictionary,id_parent,code,value,num,description,enableFlag,editableFlag,systemFlag,ft,lt,fu,lu) values('4028810028a8ef8f0128a8f164b3084a','40288100288c226801288c2987e90001','4028810028a8ef8f0128a8f164260844','431224','',null,null,'1',null,null,null,null,null,null);
insert into bd_dictionaryvalue(id,id_dictionary,id_parent,code,value,num,description,enableFlag,editableFlag,systemFlag,ft,lt,fu,lu) values('4028810028a8ef8f0128a8f164c3084b','40288100288c226801288c2987e90001','4028810028a8ef8f0128a8f164260844','431225','',null,null,'1',null,null,null,null,null,null);
insert into bd_dictionaryvalue(id,id_dictionary,id_parent,code,value,num,description,enableFlag,editableFlag,systemFlag,ft,lt,fu,lu) values('4028810028a8ef8f0128a8f164e2084c','40288100288c226801288c2987e90001','4028810028a8ef8f0128a8f164260844','431226','',null,null,'1',null,null,null,null,null,null);
insert into bd_dictionaryvalue(id,id_dictionary,id_parent,code,value,num,description,enableFlag,editableFlag,systemFlag,ft,lt,fu,lu) values('4028810028a8ef8f0128a8f164f1084d','40288100288c226801288c2987e90001','4028810028a8ef8f0128a8f164260844','431227','',null,null,'1',null,null,null,null,null,null);
insert into bd_dictionaryvalue(id,id_dictionary,id_parent,code,value,num,description,enableFlag,editableFlag,systemFlag,ft,lt,fu,lu) values('4028810028a8ef8f0128a8f16511084e','40288100288c226801288c2987e90001','4028810028a8ef8f0128a8f164260844','431228','',null,null,'1',null,null,null,null,null,null);
insert into bd_dictionaryvalue(id,id_dictionary,id_parent,code,value,num,description,enableFlag,editableFlag,systemFlag,ft,lt,fu,lu) values('4028810028a8ef8f0128a8f16520084f','40288100288c226801288c2987e90001','4028810028a8ef8f0128a8f164260844','431229','',null,null,'1',null,null,null,null,null,null);
insert into bd_dictionaryvalue(id,id_dictionary,id_parent,code,value,num,description,enableFlag,editableFlag,systemFlag,ft,lt,fu,lu) values('4028810028a8ef8f0128a8f165400850','40288100288c226801288c2987e90001','4028810028a8ef8f0128a8f164260844','431230','',null,null,'1',null,null,null,null,null,null);
insert into bd_dictionaryvalue(id,id_dictionary,id_parent,code,value,num,description,enableFlag,editableFlag,systemFlag,ft,lt,fu,lu) values('4028810028a8ef8f0128a8f1654f0851','40288100288c226801288c2987e90001','4028810028a8ef8f0128a8f164260844','431281','',null,null,'1',null,null,null,null,null,null);
insert into bd_dictionaryvalue(id,id_dictionary,id_parent,code,value,num,description,enableFlag,editableFlag,systemFlag,ft,lt,fu,lu) values('4028810028a8ef8f0128a8f1656e0852','40288100288c226801288c2987e90001','4028810028a8ef8f0128a8f1595907cc','431300','',null,null,'1',null,null,null,null,null,null);
insert into bd_dictionaryvalue(id,id_dictionary,id_parent,code,value,num,description,enableFlag,editableFlag,systemFlag,ft,lt,fu,lu) values('4028810028a8ef8f0128a8f1658e0853','40288100288c226801288c2987e90001','4028810028a8ef8f0128a8f1656e0852','431301','',null,null,'1',null,null,null,null,null,null);
insert into bd_dictionaryvalue(id,id_dictionary,id_parent,code,value,num,description,enableFlag,editableFlag,systemFlag,ft,lt,fu,lu) values('4028810028a8ef8f0128a8f1659d0854','40288100288c226801288c2987e90001','4028810028a8ef8f0128a8f1656e0852','431302','',null,null,'1',null,null,null,null,null,null);
insert into bd_dictionaryvalue(id,id_dictionary,id_parent,code,value,num,description,enableFlag,editableFlag,systemFlag,ft,lt,fu,lu) values('4028810028a8ef8f0128a8f165ad0855','40288100288c226801288c2987e90001','4028810028a8ef8f0128a8f1656e0852','431321','',null,null,'1',null,null,null,null,null,null);
insert into bd_dictionaryvalue(id,id_dictionary,id_parent,code,value,num,description,enableFlag,editableFlag,systemFlag,ft,lt,fu,lu) values('4028810028a8ef8f0128a8f165cc0856','40288100288c226801288c2987e90001','4028810028a8ef8f0128a8f1656e0852','431322','',null,null,'1',null,null,null,null,null,null);
insert into bd_dictionaryvalue(id,id_dictionary,id_parent,code,value,num,description,enableFlag,editableFlag,systemFlag,ft,lt,fu,lu) values('4028810028a8ef8f0128a8f165dc0857','40288100288c226801288c2987e90001','4028810028a8ef8f0128a8f1656e0852','431381','',null,null,'1',null,null,null,null,null,null);
insert into bd_dictionaryvalue(id,id_dictionary,id_parent,code,value,num,description,enableFlag,editableFlag,systemFlag,ft,lt,fu,lu) values('4028810028a8ef8f0128a8f165fb0858','40288100288c226801288c2987e90001','4028810028a8ef8f0128a8f1656e0852','431382','',null,null,'1',null,null,null,null,null,null);
insert into bd_dictionaryvalue(id,id_dictionary,id_parent,code,value,num,description,enableFlag,editableFlag,systemFlag,ft,lt,fu,lu) values('4028810028a8ef8f0128a8f1660b0859','40288100288c226801288c2987e90001','4028810028a8ef8f0128a8f1595907cc','433100','',null,null,'1',null,null,null,null,null,null);
insert into bd_dictionaryvalue(id,id_dictionary,id_parent,code,value,num,description,enableFlag,editableFlag,systemFlag,ft,lt,fu,lu) values('4028810028a8ef8f0128a8f1662a085a','40288100288c226801288c2987e90001','4028810028a8ef8f0128a8f1660b0859','433101','',null,null,'1',null,null,null,null,null,null);
insert into bd_dictionaryvalue(id,id_dictionary,id_parent,code,value,num,description,enableFlag,editableFlag,systemFlag,ft,lt,fu,lu) values('4028810028a8ef8f0128a8f1663a085b','40288100288c226801288c2987e90001','4028810028a8ef8f0128a8f1660b0859','433122','',null,null,'1',null,null,null,null,null,null);
insert into bd_dictionaryvalue(id,id_dictionary,id_parent,code,value,num,description,enableFlag,editableFlag,systemFlag,ft,lt,fu,lu) values('4028810028a8ef8f0128a8f16659085c','40288100288c226801288c2987e90001','4028810028a8ef8f0128a8f1660b0859','433123','',null,null,'1',null,null,null,null,null,null);
insert into bd_dictionaryvalue(id,id_dictionary,id_parent,code,value,num,description,enableFlag,editableFlag,systemFlag,ft,lt,fu,lu) values('4028810028a8ef8f0128a8f16668085d','40288100288c226801288c2987e90001','4028810028a8ef8f0128a8f1660b0859','433124','',null,null,'1',null,null,null,null,null,null);
insert into bd_dictionaryvalue(id,id_dictionary,id_parent,code,value,num,description,enableFlag,editableFlag,systemFlag,ft,lt,fu,lu) values('4028810028a8ef8f0128a8f16688085e','40288100288c226801288c2987e90001','4028810028a8ef8f0128a8f1660b0859','433125','',null,null,'1',null,null,null,null,null,null);
insert into bd_dictionaryvalue(id,id_dictionary,id_parent,code,value,num,description,enableFlag,editableFlag,systemFlag,ft,lt,fu,lu) values('4028810028a8ef8f0128a8f16697085f','40288100288c226801288c2987e90001','4028810028a8ef8f0128a8f1660b0859','433126','',null,null,'1',null,null,null,null,null,null);
insert into bd_dictionaryvalue(id,id_dictionary,id_parent,code,value,num,description,enableFlag,editableFlag,systemFlag,ft,lt,fu,lu) values('4028810028a8ef8f0128a8f166b70860','40288100288c226801288c2987e90001','4028810028a8ef8f0128a8f1660b0859','433127','',null,null,'1',null,null,null,null,null,null);
insert into bd_dictionaryvalue(id,id_dictionary,id_parent,code,value,num,description,enableFlag,editableFlag,systemFlag,ft,lt,fu,lu) values('4028810028a8ef8f0128a8f166c60861','40288100288c226801288c2987e90001','4028810028a8ef8f0128a8f1660b0859','433130','',null,null,'1',null,null,null,null,null,null);
insert into bd_dictionaryvalue(id,id_dictionary,id_parent,code,value,num,description,enableFlag,editableFlag,systemFlag,ft,lt,fu,lu) values('4028810028a8ef8f0128a8f166e50862','40288100288c226801288c2987e90001',null,'440000','',null,null,'1',null,null,null,null,null,null);
insert into bd_dictionaryvalue(id,id_dictionary,id_parent,code,value,num,description,enableFlag,editableFlag,systemFlag,ft,lt,fu,lu) values('4028810028a8ef8f0128a8f167050863','40288100288c226801288c2987e90001','4028810028a8ef8f0128a8f166e50862','440100','',null,null,'1',null,null,null,null,null,null);
insert into bd_dictionaryvalue(id,id_dictionary,id_parent,code,value,num,description,enableFlag,editableFlag,systemFlag,ft,lt,fu,lu) values('4028810028a8ef8f0128a8f167140864','40288100288c226801288c2987e90001','4028810028a8ef8f0128a8f167050863','440101','',null,null,'1',null,null,null,null,null,null);
insert into bd_dictionaryvalue(id,id_dictionary,id_parent,code,value,num,description,enableFlag,editableFlag,systemFlag,ft,lt,fu,lu) values('4028810028a8ef8f0128a8f167340865','40288100288c226801288c2987e90001','4028810028a8ef8f0128a8f167050863','440102','',null,null,'1',null,null,null,null,null,null);
insert into bd_dictionaryvalue(id,id_dictionary,id_parent,code,value,num,description,enableFlag,editableFlag,systemFlag,ft,lt,fu,lu) values('4028810028a8ef8f0128a8f167430866','40288100288c226801288c2987e90001','4028810028a8ef8f0128a8f167050863','440103','',null,null,'1',null,null,null,null,null,null);
insert into bd_dictionaryvalue(id,id_dictionary,id_parent,code,value,num,description,enableFlag,editableFlag,systemFlag,ft,lt,fu,lu) values('4028810028a8ef8f0128a8f167620867','40288100288c226801288c2987e90001','4028810028a8ef8f0128a8f167050863','440104','',null,null,'1',null,null,null,null,null,null);
insert into bd_dictionaryvalue(id,id_dictionary,id_parent,code,value,num,description,enableFlag,editableFlag,systemFlag,ft,lt,fu,lu) values('4028810028a8ef8f0128a8f167720868','40288100288c226801288c2987e90001','4028810028a8ef8f0128a8f167050863','440105','',null,null,'1',null,null,null,null,null,null);
insert into bd_dictionaryvalue(id,id_dictionary,id_parent,code,value,num,description,enableFlag,editableFlag,systemFlag,ft,lt,fu,lu) values('4028810028a8ef8f0128a8f167910869','40288100288c226801288c2987e90001','4028810028a8ef8f0128a8f167050863','440106','',null,null,'1',null,null,null,null,null,null);
insert into bd_dictionaryvalue(id,id_dictionary,id_parent,code,value,num,description,enableFlag,editableFlag,systemFlag,ft,lt,fu,lu) values('4028810028a8ef8f0128a8f167a1086a','40288100288c226801288c2987e90001','4028810028a8ef8f0128a8f167050863','440107','',null,null,'1',null,null,null,null,null,null);
insert into bd_dictionaryvalue(id,id_dictionary,id_parent,code,value,num,description,enableFlag,editableFlag,systemFlag,ft,lt,fu,lu) values('4028810028a8ef8f0128a8f167c0086b','40288100288c226801288c2987e90001','4028810028a8ef8f0128a8f167050863','440111','',null,null,'1',null,null,null,null,null,null);
insert into bd_dictionaryvalue(id,id_dictionary,id_parent,code,value,num,description,enableFlag,editableFlag,systemFlag,ft,lt,fu,lu) values('4028810028a8ef8f0128a8f167d0086c','40288100288c226801288c2987e90001','4028810028a8ef8f0128a8f167050863','440112','',null,null,'1',null,null,null,null,null,null);
insert into bd_dictionaryvalue(id,id_dictionary,id_parent,code,value,num,description,enableFlag,editableFlag,systemFlag,ft,lt,fu,lu) values('4028810028a8ef8f0128a8f167ef086d','40288100288c226801288c2987e90001','4028810028a8ef8f0128a8f167050863','440113','',null,null,'1',null,null,null,null,null,null);
insert into bd_dictionaryvalue(id,id_dictionary,id_parent,code,value,num,description,enableFlag,editableFlag,systemFlag,ft,lt,fu,lu) values('4028810028a8ef8f0128a8f1680e086e','40288100288c226801288c2987e90001','4028810028a8ef8f0128a8f167050863','440114','',null,null,'1',null,null,null,null,null,null);
insert into bd_dictionaryvalue(id,id_dictionary,id_parent,code,value,num,description,enableFlag,editableFlag,systemFlag,ft,lt,fu,lu) values('4028810028a8ef8f0128a8f1681e086f','40288100288c226801288c2987e90001','4028810028a8ef8f0128a8f167050863','440183','',null,null,'1',null,null,null,null,null,null);
insert into bd_dictionaryvalue(id,id_dictionary,id_parent,code,value,num,description,enableFlag,editableFlag,systemFlag,ft,lt,fu,lu) values('4028810028a8ef8f0128a8f1683d0870','40288100288c226801288c2987e90001','4028810028a8ef8f0128a8f167050863','440184','ddd',null,null,'1',null,null,null,null,null,null);
insert into bd_dictionaryvalue(id,id_dictionary,id_parent,code,value,num,description,enableFlag,editableFlag,systemFlag,ft,lt,fu,lu) values('4028810028a8ef8f0128a8f1684d0871','40288100288c226801288c2987e90001','4028810028a8ef8f0128a8f166e50862','440200','',null,null,'1',null,null,null,null,null,null);
insert into bd_dictionaryvalue(id,id_dictionary,id_parent,code,value,num,description,enableFlag,editableFlag,systemFlag,ft,lt,fu,lu) values('4028810028a8ef8f0128a8f1686c0872','40288100288c226801288c2987e90001','4028810028a8ef8f0128a8f1684d0871','440201','',null,null,'1',null,null,null,null,null,null);
insert into bd_dictionaryvalue(id,id_dictionary,id_parent,code,value,num,description,enableFlag,editableFlag,systemFlag,ft,lt,fu,lu) values('4028810028a8ef8f0128a8f1687c0873','40288100288c226801288c2987e90001','4028810028a8ef8f0128a8f1684d0871','440202','',null,null,'1',null,null,null,null,null,null);
insert into bd_dictionaryvalue(id,id_dictionary,id_parent,code,value,num,description,enableFlag,editableFlag,systemFlag,ft,lt,fu,lu) values('4028810028a8ef8f0128a8f1689b0874','40288100288c226801288c2987e90001','4028810028a8ef8f0128a8f1684d0871','440203','',null,null,'1',null,null,null,null,null,null);
insert into bd_dictionaryvalue(id,id_dictionary,id_parent,code,value,num,description,enableFlag,editableFlag,systemFlag,ft,lt,fu,lu) values('4028810028a8ef8f0128a8f168ba0875','40288100288c226801288c2987e90001','4028810028a8ef8f0128a8f1684d0871','440204','',null,null,'1',null,null,null,null,null,null);
insert into bd_dictionaryvalue(id,id_dictionary,id_parent,code,value,num,description,enableFlag,editableFlag,systemFlag,ft,lt,fu,lu) values('4028810028a8ef8f0128a8f168ca0876','40288100288c226801288c2987e90001','4028810028a8ef8f0128a8f1684d0871','440221','',null,null,'1',null,null,null,null,null,null);
insert into bd_dictionaryvalue(id,id_dictionary,id_parent,code,value,num,description,enableFlag,editableFlag,systemFlag,ft,lt,fu,lu) values('4028810028a8ef8f0128a8f168e90877','40288100288c226801288c2987e90001','4028810028a8ef8f0128a8f1684d0871','440222','',null,null,'1',null,null,null,null,null,null);
insert into bd_dictionaryvalue(id,id_dictionary,id_parent,code,value,num,description,enableFlag,editableFlag,systemFlag,ft,lt,fu,lu) values('4028810028a8ef8f0128a8f168f90878','40288100288c226801288c2987e90001','4028810028a8ef8f0128a8f1684d0871','440224','',null,null,'1',null,null,null,null,null,null);
insert into bd_dictionaryvalue(id,id_dictionary,id_parent,code,value,num,description,enableFlag,editableFlag,systemFlag,ft,lt,fu,lu) values('4028810028a8ef8f0128a8f169080879','40288100288c226801288c2987e90001','4028810028a8ef8f0128a8f1684d0871','440229','',null,null,'1',null,null,null,null,null,null);
insert into bd_dictionaryvalue(id,id_dictionary,id_parent,code,value,num,description,enableFlag,editableFlag,systemFlag,ft,lt,fu,lu) values('4028810028a8ef8f0128a8f16928087a','40288100288c226801288c2987e90001','4028810028a8ef8f0128a8f1684d0871','440232','',null,null,'1',null,null,null,null,null,null);
insert into bd_dictionaryvalue(id,id_dictionary,id_parent,code,value,num,description,enableFlag,editableFlag,systemFlag,ft,lt,fu,lu) values('4028810028a8ef8f0128a8f16947087b','40288100288c226801288c2987e90001','4028810028a8ef8f0128a8f1684d0871','440233','',null,null,'1',null,null,null,null,null,null);
insert into bd_dictionaryvalue(id,id_dictionary,id_parent,code,value,num,description,enableFlag,editableFlag,systemFlag,ft,lt,fu,lu) values('4028810028a8ef8f0128a8f16956087c','40288100288c226801288c2987e90001','4028810028a8ef8f0128a8f1684d0871','440281','',null,null,'1',null,null,null,null,null,null);
insert into bd_dictionaryvalue(id,id_dictionary,id_parent,code,value,num,description,enableFlag,editableFlag,systemFlag,ft,lt,fu,lu) values('4028810028a8ef8f0128a8f16966087d','40288100288c226801288c2987e90001','4028810028a8ef8f0128a8f1684d0871','440282','',null,null,'1',null,null,null,null,null,null);
insert into bd_dictionaryvalue(id,id_dictionary,id_parent,code,value,num,description,enableFlag,editableFlag,systemFlag,ft,lt,fu,lu) values('4028810028a8ef8f0128a8f16985087e','40288100288c226801288c2987e90001','4028810028a8ef8f0128a8f166e50862','440300','',null,null,'1',null,null,null,null,null,null);
insert into bd_dictionaryvalue(id,id_dictionary,id_parent,code,value,num,description,enableFlag,editableFlag,systemFlag,ft,lt,fu,lu) values('4028810028a8ef8f0128a8f16995087f','40288100288c226801288c2987e90001','4028810028a8ef8f0128a8f16985087e','440301','',null,null,'1',null,null,null,null,null,null);
insert into bd_dictionaryvalue(id,id_dictionary,id_parent,code,value,num,description,enableFlag,editableFlag,systemFlag,ft,lt,fu,lu) values('4028810028a8ef8f0128a8f169b40880','40288100288c226801288c2987e90001','4028810028a8ef8f0128a8f16985087e','440303','',null,null,'1',null,null,null,null,null,null);
insert into bd_dictionaryvalue(id,id_dictionary,id_parent,code,value,num,description,enableFlag,editableFlag,systemFlag,ft,lt,fu,lu) values('4028810028a8ef8f0128a8f169d30881','40288100288c226801288c2987e90001','4028810028a8ef8f0128a8f16985087e','440304','',null,null,'1',null,null,null,null,null,null);
insert into bd_dictionaryvalue(id,id_dictionary,id_parent,code,value,num,description,enableFlag,editableFlag,systemFlag,ft,lt,fu,lu) values('4028810028a8ef8f0128a8f169e30882','40288100288c226801288c2987e90001','4028810028a8ef8f0128a8f16985087e','440305','',null,null,'1',null,null,null,null,null,null);
insert into bd_dictionaryvalue(id,id_dictionary,id_parent,code,value,num,description,enableFlag,editableFlag,systemFlag,ft,lt,fu,lu) values('4028810028a8ef8f0128a8f16a020883','40288100288c226801288c2987e90001','4028810028a8ef8f0128a8f16985087e','440306','',null,null,'1',null,null,null,null,null,null);
insert into bd_dictionaryvalue(id,id_dictionary,id_parent,code,value,num,description,enableFlag,editableFlag,systemFlag,ft,lt,fu,lu) values('4028810028a8ef8f0128a8f16a120884','40288100288c226801288c2987e90001','4028810028a8ef8f0128a8f16985087e','440307','',null,null,'1',null,null,null,null,null,null);
insert into bd_dictionaryvalue(id,id_dictionary,id_parent,code,value,num,description,enableFlag,editableFlag,systemFlag,ft,lt,fu,lu) values('4028810028a8ef8f0128a8f16a310885','40288100288c226801288c2987e90001','4028810028a8ef8f0128a8f16985087e','440308','',null,null,'1',null,null,null,null,null,null);
insert into bd_dictionaryvalue(id,id_dictionary,id_parent,code,value,num,description,enableFlag,editableFlag,systemFlag,ft,lt,fu,lu) values('4028810028a8ef8f0128a8f16a410886','40288100288c226801288c2987e90001','4028810028a8ef8f0128a8f166e50862','440400','',null,null,'1',null,null,null,null,null,null);
insert into bd_dictionaryvalue(id,id_dictionary,id_parent,code,value,num,description,enableFlag,editableFlag,systemFlag,ft,lt,fu,lu) values('4028810028a8ef8f0128a8f16a600887','40288100288c226801288c2987e90001','4028810028a8ef8f0128a8f16a410886','440401','',null,null,'1',null,null,null,null,null,null);
insert into bd_dictionaryvalue(id,id_dictionary,id_parent,code,value,num,description,enableFlag,editableFlag,systemFlag,ft,lt,fu,lu) values('4028810028a8ef8f0128a8f16a7f0888','40288100288c226801288c2987e90001','4028810028a8ef8f0128a8f16a410886','440402','',null,null,'1',null,null,null,null,null,null);
insert into bd_dictionaryvalue(id,id_dictionary,id_parent,code,value,num,description,enableFlag,editableFlag,systemFlag,ft,lt,fu,lu) values('4028810028a8ef8f0128a8f16a8f0889','40288100288c226801288c2987e90001','4028810028a8ef8f0128a8f16a410886','440403','',null,null,'1',null,null,null,null,null,null);
insert into bd_dictionaryvalue(id,id_dictionary,id_parent,code,value,num,description,enableFlag,editableFlag,systemFlag,ft,lt,fu,lu) values('4028810028a8ef8f0128a8f16aae088a','40288100288c226801288c2987e90001','4028810028a8ef8f0128a8f16a410886','440404','',null,null,'1',null,null,null,null,null,null);
insert into bd_dictionaryvalue(id,id_dictionary,id_parent,code,value,num,description,enableFlag,editableFlag,systemFlag,ft,lt,fu,lu) values('4028810028a8ef8f0128a8f16abe088b','40288100288c226801288c2987e90001','4028810028a8ef8f0128a8f166e50862','440500','',null,null,'1',null,null,null,null,null,null);
insert into bd_dictionaryvalue(id,id_dictionary,id_parent,code,value,num,description,enableFlag,editableFlag,systemFlag,ft,lt,fu,lu) values('4028810028a8ef8f0128a8f16add088c','40288100288c226801288c2987e90001','4028810028a8ef8f0128a8f16abe088b','440501','',null,null,'1',null,null,null,null,null,null);
insert into bd_dictionaryvalue(id,id_dictionary,id_parent,code,value,num,description,enableFlag,editableFlag,systemFlag,ft,lt,fu,lu) values('4028810028a8ef8f0128a8f16aed088d','40288100288c226801288c2987e90001','4028810028a8ef8f0128a8f16abe088b','440506','',null,null,'1',null,null,null,null,null,null);
insert into bd_dictionaryvalue(id,id_dictionary,id_parent,code,value,num,description,enableFlag,editableFlag,systemFlag,ft,lt,fu,lu) values('4028810028a8ef8f0128a8f16b0c088e','40288100288c226801288c2987e90001','4028810028a8ef8f0128a8f16abe088b','440507','',null,null,'1',null,null,null,null,null,null);
insert into bd_dictionaryvalue(id,id_dictionary,id_parent,code,value,num,description,enableFlag,editableFlag,systemFlag,ft,lt,fu,lu) values('4028810028a8ef8f0128a8f16b1c088f','40288100288c226801288c2987e90001','4028810028a8ef8f0128a8f16abe088b','440508','',null,null,'1',null,null,null,null,null,null);
insert into bd_dictionaryvalue(id,id_dictionary,id_parent,code,value,num,description,enableFlag,editableFlag,systemFlag,ft,lt,fu,lu) values('4028810028a8ef8f0128a8f16b3b0890','40288100288c226801288c2987e90001','4028810028a8ef8f0128a8f16abe088b','440509','',null,null,'1',null,null,null,null,null,null);
insert into bd_dictionaryvalue(id,id_dictionary,id_parent,code,value,num,description,enableFlag,editableFlag,systemFlag,ft,lt,fu,lu) values('4028810028a8ef8f0128a8f16b4a0891','40288100288c226801288c2987e90001','4028810028a8ef8f0128a8f16abe088b','440510','',null,null,'1',null,null,null,null,null,null);
insert into bd_dictionaryvalue(id,id_dictionary,id_parent,code,value,num,description,enableFlag,editableFlag,systemFlag,ft,lt,fu,lu) values('4028810028a8ef8f0128a8f16b6a0892','40288100288c226801288c2987e90001','4028810028a8ef8f0128a8f16abe088b','440523','',null,null,'1',null,null,null,null,null,null);
insert into bd_dictionaryvalue(id,id_dictionary,id_parent,code,value,num,description,enableFlag,editableFlag,systemFlag,ft,lt,fu,lu) values('4028810028a8ef8f0128a8f16b890893','40288100288c226801288c2987e90001','4028810028a8ef8f0128a8f16abe088b','440582','',null,null,'1',null,null,null,null,null,null);
insert into bd_dictionaryvalue(id,id_dictionary,id_parent,code,value,num,description,enableFlag,editableFlag,systemFlag,ft,lt,fu,lu) values('4028810028a8ef8f0128a8f16b990894','40288100288c226801288c2987e90001','4028810028a8ef8f0128a8f16abe088b','440583','',null,null,'1',null,null,null,null,null,null);
insert into bd_dictionaryvalue(id,id_dictionary,id_parent,code,value,num,description,enableFlag,editableFlag,systemFlag,ft,lt,fu,lu) values('4028810028a8ef8f0128a8f16bb80895','40288100288c226801288c2987e90001','4028810028a8ef8f0128a8f166e50862','440600','',null,null,'1',null,null,null,null,null,null);
insert into bd_dictionaryvalue(id,id_dictionary,id_parent,code,value,num,description,enableFlag,editableFlag,systemFlag,ft,lt,fu,lu) values('4028810028a8ef8f0128a8f16bc70896','40288100288c226801288c2987e90001','4028810028a8ef8f0128a8f16bb80895','440601','',null,null,'1',null,null,null,null,null,null);
insert into bd_dictionaryvalue(id,id_dictionary,id_parent,code,value,num,description,enableFlag,editableFlag,systemFlag,ft,lt,fu,lu) values('4028810028a8ef8f0128a8f16be70897','40288100288c226801288c2987e90001','4028810028a8ef8f0128a8f16bb80895','440602','',null,null,'1',null,null,null,null,null,null);
insert into bd_dictionaryvalue(id,id_dictionary,id_parent,code,value,num,description,enableFlag,editableFlag,systemFlag,ft,lt,fu,lu) values('4028810028a8ef8f0128a8f16bf60898','40288100288c226801288c2987e90001','4028810028a8ef8f0128a8f16bb80895','440603','',null,null,'1',null,null,null,null,null,null);
insert into bd_dictionaryvalue(id,id_dictionary,id_parent,code,value,num,description,enableFlag,editableFlag,systemFlag,ft,lt,fu,lu) values('4028810028a8ef8f0128a8f16c160899','40288100288c226801288c2987e90001','4028810028a8ef8f0128a8f16bb80895','440681','',null,null,'1',null,null,null,null,null,null);
insert into bd_dictionaryvalue(id,id_dictionary,id_parent,code,value,num,description,enableFlag,editableFlag,systemFlag,ft,lt,fu,lu) values('4028810028a8ef8f0128a8f16c35089a','40288100288c226801288c2987e90001','4028810028a8ef8f0128a8f16bb80895','440682','',null,null,'1',null,null,null,null,null,null);
insert into bd_dictionaryvalue(id,id_dictionary,id_parent,code,value,num,description,enableFlag,editableFlag,systemFlag,ft,lt,fu,lu) values('4028810028a8ef8f0128a8f16c44089b','40288100288c226801288c2987e90001','4028810028a8ef8f0128a8f16bb80895','440683','',null,null,'1',null,null,null,null,null,null);
insert into bd_dictionaryvalue(id,id_dictionary,id_parent,code,value,num,description,enableFlag,editableFlag,systemFlag,ft,lt,fu,lu) values('4028810028a8ef8f0128a8f16c64089c','40288100288c226801288c2987e90001','4028810028a8ef8f0128a8f16bb80895','440684','',null,null,'1',null,null,null,null,null,null);
insert into bd_dictionaryvalue(id,id_dictionary,id_parent,code,value,num,description,enableFlag,editableFlag,systemFlag,ft,lt,fu,lu) values('4028810028a8ef8f0128a8f16c73089d','40288100288c226801288c2987e90001','4028810028a8ef8f0128a8f166e50862','440700','',null,null,'1',null,null,null,null,null,null);
insert into bd_dictionaryvalue(id,id_dictionary,id_parent,code,value,num,description,enableFlag,editableFlag,systemFlag,ft,lt,fu,lu) values('4028810028a8ef8f0128a8f16c93089e','40288100288c226801288c2987e90001','4028810028a8ef8f0128a8f16c73089d','440701','',null,null,'1',null,null,null,null,null,null);
insert into bd_dictionaryvalue(id,id_dictionary,id_parent,code,value,num,description,enableFlag,editableFlag,systemFlag,ft,lt,fu,lu) values('4028810028a8ef8f0128a8f16cb2089f','40288100288c226801288c2987e90001','4028810028a8ef8f0128a8f16c73089d','440703','',null,null,'1',null,null,null,null,null,null);
insert into bd_dictionaryvalue(id,id_dictionary,id_parent,code,value,num,description,enableFlag,editableFlag,systemFlag,ft,lt,fu,lu) values('4028810028a8ef8f0128a8f16cc108a0','40288100288c226801288c2987e90001','4028810028a8ef8f0128a8f16c73089d','440704','',null,null,'1',null,null,null,null,null,null);
insert into bd_dictionaryvalue(id,id_dictionary,id_parent,code,value,num,description,enableFlag,editableFlag,systemFlag,ft,lt,fu,lu) values('4028810028a8ef8f0128a8f16ce108a1','40288100288c226801288c2987e90001','4028810028a8ef8f0128a8f16c73089d','440781','',null,null,'1',null,null,null,null,null,null);
insert into bd_dictionaryvalue(id,id_dictionary,id_parent,code,value,num,description,enableFlag,editableFlag,systemFlag,ft,lt,fu,lu) values('4028810028a8ef8f0128a8f16cf008a2','40288100288c226801288c2987e90001','4028810028a8ef8f0128a8f16c73089d','440782','',null,null,'1',null,null,null,null,null,null);
insert into bd_dictionaryvalue(id,id_dictionary,id_parent,code,value,num,description,enableFlag,editableFlag,systemFlag,ft,lt,fu,lu) values('4028810028a8ef8f0128a8f16d1008a3','40288100288c226801288c2987e90001','4028810028a8ef8f0128a8f16c73089d','440783','',null,null,'1',null,null,null,null,null,null);
insert into bd_dictionaryvalue(id,id_dictionary,id_parent,code,value,num,description,enableFlag,editableFlag,systemFlag,ft,lt,fu,lu) values('4028810028a8ef8f0128a8f16d2f08a4','40288100288c226801288c2987e90001','4028810028a8ef8f0128a8f16c73089d','440784','',null,null,'1',null,null,null,null,null,null);
insert into bd_dictionaryvalue(id,id_dictionary,id_parent,code,value,num,description,enableFlag,editableFlag,systemFlag,ft,lt,fu,lu) values('4028810028a8ef8f0128a8f16d3e08a5','40288100288c226801288c2987e90001','4028810028a8ef8f0128a8f16c73089d','440785','',null,null,'1',null,null,null,null,null,null);
insert into bd_dictionaryvalue(id,id_dictionary,id_parent,code,value,num,description,enableFlag,editableFlag,systemFlag,ft,lt,fu,lu) values('4028810028a8ef8f0128a8f16d5e08a6','40288100288c226801288c2987e90001','4028810028a8ef8f0128a8f166e50862','440800','',null,null,'1',null,null,null,null,null,null);
insert into bd_dictionaryvalue(id,id_dictionary,id_parent,code,value,num,description,enableFlag,editableFlag,systemFlag,ft,lt,fu,lu) values('4028810028a8ef8f0128a8f16d7d08a7','40288100288c226801288c2987e90001','4028810028a8ef8f0128a8f16d5e08a6','440801','',null,null,'1',null,null,null,null,null,null);
insert into bd_dictionaryvalue(id,id_dictionary,id_parent,code,value,num,description,enableFlag,editableFlag,systemFlag,ft,lt,fu,lu) values('4028810028a8ef8f0128a8f16d8d08a8','40288100288c226801288c2987e90001','4028810028a8ef8f0128a8f16d5e08a6','440802','',null,null,'1',null,null,null,null,null,null);
insert into bd_dictionaryvalue(id,id_dictionary,id_parent,code,value,num,description,enableFlag,editableFlag,systemFlag,ft,lt,fu,lu) values('4028810028a8ef8f0128a8f16dac08a9','40288100288c226801288c2987e90001','4028810028a8ef8f0128a8f16d5e08a6','440803','',null,null,'1',null,null,null,null,null,null);
insert into bd_dictionaryvalue(id,id_dictionary,id_parent,code,value,num,description,enableFlag,editableFlag,systemFlag,ft,lt,fu,lu) values('4028810028a8ef8f0128a8f16dbb08aa','40288100288c226801288c2987e90001','4028810028a8ef8f0128a8f16d5e08a6','440804','',null,null,'1',null,null,null,null,null,null);
insert into bd_dictionaryvalue(id,id_dictionary,id_parent,code,value,num,description,enableFlag,editableFlag,systemFlag,ft,lt,fu,lu) values('4028810028a8ef8f0128a8f16ddb08ab','40288100288c226801288c2987e90001','4028810028a8ef8f0128a8f16d5e08a6','440811','',null,null,'1',null,null,null,null,null,null);
insert into bd_dictionaryvalue(id,id_dictionary,id_parent,code,value,num,description,enableFlag,editableFlag,systemFlag,ft,lt,fu,lu) values('4028810028a8ef8f0128a8f16dfa08ac','40288100288c226801288c2987e90001','4028810028a8ef8f0128a8f16d5e08a6','440823','',null,null,'1',null,null,null,null,null,null);
insert into bd_dictionaryvalue(id,id_dictionary,id_parent,code,value,num,description,enableFlag,editableFlag,systemFlag,ft,lt,fu,lu) values('4028810028a8ef8f0128a8f16e0a08ad','40288100288c226801288c2987e90001','4028810028a8ef8f0128a8f16d5e08a6','440825','',null,null,'1',null,null,null,null,null,null);
insert into bd_dictionaryvalue(id,id_dictionary,id_parent,code,value,num,description,enableFlag,editableFlag,systemFlag,ft,lt,fu,lu) values('4028810028a8ef8f0128a8f16e2908ae','40288100288c226801288c2987e90001','4028810028a8ef8f0128a8f16d5e08a6','440881','',null,null,'1',null,null,null,null,null,null);
insert into bd_dictionaryvalue(id,id_dictionary,id_parent,code,value,num,description,enableFlag,editableFlag,systemFlag,ft,lt,fu,lu) values('4028810028a8ef8f0128a8f16e3808af','40288100288c226801288c2987e90001','4028810028a8ef8f0128a8f16d5e08a6','440882','',null,null,'1',null,null,null,null,null,null);
insert into bd_dictionaryvalue(id,id_dictionary,id_parent,code,value,num,description,enableFlag,editableFlag,systemFlag,ft,lt,fu,lu) values('4028810028a8ef8f0128a8f16e5808b0','40288100288c226801288c2987e90001','4028810028a8ef8f0128a8f16d5e08a6','440883','',null,null,'1',null,null,null,null,null,null);
insert into bd_dictionaryvalue(id,id_dictionary,id_parent,code,value,num,description,enableFlag,editableFlag,systemFlag,ft,lt,fu,lu) values('4028810028a8ef8f0128a8f16e6708b1','40288100288c226801288c2987e90001','4028810028a8ef8f0128a8f166e50862','440900','',null,null,'1',null,null,null,null,null,null);
insert into bd_dictionaryvalue(id,id_dictionary,id_parent,code,value,num,description,enableFlag,editableFlag,systemFlag,ft,lt,fu,lu) values('4028810028a8ef8f0128a8f16e8708b2','40288100288c226801288c2987e90001','4028810028a8ef8f0128a8f16e6708b1','440901','',null,null,'1',null,null,null,null,null,null);
insert into bd_dictionaryvalue(id,id_dictionary,id_parent,code,value,num,description,enableFlag,editableFlag,systemFlag,ft,lt,fu,lu) values('4028810028a8ef8f0128a8f16ea608b3','40288100288c226801288c2987e90001','4028810028a8ef8f0128a8f16e6708b1','440902','',null,null,'1',null,null,null,null,null,null);
insert into bd_dictionaryvalue(id,id_dictionary,id_parent,code,value,num,description,enableFlag,editableFlag,systemFlag,ft,lt,fu,lu) values('4028810028a8ef8f0128a8f16eb508b4','40288100288c226801288c2987e90001','4028810028a8ef8f0128a8f16e6708b1','440903','',null,null,'1',null,null,null,null,null,null);
insert into bd_dictionaryvalue(id,id_dictionary,id_parent,code,value,num,description,enableFlag,editableFlag,systemFlag,ft,lt,fu,lu) values('4028810028a8ef8f0128a8f16ed508b5','40288100288c226801288c2987e90001','4028810028a8ef8f0128a8f16e6708b1','440923','',null,null,'1',null,null,null,null,null,null);
insert into bd_dictionaryvalue(id,id_dictionary,id_parent,code,value,num,description,enableFlag,editableFlag,systemFlag,ft,lt,fu,lu) values('4028810028a8ef8f0128a8f16ee408b6','40288100288c226801288c2987e90001','4028810028a8ef8f0128a8f16e6708b1','440981','',null,null,'1',null,null,null,null,null,null);
insert into bd_dictionaryvalue(id,id_dictionary,id_parent,code,value,num,description,enableFlag,editableFlag,systemFlag,ft,lt,fu,lu) values('4028810028a8ef8f0128a8f16f0408b7','40288100288c226801288c2987e90001','4028810028a8ef8f0128a8f16e6708b1','440982','',null,null,'1',null,null,null,null,null,null);
insert into bd_dictionaryvalue(id,id_dictionary,id_parent,code,value,num,description,enableFlag,editableFlag,systemFlag,ft,lt,fu,lu) values('4028810028a8ef8f0128a8f16f2308b8','40288100288c226801288c2987e90001','4028810028a8ef8f0128a8f16e6708b1','440983','',null,null,'1',null,null,null,null,null,null);
insert into bd_dictionaryvalue(id,id_dictionary,id_parent,code,value,num,description,enableFlag,editableFlag,systemFlag,ft,lt,fu,lu) values('4028810028a8ef8f0128a8f16f3208b9','40288100288c226801288c2987e90001','4028810028a8ef8f0128a8f166e50862','441200','',null,null,'1',null,null,null,null,null,null);
insert into bd_dictionaryvalue(id,id_dictionary,id_parent,code,value,num,description,enableFlag,editableFlag,systemFlag,ft,lt,fu,lu) values('4028810028a8ef8f0128a8f16f5208ba','40288100288c226801288c2987e90001','4028810028a8ef8f0128a8f16f3208b9','441201','',null,null,'1',null,null,null,null,null,null);
insert into bd_dictionaryvalue(id,id_dictionary,id_parent,code,value,num,description,enableFlag,editableFlag,systemFlag,ft,lt,fu,lu) values('4028810028a8ef8f0128a8f16f6108bb','40288100288c226801288c2987e90001','4028810028a8ef8f0128a8f16f3208b9','441202','',null,null,'1',null,null,null,null,null,null);
insert into bd_dictionaryvalue(id,id_dictionary,id_parent,code,value,num,description,enableFlag,editableFlag,systemFlag,ft,lt,fu,lu) values('4028810028a8ef8f0128a8f16f8108bc','40288100288c226801288c2987e90001','4028810028a8ef8f0128a8f16f3208b9','441203','',null,null,'1',null,null,null,null,null,null);
insert into bd_dictionaryvalue(id,id_dictionary,id_parent,code,value,num,description,enableFlag,editableFlag,systemFlag,ft,lt,fu,lu) values('4028810028a8ef8f0128a8f16f9008bd','40288100288c226801288c2987e90001','4028810028a8ef8f0128a8f16f3208b9','441223','',null,null,'1',null,null,null,null,null,null);
insert into bd_dictionaryvalue(id,id_dictionary,id_parent,code,value,num,description,enableFlag,editableFlag,systemFlag,ft,lt,fu,lu) values('4028810028a8ef8f0128a8f16faf08be','40288100288c226801288c2987e90001','4028810028a8ef8f0128a8f16f3208b9','441224','',null,null,'1',null,null,null,null,null,null);
insert into bd_dictionaryvalue(id,id_dictionary,id_parent,code,value,num,description,enableFlag,editableFlag,systemFlag,ft,lt,fu,lu) values('4028810028a8ef8f0128a8f16fbf08bf','40288100288c226801288c2987e90001','4028810028a8ef8f0128a8f16f3208b9','441225','',null,null,'1',null,null,null,null,null,null);
insert into bd_dictionaryvalue(id,id_dictionary,id_parent,code,value,num,description,enableFlag,editableFlag,systemFlag,ft,lt,fu,lu) values('4028810028a8ef8f0128a8f16fde08c0','40288100288c226801288c2987e90001','4028810028a8ef8f0128a8f16f3208b9','441226','',null,null,'1',null,null,null,null,null,null);
insert into bd_dictionaryvalue(id,id_dictionary,id_parent,code,value,num,description,enableFlag,editableFlag,systemFlag,ft,lt,fu,lu) values('4028810028a8ef8f0128a8f16ffe08c1','40288100288c226801288c2987e90001','4028810028a8ef8f0128a8f16f3208b9','441283','',null,null,'1',null,null,null,null,null,null);
insert into bd_dictionaryvalue(id,id_dictionary,id_parent,code,value,num,description,enableFlag,editableFlag,systemFlag,ft,lt,fu,lu) values('4028810028a8ef8f0128a8f1700d08c2','40288100288c226801288c2987e90001','4028810028a8ef8f0128a8f16f3208b9','441284','',null,null,'1',null,null,null,null,null,null);
insert into bd_dictionaryvalue(id,id_dictionary,id_parent,code,value,num,description,enableFlag,editableFlag,systemFlag,ft,lt,fu,lu) values('4028810028a8ef8f0128a8f1702c08c3','40288100288c226801288c2987e90001','4028810028a8ef8f0128a8f166e50862','441300','',null,null,'1',null,null,null,null,null,null);
insert into bd_dictionaryvalue(id,id_dictionary,id_parent,code,value,num,description,enableFlag,editableFlag,systemFlag,ft,lt,fu,lu) values('4028810028a8ef8f0128a8f1703c08c4','40288100288c226801288c2987e90001','4028810028a8ef8f0128a8f1702c08c3','441301','',null,null,'1',null,null,null,null,null,null);
insert into bd_dictionaryvalue(id,id_dictionary,id_parent,code,value,num,description,enableFlag,editableFlag,systemFlag,ft,lt,fu,lu) values('4028810028a8ef8f0128a8f1705b08c5','40288100288c226801288c2987e90001','4028810028a8ef8f0128a8f1702c08c3','441302','',null,null,'1',null,null,null,null,null,null);
insert into bd_dictionaryvalue(id,id_dictionary,id_parent,code,value,num,description,enableFlag,editableFlag,systemFlag,ft,lt,fu,lu) values('4028810028a8ef8f0128a8f1706b08c6','40288100288c226801288c2987e90001','4028810028a8ef8f0128a8f1702c08c3','441322','',null,null,'1',null,null,null,null,null,null);
insert into bd_dictionaryvalue(id,id_dictionary,id_parent,code,value,num,description,enableFlag,editableFlag,systemFlag,ft,lt,fu,lu) values('4028810028a8ef8f0128a8f1708a08c7','40288100288c226801288c2987e90001','4028810028a8ef8f0128a8f1702c08c3','441323','',null,null,'1',null,null,null,null,null,null);
insert into bd_dictionaryvalue(id,id_dictionary,id_parent,code,value,num,description,enableFlag,editableFlag,systemFlag,ft,lt,fu,lu) values('4028810028a8ef8f0128a8f170a908c8','40288100288c226801288c2987e90001','4028810028a8ef8f0128a8f1702c08c3','441324','',null,null,'1',null,null,null,null,null,null);
insert into bd_dictionaryvalue(id,id_dictionary,id_parent,code,value,num,description,enableFlag,editableFlag,systemFlag,ft,lt,fu,lu) values('4028810028a8ef8f0128a8f170b908c9','40288100288c226801288c2987e90001','4028810028a8ef8f0128a8f1702c08c3','441381','',null,null,'1',null,null,null,null,null,null);
insert into bd_dictionaryvalue(id,id_dictionary,id_parent,code,value,num,description,enableFlag,editableFlag,systemFlag,ft,lt,fu,lu) values('4028810028a8ef8f0128a8f170d808ca','40288100288c226801288c2987e90001','4028810028a8ef8f0128a8f166e50862','441400','',null,null,'1',null,null,null,null,null,null);
insert into bd_dictionaryvalue(id,id_dictionary,id_parent,code,value,num,description,enableFlag,editableFlag,systemFlag,ft,lt,fu,lu) values('4028810028a8ef8f0128a8f170e808cb','40288100288c226801288c2987e90001','4028810028a8ef8f0128a8f170d808ca','441401','',null,null,'1',null,null,null,null,null,null);
insert into bd_dictionaryvalue(id,id_dictionary,id_parent,code,value,num,description,enableFlag,editableFlag,systemFlag,ft,lt,fu,lu) values('4028810028a8ef8f0128a8f1710708cc','40288100288c226801288c2987e90001','4028810028a8ef8f0128a8f170d808ca','441402','',null,null,'1',null,null,null,null,null,null);
insert into bd_dictionaryvalue(id,id_dictionary,id_parent,code,value,num,description,enableFlag,editableFlag,systemFlag,ft,lt,fu,lu) values('4028810028a8ef8f0128a8f1711708cd','40288100288c226801288c2987e90001','4028810028a8ef8f0128a8f170d808ca','441421','',null,null,'1',null,null,null,null,null,null);
insert into bd_dictionaryvalue(id,id_dictionary,id_parent,code,value,num,description,enableFlag,editableFlag,systemFlag,ft,lt,fu,lu) values('4028810028a8ef8f0128a8f1713608ce','40288100288c226801288c2987e90001','4028810028a8ef8f0128a8f170d808ca','441422','',null,null,'1',null,null,null,null,null,null);
insert into bd_dictionaryvalue(id,id_dictionary,id_parent,code,value,num,description,enableFlag,editableFlag,systemFlag,ft,lt,fu,lu) values('4028810028a8ef8f0128a8f1715508cf','40288100288c226801288c2987e90001','4028810028a8ef8f0128a8f170d808ca','441423','',null,null,'1',null,null,null,null,null,null);
insert into bd_dictionaryvalue(id,id_dictionary,id_parent,code,value,num,description,enableFlag,editableFlag,systemFlag,ft,lt,fu,lu) values('4028810028a8ef8f0128a8f1716508d0','40288100288c226801288c2987e90001','4028810028a8ef8f0128a8f170d808ca','441424','',null,null,'1',null,null,null,null,null,null);
insert into bd_dictionaryvalue(id,id_dictionary,id_parent,code,value,num,description,enableFlag,editableFlag,systemFlag,ft,lt,fu,lu) values('4028810028a8ef8f0128a8f1718408d1','40288100288c226801288c2987e90001','4028810028a8ef8f0128a8f170d808ca','441426','',null,null,'1',null,null,null,null,null,null);
insert into bd_dictionaryvalue(id,id_dictionary,id_parent,code,value,num,description,enableFlag,editableFlag,systemFlag,ft,lt,fu,lu) values('4028810028a8ef8f0128a8f1719408d2','40288100288c226801288c2987e90001','4028810028a8ef8f0128a8f170d808ca','441427','',null,null,'1',null,null,null,null,null,null);
insert into bd_dictionaryvalue(id,id_dictionary,id_parent,code,value,num,description,enableFlag,editableFlag,systemFlag,ft,lt,fu,lu) values('4028810028a8ef8f0128a8f171b308d3','40288100288c226801288c2987e90001','4028810028a8ef8f0128a8f170d808ca','441481','',null,null,'1',null,null,null,null,null,null);
insert into bd_dictionaryvalue(id,id_dictionary,id_parent,code,value,num,description,enableFlag,editableFlag,systemFlag,ft,lt,fu,lu) values('4028810028a8ef8f0128a8f171c308d4','40288100288c226801288c2987e90001','4028810028a8ef8f0128a8f166e50862','441500','',null,null,'1',null,null,null,null,null,null);
insert into bd_dictionaryvalue(id,id_dictionary,id_parent,code,value,num,description,enableFlag,editableFlag,systemFlag,ft,lt,fu,lu) values('4028810028a8ef8f0128a8f171e208d5','40288100288c226801288c2987e90001','4028810028a8ef8f0128a8f171c308d4','441501','',null,null,'1',null,null,null,null,null,null);
insert into bd_dictionaryvalue(id,id_dictionary,id_parent,code,value,num,description,enableFlag,editableFlag,systemFlag,ft,lt,fu,lu) values('4028810028a8ef8f0128a8f1720108d6','40288100288c226801288c2987e90001','4028810028a8ef8f0128a8f171c308d4','441502','',null,null,'1',null,null,null,null,null,null);
insert into bd_dictionaryvalue(id,id_dictionary,id_parent,code,value,num,description,enableFlag,editableFlag,systemFlag,ft,lt,fu,lu) values('4028810028a8ef8f0128a8f1721108d7','40288100288c226801288c2987e90001','4028810028a8ef8f0128a8f171c308d4','441521','',null,null,'1',null,null,null,null,null,null);
insert into bd_dictionaryvalue(id,id_dictionary,id_parent,code,value,num,description,enableFlag,editableFlag,systemFlag,ft,lt,fu,lu) values('4028810028a8ef8f0128a8f1723008d8','40288100288c226801288c2987e90001','4028810028a8ef8f0128a8f171c308d4','441523','',null,null,'1',null,null,null,null,null,null);
insert into bd_dictionaryvalue(id,id_dictionary,id_parent,code,value,num,description,enableFlag,editableFlag,systemFlag,ft,lt,fu,lu) values('4028810028a8ef8f0128a8f1724008d9','40288100288c226801288c2987e90001','4028810028a8ef8f0128a8f171c308d4','441581','',null,null,'1',null,null,null,null,null,null);
insert into bd_dictionaryvalue(id,id_dictionary,id_parent,code,value,num,description,enableFlag,editableFlag,systemFlag,ft,lt,fu,lu) values('4028810028a8ef8f0128a8f1725f08da','40288100288c226801288c2987e90001','4028810028a8ef8f0128a8f166e50862','441600','',null,null,'1',null,null,null,null,null,null);
insert into bd_dictionaryvalue(id,id_dictionary,id_parent,code,value,num,description,enableFlag,editableFlag,systemFlag,ft,lt,fu,lu) values('4028810028a8ef8f0128a8f1727e08db','40288100288c226801288c2987e90001','4028810028a8ef8f0128a8f1725f08da','441601','',null,null,'1',null,null,null,null,null,null);
insert into bd_dictionaryvalue(id,id_dictionary,id_parent,code,value,num,description,enableFlag,editableFlag,systemFlag,ft,lt,fu,lu) values('4028810028a8ef8f0128a8f1728e08dc','40288100288c226801288c2987e90001','4028810028a8ef8f0128a8f1725f08da','441602','',null,null,'1',null,null,null,null,null,null);
insert into bd_dictionaryvalue(id,id_dictionary,id_parent,code,value,num,description,enableFlag,editableFlag,systemFlag,ft,lt,fu,lu) values('4028810028a8ef8f0128a8f172ad08dd','40288100288c226801288c2987e90001','4028810028a8ef8f0128a8f1725f08da','441621','',null,null,'1',null,null,null,null,null,null);
insert into bd_dictionaryvalue(id,id_dictionary,id_parent,code,value,num,description,enableFlag,editableFlag,systemFlag,ft,lt,fu,lu) values('4028810028a8ef8f0128a8f172bd08de','40288100288c226801288c2987e90001','4028810028a8ef8f0128a8f1725f08da','441622','',null,null,'1',null,null,null,null,null,null);
insert into bd_dictionaryvalue(id,id_dictionary,id_parent,code,value,num,description,enableFlag,editableFlag,systemFlag,ft,lt,fu,lu) values('4028810028a8ef8f0128a8f172dc08df','40288100288c226801288c2987e90001','4028810028a8ef8f0128a8f1725f08da','441623','',null,null,'1',null,null,null,null,null,null);
insert into bd_dictionaryvalue(id,id_dictionary,id_parent,code,value,num,description,enableFlag,editableFlag,systemFlag,ft,lt,fu,lu) values('4028810028a8ef8f0128a8f172fb08e0','40288100288c226801288c2987e90001','4028810028a8ef8f0128a8f1725f08da','441624','',null,null,'1',null,null,null,null,null,null);
insert into bd_dictionaryvalue(id,id_dictionary,id_parent,code,value,num,description,enableFlag,editableFlag,systemFlag,ft,lt,fu,lu) values('4028810028a8ef8f0128a8f1730b08e1','40288100288c226801288c2987e90001','4028810028a8ef8f0128a8f1725f08da','441625','',null,null,'1',null,null,null,null,null,null);
insert into bd_dictionaryvalue(id,id_dictionary,id_parent,code,value,num,description,enableFlag,editableFlag,systemFlag,ft,lt,fu,lu) values('4028810028a8ef8f0128a8f1732a08e2','40288100288c226801288c2987e90001','4028810028a8ef8f0128a8f166e50862','441700','',null,null,'1',null,null,null,null,null,null);
insert into bd_dictionaryvalue(id,id_dictionary,id_parent,code,value,num,description,enableFlag,editableFlag,systemFlag,ft,lt,fu,lu) values('4028810028a8ef8f0128a8f1733a08e3','40288100288c226801288c2987e90001','4028810028a8ef8f0128a8f1732a08e2','441701','',null,null,'1',null,null,null,null,null,null);
insert into bd_dictionaryvalue(id,id_dictionary,id_parent,code,value,num,description,enableFlag,editableFlag,systemFlag,ft,lt,fu,lu) values('4028810028a8ef8f0128a8f1735908e4','40288100288c226801288c2987e90001','4028810028a8ef8f0128a8f1732a08e2','441702','',null,null,'1',null,null,null,null,null,null);
insert into bd_dictionaryvalue(id,id_dictionary,id_parent,code,value,num,description,enableFlag,editableFlag,systemFlag,ft,lt,fu,lu) values('4028810028a8ef8f0128a8f1736908e5','40288100288c226801288c2987e90001','4028810028a8ef8f0128a8f1732a08e2','441721','',null,null,'1',null,null,null,null,null,null);
insert into bd_dictionaryvalue(id,id_dictionary,id_parent,code,value,num,description,enableFlag,editableFlag,systemFlag,ft,lt,fu,lu) values('4028810028a8ef8f0128a8f1738808e6','40288100288c226801288c2987e90001','4028810028a8ef8f0128a8f1732a08e2','441723','',null,null,'1',null,null,null,null,null,null);
insert into bd_dictionaryvalue(id,id_dictionary,id_parent,code,value,num,description,enableFlag,editableFlag,systemFlag,ft,lt,fu,lu) values('4028810028a8ef8f0128a8f1739708e7','40288100288c226801288c2987e90001','4028810028a8ef8f0128a8f1732a08e2','441781','',null,null,'1',null,null,null,null,null,null);
insert into bd_dictionaryvalue(id,id_dictionary,id_parent,code,value,num,description,enableFlag,editableFlag,systemFlag,ft,lt,fu,lu) values('4028810028a8ef8f0128a8f173b708e8','40288100288c226801288c2987e90001','4028810028a8ef8f0128a8f166e50862','441800','',null,null,'1',null,null,null,null,null,null);
insert into bd_dictionaryvalue(id,id_dictionary,id_parent,code,value,num,description,enableFlag,editableFlag,systemFlag,ft,lt,fu,lu) values('4028810028a8ef8f0128a8f173d608e9','40288100288c226801288c2987e90001','4028810028a8ef8f0128a8f173b708e8','441801','',null,null,'1',null,null,null,null,null,null);
insert into bd_dictionaryvalue(id,id_dictionary,id_parent,code,value,num,description,enableFlag,editableFlag,systemFlag,ft,lt,fu,lu) values('4028810028a8ef8f0128a8f173e608ea','40288100288c226801288c2987e90001','4028810028a8ef8f0128a8f173b708e8','441802','',null,null,'1',null,null,null,null,null,null);
insert into bd_dictionaryvalue(id,id_dictionary,id_parent,code,value,num,description,enableFlag,editableFlag,systemFlag,ft,lt,fu,lu) values('4028810028a8ef8f0128a8f1740508eb','40288100288c226801288c2987e90001','4028810028a8ef8f0128a8f173b708e8','441821','',null,null,'1',null,null,null,null,null,null);
insert into bd_dictionaryvalue(id,id_dictionary,id_parent,code,value,num,description,enableFlag,editableFlag,systemFlag,ft,lt,fu,lu) values('4028810028a8ef8f0128a8f1741408ec','40288100288c226801288c2987e90001','4028810028a8ef8f0128a8f173b708e8','441823','',null,null,'1',null,null,null,null,null,null);
insert into bd_dictionaryvalue(id,id_dictionary,id_parent,code,value,num,description,enableFlag,editableFlag,systemFlag,ft,lt,fu,lu) values('4028810028a8ef8f0128a8f1743408ed','40288100288c226801288c2987e90001','4028810028a8ef8f0128a8f173b708e8','441825','',null,null,'1',null,null,null,null,null,null);
insert into bd_dictionaryvalue(id,id_dictionary,id_parent,code,value,num,description,enableFlag,editableFlag,systemFlag,ft,lt,fu,lu) values('4028810028a8ef8f0128a8f1744308ee','40288100288c226801288c2987e90001','4028810028a8ef8f0128a8f173b708e8','441826','',null,null,'1',null,null,null,null,null,null);
insert into bd_dictionaryvalue(id,id_dictionary,id_parent,code,value,num,description,enableFlag,editableFlag,systemFlag,ft,lt,fu,lu) values('4028810028a8ef8f0128a8f1746308ef','40288100288c226801288c2987e90001','4028810028a8ef8f0128a8f173b708e8','441827','',null,null,'1',null,null,null,null,null,null);
insert into bd_dictionaryvalue(id,id_dictionary,id_parent,code,value,num,description,enableFlag,editableFlag,systemFlag,ft,lt,fu,lu) values('4028810028a8ef8f0128a8f1748208f0','40288100288c226801288c2987e90001','4028810028a8ef8f0128a8f173b708e8','441881','',null,null,'1',null,null,null,null,null,null);
insert into bd_dictionaryvalue(id,id_dictionary,id_parent,code,value,num,description,enableFlag,editableFlag,systemFlag,ft,lt,fu,lu) values('4028810028a8ef8f0128a8f1749108f1','40288100288c226801288c2987e90001','4028810028a8ef8f0128a8f173b708e8','441882','',null,null,'1',null,null,null,null,null,null);
insert into bd_dictionaryvalue(id,id_dictionary,id_parent,code,value,num,description,enableFlag,editableFlag,systemFlag,ft,lt,fu,lu) values('4028810028a8ef8f0128a8f174b108f2','40288100288c226801288c2987e90001','4028810028a8ef8f0128a8f166e50862','441900','',null,null,'1',null,null,null,null,null,null);
insert into bd_dictionaryvalue(id,id_dictionary,id_parent,code,value,num,description,enableFlag,editableFlag,systemFlag,ft,lt,fu,lu) values('4028810028a8ef8f0128a8f174d008f3','40288100288c226801288c2987e90001','4028810028a8ef8f0128a8f166e50862','442000','',null,null,'1',null,null,null,null,null,null);
insert into bd_dictionaryvalue(id,id_dictionary,id_parent,code,value,num,description,enableFlag,editableFlag,systemFlag,ft,lt,fu,lu) values('4028810028a8ef8f0128a8f174e008f4','40288100288c226801288c2987e90001','4028810028a8ef8f0128a8f166e50862','445100','',null,null,'1',null,null,null,null,null,null);
insert into bd_dictionaryvalue(id,id_dictionary,id_parent,code,value,num,description,enableFlag,editableFlag,systemFlag,ft,lt,fu,lu) values('4028810028a8ef8f0128a8f174ff08f5','40288100288c226801288c2987e90001','4028810028a8ef8f0128a8f174e008f4','445101','',null,null,'1',null,null,null,null,null,null);
insert into bd_dictionaryvalue(id,id_dictionary,id_parent,code,value,num,description,enableFlag,editableFlag,systemFlag,ft,lt,fu,lu) values('4028810028a8ef8f0128a8f1751e08f6','40288100288c226801288c2987e90001','4028810028a8ef8f0128a8f174e008f4','445102','',null,null,'1',null,null,null,null,null,null);
insert into bd_dictionaryvalue(id,id_dictionary,id_parent,code,value,num,description,enableFlag,editableFlag,systemFlag,ft,lt,fu,lu) values('4028810028a8ef8f0128a8f1752e08f7','40288100288c226801288c2987e90001','4028810028a8ef8f0128a8f174e008f4','445121','',null,null,'1',null,null,null,null,null,null);
insert into bd_dictionaryvalue(id,id_dictionary,id_parent,code,value,num,description,enableFlag,editableFlag,systemFlag,ft,lt,fu,lu) values('4028810028a8ef8f0128a8f1754d08f8','40288100288c226801288c2987e90001','4028810028a8ef8f0128a8f174e008f4','445122','',null,null,'1',null,null,null,null,null,null);
insert into bd_dictionaryvalue(id,id_dictionary,id_parent,code,value,num,description,enableFlag,editableFlag,systemFlag,ft,lt,fu,lu) values('4028810028a8ef8f0128a8f1755d08f9','40288100288c226801288c2987e90001','4028810028a8ef8f0128a8f166e50862','445200','',null,null,'1',null,null,null,null,null,null);
insert into bd_dictionaryvalue(id,id_dictionary,id_parent,code,value,num,description,enableFlag,editableFlag,systemFlag,ft,lt,fu,lu) values('4028810028a8ef8f0128a8f1757c08fa','40288100288c226801288c2987e90001','4028810028a8ef8f0128a8f1755d08f9','445201','',null,null,'1',null,null,null,null,null,null);
insert into bd_dictionaryvalue(id,id_dictionary,id_parent,code,value,num,description,enableFlag,editableFlag,systemFlag,ft,lt,fu,lu) values('4028810028a8ef8f0128a8f1759b08fb','40288100288c226801288c2987e90001','4028810028a8ef8f0128a8f1755d08f9','445202','',null,null,'1',null,null,null,null,null,null);
insert into bd_dictionaryvalue(id,id_dictionary,id_parent,code,value,num,description,enableFlag,editableFlag,systemFlag,ft,lt,fu,lu) values('4028810028a8ef8f0128a8f175ab08fc','40288100288c226801288c2987e90001','4028810028a8ef8f0128a8f1755d08f9','445221','',null,null,'1',null,null,null,null,null,null);
insert into bd_dictionaryvalue(id,id_dictionary,id_parent,code,value,num,description,enableFlag,editableFlag,systemFlag,ft,lt,fu,lu) values('4028810028a8ef8f0128a8f175ca08fd','40288100288c226801288c2987e90001','4028810028a8ef8f0128a8f1755d08f9','445222','',null,null,'1',null,null,null,null,null,null);
insert into bd_dictionaryvalue(id,id_dictionary,id_parent,code,value,num,description,enableFlag,editableFlag,systemFlag,ft,lt,fu,lu) values('4028810028a8ef8f0128a8f175da08fe','40288100288c226801288c2987e90001','4028810028a8ef8f0128a8f1755d08f9','445224','',null,null,'1',null,null,null,null,null,null);
insert into bd_dictionaryvalue(id,id_dictionary,id_parent,code,value,num,description,enableFlag,editableFlag,systemFlag,ft,lt,fu,lu) values('4028810028a8ef8f0128a8f175f908ff','40288100288c226801288c2987e90001','4028810028a8ef8f0128a8f1755d08f9','445281','',null,null,'1',null,null,null,null,null,null);
insert into bd_dictionaryvalue(id,id_dictionary,id_parent,code,value,num,description,enableFlag,editableFlag,systemFlag,ft,lt,fu,lu) values('4028810028a8ef8f0128a8f176080900','40288100288c226801288c2987e90001','4028810028a8ef8f0128a8f166e50862','445300','',null,null,'1',null,null,null,null,null,null);
insert into bd_dictionaryvalue(id,id_dictionary,id_parent,code,value,num,description,enableFlag,editableFlag,systemFlag,ft,lt,fu,lu) values('4028810028a8ef8f0128a8f176280901','40288100288c226801288c2987e90001','4028810028a8ef8f0128a8f176080900','445301','',null,null,'1',null,null,null,null,null,null);
insert into bd_dictionaryvalue(id,id_dictionary,id_parent,code,value,num,description,enableFlag,editableFlag,systemFlag,ft,lt,fu,lu) values('4028810028a8ef8f0128a8f176470902','40288100288c226801288c2987e90001','4028810028a8ef8f0128a8f176080900','445302','',null,null,'1',null,null,null,null,null,null);
insert into bd_dictionaryvalue(id,id_dictionary,id_parent,code,value,num,description,enableFlag,editableFlag,systemFlag,ft,lt,fu,lu) values('4028810028a8ef8f0128a8f176570903','40288100288c226801288c2987e90001','4028810028a8ef8f0128a8f176080900','445321','',null,null,'1',null,null,null,null,null,null);
insert into bd_dictionaryvalue(id,id_dictionary,id_parent,code,value,num,description,enableFlag,editableFlag,systemFlag,ft,lt,fu,lu) values('4028810028a8ef8f0128a8f176760904','40288100288c226801288c2987e90001','4028810028a8ef8f0128a8f176080900','445322','',null,null,'1',null,null,null,null,null,null);
insert into bd_dictionaryvalue(id,id_dictionary,id_parent,code,value,num,description,enableFlag,editableFlag,systemFlag,ft,lt,fu,lu) values('4028810028a8ef8f0128a8f176850905','40288100288c226801288c2987e90001','4028810028a8ef8f0128a8f176080900','445323','',null,null,'1',null,null,null,null,null,null);
insert into bd_dictionaryvalue(id,id_dictionary,id_parent,code,value,num,description,enableFlag,editableFlag,systemFlag,ft,lt,fu,lu) values('4028810028a8ef8f0128a8f176a50906','40288100288c226801288c2987e90001','4028810028a8ef8f0128a8f176080900','445381','',null,null,'1',null,null,null,null,null,null);
insert into bd_dictionaryvalue(id,id_dictionary,id_parent,code,value,num,description,enableFlag,editableFlag,systemFlag,ft,lt,fu,lu) values('4028810028a8ef8f0128a8f176c40907','40288100288c226801288c2987e90001',null,'450000','',null,null,'1',null,null,null,null,null,null);
insert into bd_dictionaryvalue(id,id_dictionary,id_parent,code,value,num,description,enableFlag,editableFlag,systemFlag,ft,lt,fu,lu) values('4028810028a8ef8f0128a8f176d40908','40288100288c226801288c2987e90001','4028810028a8ef8f0128a8f176c40907','450100','',null,null,'1',null,null,null,null,null,null);
insert into bd_dictionaryvalue(id,id_dictionary,id_parent,code,value,num,description,enableFlag,editableFlag,systemFlag,ft,lt,fu,lu) values('4028810028a8ef8f0128a8f176f30909','40288100288c226801288c2987e90001','4028810028a8ef8f0128a8f176d40908','450101','',null,null,'1',null,null,null,null,null,null);
insert into bd_dictionaryvalue(id,id_dictionary,id_parent,code,value,num,description,enableFlag,editableFlag,systemFlag,ft,lt,fu,lu) values('4028810028a8ef8f0128a8f17702090a','40288100288c226801288c2987e90001','4028810028a8ef8f0128a8f176d40908','450102','',null,null,'1',null,null,null,null,null,null);
insert into bd_dictionaryvalue(id,id_dictionary,id_parent,code,value,num,description,enableFlag,editableFlag,systemFlag,ft,lt,fu,lu) values('4028810028a8ef8f0128a8f17722090b','40288100288c226801288c2987e90001','4028810028a8ef8f0128a8f176d40908','450103','',null,null,'1',null,null,null,null,null,null);
insert into bd_dictionaryvalue(id,id_dictionary,id_parent,code,value,num,description,enableFlag,editableFlag,systemFlag,ft,lt,fu,lu) values('4028810028a8ef8f0128a8f17741090c','40288100288c226801288c2987e90001','4028810028a8ef8f0128a8f176d40908','450104','',null,null,'1',null,null,null,null,null,null);
insert into bd_dictionaryvalue(id,id_dictionary,id_parent,code,value,num,description,enableFlag,editableFlag,systemFlag,ft,lt,fu,lu) values('4028810028a8ef8f0128a8f17751090d','40288100288c226801288c2987e90001','4028810028a8ef8f0128a8f176d40908','450105','',null,null,'1',null,null,null,null,null,null);
insert into bd_dictionaryvalue(id,id_dictionary,id_parent,code,value,num,description,enableFlag,editableFlag,systemFlag,ft,lt,fu,lu) values('4028810028a8ef8f0128a8f17770090e','40288100288c226801288c2987e90001','4028810028a8ef8f0128a8f176d40908','450106','',null,null,'1',null,null,null,null,null,null);
insert into bd_dictionaryvalue(id,id_dictionary,id_parent,code,value,num,description,enableFlag,editableFlag,systemFlag,ft,lt,fu,lu) values('4028810028a8ef8f0128a8f1778f090f','40288100288c226801288c2987e90001','4028810028a8ef8f0128a8f176d40908','450121','',null,null,'1',null,null,null,null,null,null);
insert into bd_dictionaryvalue(id,id_dictionary,id_parent,code,value,num,description,enableFlag,editableFlag,systemFlag,ft,lt,fu,lu) values('4028810028a8ef8f0128a8f177ae0910','40288100288c226801288c2987e90001','4028810028a8ef8f0128a8f176d40908','450122','',null,null,'1',null,null,null,null,null,null);
insert into bd_dictionaryvalue(id,id_dictionary,id_parent,code,value,num,description,enableFlag,editableFlag,systemFlag,ft,lt,fu,lu) values('4028810028a8ef8f0128a8f177be0911','40288100288c226801288c2987e90001','4028810028a8ef8f0128a8f176c40907','450200','',null,null,'1',null,null,null,null,null,null);
insert into bd_dictionaryvalue(id,id_dictionary,id_parent,code,value,num,description,enableFlag,editableFlag,systemFlag,ft,lt,fu,lu) values('4028810028a8ef8f0128a8f177dd0912','40288100288c226801288c2987e90001','4028810028a8ef8f0128a8f177be0911','450201','',null,null,'1',null,null,null,null,null,null);
insert into bd_dictionaryvalue(id,id_dictionary,id_parent,code,value,num,description,enableFlag,editableFlag,systemFlag,ft,lt,fu,lu) values('4028810028a8ef8f0128a8f177fc0913','40288100288c226801288c2987e90001','4028810028a8ef8f0128a8f177be0911','450202','',null,null,'1',null,null,null,null,null,null);
insert into bd_dictionaryvalue(id,id_dictionary,id_parent,code,value,num,description,enableFlag,editableFlag,systemFlag,ft,lt,fu,lu) values('4028810028a8ef8f0128a8f1780c0914','40288100288c226801288c2987e90001','4028810028a8ef8f0128a8f177be0911','450203','',null,null,'1',null,null,null,null,null,null);
insert into bd_dictionaryvalue(id,id_dictionary,id_parent,code,value,num,description,enableFlag,editableFlag,systemFlag,ft,lt,fu,lu) values('4028810028a8ef8f0128a8f1782b0915','40288100288c226801288c2987e90001','4028810028a8ef8f0128a8f177be0911','450204','',null,null,'1',null,null,null,null,null,null);
insert into bd_dictionaryvalue(id,id_dictionary,id_parent,code,value,num,description,enableFlag,editableFlag,systemFlag,ft,lt,fu,lu) values('4028810028a8ef8f0128a8f1783b0916','40288100288c226801288c2987e90001','4028810028a8ef8f0128a8f177be0911','450205','',null,null,'1',null,null,null,null,null,null);
insert into bd_dictionaryvalue(id,id_dictionary,id_parent,code,value,num,description,enableFlag,editableFlag,systemFlag,ft,lt,fu,lu) values('4028810028a8ef8f0128a8f1785a0917','40288100288c226801288c2987e90001','4028810028a8ef8f0128a8f177be0911','450211','',null,null,'1',null,null,null,null,null,null);
insert into bd_dictionaryvalue(id,id_dictionary,id_parent,code,value,num,description,enableFlag,editableFlag,systemFlag,ft,lt,fu,lu) values('4028810028a8ef8f0128a8f1786a0918','40288100288c226801288c2987e90001','4028810028a8ef8f0128a8f177be0911','450221','',null,null,'1',null,null,null,null,null,null);
insert into bd_dictionaryvalue(id,id_dictionary,id_parent,code,value,num,description,enableFlag,editableFlag,systemFlag,ft,lt,fu,lu) values('4028810028a8ef8f0128a8f178890919','40288100288c226801288c2987e90001','4028810028a8ef8f0128a8f177be0911','450222','',null,null,'1',null,null,null,null,null,null);
insert into bd_dictionaryvalue(id,id_dictionary,id_parent,code,value,num,description,enableFlag,editableFlag,systemFlag,ft,lt,fu,lu) values('4028810028a8ef8f0128a8f178a8091a','40288100288c226801288c2987e90001','4028810028a8ef8f0128a8f176c40907','450300','',null,null,'1',null,null,null,null,null,null);
insert into bd_dictionaryvalue(id,id_dictionary,id_parent,code,value,num,description,enableFlag,editableFlag,systemFlag,ft,lt,fu,lu) values('4028810028a8ef8f0128a8f178b8091b','40288100288c226801288c2987e90001','4028810028a8ef8f0128a8f178a8091a','450301','',null,null,'1',null,null,null,null,null,null);
insert into bd_dictionaryvalue(id,id_dictionary,id_parent,code,value,num,description,enableFlag,editableFlag,systemFlag,ft,lt,fu,lu) values('4028810028a8ef8f0128a8f178d7091c','40288100288c226801288c2987e90001','4028810028a8ef8f0128a8f178a8091a','450302','',null,null,'1',null,null,null,null,null,null);
insert into bd_dictionaryvalue(id,id_dictionary,id_parent,code,value,num,description,enableFlag,editableFlag,systemFlag,ft,lt,fu,lu) values('4028810028a8ef8f0128a8f178e7091d','40288100288c226801288c2987e90001','4028810028a8ef8f0128a8f178a8091a','450303','',null,null,'1',null,null,null,null,null,null);
insert into bd_dictionaryvalue(id,id_dictionary,id_parent,code,value,num,description,enableFlag,editableFlag,systemFlag,ft,lt,fu,lu) values('4028810028a8ef8f0128a8f17906091e','40288100288c226801288c2987e90001','4028810028a8ef8f0128a8f178a8091a','450304','',null,null,'1',null,null,null,null,null,null);
insert into bd_dictionaryvalue(id,id_dictionary,id_parent,code,value,num,description,enableFlag,editableFlag,systemFlag,ft,lt,fu,lu) values('4028810028a8ef8f0128a8f17925091f','40288100288c226801288c2987e90001','4028810028a8ef8f0128a8f178a8091a','450305','',null,null,'1',null,null,null,null,null,null);
insert into bd_dictionaryvalue(id,id_dictionary,id_parent,code,value,num,description,enableFlag,editableFlag,systemFlag,ft,lt,fu,lu) values('4028810028a8ef8f0128a8f179350920','40288100288c226801288c2987e90001','4028810028a8ef8f0128a8f178a8091a','450311','',null,null,'1',null,null,null,null,null,null);
insert into bd_dictionaryvalue(id,id_dictionary,id_parent,code,value,num,description,enableFlag,editableFlag,systemFlag,ft,lt,fu,lu) values('4028810028a8ef8f0128a8f179540921','40288100288c226801288c2987e90001','4028810028a8ef8f0128a8f178a8091a','450321','',null,null,'1',null,null,null,null,null,null);
insert into bd_dictionaryvalue(id,id_dictionary,id_parent,code,value,num,description,enableFlag,editableFlag,systemFlag,ft,lt,fu,lu) values('4028810028a8ef8f0128a8f179640922','40288100288c226801288c2987e90001','4028810028a8ef8f0128a8f178a8091a','450322','',null,null,'1',null,null,null,null,null,null);
insert into bd_dictionaryvalue(id,id_dictionary,id_parent,code,value,num,description,enableFlag,editableFlag,systemFlag,ft,lt,fu,lu) values('4028810028a8ef8f0128a8f179830923','40288100288c226801288c2987e90001','4028810028a8ef8f0128a8f178a8091a','450323','',null,null,'1',null,null,null,null,null,null);
insert into bd_dictionaryvalue(id,id_dictionary,id_parent,code,value,num,description,enableFlag,editableFlag,systemFlag,ft,lt,fu,lu) values('4028810028a8ef8f0128a8f179a20924','40288100288c226801288c2987e90001','4028810028a8ef8f0128a8f178a8091a','450324','',null,null,'1',null,null,null,null,null,null);
insert into bd_dictionaryvalue(id,id_dictionary,id_parent,code,value,num,description,enableFlag,editableFlag,systemFlag,ft,lt,fu,lu) values('4028810028a8ef8f0128a8f179b20925','40288100288c226801288c2987e90001','4028810028a8ef8f0128a8f178a8091a','450325','',null,null,'1',null,null,null,null,null,null);
insert into bd_dictionaryvalue(id,id_dictionary,id_parent,code,value,num,description,enableFlag,editableFlag,systemFlag,ft,lt,fu,lu) values('4028810028a8ef8f0128a8f179d10926','40288100288c226801288c2987e90001','4028810028a8ef8f0128a8f178a8091a','450326','',null,null,'1',null,null,null,null,null,null);
insert into bd_dictionaryvalue(id,id_dictionary,id_parent,code,value,num,description,enableFlag,editableFlag,systemFlag,ft,lt,fu,lu) values('4028810028a8ef8f0128a8f179f00927','40288100288c226801288c2987e90001','4028810028a8ef8f0128a8f178a8091a','450327','',null,null,'1',null,null,null,null,null,null);
insert into bd_dictionaryvalue(id,id_dictionary,id_parent,code,value,num,description,enableFlag,editableFlag,systemFlag,ft,lt,fu,lu) values('4028810028a8ef8f0128a8f17a000928','40288100288c226801288c2987e90001','4028810028a8ef8f0128a8f178a8091a','450328','',null,null,'1',null,null,null,null,null,null);
insert into bd_dictionaryvalue(id,id_dictionary,id_parent,code,value,num,description,enableFlag,editableFlag,systemFlag,ft,lt,fu,lu) values('4028810028a8ef8f0128a8f17a1f0929','40288100288c226801288c2987e90001','4028810028a8ef8f0128a8f178a8091a','450329','',null,null,'1',null,null,null,null,null,null);
insert into bd_dictionaryvalue(id,id_dictionary,id_parent,code,value,num,description,enableFlag,editableFlag,systemFlag,ft,lt,fu,lu) values('4028810028a8ef8f0128a8f17a2f092a','40288100288c226801288c2987e90001','4028810028a8ef8f0128a8f178a8091a','450330','',null,null,'1',null,null,null,null,null,null);
insert into bd_dictionaryvalue(id,id_dictionary,id_parent,code,value,num,description,enableFlag,editableFlag,systemFlag,ft,lt,fu,lu) values('4028810028a8ef8f0128a8f17a4e092b','40288100288c226801288c2987e90001','4028810028a8ef8f0128a8f178a8091a','450331','',null,null,'1',null,null,null,null,null,null);
insert into bd_dictionaryvalue(id,id_dictionary,id_parent,code,value,num,description,enableFlag,editableFlag,systemFlag,ft,lt,fu,lu) values('4028810028a8ef8f0128a8f17a6d092c','40288100288c226801288c2987e90001','4028810028a8ef8f0128a8f178a8091a','450332','',null,null,'1',null,null,null,null,null,null);
insert into bd_dictionaryvalue(id,id_dictionary,id_parent,code,value,num,description,enableFlag,editableFlag,systemFlag,ft,lt,fu,lu) values('4028810028a8ef8f0128a8f17a8d092d','40288100288c226801288c2987e90001','4028810028a8ef8f0128a8f176c40907','450400','',null,null,'1',null,null,null,null,null,null);
insert into bd_dictionaryvalue(id,id_dictionary,id_parent,code,value,num,description,enableFlag,editableFlag,systemFlag,ft,lt,fu,lu) values('4028810028a8ef8f0128a8f17aac092e','40288100288c226801288c2987e90001','4028810028a8ef8f0128a8f17a8d092d','450401','',null,null,'1',null,null,null,null,null,null);
insert into bd_dictionaryvalue(id,id_dictionary,id_parent,code,value,num,description,enableFlag,editableFlag,systemFlag,ft,lt,fu,lu) values('4028810028a8ef8f0128a8f17abc092f','40288100288c226801288c2987e90001','4028810028a8ef8f0128a8f17a8d092d','450403','',null,null,'1',null,null,null,null,null,null);
insert into bd_dictionaryvalue(id,id_dictionary,id_parent,code,value,num,description,enableFlag,editableFlag,systemFlag,ft,lt,fu,lu) values('4028810028a8ef8f0128a8f17adb0930','40288100288c226801288c2987e90001','4028810028a8ef8f0128a8f17a8d092d','450404','',null,null,'1',null,null,null,null,null,null);
insert into bd_dictionaryvalue(id,id_dictionary,id_parent,code,value,num,description,enableFlag,editableFlag,systemFlag,ft,lt,fu,lu) values('4028810028a8ef8f0128a8f17afa0931','40288100288c226801288c2987e90001','4028810028a8ef8f0128a8f17a8d092d','450411','',null,null,'1',null,null,null,null,null,null);
insert into bd_dictionaryvalue(id,id_dictionary,id_parent,code,value,num,description,enableFlag,editableFlag,systemFlag,ft,lt,fu,lu) values('4028810028a8ef8f0128a8f17b0a0932','40288100288c226801288c2987e90001','4028810028a8ef8f0128a8f17a8d092d','450421','',null,null,'1',null,null,null,null,null,null);
insert into bd_dictionaryvalue(id,id_dictionary,id_parent,code,value,num,description,enableFlag,editableFlag,systemFlag,ft,lt,fu,lu) values('4028810028a8ef8f0128a8f17b290933','40288100288c226801288c2987e90001','4028810028a8ef8f0128a8f17a8d092d','450422','',null,null,'1',null,null,null,null,null,null);
insert into bd_dictionaryvalue(id,id_dictionary,id_parent,code,value,num,description,enableFlag,editableFlag,systemFlag,ft,lt,fu,lu) values('4028810028a8ef8f0128a8f17b480934','40288100288c226801288c2987e90001','4028810028a8ef8f0128a8f17a8d092d','450423','',null,null,'1',null,null,null,null,null,null);
insert into bd_dictionaryvalue(id,id_dictionary,id_parent,code,value,num,description,enableFlag,editableFlag,systemFlag,ft,lt,fu,lu) values('4028810028a8ef8f0128a8f17b580935','40288100288c226801288c2987e90001','4028810028a8ef8f0128a8f17a8d092d','450481','',null,null,'1',null,null,null,null,null,null);
insert into bd_dictionaryvalue(id,id_dictionary,id_parent,code,value,num,description,enableFlag,editableFlag,systemFlag,ft,lt,fu,lu) values('4028810028a8ef8f0128a8f17b770936','40288100288c226801288c2987e90001','4028810028a8ef8f0128a8f176c40907','450500','',null,null,'1',null,null,null,null,null,null);
insert into bd_dictionaryvalue(id,id_dictionary,id_parent,code,value,num,description,enableFlag,editableFlag,systemFlag,ft,lt,fu,lu) values('4028810028a8ef8f0128a8f17b870937','40288100288c226801288c2987e90001','4028810028a8ef8f0128a8f17b770936','450501','',null,null,'1',null,null,null,null,null,null);
insert into bd_dictionaryvalue(id,id_dictionary,id_parent,code,value,num,description,enableFlag,editableFlag,systemFlag,ft,lt,fu,lu) values('4028810028a8ef8f0128a8f17ba60938','40288100288c226801288c2987e90001','4028810028a8ef8f0128a8f17b770936','450502','',null,null,'1',null,null,null,null,null,null);
insert into bd_dictionaryvalue(id,id_dictionary,id_parent,code,value,num,description,enableFlag,editableFlag,systemFlag,ft,lt,fu,lu) values('4028810028a8ef8f0128a8f17bc50939','40288100288c226801288c2987e90001','4028810028a8ef8f0128a8f17b770936','450503','',null,null,'1',null,null,null,null,null,null);
insert into bd_dictionaryvalue(id,id_dictionary,id_parent,code,value,num,description,enableFlag,editableFlag,systemFlag,ft,lt,fu,lu) values('4028810028a8ef8f0128a8f17bd5093a','40288100288c226801288c2987e90001','4028810028a8ef8f0128a8f17b770936','450512','',null,null,'1',null,null,null,null,null,null);
insert into bd_dictionaryvalue(id,id_dictionary,id_parent,code,value,num,description,enableFlag,editableFlag,systemFlag,ft,lt,fu,lu) values('4028810028a8ef8f0128a8f17bf4093b','40288100288c226801288c2987e90001','4028810028a8ef8f0128a8f17b770936','450521','',null,null,'1',null,null,null,null,null,null);
insert into bd_dictionaryvalue(id,id_dictionary,id_parent,code,value,num,description,enableFlag,editableFlag,systemFlag,ft,lt,fu,lu) values('4028810028a8ef8f0128a8f17c13093c','40288100288c226801288c2987e90001','4028810028a8ef8f0128a8f176c40907','450600','',null,null,'1',null,null,null,null,null,null);
insert into bd_dictionaryvalue(id,id_dictionary,id_parent,code,value,num,description,enableFlag,editableFlag,systemFlag,ft,lt,fu,lu) values('4028810028a8ef8f0128a8f17c23093d','40288100288c226801288c2987e90001','4028810028a8ef8f0128a8f17c13093c','450601','',null,null,'1',null,null,null,null,null,null);
insert into bd_dictionaryvalue(id,id_dictionary,id_parent,code,value,num,description,enableFlag,editableFlag,systemFlag,ft,lt,fu,lu) values('4028810028a8ef8f0128a8f17c42093e','40288100288c226801288c2987e90001','4028810028a8ef8f0128a8f17c13093c','450602','',null,null,'1',null,null,null,null,null,null);
insert into bd_dictionaryvalue(id,id_dictionary,id_parent,code,value,num,description,enableFlag,editableFlag,systemFlag,ft,lt,fu,lu) values('4028810028a8ef8f0128a8f17c61093f','40288100288c226801288c2987e90001','4028810028a8ef8f0128a8f17c13093c','450603','',null,null,'1',null,null,null,null,null,null);
insert into bd_dictionaryvalue(id,id_dictionary,id_parent,code,value,num,description,enableFlag,editableFlag,systemFlag,ft,lt,fu,lu) values('4028810028a8ef8f0128a8f17c710940','40288100288c226801288c2987e90001','4028810028a8ef8f0128a8f17c13093c','450621','',null,null,'1',null,null,null,null,null,null);
insert into bd_dictionaryvalue(id,id_dictionary,id_parent,code,value,num,description,enableFlag,editableFlag,systemFlag,ft,lt,fu,lu) values('4028810028a8ef8f0128a8f17c900941','40288100288c226801288c2987e90001','4028810028a8ef8f0128a8f17c13093c','450681','',null,null,'1',null,null,null,null,null,null);
insert into bd_dictionaryvalue(id,id_dictionary,id_parent,code,value,num,description,enableFlag,editableFlag,systemFlag,ft,lt,fu,lu) values('4028810028a8ef8f0128a8f17ca00942','40288100288c226801288c2987e90001','4028810028a8ef8f0128a8f176c40907','450700','',null,null,'1',null,null,null,null,null,null);
insert into bd_dictionaryvalue(id,id_dictionary,id_parent,code,value,num,description,enableFlag,editableFlag,systemFlag,ft,lt,fu,lu) values('4028810028a8ef8f0128a8f17cbf0943','40288100288c226801288c2987e90001','4028810028a8ef8f0128a8f17ca00942','450701','',null,null,'1',null,null,null,null,null,null);
insert into bd_dictionaryvalue(id,id_dictionary,id_parent,code,value,num,description,enableFlag,editableFlag,systemFlag,ft,lt,fu,lu) values('4028810028a8ef8f0128a8f17cde0944','40288100288c226801288c2987e90001','4028810028a8ef8f0128a8f17ca00942','450702','',null,null,'1',null,null,null,null,null,null);
insert into bd_dictionaryvalue(id,id_dictionary,id_parent,code,value,num,description,enableFlag,editableFlag,systemFlag,ft,lt,fu,lu) values('4028810028a8ef8f0128a8f17cfe0945','40288100288c226801288c2987e90001','4028810028a8ef8f0128a8f17ca00942','450703','',null,null,'1',null,null,null,null,null,null);
insert into bd_dictionaryvalue(id,id_dictionary,id_parent,code,value,num,description,enableFlag,editableFlag,systemFlag,ft,lt,fu,lu) values('4028810028a8ef8f0128a8f17d0d0946','40288100288c226801288c2987e90001','4028810028a8ef8f0128a8f17ca00942','450721','',null,null,'1',null,null,null,null,null,null);
insert into bd_dictionaryvalue(id,id_dictionary,id_parent,code,value,num,description,enableFlag,editableFlag,systemFlag,ft,lt,fu,lu) values('4028810028a8ef8f0128a8f17d2d0947','40288100288c226801288c2987e90001','4028810028a8ef8f0128a8f17ca00942','450722','',null,null,'1',null,null,null,null,null,null);
insert into bd_dictionaryvalue(id,id_dictionary,id_parent,code,value,num,description,enableFlag,editableFlag,systemFlag,ft,lt,fu,lu) values('4028810028a8ef8f0128a8f17d4c0948','40288100288c226801288c2987e90001','4028810028a8ef8f0128a8f176c40907','450800','',null,null,'1',null,null,null,null,null,null);
insert into bd_dictionaryvalue(id,id_dictionary,id_parent,code,value,num,description,enableFlag,editableFlag,systemFlag,ft,lt,fu,lu) values('4028810028a8ef8f0128a8f17d5b0949','40288100288c226801288c2987e90001','4028810028a8ef8f0128a8f17d4c0948','450801','',null,null,'1',null,null,null,null,null,null);
insert into bd_dictionaryvalue(id,id_dictionary,id_parent,code,value,num,description,enableFlag,editableFlag,systemFlag,ft,lt,fu,lu) values('4028810028a8ef8f0128a8f17d7b094a','40288100288c226801288c2987e90001','4028810028a8ef8f0128a8f17d4c0948','450802','',null,null,'1',null,null,null,null,null,null);
insert into bd_dictionaryvalue(id,id_dictionary,id_parent,code,value,num,description,enableFlag,editableFlag,systemFlag,ft,lt,fu,lu) values('4028810028a8ef8f0128a8f17d9a094b','40288100288c226801288c2987e90001','4028810028a8ef8f0128a8f17d4c0948','450803','',null,null,'1',null,null,null,null,null,null);
insert into bd_dictionaryvalue(id,id_dictionary,id_parent,code,value,num,description,enableFlag,editableFlag,systemFlag,ft,lt,fu,lu) values('4028810028a8ef8f0128a8f17db9094c','40288100288c226801288c2987e90001','4028810028a8ef8f0128a8f17d4c0948','450821','',null,null,'1',null,null,null,null,null,null);
insert into bd_dictionaryvalue(id,id_dictionary,id_parent,code,value,num,description,enableFlag,editableFlag,systemFlag,ft,lt,fu,lu) values('4028810028a8ef8f0128a8f17dc9094d','40288100288c226801288c2987e90001','4028810028a8ef8f0128a8f17d4c0948','450881','',null,null,'1',null,null,null,null,null,null);
insert into bd_dictionaryvalue(id,id_dictionary,id_parent,code,value,num,description,enableFlag,editableFlag,systemFlag,ft,lt,fu,lu) values('4028810028a8ef8f0128a8f17de8094e','40288100288c226801288c2987e90001','4028810028a8ef8f0128a8f176c40907','450900','',null,null,'1',null,null,null,null,null,null);
insert into bd_dictionaryvalue(id,id_dictionary,id_parent,code,value,num,description,enableFlag,editableFlag,systemFlag,ft,lt,fu,lu) values('4028810028a8ef8f0128a8f17e07094f','40288100288c226801288c2987e90001','4028810028a8ef8f0128a8f17de8094e','450901','',null,null,'1',null,null,null,null,null,null);
insert into bd_dictionaryvalue(id,id_dictionary,id_parent,code,value,num,description,enableFlag,editableFlag,systemFlag,ft,lt,fu,lu) values('4028810028a8ef8f0128a8f17e170950','40288100288c226801288c2987e90001','4028810028a8ef8f0128a8f17de8094e','450902','',null,null,'1',null,null,null,null,null,null);
insert into bd_dictionaryvalue(id,id_dictionary,id_parent,code,value,num,description,enableFlag,editableFlag,systemFlag,ft,lt,fu,lu) values('4028810028a8ef8f0128a8f17e360951','40288100288c226801288c2987e90001','4028810028a8ef8f0128a8f17de8094e','450921','',null,null,'1',null,null,null,null,null,null);
insert into bd_dictionaryvalue(id,id_dictionary,id_parent,code,value,num,description,enableFlag,editableFlag,systemFlag,ft,lt,fu,lu) values('4028810028a8ef8f0128a8f17e550952','40288100288c226801288c2987e90001','4028810028a8ef8f0128a8f17de8094e','450922','',null,null,'1',null,null,null,null,null,null);
insert into bd_dictionaryvalue(id,id_dictionary,id_parent,code,value,num,description,enableFlag,editableFlag,systemFlag,ft,lt,fu,lu) values('4028810028a8ef8f0128a8f17e750953','40288100288c226801288c2987e90001','4028810028a8ef8f0128a8f17de8094e','450923','',null,null,'1',null,null,null,null,null,null);
insert into bd_dictionaryvalue(id,id_dictionary,id_parent,code,value,num,description,enableFlag,editableFlag,systemFlag,ft,lt,fu,lu) values('4028810028a8ef8f0128a8f17e840954','40288100288c226801288c2987e90001','4028810028a8ef8f0128a8f17de8094e','450924','',null,null,'1',null,null,null,null,null,null);
insert into bd_dictionaryvalue(id,id_dictionary,id_parent,code,value,num,description,enableFlag,editableFlag,systemFlag,ft,lt,fu,lu) values('4028810028a8ef8f0128a8f17ea40955','40288100288c226801288c2987e90001','4028810028a8ef8f0128a8f17de8094e','450981','',null,null,'1',null,null,null,null,null,null);
insert into bd_dictionaryvalue(id,id_dictionary,id_parent,code,value,num,description,enableFlag,editableFlag,systemFlag,ft,lt,fu,lu) values('4028810028a8ef8f0128a8f17ec30956','40288100288c226801288c2987e90001','4028810028a8ef8f0128a8f176c40907','452100','',null,null,'1',null,null,null,null,null,null);
insert into bd_dictionaryvalue(id,id_dictionary,id_parent,code,value,num,description,enableFlag,editableFlag,systemFlag,ft,lt,fu,lu) values('4028810028a8ef8f0128a8f17ed20957','40288100288c226801288c2987e90001','4028810028a8ef8f0128a8f17ec30956','452101','',null,null,'1',null,null,null,null,null,null);
insert into bd_dictionaryvalue(id,id_dictionary,id_parent,code,value,num,description,enableFlag,editableFlag,systemFlag,ft,lt,fu,lu) values('4028810028a8ef8f0128a8f17ef20958','40288100288c226801288c2987e90001','4028810028a8ef8f0128a8f17ec30956','452122','',null,null,'1',null,null,null,null,null,null);
insert into bd_dictionaryvalue(id,id_dictionary,id_parent,code,value,num,description,enableFlag,editableFlag,systemFlag,ft,lt,fu,lu) values('4028810028a8ef8f0128a8f17f110959','40288100288c226801288c2987e90001','4028810028a8ef8f0128a8f17ec30956','452123','',null,null,'1',null,null,null,null,null,null);
insert into bd_dictionaryvalue(id,id_dictionary,id_parent,code,value,num,description,enableFlag,editableFlag,systemFlag,ft,lt,fu,lu) values('4028810028a8ef8f0128a8f17f21095a','40288100288c226801288c2987e90001','4028810028a8ef8f0128a8f17ec30956','452124','',null,null,'1',null,null,null,null,null,null);
insert into bd_dictionaryvalue(id,id_dictionary,id_parent,code,value,num,description,enableFlag,editableFlag,systemFlag,ft,lt,fu,lu) values('4028810028a8ef8f0128a8f17f40095b','40288100288c226801288c2987e90001','4028810028a8ef8f0128a8f17ec30956','452126','',null,null,'1',null,null,null,null,null,null);
insert into bd_dictionaryvalue(id,id_dictionary,id_parent,code,value,num,description,enableFlag,editableFlag,systemFlag,ft,lt,fu,lu) values('4028810028a8ef8f0128a8f17f4f095c','40288100288c226801288c2987e90001','4028810028a8ef8f0128a8f17ec30956','452127','',null,null,'1',null,null,null,null,null,null);
insert into bd_dictionaryvalue(id,id_dictionary,id_parent,code,value,num,description,enableFlag,editableFlag,systemFlag,ft,lt,fu,lu) values('4028810028a8ef8f0128a8f17f6f095d','40288100288c226801288c2987e90001','4028810028a8ef8f0128a8f17ec30956','452128','',null,null,'1',null,null,null,null,null,null);
insert into bd_dictionaryvalue(id,id_dictionary,id_parent,code,value,num,description,enableFlag,editableFlag,systemFlag,ft,lt,fu,lu) values('4028810028a8ef8f0128a8f17f8e095e','40288100288c226801288c2987e90001','4028810028a8ef8f0128a8f17ec30956','452129','',null,null,'1',null,null,null,null,null,null);
insert into bd_dictionaryvalue(id,id_dictionary,id_parent,code,value,num,description,enableFlag,editableFlag,systemFlag,ft,lt,fu,lu) values('4028810028a8ef8f0128a8f17f9e095f','40288100288c226801288c2987e90001','4028810028a8ef8f0128a8f17ec30956','452130','',null,null,'1',null,null,null,null,null,null);
insert into bd_dictionaryvalue(id,id_dictionary,id_parent,code,value,num,description,enableFlag,editableFlag,systemFlag,ft,lt,fu,lu) values('4028810028a8ef8f0128a8f17fbd0960','40288100288c226801288c2987e90001','4028810028a8ef8f0128a8f17ec30956','452131','',null,null,'1',null,null,null,null,null,null);
insert into bd_dictionaryvalue(id,id_dictionary,id_parent,code,value,num,description,enableFlag,editableFlag,systemFlag,ft,lt,fu,lu) values('4028810028a8ef8f0128a8f17fdc0961','40288100288c226801288c2987e90001','4028810028a8ef8f0128a8f17ec30956','452132','',null,null,'1',null,null,null,null,null,null);
insert into bd_dictionaryvalue(id,id_dictionary,id_parent,code,value,num,description,enableFlag,editableFlag,systemFlag,ft,lt,fu,lu) values('4028810028a8ef8f0128a8f17ffb0962','40288100288c226801288c2987e90001','4028810028a8ef8f0128a8f17ec30956','452133','',null,null,'1',null,null,null,null,null,null);
insert into bd_dictionaryvalue(id,id_dictionary,id_parent,code,value,num,description,enableFlag,editableFlag,systemFlag,ft,lt,fu,lu) values('4028810028a8ef8f0128a8f1800b0963','40288100288c226801288c2987e90001','4028810028a8ef8f0128a8f176c40907','452200','',null,null,'1',null,null,null,null,null,null);
insert into bd_dictionaryvalue(id,id_dictionary,id_parent,code,value,num,description,enableFlag,editableFlag,systemFlag,ft,lt,fu,lu) values('4028810028a8ef8f0128a8f1802a0964','40288100288c226801288c2987e90001','4028810028a8ef8f0128a8f1800b0963','452201','',null,null,'1',null,null,null,null,null,null);
insert into bd_dictionaryvalue(id,id_dictionary,id_parent,code,value,num,description,enableFlag,editableFlag,systemFlag,ft,lt,fu,lu) values('4028810028a8ef8f0128a8f180490965','40288100288c226801288c2987e90001','4028810028a8ef8f0128a8f1800b0963','452223','',null,null,'1',null,null,null,null,null,null);
insert into bd_dictionaryvalue(id,id_dictionary,id_parent,code,value,num,description,enableFlag,editableFlag,systemFlag,ft,lt,fu,lu) values('4028810028a8ef8f0128a8f180590966','40288100288c226801288c2987e90001','4028810028a8ef8f0128a8f1800b0963','452224','',null,null,'1',null,null,null,null,null,null);
insert into bd_dictionaryvalue(id,id_dictionary,id_parent,code,value,num,description,enableFlag,editableFlag,systemFlag,ft,lt,fu,lu) values('4028810028a8ef8f0128a8f180780967','40288100288c226801288c2987e90001','4028810028a8ef8f0128a8f1800b0963','452225','',null,null,'1',null,null,null,null,null,null);
insert into bd_dictionaryvalue(id,id_dictionary,id_parent,code,value,num,description,enableFlag,editableFlag,systemFlag,ft,lt,fu,lu) values('4028810028a8ef8f0128a8f180980968','40288100288c226801288c2987e90001','4028810028a8ef8f0128a8f1800b0963','452226','',null,null,'1',null,null,null,null,null,null);
insert into bd_dictionaryvalue(id,id_dictionary,id_parent,code,value,num,description,enableFlag,editableFlag,systemFlag,ft,lt,fu,lu) values('4028810028a8ef8f0128a8f180a70969','40288100288c226801288c2987e90001','4028810028a8ef8f0128a8f1800b0963','452227','',null,null,'1',null,null,null,null,null,null);
insert into bd_dictionaryvalue(id,id_dictionary,id_parent,code,value,num,description,enableFlag,editableFlag,systemFlag,ft,lt,fu,lu) values('4028810028a8ef8f0128a8f180c6096a','40288100288c226801288c2987e90001','4028810028a8ef8f0128a8f1800b0963','452228','',null,null,'1',null,null,null,null,null,null);
insert into bd_dictionaryvalue(id,id_dictionary,id_parent,code,value,num,description,enableFlag,editableFlag,systemFlag,ft,lt,fu,lu) values('4028810028a8ef8f0128a8f180e6096b','40288100288c226801288c2987e90001','4028810028a8ef8f0128a8f1800b0963','452229','',null,null,'1',null,null,null,null,null,null);
insert into bd_dictionaryvalue(id,id_dictionary,id_parent,code,value,num,description,enableFlag,editableFlag,systemFlag,ft,lt,fu,lu) values('4028810028a8ef8f0128a8f180f5096c','40288100288c226801288c2987e90001','4028810028a8ef8f0128a8f1800b0963','452230','',null,null,'1',null,null,null,null,null,null);
insert into bd_dictionaryvalue(id,id_dictionary,id_parent,code,value,num,description,enableFlag,editableFlag,systemFlag,ft,lt,fu,lu) values('4028810028a8ef8f0128a8f18115096d','40288100288c226801288c2987e90001','4028810028a8ef8f0128a8f1800b0963','452231','',null,null,'1',null,null,null,null,null,null);
insert into bd_dictionaryvalue(id,id_dictionary,id_parent,code,value,num,description,enableFlag,editableFlag,systemFlag,ft,lt,fu,lu) values('4028810028a8ef8f0128a8f18134096e','40288100288c226801288c2987e90001','4028810028a8ef8f0128a8f176c40907','452400','',null,null,'1',null,null,null,null,null,null);
insert into bd_dictionaryvalue(id,id_dictionary,id_parent,code,value,num,description,enableFlag,editableFlag,systemFlag,ft,lt,fu,lu) values('4028810028a8ef8f0128a8f18143096f','40288100288c226801288c2987e90001','4028810028a8ef8f0128a8f18134096e','452402','',null,null,'1',null,null,null,null,null,null);
insert into bd_dictionaryvalue(id,id_dictionary,id_parent,code,value,num,description,enableFlag,editableFlag,systemFlag,ft,lt,fu,lu) values('4028810028a8ef8f0128a8f181630970','40288100288c226801288c2987e90001','4028810028a8ef8f0128a8f18134096e','452424','',null,null,'1',null,null,null,null,null,null);
insert into bd_dictionaryvalue(id,id_dictionary,id_parent,code,value,num,description,enableFlag,editableFlag,systemFlag,ft,lt,fu,lu) values('4028810028a8ef8f0128a8f181720971','40288100288c226801288c2987e90001','4028810028a8ef8f0128a8f18134096e','452427','',null,null,'1',null,null,null,null,null,null);
insert into bd_dictionaryvalue(id,id_dictionary,id_parent,code,value,num,description,enableFlag,editableFlag,systemFlag,ft,lt,fu,lu) values('4028810028a8ef8f0128a8f181920972','40288100288c226801288c2987e90001','4028810028a8ef8f0128a8f18134096e','452428','',null,null,'1',null,null,null,null,null,null);
insert into bd_dictionaryvalue(id,id_dictionary,id_parent,code,value,num,description,enableFlag,editableFlag,systemFlag,ft,lt,fu,lu) values('4028810028a8ef8f0128a8f181b10973','40288100288c226801288c2987e90001','4028810028a8ef8f0128a8f176c40907','452600','',null,null,'1',null,null,null,null,null,null);
insert into bd_dictionaryvalue(id,id_dictionary,id_parent,code,value,num,description,enableFlag,editableFlag,systemFlag,ft,lt,fu,lu) values('4028810028a8ef8f0128a8f181c00974','40288100288c226801288c2987e90001','4028810028a8ef8f0128a8f181b10973','452601','',null,null,'1',null,null,null,null,null,null);
insert into bd_dictionaryvalue(id,id_dictionary,id_parent,code,value,num,description,enableFlag,editableFlag,systemFlag,ft,lt,fu,lu) values('4028810028a8ef8f0128a8f181e00975','40288100288c226801288c2987e90001','4028810028a8ef8f0128a8f181b10973','452622','',null,null,'1',null,null,null,null,null,null);
insert into bd_dictionaryvalue(id,id_dictionary,id_parent,code,value,num,description,enableFlag,editableFlag,systemFlag,ft,lt,fu,lu) values('4028810028a8ef8f0128a8f181ff0976','40288100288c226801288c2987e90001','4028810028a8ef8f0128a8f181b10973','452623','',null,null,'1',null,null,null,null,null,null);
insert into bd_dictionaryvalue(id,id_dictionary,id_parent,code,value,num,description,enableFlag,editableFlag,systemFlag,ft,lt,fu,lu) values('4028810028a8ef8f0128a8f1821e0977','40288100288c226801288c2987e90001','4028810028a8ef8f0128a8f181b10973','452624','',null,null,'1',null,null,null,null,null,null);
insert into bd_dictionaryvalue(id,id_dictionary,id_parent,code,value,num,description,enableFlag,editableFlag,systemFlag,ft,lt,fu,lu) values('4028810028a8ef8f0128a8f1822e0978','40288100288c226801288c2987e90001','4028810028a8ef8f0128a8f181b10973','452625','',null,null,'1',null,null,null,null,null,null);
insert into bd_dictionaryvalue(id,id_dictionary,id_parent,code,value,num,description,enableFlag,editableFlag,systemFlag,ft,lt,fu,lu) values('4028810028a8ef8f0128a8f1824d0979','40288100288c226801288c2987e90001','4028810028a8ef8f0128a8f181b10973','452626','',null,null,'1',null,null,null,null,null,null);
insert into bd_dictionaryvalue(id,id_dictionary,id_parent,code,value,num,description,enableFlag,editableFlag,systemFlag,ft,lt,fu,lu) values('4028810028a8ef8f0128a8f1825d097a','40288100288c226801288c2987e90001','4028810028a8ef8f0128a8f181b10973','452627','',null,null,'1',null,null,null,null,null,null);
insert into bd_dictionaryvalue(id,id_dictionary,id_parent,code,value,num,description,enableFlag,editableFlag,systemFlag,ft,lt,fu,lu) values('4028810028a8ef8f0128a8f1827c097b','40288100288c226801288c2987e90001','4028810028a8ef8f0128a8f181b10973','452628','',null,null,'1',null,null,null,null,null,null);
insert into bd_dictionaryvalue(id,id_dictionary,id_parent,code,value,num,description,enableFlag,editableFlag,systemFlag,ft,lt,fu,lu) values('4028810028a8ef8f0128a8f1829b097c','40288100288c226801288c2987e90001','4028810028a8ef8f0128a8f181b10973','452629','',null,null,'1',null,null,null,null,null,null);
insert into bd_dictionaryvalue(id,id_dictionary,id_parent,code,value,num,description,enableFlag,editableFlag,systemFlag,ft,lt,fu,lu) values('4028810028a8ef8f0128a8f182ab097d','40288100288c226801288c2987e90001','4028810028a8ef8f0128a8f181b10973','452630','',null,null,'1',null,null,null,null,null,null);
insert into bd_dictionaryvalue(id,id_dictionary,id_parent,code,value,num,description,enableFlag,editableFlag,systemFlag,ft,lt,fu,lu) values('4028810028a8ef8f0128a8f182ca097e','40288100288c226801288c2987e90001','4028810028a8ef8f0128a8f181b10973','452631','',null,null,'1',null,null,null,null,null,null);
insert into bd_dictionaryvalue(id,id_dictionary,id_parent,code,value,num,description,enableFlag,editableFlag,systemFlag,ft,lt,fu,lu) values('4028810028a8ef8f0128a8f182e9097f','40288100288c226801288c2987e90001','4028810028a8ef8f0128a8f181b10973','452632','',null,null,'1',null,null,null,null,null,null);
insert into bd_dictionaryvalue(id,id_dictionary,id_parent,code,value,num,description,enableFlag,editableFlag,systemFlag,ft,lt,fu,lu) values('4028810028a8ef8f0128a8f182f90980','40288100288c226801288c2987e90001','4028810028a8ef8f0128a8f176c40907','452700','',null,null,'1',null,null,null,null,null,null);
insert into bd_dictionaryvalue(id,id_dictionary,id_parent,code,value,num,description,enableFlag,editableFlag,systemFlag,ft,lt,fu,lu) values('4028810028a8ef8f0128a8f183180981','40288100288c226801288c2987e90001','4028810028a8ef8f0128a8f182f90980','452701','',null,null,'1',null,null,null,null,null,null);
insert into bd_dictionaryvalue(id,id_dictionary,id_parent,code,value,num,description,enableFlag,editableFlag,systemFlag,ft,lt,fu,lu) values('4028810028a8ef8f0128a8f183370982','40288100288c226801288c2987e90001','4028810028a8ef8f0128a8f182f90980','452702','',null,null,'1',null,null,null,null,null,null);
insert into bd_dictionaryvalue(id,id_dictionary,id_parent,code,value,num,description,enableFlag,editableFlag,systemFlag,ft,lt,fu,lu) values('4028810028a8ef8f0128a8f183470983','40288100288c226801288c2987e90001','4028810028a8ef8f0128a8f182f90980','452723','',null,null,'1',null,null,null,null,null,null);
insert into bd_dictionaryvalue(id,id_dictionary,id_parent,code,value,num,description,enableFlag,editableFlag,systemFlag,ft,lt,fu,lu) values('4028810028a8ef8f0128a8f183660984','40288100288c226801288c2987e90001','4028810028a8ef8f0128a8f182f90980','452724','',null,null,'1',null,null,null,null,null,null);
insert into bd_dictionaryvalue(id,id_dictionary,id_parent,code,value,num,description,enableFlag,editableFlag,systemFlag,ft,lt,fu,lu) values('4028810028a8ef8f0128a8f183860985','40288100288c226801288c2987e90001','4028810028a8ef8f0128a8f182f90980','452725','',null,null,'1',null,null,null,null,null,null);
insert into bd_dictionaryvalue(id,id_dictionary,id_parent,code,value,num,description,enableFlag,editableFlag,systemFlag,ft,lt,fu,lu) values('4028810028a8ef8f0128a8f183a50986','40288100288c226801288c2987e90001','4028810028a8ef8f0128a8f182f90980','452726','',null,null,'1',null,null,null,null,null,null);
insert into bd_dictionaryvalue(id,id_dictionary,id_parent,code,value,num,description,enableFlag,editableFlag,systemFlag,ft,lt,fu,lu) values('4028810028a8ef8f0128a8f183b40987','40288100288c226801288c2987e90001','4028810028a8ef8f0128a8f182f90980','452727','',null,null,'1',null,null,null,null,null,null);
insert into bd_dictionaryvalue(id,id_dictionary,id_parent,code,value,num,description,enableFlag,editableFlag,systemFlag,ft,lt,fu,lu) values('4028810028a8ef8f0128a8f183d40988','40288100288c226801288c2987e90001','4028810028a8ef8f0128a8f182f90980','452728','',null,null,'1',null,null,null,null,null,null);
insert into bd_dictionaryvalue(id,id_dictionary,id_parent,code,value,num,description,enableFlag,editableFlag,systemFlag,ft,lt,fu,lu) values('4028810028a8ef8f0128a8f183e30989','40288100288c226801288c2987e90001','4028810028a8ef8f0128a8f182f90980','452729','',null,null,'1',null,null,null,null,null,null);
insert into bd_dictionaryvalue(id,id_dictionary,id_parent,code,value,num,description,enableFlag,editableFlag,systemFlag,ft,lt,fu,lu) values('4028810028a8ef8f0128a8f18403098a','40288100288c226801288c2987e90001','4028810028a8ef8f0128a8f182f90980','452730','',null,null,'1',null,null,null,null,null,null);
insert into bd_dictionaryvalue(id,id_dictionary,id_parent,code,value,num,description,enableFlag,editableFlag,systemFlag,ft,lt,fu,lu) values('4028810028a8ef8f0128a8f18422098b','40288100288c226801288c2987e90001','4028810028a8ef8f0128a8f182f90980','452731','',null,null,'1',null,null,null,null,null,null);
insert into bd_dictionaryvalue(id,id_dictionary,id_parent,code,value,num,description,enableFlag,editableFlag,systemFlag,ft,lt,fu,lu) values('4028810028a8ef8f0128a8f18431098c','40288100288c226801288c2987e90001','4028810028a8ef8f0128a8f176c40907','459000','',null,null,'1',null,null,null,null,null,null);
insert into bd_dictionaryvalue(id,id_dictionary,id_parent,code,value,num,description,enableFlag,editableFlag,systemFlag,ft,lt,fu,lu) values('4028810028a8ef8f0128a8f18451098d','40288100288c226801288c2987e90001',null,'460000','',null,null,'1',null,null,null,null,null,null);
insert into bd_dictionaryvalue(id,id_dictionary,id_parent,code,value,num,description,enableFlag,editableFlag,systemFlag,ft,lt,fu,lu) values('4028810028a8ef8f0128a8f18470098e','40288100288c226801288c2987e90001','4028810028a8ef8f0128a8f18451098d','460100','',null,null,'1',null,null,null,null,null,null);
insert into bd_dictionaryvalue(id,id_dictionary,id_parent,code,value,num,description,enableFlag,editableFlag,systemFlag,ft,lt,fu,lu) values('4028810028a8ef8f0128a8f18480098f','40288100288c226801288c2987e90001','4028810028a8ef8f0128a8f18470098e','460101','',null,null,'1',null,null,null,null,null,null);
insert into bd_dictionaryvalue(id,id_dictionary,id_parent,code,value,num,description,enableFlag,editableFlag,systemFlag,ft,lt,fu,lu) values('4028810028a8ef8f0128a8f1849f0990','40288100288c226801288c2987e90001','4028810028a8ef8f0128a8f18470098e','460102','',null,null,'1',null,null,null,null,null,null);
insert into bd_dictionaryvalue(id,id_dictionary,id_parent,code,value,num,description,enableFlag,editableFlag,systemFlag,ft,lt,fu,lu) values('4028810028a8ef8f0128a8f184be0991','40288100288c226801288c2987e90001','4028810028a8ef8f0128a8f18470098e','460103','',null,null,'1',null,null,null,null,null,null);
insert into bd_dictionaryvalue(id,id_dictionary,id_parent,code,value,num,description,enableFlag,editableFlag,systemFlag,ft,lt,fu,lu) values('4028810028a8ef8f0128a8f184dd0992','40288100288c226801288c2987e90001','4028810028a8ef8f0128a8f18470098e','460104','',null,null,'1',null,null,null,null,null,null);
insert into bd_dictionaryvalue(id,id_dictionary,id_parent,code,value,num,description,enableFlag,editableFlag,systemFlag,ft,lt,fu,lu) values('4028810028a8ef8f0128a8f184ed0993','40288100288c226801288c2987e90001','4028810028a8ef8f0128a8f18451098d','460200','',null,null,'1',null,null,null,null,null,null);
insert into bd_dictionaryvalue(id,id_dictionary,id_parent,code,value,num,description,enableFlag,editableFlag,systemFlag,ft,lt,fu,lu) values('4028810028a8ef8f0128a8f1850c0994','40288100288c226801288c2987e90001','4028810028a8ef8f0128a8f184ed0993','460201','',null,null,'1',null,null,null,null,null,null);
insert into bd_dictionaryvalue(id,id_dictionary,id_parent,code,value,num,description,enableFlag,editableFlag,systemFlag,ft,lt,fu,lu) values('4028810028a8ef8f0128a8f1852b0995','40288100288c226801288c2987e90001','4028810028a8ef8f0128a8f18451098d','469000','',null,null,'1',null,null,null,null,null,null);
insert into bd_dictionaryvalue(id,id_dictionary,id_parent,code,value,num,description,enableFlag,editableFlag,systemFlag,ft,lt,fu,lu) values('4028810028a8ef8f0128a8f1853b0996','40288100288c226801288c2987e90001','4028810028a8ef8f0128a8f1852b0995','469001','',null,null,'1',null,null,null,null,null,null);
insert into bd_dictionaryvalue(id,id_dictionary,id_parent,code,value,num,description,enableFlag,editableFlag,systemFlag,ft,lt,fu,lu) values('4028810028a8ef8f0128a8f1855a0997','40288100288c226801288c2987e90001','4028810028a8ef8f0128a8f1852b0995','469002','',null,null,'1',null,null,null,null,null,null);
insert into bd_dictionaryvalue(id,id_dictionary,id_parent,code,value,num,description,enableFlag,editableFlag,systemFlag,ft,lt,fu,lu) values('4028810028a8ef8f0128a8f1857a0998','40288100288c226801288c2987e90001','4028810028a8ef8f0128a8f1852b0995','469003','',null,null,'1',null,null,null,null,null,null);
insert into bd_dictionaryvalue(id,id_dictionary,id_parent,code,value,num,description,enableFlag,editableFlag,systemFlag,ft,lt,fu,lu) values('4028810028a8ef8f0128a8f185890999','40288100288c226801288c2987e90001','4028810028a8ef8f0128a8f1852b0995','469004','',null,null,'1',null,null,null,null,null,null);
insert into bd_dictionaryvalue(id,id_dictionary,id_parent,code,value,num,description,enableFlag,editableFlag,systemFlag,ft,lt,fu,lu) values('4028810028a8ef8f0128a8f185a8099a','40288100288c226801288c2987e90001','4028810028a8ef8f0128a8f1852b0995','469005','',null,null,'1',null,null,null,null,null,null);
insert into bd_dictionaryvalue(id,id_dictionary,id_parent,code,value,num,description,enableFlag,editableFlag,systemFlag,ft,lt,fu,lu) values('4028810028a8ef8f0128a8f185c8099b','40288100288c226801288c2987e90001','4028810028a8ef8f0128a8f1852b0995','469006','',null,null,'1',null,null,null,null,null,null);
insert into bd_dictionaryvalue(id,id_dictionary,id_parent,code,value,num,description,enableFlag,editableFlag,systemFlag,ft,lt,fu,lu) values('4028810028a8ef8f0128a8f185d7099c','40288100288c226801288c2987e90001','4028810028a8ef8f0128a8f1852b0995','469007','',null,null,'1',null,null,null,null,null,null);
insert into bd_dictionaryvalue(id,id_dictionary,id_parent,code,value,num,description,enableFlag,editableFlag,systemFlag,ft,lt,fu,lu) values('4028810028a8ef8f0128a8f185f7099d','40288100288c226801288c2987e90001','4028810028a8ef8f0128a8f1852b0995','469021','',null,null,'1',null,null,null,null,null,null);
insert into bd_dictionaryvalue(id,id_dictionary,id_parent,code,value,num,description,enableFlag,editableFlag,systemFlag,ft,lt,fu,lu) values('4028810028a8ef8f0128a8f18606099e','40288100288c226801288c2987e90001','4028810028a8ef8f0128a8f1852b0995','469022','',null,null,'1',null,null,null,null,null,null);
insert into bd_dictionaryvalue(id,id_dictionary,id_parent,code,value,num,description,enableFlag,editableFlag,systemFlag,ft,lt,fu,lu) values('4028810028a8ef8f0128a8f18625099f','40288100288c226801288c2987e90001','4028810028a8ef8f0128a8f1852b0995','469023','',null,null,'1',null,null,null,null,null,null);
insert into bd_dictionaryvalue(id,id_dictionary,id_parent,code,value,num,description,enableFlag,editableFlag,systemFlag,ft,lt,fu,lu) values('4028810028a8ef8f0128a8f1864509a0','40288100288c226801288c2987e90001','4028810028a8ef8f0128a8f1852b0995','469024','',null,null,'1',null,null,null,null,null,null);
insert into bd_dictionaryvalue(id,id_dictionary,id_parent,code,value,num,description,enableFlag,editableFlag,systemFlag,ft,lt,fu,lu) values('4028810028a8ef8f0128a8f1866409a1','40288100288c226801288c2987e90001','4028810028a8ef8f0128a8f1852b0995','469025','',null,null,'1',null,null,null,null,null,null);
insert into bd_dictionaryvalue(id,id_dictionary,id_parent,code,value,num,description,enableFlag,editableFlag,systemFlag,ft,lt,fu,lu) values('4028810028a8ef8f0128a8f1868309a2','40288100288c226801288c2987e90001','4028810028a8ef8f0128a8f1852b0995','469026','',null,null,'1',null,null,null,null,null,null);
insert into bd_dictionaryvalue(id,id_dictionary,id_parent,code,value,num,description,enableFlag,editableFlag,systemFlag,ft,lt,fu,lu) values('4028810028a8ef8f0128a8f1869309a3','40288100288c226801288c2987e90001','4028810028a8ef8f0128a8f1852b0995','469027','',null,null,'1',null,null,null,null,null,null);
insert into bd_dictionaryvalue(id,id_dictionary,id_parent,code,value,num,description,enableFlag,editableFlag,systemFlag,ft,lt,fu,lu) values('4028810028a8ef8f0128a8f186b209a4','40288100288c226801288c2987e90001','4028810028a8ef8f0128a8f1852b0995','469028','',null,null,'1',null,null,null,null,null,null);
insert into bd_dictionaryvalue(id,id_dictionary,id_parent,code,value,num,description,enableFlag,editableFlag,systemFlag,ft,lt,fu,lu) values('4028810028a8ef8f0128a8f186d109a5','40288100288c226801288c2987e90001','4028810028a8ef8f0128a8f1852b0995','469029','',null,null,'1',null,null,null,null,null,null);
insert into bd_dictionaryvalue(id,id_dictionary,id_parent,code,value,num,description,enableFlag,editableFlag,systemFlag,ft,lt,fu,lu) values('4028810028a8ef8f0128a8f186e109a6','40288100288c226801288c2987e90001','4028810028a8ef8f0128a8f1852b0995','469030','',null,null,'1',null,null,null,null,null,null);
insert into bd_dictionaryvalue(id,id_dictionary,id_parent,code,value,num,description,enableFlag,editableFlag,systemFlag,ft,lt,fu,lu) values('4028810028a8ef8f0128a8f1870009a7','40288100288c226801288c2987e90001','4028810028a8ef8f0128a8f1852b0995','469031','',null,null,'1',null,null,null,null,null,null);
insert into bd_dictionaryvalue(id,id_dictionary,id_parent,code,value,num,description,enableFlag,editableFlag,systemFlag,ft,lt,fu,lu) values('4028810028a8ef8f0128a8f1871f09a8','40288100288c226801288c2987e90001','4028810028a8ef8f0128a8f1852b0995','469032','',null,null,'1',null,null,null,null,null,null);
insert into bd_dictionaryvalue(id,id_dictionary,id_parent,code,value,num,description,enableFlag,editableFlag,systemFlag,ft,lt,fu,lu) values('4028810028a8ef8f0128a8f1873f09a9','40288100288c226801288c2987e90001','4028810028a8ef8f0128a8f1852b0995','469033','',null,null,'1',null,null,null,null,null,null);
insert into bd_dictionaryvalue(id,id_dictionary,id_parent,code,value,num,description,enableFlag,editableFlag,systemFlag,ft,lt,fu,lu) values('4028810028a8ef8f0128a8f1874e09aa','40288100288c226801288c2987e90001',null,'500000','',null,null,'1',null,null,null,null,null,null);
insert into bd_dictionaryvalue(id,id_dictionary,id_parent,code,value,num,description,enableFlag,editableFlag,systemFlag,ft,lt,fu,lu) values('4028810028a8ef8f0128a8f1876e09ab','40288100288c226801288c2987e90001','4028810028a8ef8f0128a8f1874e09aa','500100','',null,null,'1',null,null,null,null,null,null);
insert into bd_dictionaryvalue(id,id_dictionary,id_parent,code,value,num,description,enableFlag,editableFlag,systemFlag,ft,lt,fu,lu) values('4028810028a8ef8f0128a8f1878d09ac','40288100288c226801288c2987e90001','4028810028a8ef8f0128a8f1876e09ab','500101','',null,null,'1',null,null,null,null,null,null);
insert into bd_dictionaryvalue(id,id_dictionary,id_parent,code,value,num,description,enableFlag,editableFlag,systemFlag,ft,lt,fu,lu) values('4028810028a8ef8f0128a8f187ac09ad','40288100288c226801288c2987e90001','4028810028a8ef8f0128a8f1876e09ab','500102','',null,null,'1',null,null,null,null,null,null);
insert into bd_dictionaryvalue(id,id_dictionary,id_parent,code,value,num,description,enableFlag,editableFlag,systemFlag,ft,lt,fu,lu) values('4028810028a8ef8f0128a8f187bc09ae','40288100288c226801288c2987e90001','4028810028a8ef8f0128a8f1876e09ab','500103','',null,null,'1',null,null,null,null,null,null);
insert into bd_dictionaryvalue(id,id_dictionary,id_parent,code,value,num,description,enableFlag,editableFlag,systemFlag,ft,lt,fu,lu) values('4028810028a8ef8f0128a8f187db09af','40288100288c226801288c2987e90001','4028810028a8ef8f0128a8f1876e09ab','500104','',null,null,'1',null,null,null,null,null,null);
insert into bd_dictionaryvalue(id,id_dictionary,id_parent,code,value,num,description,enableFlag,editableFlag,systemFlag,ft,lt,fu,lu) values('4028810028a8ef8f0128a8f187fa09b0','40288100288c226801288c2987e90001','4028810028a8ef8f0128a8f1876e09ab','500105','',null,null,'1',null,null,null,null,null,null);
insert into bd_dictionaryvalue(id,id_dictionary,id_parent,code,value,num,description,enableFlag,editableFlag,systemFlag,ft,lt,fu,lu) values('4028810028a8ef8f0128a8f1880a09b1','40288100288c226801288c2987e90001','4028810028a8ef8f0128a8f1876e09ab','500106','',null,null,'1',null,null,null,null,null,null);
insert into bd_dictionaryvalue(id,id_dictionary,id_parent,code,value,num,description,enableFlag,editableFlag,systemFlag,ft,lt,fu,lu) values('4028810028a8ef8f0128a8f1882909b2','40288100288c226801288c2987e90001','4028810028a8ef8f0128a8f1876e09ab','500107','',null,null,'1',null,null,null,null,null,null);
insert into bd_dictionaryvalue(id,id_dictionary,id_parent,code,value,num,description,enableFlag,editableFlag,systemFlag,ft,lt,fu,lu) values('4028810028a8ef8f0128a8f1884809b3','40288100288c226801288c2987e90001','4028810028a8ef8f0128a8f1876e09ab','500108','',null,null,'1',null,null,null,null,null,null);
insert into bd_dictionaryvalue(id,id_dictionary,id_parent,code,value,num,description,enableFlag,editableFlag,systemFlag,ft,lt,fu,lu) values('4028810028a8ef8f0128a8f1885809b4','40288100288c226801288c2987e90001','4028810028a8ef8f0128a8f1876e09ab','500109','',null,null,'1',null,null,null,null,null,null);
insert into bd_dictionaryvalue(id,id_dictionary,id_parent,code,value,num,description,enableFlag,editableFlag,systemFlag,ft,lt,fu,lu) values('4028810028a8ef8f0128a8f1887709b5','40288100288c226801288c2987e90001','4028810028a8ef8f0128a8f1876e09ab','500110','',null,null,'1',null,null,null,null,null,null);
insert into bd_dictionaryvalue(id,id_dictionary,id_parent,code,value,num,description,enableFlag,editableFlag,systemFlag,ft,lt,fu,lu) values('4028810028a8ef8f0128a8f1889609b6','40288100288c226801288c2987e90001','4028810028a8ef8f0128a8f1876e09ab','500111','',null,null,'1',null,null,null,null,null,null);
insert into bd_dictionaryvalue(id,id_dictionary,id_parent,code,value,num,description,enableFlag,editableFlag,systemFlag,ft,lt,fu,lu) values('4028810028a8ef8f0128a8f188a609b7','40288100288c226801288c2987e90001','4028810028a8ef8f0128a8f1876e09ab','500112','',null,null,'1',null,null,null,null,null,null);
insert into bd_dictionaryvalue(id,id_dictionary,id_parent,code,value,num,description,enableFlag,editableFlag,systemFlag,ft,lt,fu,lu) values('4028810028a8ef8f0128a8f188c509b8','40288100288c226801288c2987e90001','4028810028a8ef8f0128a8f1876e09ab','500113','',null,null,'1',null,null,null,null,null,null);
insert into bd_dictionaryvalue(id,id_dictionary,id_parent,code,value,num,description,enableFlag,editableFlag,systemFlag,ft,lt,fu,lu) values('4028810028a8ef8f0128a8f188e509b9','40288100288c226801288c2987e90001','4028810028a8ef8f0128a8f1876e09ab','500114','',null,null,'1',null,null,null,null,null,null);
insert into bd_dictionaryvalue(id,id_dictionary,id_parent,code,value,num,description,enableFlag,editableFlag,systemFlag,ft,lt,fu,lu) values('4028810028a8ef8f0128a8f188f409ba','40288100288c226801288c2987e90001','4028810028a8ef8f0128a8f1876e09ab','500115','',null,null,'1',null,null,null,null,null,null);
insert into bd_dictionaryvalue(id,id_dictionary,id_parent,code,value,num,description,enableFlag,editableFlag,systemFlag,ft,lt,fu,lu) values('4028810028a8ef8f0128a8f1891309bb','40288100288c226801288c2987e90001','4028810028a8ef8f0128a8f1874e09aa','500200','',null,null,'1',null,null,null,null,null,null);
insert into bd_dictionaryvalue(id,id_dictionary,id_parent,code,value,num,description,enableFlag,editableFlag,systemFlag,ft,lt,fu,lu) values('4028810028a8ef8f0128a8f1893309bc','40288100288c226801288c2987e90001','4028810028a8ef8f0128a8f1891309bb','500222','',null,null,'1',null,null,null,null,null,null);
insert into bd_dictionaryvalue(id,id_dictionary,id_parent,code,value,num,description,enableFlag,editableFlag,systemFlag,ft,lt,fu,lu) values('4028810028a8ef8f0128a8f1895209bd','40288100288c226801288c2987e90001','4028810028a8ef8f0128a8f1891309bb','500223','',null,null,'1',null,null,null,null,null,null);
insert into bd_dictionaryvalue(id,id_dictionary,id_parent,code,value,num,description,enableFlag,editableFlag,systemFlag,ft,lt,fu,lu) values('4028810028a8ef8f0128a8f1896209be','40288100288c226801288c2987e90001','4028810028a8ef8f0128a8f1891309bb','500224','',null,null,'1',null,null,null,null,null,null);
insert into bd_dictionaryvalue(id,id_dictionary,id_parent,code,value,num,description,enableFlag,editableFlag,systemFlag,ft,lt,fu,lu) values('4028810028a8ef8f0128a8f1898109bf','40288100288c226801288c2987e90001','4028810028a8ef8f0128a8f1891309bb','500225','',null,null,'1',null,null,null,null,null,null);
insert into bd_dictionaryvalue(id,id_dictionary,id_parent,code,value,num,description,enableFlag,editableFlag,systemFlag,ft,lt,fu,lu) values('4028810028a8ef8f0128a8f189a009c0','40288100288c226801288c2987e90001','4028810028a8ef8f0128a8f1891309bb','500226','',null,null,'1',null,null,null,null,null,null);
insert into bd_dictionaryvalue(id,id_dictionary,id_parent,code,value,num,description,enableFlag,editableFlag,systemFlag,ft,lt,fu,lu) values('4028810028a8ef8f0128a8f189bf09c1','40288100288c226801288c2987e90001','4028810028a8ef8f0128a8f1891309bb','500227','',null,null,'1',null,null,null,null,null,null);
insert into bd_dictionaryvalue(id,id_dictionary,id_parent,code,value,num,description,enableFlag,editableFlag,systemFlag,ft,lt,fu,lu) values('4028810028a8ef8f0128a8f189cf09c2','40288100288c226801288c2987e90001','4028810028a8ef8f0128a8f1891309bb','500228','',null,null,'1',null,null,null,null,null,null);
insert into bd_dictionaryvalue(id,id_dictionary,id_parent,code,value,num,description,enableFlag,editableFlag,systemFlag,ft,lt,fu,lu) values('4028810028a8ef8f0128a8f189ee09c3','40288100288c226801288c2987e90001','4028810028a8ef8f0128a8f1891309bb','500229','',null,null,'1',null,null,null,null,null,null);
insert into bd_dictionaryvalue(id,id_dictionary,id_parent,code,value,num,description,enableFlag,editableFlag,systemFlag,ft,lt,fu,lu) values('4028810028a8ef8f0128a8f18a0d09c4','40288100288c226801288c2987e90001','4028810028a8ef8f0128a8f1891309bb','500230','',null,null,'1',null,null,null,null,null,null);
insert into bd_dictionaryvalue(id,id_dictionary,id_parent,code,value,num,description,enableFlag,editableFlag,systemFlag,ft,lt,fu,lu) values('4028810028a8ef8f0128a8f18a2d09c5','40288100288c226801288c2987e90001','4028810028a8ef8f0128a8f1891309bb','500231','',null,null,'1',null,null,null,null,null,null);
insert into bd_dictionaryvalue(id,id_dictionary,id_parent,code,value,num,description,enableFlag,editableFlag,systemFlag,ft,lt,fu,lu) values('4028810028a8ef8f0128a8f18a4c09c6','40288100288c226801288c2987e90001','4028810028a8ef8f0128a8f1891309bb','500232','',null,null,'1',null,null,null,null,null,null);
insert into bd_dictionaryvalue(id,id_dictionary,id_parent,code,value,num,description,enableFlag,editableFlag,systemFlag,ft,lt,fu,lu) values('4028810028a8ef8f0128a8f18a5c09c7','40288100288c226801288c2987e90001','4028810028a8ef8f0128a8f1891309bb','500233','',null,null,'1',null,null,null,null,null,null);
insert into bd_dictionaryvalue(id,id_dictionary,id_parent,code,value,num,description,enableFlag,editableFlag,systemFlag,ft,lt,fu,lu) values('4028810028a8ef8f0128a8f18a7b09c8','40288100288c226801288c2987e90001','4028810028a8ef8f0128a8f1891309bb','500234','',null,null,'1',null,null,null,null,null,null);
insert into bd_dictionaryvalue(id,id_dictionary,id_parent,code,value,num,description,enableFlag,editableFlag,systemFlag,ft,lt,fu,lu) values('4028810028a8ef8f0128a8f18a9a09c9','40288100288c226801288c2987e90001','4028810028a8ef8f0128a8f1891309bb','500235','',null,null,'1',null,null,null,null,null,null);
insert into bd_dictionaryvalue(id,id_dictionary,id_parent,code,value,num,description,enableFlag,editableFlag,systemFlag,ft,lt,fu,lu) values('4028810028a8ef8f0128a8f18aaa09ca','40288100288c226801288c2987e90001','4028810028a8ef8f0128a8f1891309bb','500236','',null,null,'1',null,null,null,null,null,null);
insert into bd_dictionaryvalue(id,id_dictionary,id_parent,code,value,num,description,enableFlag,editableFlag,systemFlag,ft,lt,fu,lu) values('4028810028a8ef8f0128a8f18ac909cb','40288100288c226801288c2987e90001','4028810028a8ef8f0128a8f1891309bb','500237','',null,null,'1',null,null,null,null,null,null);
insert into bd_dictionaryvalue(id,id_dictionary,id_parent,code,value,num,description,enableFlag,editableFlag,systemFlag,ft,lt,fu,lu) values('4028810028a8ef8f0128a8f18ae809cc','40288100288c226801288c2987e90001','4028810028a8ef8f0128a8f1891309bb','500238','',null,null,'1',null,null,null,null,null,null);
insert into bd_dictionaryvalue(id,id_dictionary,id_parent,code,value,num,description,enableFlag,editableFlag,systemFlag,ft,lt,fu,lu) values('4028810028a8ef8f0128a8f18b0709cd','40288100288c226801288c2987e90001','4028810028a8ef8f0128a8f1891309bb','500240','',null,null,'1',null,null,null,null,null,null);
insert into bd_dictionaryvalue(id,id_dictionary,id_parent,code,value,num,description,enableFlag,editableFlag,systemFlag,ft,lt,fu,lu) values('4028810028a8ef8f0128a8f18b1709ce','40288100288c226801288c2987e90001','4028810028a8ef8f0128a8f1891309bb','500241','',null,null,'1',null,null,null,null,null,null);
insert into bd_dictionaryvalue(id,id_dictionary,id_parent,code,value,num,description,enableFlag,editableFlag,systemFlag,ft,lt,fu,lu) values('4028810028a8ef8f0128a8f18b3609cf','40288100288c226801288c2987e90001','4028810028a8ef8f0128a8f1891309bb','500242','',null,null,'1',null,null,null,null,null,null);
insert into bd_dictionaryvalue(id,id_dictionary,id_parent,code,value,num,description,enableFlag,editableFlag,systemFlag,ft,lt,fu,lu) values('4028810028a8ef8f0128a8f18b5609d0','40288100288c226801288c2987e90001','4028810028a8ef8f0128a8f1891309bb','500243','',null,null,'1',null,null,null,null,null,null);
insert into bd_dictionaryvalue(id,id_dictionary,id_parent,code,value,num,description,enableFlag,editableFlag,systemFlag,ft,lt,fu,lu) values('4028810028a8ef8f0128a8f18b6509d1','40288100288c226801288c2987e90001','4028810028a8ef8f0128a8f1874e09aa','500300','',null,null,'1',null,null,null,null,null,null);
insert into bd_dictionaryvalue(id,id_dictionary,id_parent,code,value,num,description,enableFlag,editableFlag,systemFlag,ft,lt,fu,lu) values('4028810028a8ef8f0128a8f18b8409d2','40288100288c226801288c2987e90001','4028810028a8ef8f0128a8f18b6509d1','500381','',null,null,'1',null,null,null,null,null,null);
insert into bd_dictionaryvalue(id,id_dictionary,id_parent,code,value,num,description,enableFlag,editableFlag,systemFlag,ft,lt,fu,lu) values('4028810028a8ef8f0128a8f18ba409d3','40288100288c226801288c2987e90001','4028810028a8ef8f0128a8f18b6509d1','500382','',null,null,'1',null,null,null,null,null,null);
insert into bd_dictionaryvalue(id,id_dictionary,id_parent,code,value,num,description,enableFlag,editableFlag,systemFlag,ft,lt,fu,lu) values('4028810028a8ef8f0128a8f18bc309d4','40288100288c226801288c2987e90001','4028810028a8ef8f0128a8f18b6509d1','500383','',null,null,'1',null,null,null,null,null,null);
insert into bd_dictionaryvalue(id,id_dictionary,id_parent,code,value,num,description,enableFlag,editableFlag,systemFlag,ft,lt,fu,lu) values('4028810028a8ef8f0128a8f18bd309d5','40288100288c226801288c2987e90001','4028810028a8ef8f0128a8f18b6509d1','500384','',null,null,'1',null,null,null,null,null,null);
insert into bd_dictionaryvalue(id,id_dictionary,id_parent,code,value,num,description,enableFlag,editableFlag,systemFlag,ft,lt,fu,lu) values('4028810028a8ef8f0128a8f18bf209d6','40288100288c226801288c2987e90001',null,'510000','',null,null,'1',null,null,null,null,null,null);
insert into bd_dictionaryvalue(id,id_dictionary,id_parent,code,value,num,description,enableFlag,editableFlag,systemFlag,ft,lt,fu,lu) values('4028810028a8ef8f0128a8f18c1109d7','40288100288c226801288c2987e90001','4028810028a8ef8f0128a8f18bf209d6','510100','',null,null,'1',null,null,null,null,null,null);
insert into bd_dictionaryvalue(id,id_dictionary,id_parent,code,value,num,description,enableFlag,editableFlag,systemFlag,ft,lt,fu,lu) values('4028810028a8ef8f0128a8f18c3009d8','40288100288c226801288c2987e90001','4028810028a8ef8f0128a8f18c1109d7','510101','',null,null,'1',null,null,null,null,null,null);
insert into bd_dictionaryvalue(id,id_dictionary,id_parent,code,value,num,description,enableFlag,editableFlag,systemFlag,ft,lt,fu,lu) values('4028810028a8ef8f0128a8f18c4009d9','40288100288c226801288c2987e90001','4028810028a8ef8f0128a8f18c1109d7','510104','',null,null,'1',null,null,null,null,null,null);
insert into bd_dictionaryvalue(id,id_dictionary,id_parent,code,value,num,description,enableFlag,editableFlag,systemFlag,ft,lt,fu,lu) values('4028810028a8ef8f0128a8f18c5f09da','40288100288c226801288c2987e90001','4028810028a8ef8f0128a8f18c1109d7','510105','',null,null,'1',null,null,null,null,null,null);
insert into bd_dictionaryvalue(id,id_dictionary,id_parent,code,value,num,description,enableFlag,editableFlag,systemFlag,ft,lt,fu,lu) values('4028810028a8ef8f0128a8f18c7e09db','40288100288c226801288c2987e90001','4028810028a8ef8f0128a8f18c1109d7','510106','',null,null,'1',null,null,null,null,null,null);
insert into bd_dictionaryvalue(id,id_dictionary,id_parent,code,value,num,description,enableFlag,editableFlag,systemFlag,ft,lt,fu,lu) values('4028810028a8ef8f0128a8f18c9e09dc','40288100288c226801288c2987e90001','4028810028a8ef8f0128a8f18c1109d7','510107','',null,null,'1',null,null,null,null,null,null);
insert into bd_dictionaryvalue(id,id_dictionary,id_parent,code,value,num,description,enableFlag,editableFlag,systemFlag,ft,lt,fu,lu) values('4028810028a8ef8f0128a8f18cbd09dd','40288100288c226801288c2987e90001','4028810028a8ef8f0128a8f18c1109d7','510108','',null,null,'1',null,null,null,null,null,null);
insert into bd_dictionaryvalue(id,id_dictionary,id_parent,code,value,num,description,enableFlag,editableFlag,systemFlag,ft,lt,fu,lu) values('4028810028a8ef8f0128a8f18ccd09de','40288100288c226801288c2987e90001','4028810028a8ef8f0128a8f18c1109d7','510112','',null,null,'1',null,null,null,null,null,null);
insert into bd_dictionaryvalue(id,id_dictionary,id_parent,code,value,num,description,enableFlag,editableFlag,systemFlag,ft,lt,fu,lu) values('4028810028a8ef8f0128a8f18cec09df','40288100288c226801288c2987e90001','4028810028a8ef8f0128a8f18c1109d7','510113','',null,null,'1',null,null,null,null,null,null);
insert into bd_dictionaryvalue(id,id_dictionary,id_parent,code,value,num,description,enableFlag,editableFlag,systemFlag,ft,lt,fu,lu) values('4028810028a8ef8f0128a8f18d0b09e0','40288100288c226801288c2987e90001','4028810028a8ef8f0128a8f18c1109d7','510114','',null,null,'1',null,null,null,null,null,null);
insert into bd_dictionaryvalue(id,id_dictionary,id_parent,code,value,num,description,enableFlag,editableFlag,systemFlag,ft,lt,fu,lu) values('4028810028a8ef8f0128a8f18d2a09e1','40288100288c226801288c2987e90001','4028810028a8ef8f0128a8f18c1109d7','510121','',null,null,'1',null,null,null,null,null,null);
insert into bd_dictionaryvalue(id,id_dictionary,id_parent,code,value,num,description,enableFlag,editableFlag,systemFlag,ft,lt,fu,lu) values('4028810028a8ef8f0128a8f18d3a09e2','40288100288c226801288c2987e90001','4028810028a8ef8f0128a8f18c1109d7','510122','',null,null,'1',null,null,null,null,null,null);
insert into bd_dictionaryvalue(id,id_dictionary,id_parent,code,value,num,description,enableFlag,editableFlag,systemFlag,ft,lt,fu,lu) values('4028810028a8ef8f0128a8f18d5909e3','40288100288c226801288c2987e90001','4028810028a8ef8f0128a8f18c1109d7','510123','',null,null,'1',null,null,null,null,null,null);
insert into bd_dictionaryvalue(id,id_dictionary,id_parent,code,value,num,description,enableFlag,editableFlag,systemFlag,ft,lt,fu,lu) values('4028810028a8ef8f0128a8f18d7809e4','40288100288c226801288c2987e90001','4028810028a8ef8f0128a8f18c1109d7','510124','',null,null,'1',null,null,null,null,null,null);
insert into bd_dictionaryvalue(id,id_dictionary,id_parent,code,value,num,description,enableFlag,editableFlag,systemFlag,ft,lt,fu,lu) values('4028810028a8ef8f0128a8f18d8809e5','40288100288c226801288c2987e90001','4028810028a8ef8f0128a8f18c1109d7','510129','',null,null,'1',null,null,null,null,null,null);
insert into bd_dictionaryvalue(id,id_dictionary,id_parent,code,value,num,description,enableFlag,editableFlag,systemFlag,ft,lt,fu,lu) values('4028810028a8ef8f0128a8f18da709e6','40288100288c226801288c2987e90001','4028810028a8ef8f0128a8f18c1109d7','510131','',null,null,'1',null,null,null,null,null,null);
insert into bd_dictionaryvalue(id,id_dictionary,id_parent,code,value,num,description,enableFlag,editableFlag,systemFlag,ft,lt,fu,lu) values('4028810028a8ef8f0128a8f18dc709e7','40288100288c226801288c2987e90001','4028810028a8ef8f0128a8f18c1109d7','510132','',null,null,'1',null,null,null,null,null,null);
insert into bd_dictionaryvalue(id,id_dictionary,id_parent,code,value,num,description,enableFlag,editableFlag,systemFlag,ft,lt,fu,lu) values('4028810028a8ef8f0128a8f18de609e8','40288100288c226801288c2987e90001','4028810028a8ef8f0128a8f18c1109d7','510181','',null,null,'1',null,null,null,null,null,null);
insert into bd_dictionaryvalue(id,id_dictionary,id_parent,code,value,num,description,enableFlag,editableFlag,systemFlag,ft,lt,fu,lu) values('4028810028a8ef8f0128a8f18df509e9','40288100288c226801288c2987e90001','4028810028a8ef8f0128a8f18c1109d7','510182','',null,null,'1',null,null,null,null,null,null);
insert into bd_dictionaryvalue(id,id_dictionary,id_parent,code,value,num,description,enableFlag,editableFlag,systemFlag,ft,lt,fu,lu) values('4028810028a8ef8f0128a8f18e1509ea','40288100288c226801288c2987e90001','4028810028a8ef8f0128a8f18c1109d7','510183','',null,null,'1',null,null,null,null,null,null);
insert into bd_dictionaryvalue(id,id_dictionary,id_parent,code,value,num,description,enableFlag,editableFlag,systemFlag,ft,lt,fu,lu) values('4028810028a8ef8f0128a8f18e3409eb','40288100288c226801288c2987e90001','4028810028a8ef8f0128a8f18c1109d7','510184','',null,null,'1',null,null,null,null,null,null);
insert into bd_dictionaryvalue(id,id_dictionary,id_parent,code,value,num,description,enableFlag,editableFlag,systemFlag,ft,lt,fu,lu) values('4028810028a8ef8f0128a8f18e4409ec','40288100288c226801288c2987e90001','4028810028a8ef8f0128a8f18bf209d6','510300','',null,null,'1',null,null,null,null,null,null);
insert into bd_dictionaryvalue(id,id_dictionary,id_parent,code,value,num,description,enableFlag,editableFlag,systemFlag,ft,lt,fu,lu) values('4028810028a8ef8f0128a8f18e6309ed','40288100288c226801288c2987e90001','4028810028a8ef8f0128a8f18e4409ec','510301','',null,null,'1',null,null,null,null,null,null);
insert into bd_dictionaryvalue(id,id_dictionary,id_parent,code,value,num,description,enableFlag,editableFlag,systemFlag,ft,lt,fu,lu) values('4028810028a8ef8f0128a8f18e8209ee','40288100288c226801288c2987e90001','4028810028a8ef8f0128a8f18e4409ec','510302','',null,null,'1',null,null,null,null,null,null);
insert into bd_dictionaryvalue(id,id_dictionary,id_parent,code,value,num,description,enableFlag,editableFlag,systemFlag,ft,lt,fu,lu) values('4028810028a8ef8f0128a8f18ea109ef','40288100288c226801288c2987e90001','4028810028a8ef8f0128a8f18e4409ec','510303','',null,null,'1',null,null,null,null,null,null);
insert into bd_dictionaryvalue(id,id_dictionary,id_parent,code,value,num,description,enableFlag,editableFlag,systemFlag,ft,lt,fu,lu) values('4028810028a8ef8f0128a8f18eb109f0','40288100288c226801288c2987e90001','4028810028a8ef8f0128a8f18e4409ec','510304','',null,null,'1',null,null,null,null,null,null);
insert into bd_dictionaryvalue(id,id_dictionary,id_parent,code,value,num,description,enableFlag,editableFlag,systemFlag,ft,lt,fu,lu) values('4028810028a8ef8f0128a8f18ed009f1','40288100288c226801288c2987e90001','4028810028a8ef8f0128a8f18e4409ec','510311','',null,null,'1',null,null,null,null,null,null);
insert into bd_dictionaryvalue(id,id_dictionary,id_parent,code,value,num,description,enableFlag,editableFlag,systemFlag,ft,lt,fu,lu) values('4028810028a8ef8f0128a8f18eef09f2','40288100288c226801288c2987e90001','4028810028a8ef8f0128a8f18e4409ec','510321','',null,null,'1',null,null,null,null,null,null);
insert into bd_dictionaryvalue(id,id_dictionary,id_parent,code,value,num,description,enableFlag,editableFlag,systemFlag,ft,lt,fu,lu) values('4028810028a8ef8f0128a8f18f0f09f3','40288100288c226801288c2987e90001','4028810028a8ef8f0128a8f18e4409ec','510322','',null,null,'1',null,null,null,null,null,null);
insert into bd_dictionaryvalue(id,id_dictionary,id_parent,code,value,num,description,enableFlag,editableFlag,systemFlag,ft,lt,fu,lu) values('4028810028a8ef8f0128a8f18f1e09f4','40288100288c226801288c2987e90001','4028810028a8ef8f0128a8f18bf209d6','510400','',null,null,'1',null,null,null,null,null,null);
insert into bd_dictionaryvalue(id,id_dictionary,id_parent,code,value,num,description,enableFlag,editableFlag,systemFlag,ft,lt,fu,lu) values('4028810028a8ef8f0128a8f18f3e09f5','40288100288c226801288c2987e90001','4028810028a8ef8f0128a8f18f1e09f4','510401','',null,null,'1',null,null,null,null,null,null);
insert into bd_dictionaryvalue(id,id_dictionary,id_parent,code,value,num,description,enableFlag,editableFlag,systemFlag,ft,lt,fu,lu) values('4028810028a8ef8f0128a8f18f5d09f6','40288100288c226801288c2987e90001','4028810028a8ef8f0128a8f18f1e09f4','510402','',null,null,'1',null,null,null,null,null,null);
insert into bd_dictionaryvalue(id,id_dictionary,id_parent,code,value,num,description,enableFlag,editableFlag,systemFlag,ft,lt,fu,lu) values('4028810028a8ef8f0128a8f18f7c09f7','40288100288c226801288c2987e90001','4028810028a8ef8f0128a8f18f1e09f4','510403','',null,null,'1',null,null,null,null,null,null);
insert into bd_dictionaryvalue(id,id_dictionary,id_parent,code,value,num,description,enableFlag,editableFlag,systemFlag,ft,lt,fu,lu) values('4028810028a8ef8f0128a8f18f9b09f8','40288100288c226801288c2987e90001','4028810028a8ef8f0128a8f18f1e09f4','510411','',null,null,'1',null,null,null,null,null,null);
insert into bd_dictionaryvalue(id,id_dictionary,id_parent,code,value,num,description,enableFlag,editableFlag,systemFlag,ft,lt,fu,lu) values('4028810028a8ef8f0128a8f18fab09f9','40288100288c226801288c2987e90001','4028810028a8ef8f0128a8f18f1e09f4','510421','',null,null,'1',null,null,null,null,null,null);
insert into bd_dictionaryvalue(id,id_dictionary,id_parent,code,value,num,description,enableFlag,editableFlag,systemFlag,ft,lt,fu,lu) values('4028810028a8ef8f0128a8f18fca09fa','40288100288c226801288c2987e90001','4028810028a8ef8f0128a8f18f1e09f4','510422','',null,null,'1',null,null,null,null,null,null);
insert into bd_dictionaryvalue(id,id_dictionary,id_parent,code,value,num,description,enableFlag,editableFlag,systemFlag,ft,lt,fu,lu) values('4028810028a8ef8f0128a8f18fe909fb','40288100288c226801288c2987e90001','4028810028a8ef8f0128a8f18bf209d6','510500','',null,null,'1',null,null,null,null,null,null);
insert into bd_dictionaryvalue(id,id_dictionary,id_parent,code,value,num,description,enableFlag,editableFlag,systemFlag,ft,lt,fu,lu) values('4028810028a8ef8f0128a8f1900909fc','40288100288c226801288c2987e90001','4028810028a8ef8f0128a8f18fe909fb','510501','',null,null,'1',null,null,null,null,null,null);
insert into bd_dictionaryvalue(id,id_dictionary,id_parent,code,value,num,description,enableFlag,editableFlag,systemFlag,ft,lt,fu,lu) values('4028810028a8ef8f0128a8f1901809fd','40288100288c226801288c2987e90001','4028810028a8ef8f0128a8f18fe909fb','510502','',null,null,'1',null,null,null,null,null,null);
insert into bd_dictionaryvalue(id,id_dictionary,id_parent,code,value,num,description,enableFlag,editableFlag,systemFlag,ft,lt,fu,lu) values('4028810028a8ef8f0128a8f1903809fe','40288100288c226801288c2987e90001','4028810028a8ef8f0128a8f18fe909fb','510503','',null,null,'1',null,null,null,null,null,null);
insert into bd_dictionaryvalue(id,id_dictionary,id_parent,code,value,num,description,enableFlag,editableFlag,systemFlag,ft,lt,fu,lu) values('4028810028a8ef8f0128a8f1905709ff','40288100288c226801288c2987e90001','4028810028a8ef8f0128a8f18fe909fb','510504','',null,null,'1',null,null,null,null,null,null);
insert into bd_dictionaryvalue(id,id_dictionary,id_parent,code,value,num,description,enableFlag,editableFlag,systemFlag,ft,lt,fu,lu) values('4028810028a8ef8f0128a8f190660a00','40288100288c226801288c2987e90001','4028810028a8ef8f0128a8f18fe909fb','510521','',null,null,'1',null,null,null,null,null,null);
insert into bd_dictionaryvalue(id,id_dictionary,id_parent,code,value,num,description,enableFlag,editableFlag,systemFlag,ft,lt,fu,lu) values('4028810028a8ef8f0128a8f190860a01','40288100288c226801288c2987e90001','4028810028a8ef8f0128a8f18fe909fb','510522','',null,null,'1',null,null,null,null,null,null);
insert into bd_dictionaryvalue(id,id_dictionary,id_parent,code,value,num,description,enableFlag,editableFlag,systemFlag,ft,lt,fu,lu) values('4028810028a8ef8f0128a8f190a50a02','40288100288c226801288c2987e90001','4028810028a8ef8f0128a8f18fe909fb','510524','',null,null,'1',null,null,null,null,null,null);
insert into bd_dictionaryvalue(id,id_dictionary,id_parent,code,value,num,description,enableFlag,editableFlag,systemFlag,ft,lt,fu,lu) values('4028810028a8ef8f0128a8f190c40a03','40288100288c226801288c2987e90001','4028810028a8ef8f0128a8f18fe909fb','510525','',null,null,'1',null,null,null,null,null,null);
insert into bd_dictionaryvalue(id,id_dictionary,id_parent,code,value,num,description,enableFlag,editableFlag,systemFlag,ft,lt,fu,lu) values('4028810028a8ef8f0128a8f190d40a04','40288100288c226801288c2987e90001','4028810028a8ef8f0128a8f18bf209d6','510600','',null,null,'1',null,null,null,null,null,null);
insert into bd_dictionaryvalue(id,id_dictionary,id_parent,code,value,num,description,enableFlag,editableFlag,systemFlag,ft,lt,fu,lu) values('4028810028a8ef8f0128a8f190f30a05','40288100288c226801288c2987e90001','4028810028a8ef8f0128a8f190d40a04','510601','',null,null,'1',null,null,null,null,null,null);
insert into bd_dictionaryvalue(id,id_dictionary,id_parent,code,value,num,description,enableFlag,editableFlag,systemFlag,ft,lt,fu,lu) values('4028810028a8ef8f0128a8f191120a06','40288100288c226801288c2987e90001','4028810028a8ef8f0128a8f190d40a04','510603','',null,null,'1',null,null,null,null,null,null);
insert into bd_dictionaryvalue(id,id_dictionary,id_parent,code,value,num,description,enableFlag,editableFlag,systemFlag,ft,lt,fu,lu) values('4028810028a8ef8f0128a8f191320a07','40288100288c226801288c2987e90001','4028810028a8ef8f0128a8f190d40a04','510623','',null,null,'1',null,null,null,null,null,null);
insert into bd_dictionaryvalue(id,id_dictionary,id_parent,code,value,num,description,enableFlag,editableFlag,systemFlag,ft,lt,fu,lu) values('4028810028a8ef8f0128a8f191410a08','40288100288c226801288c2987e90001','4028810028a8ef8f0128a8f190d40a04','510626','',null,null,'1',null,null,null,null,null,null);
insert into bd_dictionaryvalue(id,id_dictionary,id_parent,code,value,num,description,enableFlag,editableFlag,systemFlag,ft,lt,fu,lu) values('4028810028a8ef8f0128a8f191600a09','40288100288c226801288c2987e90001','4028810028a8ef8f0128a8f190d40a04','510681','',null,null,'1',null,null,null,null,null,null);
insert into bd_dictionaryvalue(id,id_dictionary,id_parent,code,value,num,description,enableFlag,editableFlag,systemFlag,ft,lt,fu,lu) values('4028810028a8ef8f0128a8f191800a0a','40288100288c226801288c2987e90001','4028810028a8ef8f0128a8f190d40a04','510682','',null,null,'1',null,null,null,null,null,null);
insert into bd_dictionaryvalue(id,id_dictionary,id_parent,code,value,num,description,enableFlag,editableFlag,systemFlag,ft,lt,fu,lu) values('4028810028a8ef8f0128a8f1919f0a0b','40288100288c226801288c2987e90001','4028810028a8ef8f0128a8f190d40a04','510683','',null,null,'1',null,null,null,null,null,null);
insert into bd_dictionaryvalue(id,id_dictionary,id_parent,code,value,num,description,enableFlag,editableFlag,systemFlag,ft,lt,fu,lu) values('4028810028a8ef8f0128a8f191af0a0c','40288100288c226801288c2987e90001','4028810028a8ef8f0128a8f18bf209d6','510700','',null,null,'1',null,null,null,null,null,null);
insert into bd_dictionaryvalue(id,id_dictionary,id_parent,code,value,num,description,enableFlag,editableFlag,systemFlag,ft,lt,fu,lu) values('4028810028a8ef8f0128a8f191ce0a0d','40288100288c226801288c2987e90001','4028810028a8ef8f0128a8f191af0a0c','510701','',null,null,'1',null,null,null,null,null,null);
insert into bd_dictionaryvalue(id,id_dictionary,id_parent,code,value,num,description,enableFlag,editableFlag,systemFlag,ft,lt,fu,lu) values('4028810028a8ef8f0128a8f191fd0a0e','40288100288c226801288c2987e90001','4028810028a8ef8f0128a8f191af0a0c','510703','',null,null,'1',null,null,null,null,null,null);
insert into bd_dictionaryvalue(id,id_dictionary,id_parent,code,value,num,description,enableFlag,editableFlag,systemFlag,ft,lt,fu,lu) values('4028810028a8ef8f0128a8f1920c0a0f','40288100288c226801288c2987e90001','4028810028a8ef8f0128a8f191af0a0c','510704','',null,null,'1',null,null,null,null,null,null);
insert into bd_dictionaryvalue(id,id_dictionary,id_parent,code,value,num,description,enableFlag,editableFlag,systemFlag,ft,lt,fu,lu) values('4028810028a8ef8f0128a8f1922c0a10','40288100288c226801288c2987e90001','4028810028a8ef8f0128a8f191af0a0c','510722','',null,null,'1',null,null,null,null,null,null);
insert into bd_dictionaryvalue(id,id_dictionary,id_parent,code,value,num,description,enableFlag,editableFlag,systemFlag,ft,lt,fu,lu) values('4028810028a8ef8f0128a8f1924b0a11','40288100288c226801288c2987e90001','4028810028a8ef8f0128a8f191af0a0c','510723','',null,null,'1',null,null,null,null,null,null);
insert into bd_dictionaryvalue(id,id_dictionary,id_parent,code,value,num,description,enableFlag,editableFlag,systemFlag,ft,lt,fu,lu) values('4028810028a8ef8f0128a8f1926a0a12','40288100288c226801288c2987e90001','4028810028a8ef8f0128a8f191af0a0c','510724','',null,null,'1',null,null,null,null,null,null);
insert into bd_dictionaryvalue(id,id_dictionary,id_parent,code,value,num,description,enableFlag,editableFlag,systemFlag,ft,lt,fu,lu) values('4028810028a8ef8f0128a8f192890a13','40288100288c226801288c2987e90001','4028810028a8ef8f0128a8f191af0a0c','510725','',null,null,'1',null,null,null,null,null,null);
insert into bd_dictionaryvalue(id,id_dictionary,id_parent,code,value,num,description,enableFlag,editableFlag,systemFlag,ft,lt,fu,lu) values('4028810028a8ef8f0128a8f192990a14','40288100288c226801288c2987e90001','4028810028a8ef8f0128a8f191af0a0c','510726','',null,null,'1',null,null,null,null,null,null);
insert into bd_dictionaryvalue(id,id_dictionary,id_parent,code,value,num,description,enableFlag,editableFlag,systemFlag,ft,lt,fu,lu) values('4028810028a8ef8f0128a8f192b80a15','40288100288c226801288c2987e90001','4028810028a8ef8f0128a8f191af0a0c','510727','',null,null,'1',null,null,null,null,null,null);
insert into bd_dictionaryvalue(id,id_dictionary,id_parent,code,value,num,description,enableFlag,editableFlag,systemFlag,ft,lt,fu,lu) values('4028810028a8ef8f0128a8f192d70a16','40288100288c226801288c2987e90001','4028810028a8ef8f0128a8f191af0a0c','510781','',null,null,'1',null,null,null,null,null,null);
insert into bd_dictionaryvalue(id,id_dictionary,id_parent,code,value,num,description,enableFlag,editableFlag,systemFlag,ft,lt,fu,lu) values('4028810028a8ef8f0128a8f192f70a17','40288100288c226801288c2987e90001','4028810028a8ef8f0128a8f18bf209d6','510800','',null,null,'1',null,null,null,null,null,null);
insert into bd_dictionaryvalue(id,id_dictionary,id_parent,code,value,num,description,enableFlag,editableFlag,systemFlag,ft,lt,fu,lu) values('4028810028a8ef8f0128a8f193060a18','40288100288c226801288c2987e90001','4028810028a8ef8f0128a8f192f70a17','510801','',null,null,'1',null,null,null,null,null,null);
insert into bd_dictionaryvalue(id,id_dictionary,id_parent,code,value,num,description,enableFlag,editableFlag,systemFlag,ft,lt,fu,lu) values('4028810028a8ef8f0128a8f193260a19','40288100288c226801288c2987e90001','4028810028a8ef8f0128a8f192f70a17','510802','',null,null,'1',null,null,null,null,null,null);
insert into bd_dictionaryvalue(id,id_dictionary,id_parent,code,value,num,description,enableFlag,editableFlag,systemFlag,ft,lt,fu,lu) values('4028810028a8ef8f0128a8f193450a1a','40288100288c226801288c2987e90001','4028810028a8ef8f0128a8f192f70a17','510811','',null,null,'1',null,null,null,null,null,null);
insert into bd_dictionaryvalue(id,id_dictionary,id_parent,code,value,num,description,enableFlag,editableFlag,systemFlag,ft,lt,fu,lu) values('4028810028a8ef8f0128a8f193640a1b','40288100288c226801288c2987e90001','4028810028a8ef8f0128a8f192f70a17','510812','',null,null,'1',null,null,null,null,null,null);
insert into bd_dictionaryvalue(id,id_dictionary,id_parent,code,value,num,description,enableFlag,editableFlag,systemFlag,ft,lt,fu,lu) values('4028810028a8ef8f0128a8f193830a1c','40288100288c226801288c2987e90001','4028810028a8ef8f0128a8f192f70a17','510821','',null,null,'1',null,null,null,null,null,null);
insert into bd_dictionaryvalue(id,id_dictionary,id_parent,code,value,num,description,enableFlag,editableFlag,systemFlag,ft,lt,fu,lu) values('4028810028a8ef8f0128a8f193930a1d','40288100288c226801288c2987e90001','4028810028a8ef8f0128a8f192f70a17','510822','',null,null,'1',null,null,null,null,null,null);
insert into bd_dictionaryvalue(id,id_dictionary,id_parent,code,value,num,description,enableFlag,editableFlag,systemFlag,ft,lt,fu,lu) values('4028810028a8ef8f0128a8f193b20a1e','40288100288c226801288c2987e90001','4028810028a8ef8f0128a8f192f70a17','510823','',null,null,'1',null,null,null,null,null,null);
insert into bd_dictionaryvalue(id,id_dictionary,id_parent,code,value,num,description,enableFlag,editableFlag,systemFlag,ft,lt,fu,lu) values('4028810028a8ef8f0128a8f193d10a1f','40288100288c226801288c2987e90001','4028810028a8ef8f0128a8f192f70a17','510824','',null,null,'1',null,null,null,null,null,null);
insert into bd_dictionaryvalue(id,id_dictionary,id_parent,code,value,num,description,enableFlag,editableFlag,systemFlag,ft,lt,fu,lu) values('4028810028a8ef8f0128a8f193f10a20','40288100288c226801288c2987e90001','4028810028a8ef8f0128a8f18bf209d6','510900','',null,null,'1',null,null,null,null,null,null);
insert into bd_dictionaryvalue(id,id_dictionary,id_parent,code,value,num,description,enableFlag,editableFlag,systemFlag,ft,lt,fu,lu) values('4028810028a8ef8f0128a8f194100a21','40288100288c226801288c2987e90001','4028810028a8ef8f0128a8f193f10a20','510901','',null,null,'1',null,null,null,null,null,null);
insert into bd_dictionaryvalue(id,id_dictionary,id_parent,code,value,num,description,enableFlag,editableFlag,systemFlag,ft,lt,fu,lu) values('4028810028a8ef8f0128a8f194200a22','40288100288c226801288c2987e90001','4028810028a8ef8f0128a8f193f10a20','510902','',null,null,'1',null,null,null,null,null,null);
insert into bd_dictionaryvalue(id,id_dictionary,id_parent,code,value,num,description,enableFlag,editableFlag,systemFlag,ft,lt,fu,lu) values('4028810028a8ef8f0128a8f1943f0a23','40288100288c226801288c2987e90001','4028810028a8ef8f0128a8f193f10a20','510921','',null,null,'1',null,null,null,null,null,null);
insert into bd_dictionaryvalue(id,id_dictionary,id_parent,code,value,num,description,enableFlag,editableFlag,systemFlag,ft,lt,fu,lu) values('4028810028a8ef8f0128a8f1945e0a24','40288100288c226801288c2987e90001','4028810028a8ef8f0128a8f193f10a20','510922','',null,null,'1',null,null,null,null,null,null);
insert into bd_dictionaryvalue(id,id_dictionary,id_parent,code,value,num,description,enableFlag,editableFlag,systemFlag,ft,lt,fu,lu) values('4028810028a8ef8f0128a8f1947d0a25','40288100288c226801288c2987e90001','4028810028a8ef8f0128a8f193f10a20','510923','',null,null,'1',null,null,null,null,null,null);
insert into bd_dictionaryvalue(id,id_dictionary,id_parent,code,value,num,description,enableFlag,editableFlag,systemFlag,ft,lt,fu,lu) values('4028810028a8ef8f0128a8f1948d0a26','40288100288c226801288c2987e90001','4028810028a8ef8f0128a8f18bf209d6','511000','',null,null,'1',null,null,null,null,null,null);
insert into bd_dictionaryvalue(id,id_dictionary,id_parent,code,value,num,description,enableFlag,editableFlag,systemFlag,ft,lt,fu,lu) values('4028810028a8ef8f0128a8f194ac0a27','40288100288c226801288c2987e90001','4028810028a8ef8f0128a8f1948d0a26','511001','',null,null,'1',null,null,null,null,null,null);
insert into bd_dictionaryvalue(id,id_dictionary,id_parent,code,value,num,description,enableFlag,editableFlag,systemFlag,ft,lt,fu,lu) values('4028810028a8ef8f0128a8f194cb0a28','40288100288c226801288c2987e90001','4028810028a8ef8f0128a8f1948d0a26','511002','',null,null,'1',null,null,null,null,null,null);
insert into bd_dictionaryvalue(id,id_dictionary,id_parent,code,value,num,description,enableFlag,editableFlag,systemFlag,ft,lt,fu,lu) values('4028810028a8ef8f0128a8f194eb0a29','40288100288c226801288c2987e90001','4028810028a8ef8f0128a8f1948d0a26','511011','',null,null,'1',null,null,null,null,null,null);
insert into bd_dictionaryvalue(id,id_dictionary,id_parent,code,value,num,description,enableFlag,editableFlag,systemFlag,ft,lt,fu,lu) values('4028810028a8ef8f0128a8f1950a0a2a','40288100288c226801288c2987e90001','4028810028a8ef8f0128a8f1948d0a26','511024','',null,null,'1',null,null,null,null,null,null);
insert into bd_dictionaryvalue(id,id_dictionary,id_parent,code,value,num,description,enableFlag,editableFlag,systemFlag,ft,lt,fu,lu) values('4028810028a8ef8f0128a8f1951a0a2b','40288100288c226801288c2987e90001','4028810028a8ef8f0128a8f1948d0a26','511025','',null,null,'1',null,null,null,null,null,null);
insert into bd_dictionaryvalue(id,id_dictionary,id_parent,code,value,num,description,enableFlag,editableFlag,systemFlag,ft,lt,fu,lu) values('4028810028a8ef8f0128a8f195390a2c','40288100288c226801288c2987e90001','4028810028a8ef8f0128a8f1948d0a26','511028','',null,null,'1',null,null,null,null,null,null);
insert into bd_dictionaryvalue(id,id_dictionary,id_parent,code,value,num,description,enableFlag,editableFlag,systemFlag,ft,lt,fu,lu) values('4028810028a8ef8f0128a8f195580a2d','40288100288c226801288c2987e90001','4028810028a8ef8f0128a8f18bf209d6','511100','',null,null,'1',null,null,null,null,null,null);
insert into bd_dictionaryvalue(id,id_dictionary,id_parent,code,value,num,description,enableFlag,editableFlag,systemFlag,ft,lt,fu,lu) values('4028810028a8ef8f0128a8f195770a2e','40288100288c226801288c2987e90001','4028810028a8ef8f0128a8f195580a2d','511101','',null,null,'1',null,null,null,null,null,null);
insert into bd_dictionaryvalue(id,id_dictionary,id_parent,code,value,num,description,enableFlag,editableFlag,systemFlag,ft,lt,fu,lu) values('4028810028a8ef8f0128a8f195970a2f','40288100288c226801288c2987e90001','4028810028a8ef8f0128a8f195580a2d','511102','',null,null,'1',null,null,null,null,null,null);
insert into bd_dictionaryvalue(id,id_dictionary,id_parent,code,value,num,description,enableFlag,editableFlag,systemFlag,ft,lt,fu,lu) values('4028810028a8ef8f0128a8f195b60a30','40288100288c226801288c2987e90001','4028810028a8ef8f0128a8f195580a2d','511111','',null,null,'1',null,null,null,null,null,null);
insert into bd_dictionaryvalue(id,id_dictionary,id_parent,code,value,num,description,enableFlag,editableFlag,systemFlag,ft,lt,fu,lu) values('4028810028a8ef8f0128a8f195c50a31','40288100288c226801288c2987e90001','4028810028a8ef8f0128a8f195580a2d','511112','',null,null,'1',null,null,null,null,null,null);
insert into bd_dictionaryvalue(id,id_dictionary,id_parent,code,value,num,description,enableFlag,editableFlag,systemFlag,ft,lt,fu,lu) values('4028810028a8ef8f0128a8f195e50a32','40288100288c226801288c2987e90001','4028810028a8ef8f0128a8f195580a2d','511113','',null,null,'1',null,null,null,null,null,null);
insert into bd_dictionaryvalue(id,id_dictionary,id_parent,code,value,num,description,enableFlag,editableFlag,systemFlag,ft,lt,fu,lu) values('4028810028a8ef8f0128a8f196040a33','40288100288c226801288c2987e90001','4028810028a8ef8f0128a8f195580a2d','511123','',null,null,'1',null,null,null,null,null,null);
insert into bd_dictionaryvalue(id,id_dictionary,id_parent,code,value,num,description,enableFlag,editableFlag,systemFlag,ft,lt,fu,lu) values('4028810028a8ef8f0128a8f196230a34','40288100288c226801288c2987e90001','4028810028a8ef8f0128a8f195580a2d','511124','',null,null,'1',null,null,null,null,null,null);
insert into bd_dictionaryvalue(id,id_dictionary,id_parent,code,value,num,description,enableFlag,editableFlag,systemFlag,ft,lt,fu,lu) values('4028810028a8ef8f0128a8f196420a35','40288100288c226801288c2987e90001','4028810028a8ef8f0128a8f195580a2d','511126','',null,null,'1',null,null,null,null,null,null);
insert into bd_dictionaryvalue(id,id_dictionary,id_parent,code,value,num,description,enableFlag,editableFlag,systemFlag,ft,lt,fu,lu) values('4028810028a8ef8f0128a8f196520a36','40288100288c226801288c2987e90001','4028810028a8ef8f0128a8f195580a2d','511129','',null,null,'1',null,null,null,null,null,null);
insert into bd_dictionaryvalue(id,id_dictionary,id_parent,code,value,num,description,enableFlag,editableFlag,systemFlag,ft,lt,fu,lu) values('4028810028a8ef8f0128a8f196710a37','40288100288c226801288c2987e90001','4028810028a8ef8f0128a8f195580a2d','511132','',null,null,'1',null,null,null,null,null,null);
insert into bd_dictionaryvalue(id,id_dictionary,id_parent,code,value,num,description,enableFlag,editableFlag,systemFlag,ft,lt,fu,lu) values('4028810028a8ef8f0128a8f196910a38','40288100288c226801288c2987e90001','4028810028a8ef8f0128a8f195580a2d','511133','',null,null,'1',null,null,null,null,null,null);
insert into bd_dictionaryvalue(id,id_dictionary,id_parent,code,value,num,description,enableFlag,editableFlag,systemFlag,ft,lt,fu,lu) values('4028810028a8ef8f0128a8f196b00a39','40288100288c226801288c2987e90001','4028810028a8ef8f0128a8f195580a2d','511181','',null,null,'1',null,null,null,null,null,null);
insert into bd_dictionaryvalue(id,id_dictionary,id_parent,code,value,num,description,enableFlag,editableFlag,systemFlag,ft,lt,fu,lu) values('4028810028a8ef8f0128a8f196bf0a3a','40288100288c226801288c2987e90001','4028810028a8ef8f0128a8f18bf209d6','511300','',null,null,'1',null,null,null,null,null,null);
insert into bd_dictionaryvalue(id,id_dictionary,id_parent,code,value,num,description,enableFlag,editableFlag,systemFlag,ft,lt,fu,lu) values('4028810028a8ef8f0128a8f196df0a3b','40288100288c226801288c2987e90001','4028810028a8ef8f0128a8f196bf0a3a','511301','',null,null,'1',null,null,null,null,null,null);
insert into bd_dictionaryvalue(id,id_dictionary,id_parent,code,value,num,description,enableFlag,editableFlag,systemFlag,ft,lt,fu,lu) values('4028810028a8ef8f0128a8f196fe0a3c','40288100288c226801288c2987e90001','4028810028a8ef8f0128a8f196bf0a3a','511302','',null,null,'1',null,null,null,null,null,null);
insert into bd_dictionaryvalue(id,id_dictionary,id_parent,code,value,num,description,enableFlag,editableFlag,systemFlag,ft,lt,fu,lu) values('4028810028a8ef8f0128a8f1971d0a3d','40288100288c226801288c2987e90001','4028810028a8ef8f0128a8f196bf0a3a','511303','',null,null,'1',null,null,null,null,null,null);
insert into bd_dictionaryvalue(id,id_dictionary,id_parent,code,value,num,description,enableFlag,editableFlag,systemFlag,ft,lt,fu,lu) values('4028810028a8ef8f0128a8f1973c0a3e','40288100288c226801288c2987e90001','4028810028a8ef8f0128a8f196bf0a3a','511304','',null,null,'1',null,null,null,null,null,null);
insert into bd_dictionaryvalue(id,id_dictionary,id_parent,code,value,num,description,enableFlag,editableFlag,systemFlag,ft,lt,fu,lu) values('4028810028a8ef8f0128a8f1974c0a3f','40288100288c226801288c2987e90001','4028810028a8ef8f0128a8f196bf0a3a','511321','',null,null,'1',null,null,null,null,null,null);
insert into bd_dictionaryvalue(id,id_dictionary,id_parent,code,value,num,description,enableFlag,editableFlag,systemFlag,ft,lt,fu,lu) values('4028810028a8ef8f0128a8f1976b0a40','40288100288c226801288c2987e90001','4028810028a8ef8f0128a8f196bf0a3a','511322','',null,null,'1',null,null,null,null,null,null);
insert into bd_dictionaryvalue(id,id_dictionary,id_parent,code,value,num,description,enableFlag,editableFlag,systemFlag,ft,lt,fu,lu) values('4028810028a8ef8f0128a8f1978b0a41','40288100288c226801288c2987e90001','4028810028a8ef8f0128a8f196bf0a3a','511323','',null,null,'1',null,null,null,null,null,null);
insert into bd_dictionaryvalue(id,id_dictionary,id_parent,code,value,num,description,enableFlag,editableFlag,systemFlag,ft,lt,fu,lu) values('4028810028a8ef8f0128a8f197aa0a42','40288100288c226801288c2987e90001','4028810028a8ef8f0128a8f196bf0a3a','511324','',null,null,'1',null,null,null,null,null,null);
insert into bd_dictionaryvalue(id,id_dictionary,id_parent,code,value,num,description,enableFlag,editableFlag,systemFlag,ft,lt,fu,lu) values('4028810028a8ef8f0128a8f197b90a43','40288100288c226801288c2987e90001','4028810028a8ef8f0128a8f196bf0a3a','511325','',null,null,'1',null,null,null,null,null,null);
insert into bd_dictionaryvalue(id,id_dictionary,id_parent,code,value,num,description,enableFlag,editableFlag,systemFlag,ft,lt,fu,lu) values('4028810028a8ef8f0128a8f197d90a44','40288100288c226801288c2987e90001','4028810028a8ef8f0128a8f196bf0a3a','511381','',null,null,'1',null,null,null,null,null,null);
insert into bd_dictionaryvalue(id,id_dictionary,id_parent,code,value,num,description,enableFlag,editableFlag,systemFlag,ft,lt,fu,lu) values('4028810028a8ef8f0128a8f197f80a45','40288100288c226801288c2987e90001','4028810028a8ef8f0128a8f18bf209d6','511400','',null,null,'1',null,null,null,null,null,null);
insert into bd_dictionaryvalue(id,id_dictionary,id_parent,code,value,num,description,enableFlag,editableFlag,systemFlag,ft,lt,fu,lu) values('4028810028a8ef8f0128a8f198170a46','40288100288c226801288c2987e90001','4028810028a8ef8f0128a8f197f80a45','511401','',null,null,'1',null,null,null,null,null,null);
insert into bd_dictionaryvalue(id,id_dictionary,id_parent,code,value,num,description,enableFlag,editableFlag,systemFlag,ft,lt,fu,lu) values('4028810028a8ef8f0128a8f198360a47','40288100288c226801288c2987e90001','4028810028a8ef8f0128a8f197f80a45','511402','',null,null,'1',null,null,null,null,null,null);
insert into bd_dictionaryvalue(id,id_dictionary,id_parent,code,value,num,description,enableFlag,editableFlag,systemFlag,ft,lt,fu,lu) values('4028810028a8ef8f0128a8f198460a48','40288100288c226801288c2987e90001','4028810028a8ef8f0128a8f197f80a45','511421','',null,null,'1',null,null,null,null,null,null);
insert into bd_dictionaryvalue(id,id_dictionary,id_parent,code,value,num,description,enableFlag,editableFlag,systemFlag,ft,lt,fu,lu) values('4028810028a8ef8f0128a8f198650a49','40288100288c226801288c2987e90001','4028810028a8ef8f0128a8f197f80a45','511422','',null,null,'1',null,null,null,null,null,null);
insert into bd_dictionaryvalue(id,id_dictionary,id_parent,code,value,num,description,enableFlag,editableFlag,systemFlag,ft,lt,fu,lu) values('4028810028a8ef8f0128a8f198850a4a','40288100288c226801288c2987e90001','4028810028a8ef8f0128a8f197f80a45','511423','',null,null,'1',null,null,null,null,null,null);
insert into bd_dictionaryvalue(id,id_dictionary,id_parent,code,value,num,description,enableFlag,editableFlag,systemFlag,ft,lt,fu,lu) values('4028810028a8ef8f0128a8f198a40a4b','40288100288c226801288c2987e90001','4028810028a8ef8f0128a8f197f80a45','511424','',null,null,'1',null,null,null,null,null,null);
insert into bd_dictionaryvalue(id,id_dictionary,id_parent,code,value,num,description,enableFlag,editableFlag,systemFlag,ft,lt,fu,lu) values('4028810028a8ef8f0128a8f198c30a4c','40288100288c226801288c2987e90001','4028810028a8ef8f0128a8f197f80a45','511425','',null,null,'1',null,null,null,null,null,null);
insert into bd_dictionaryvalue(id,id_dictionary,id_parent,code,value,num,description,enableFlag,editableFlag,systemFlag,ft,lt,fu,lu) values('4028810028a8ef8f0128a8f198d30a4d','40288100288c226801288c2987e90001','4028810028a8ef8f0128a8f18bf209d6','511500','',null,null,'1',null,null,null,null,null,null);
insert into bd_dictionaryvalue(id,id_dictionary,id_parent,code,value,num,description,enableFlag,editableFlag,systemFlag,ft,lt,fu,lu) values('4028810028a8ef8f0128a8f198f20a4e','40288100288c226801288c2987e90001','4028810028a8ef8f0128a8f198d30a4d','511501','',null,null,'1',null,null,null,null,null,null);
insert into bd_dictionaryvalue(id,id_dictionary,id_parent,code,value,num,description,enableFlag,editableFlag,systemFlag,ft,lt,fu,lu) values('4028810028a8ef8f0128a8f199110a4f','40288100288c226801288c2987e90001','4028810028a8ef8f0128a8f198d30a4d','511502','',null,null,'1',null,null,null,null,null,null);
insert into bd_dictionaryvalue(id,id_dictionary,id_parent,code,value,num,description,enableFlag,editableFlag,systemFlag,ft,lt,fu,lu) values('4028810028a8ef8f0128a8f199300a50','40288100288c226801288c2987e90001','4028810028a8ef8f0128a8f198d30a4d','511521','',null,null,'1',null,null,null,null,null,null);
insert into bd_dictionaryvalue(id,id_dictionary,id_parent,code,value,num,description,enableFlag,editableFlag,systemFlag,ft,lt,fu,lu) values('4028810028a8ef8f0128a8f199500a51','40288100288c226801288c2987e90001','4028810028a8ef8f0128a8f198d30a4d','511522','',null,null,'1',null,null,null,null,null,null);
insert into bd_dictionaryvalue(id,id_dictionary,id_parent,code,value,num,description,enableFlag,editableFlag,systemFlag,ft,lt,fu,lu) values('4028810028a8ef8f0128a8f1995f0a52','40288100288c226801288c2987e90001','4028810028a8ef8f0128a8f198d30a4d','511523','',null,null,'1',null,null,null,null,null,null);
insert into bd_dictionaryvalue(id,id_dictionary,id_parent,code,value,num,description,enableFlag,editableFlag,systemFlag,ft,lt,fu,lu) values('4028810028a8ef8f0128a8f1997f0a53','40288100288c226801288c2987e90001','4028810028a8ef8f0128a8f198d30a4d','511524','',null,null,'1',null,null,null,null,null,null);
insert into bd_dictionaryvalue(id,id_dictionary,id_parent,code,value,num,description,enableFlag,editableFlag,systemFlag,ft,lt,fu,lu) values('4028810028a8ef8f0128a8f1999e0a54','40288100288c226801288c2987e90001','4028810028a8ef8f0128a8f198d30a4d','511525','',null,null,'1',null,null,null,null,null,null);
insert into bd_dictionaryvalue(id,id_dictionary,id_parent,code,value,num,description,enableFlag,editableFlag,systemFlag,ft,lt,fu,lu) values('4028810028a8ef8f0128a8f199bd0a55','40288100288c226801288c2987e90001','4028810028a8ef8f0128a8f198d30a4d','511526','',null,null,'1',null,null,null,null,null,null);
insert into bd_dictionaryvalue(id,id_dictionary,id_parent,code,value,num,description,enableFlag,editableFlag,systemFlag,ft,lt,fu,lu) values('4028810028a8ef8f0128a8f199dc0a56','40288100288c226801288c2987e90001','4028810028a8ef8f0128a8f198d30a4d','511527','',null,null,'1',null,null,null,null,null,null);
insert into bd_dictionaryvalue(id,id_dictionary,id_parent,code,value,num,description,enableFlag,editableFlag,systemFlag,ft,lt,fu,lu) values('4028810028a8ef8f0128a8f199fc0a57','40288100288c226801288c2987e90001','4028810028a8ef8f0128a8f198d30a4d','511528','',null,null,'1',null,null,null,null,null,null);
insert into bd_dictionaryvalue(id,id_dictionary,id_parent,code,value,num,description,enableFlag,editableFlag,systemFlag,ft,lt,fu,lu) values('4028810028a8ef8f0128a8f19a1b0a58','40288100288c226801288c2987e90001','4028810028a8ef8f0128a8f198d30a4d','511529','',null,null,'1',null,null,null,null,null,null);
insert into bd_dictionaryvalue(id,id_dictionary,id_parent,code,value,num,description,enableFlag,editableFlag,systemFlag,ft,lt,fu,lu) values('4028810028a8ef8f0128a8f19a3a0a59','40288100288c226801288c2987e90001','4028810028a8ef8f0128a8f18bf209d6','511600','',null,null,'1',null,null,null,null,null,null);
insert into bd_dictionaryvalue(id,id_dictionary,id_parent,code,value,num,description,enableFlag,editableFlag,systemFlag,ft,lt,fu,lu) values('4028810028a8ef8f0128a8f19a4a0a5a','40288100288c226801288c2987e90001','4028810028a8ef8f0128a8f19a3a0a59','511601','',null,null,'1',null,null,null,null,null,null);
insert into bd_dictionaryvalue(id,id_dictionary,id_parent,code,value,num,description,enableFlag,editableFlag,systemFlag,ft,lt,fu,lu) values('4028810028a8ef8f0128a8f19a690a5b','40288100288c226801288c2987e90001','4028810028a8ef8f0128a8f19a3a0a59','511602','',null,null,'1',null,null,null,null,null,null);
insert into bd_dictionaryvalue(id,id_dictionary,id_parent,code,value,num,description,enableFlag,editableFlag,systemFlag,ft,lt,fu,lu) values('4028810028a8ef8f0128a8f19a880a5c','40288100288c226801288c2987e90001','4028810028a8ef8f0128a8f19a3a0a59','511621','',null,null,'1',null,null,null,null,null,null);
insert into bd_dictionaryvalue(id,id_dictionary,id_parent,code,value,num,description,enableFlag,editableFlag,systemFlag,ft,lt,fu,lu) values('4028810028a8ef8f0128a8f19aa70a5d','40288100288c226801288c2987e90001','4028810028a8ef8f0128a8f19a3a0a59','511622','',null,null,'1',null,null,null,null,null,null);
insert into bd_dictionaryvalue(id,id_dictionary,id_parent,code,value,num,description,enableFlag,editableFlag,systemFlag,ft,lt,fu,lu) values('4028810028a8ef8f0128a8f19ab70a5e','40288100288c226801288c2987e90001','4028810028a8ef8f0128a8f19a3a0a59','511623','',null,null,'1',null,null,null,null,null,null);
insert into bd_dictionaryvalue(id,id_dictionary,id_parent,code,value,num,description,enableFlag,editableFlag,systemFlag,ft,lt,fu,lu) values('4028810028a8ef8f0128a8f19ad60a5f','40288100288c226801288c2987e90001','4028810028a8ef8f0128a8f19a3a0a59','511681','',null,null,'1',null,null,null,null,null,null);
insert into bd_dictionaryvalue(id,id_dictionary,id_parent,code,value,num,description,enableFlag,editableFlag,systemFlag,ft,lt,fu,lu) values('4028810028a8ef8f0128a8f19af60a60','40288100288c226801288c2987e90001','4028810028a8ef8f0128a8f18bf209d6','511700','',null,null,'1',null,null,null,null,null,null);
insert into bd_dictionaryvalue(id,id_dictionary,id_parent,code,value,num,description,enableFlag,editableFlag,systemFlag,ft,lt,fu,lu) values('4028810028a8ef8f0128a8f19b150a61','40288100288c226801288c2987e90001','4028810028a8ef8f0128a8f19af60a60','511701','',null,null,'1',null,null,null,null,null,null);
insert into bd_dictionaryvalue(id,id_dictionary,id_parent,code,value,num,description,enableFlag,editableFlag,systemFlag,ft,lt,fu,lu) values('4028810028a8ef8f0128a8f19b340a62','40288100288c226801288c2987e90001','4028810028a8ef8f0128a8f19af60a60','511702','',null,null,'1',null,null,null,null,null,null);
insert into bd_dictionaryvalue(id,id_dictionary,id_parent,code,value,num,description,enableFlag,editableFlag,systemFlag,ft,lt,fu,lu) values('4028810028a8ef8f0128a8f19b530a63','40288100288c226801288c2987e90001','4028810028a8ef8f0128a8f19af60a60','511721','',null,null,'1',null,null,null,null,null,null);
insert into bd_dictionaryvalue(id,id_dictionary,id_parent,code,value,num,description,enableFlag,editableFlag,systemFlag,ft,lt,fu,lu) values('4028810028a8ef8f0128a8f19b630a64','40288100288c226801288c2987e90001','4028810028a8ef8f0128a8f19af60a60','511722','',null,null,'1',null,null,null,null,null,null);
insert into bd_dictionaryvalue(id,id_dictionary,id_parent,code,value,num,description,enableFlag,editableFlag,systemFlag,ft,lt,fu,lu) values('4028810028a8ef8f0128a8f19b820a65','40288100288c226801288c2987e90001','4028810028a8ef8f0128a8f19af60a60','511723','',null,null,'1',null,null,null,null,null,null);
insert into bd_dictionaryvalue(id,id_dictionary,id_parent,code,value,num,description,enableFlag,editableFlag,systemFlag,ft,lt,fu,lu) values('4028810028a8ef8f0128a8f19ba10a66','40288100288c226801288c2987e90001','4028810028a8ef8f0128a8f19af60a60','511724','',null,null,'1',null,null,null,null,null,null);
insert into bd_dictionaryvalue(id,id_dictionary,id_parent,code,value,num,description,enableFlag,editableFlag,systemFlag,ft,lt,fu,lu) values('4028810028a8ef8f0128a8f19bc10a67','40288100288c226801288c2987e90001','4028810028a8ef8f0128a8f19af60a60','511725','',null,null,'1',null,null,null,null,null,null);
insert into bd_dictionaryvalue(id,id_dictionary,id_parent,code,value,num,description,enableFlag,editableFlag,systemFlag,ft,lt,fu,lu) values('4028810028a8ef8f0128a8f19be00a68','40288100288c226801288c2987e90001','4028810028a8ef8f0128a8f19af60a60','511781','',null,null,'1',null,null,null,null,null,null);
insert into bd_dictionaryvalue(id,id_dictionary,id_parent,code,value,num,description,enableFlag,editableFlag,systemFlag,ft,lt,fu,lu) values('4028810028a8ef8f0128a8f19bf00a69','40288100288c226801288c2987e90001','4028810028a8ef8f0128a8f18bf209d6','511800','',null,null,'1',null,null,null,null,null,null);
insert into bd_dictionaryvalue(id,id_dictionary,id_parent,code,value,num,description,enableFlag,editableFlag,systemFlag,ft,lt,fu,lu) values('4028810028a8ef8f0128a8f19c0f0a6a','40288100288c226801288c2987e90001','4028810028a8ef8f0128a8f19bf00a69','511801','',null,null,'1',null,null,null,null,null,null);
insert into bd_dictionaryvalue(id,id_dictionary,id_parent,code,value,num,description,enableFlag,editableFlag,systemFlag,ft,lt,fu,lu) values('4028810028a8ef8f0128a8f19c2e0a6b','40288100288c226801288c2987e90001','4028810028a8ef8f0128a8f19bf00a69','511802','',null,null,'1',null,null,null,null,null,null);
insert into bd_dictionaryvalue(id,id_dictionary,id_parent,code,value,num,description,enableFlag,editableFlag,systemFlag,ft,lt,fu,lu) values('4028810028a8ef8f0128a8f19c4d0a6c','40288100288c226801288c2987e90001','4028810028a8ef8f0128a8f19bf00a69','511821','',null,null,'1',null,null,null,null,null,null);
insert into bd_dictionaryvalue(id,id_dictionary,id_parent,code,value,num,description,enableFlag,editableFlag,systemFlag,ft,lt,fu,lu) values('4028810028a8ef8f0128a8f19c7c0a6d','40288100288c226801288c2987e90001','4028810028a8ef8f0128a8f19bf00a69','511822','',null,null,'1',null,null,null,null,null,null);
insert into bd_dictionaryvalue(id,id_dictionary,id_parent,code,value,num,description,enableFlag,editableFlag,systemFlag,ft,lt,fu,lu) values('4028810028a8ef8f0128a8f19c8c0a6e','40288100288c226801288c2987e90001','4028810028a8ef8f0128a8f19bf00a69','511823','',null,null,'1',null,null,null,null,null,null);
insert into bd_dictionaryvalue(id,id_dictionary,id_parent,code,value,num,description,enableFlag,editableFlag,systemFlag,ft,lt,fu,lu) values('4028810028a8ef8f0128a8f19cab0a6f','40288100288c226801288c2987e90001','4028810028a8ef8f0128a8f19bf00a69','511824','',null,null,'1',null,null,null,null,null,null);
insert into bd_dictionaryvalue(id,id_dictionary,id_parent,code,value,num,description,enableFlag,editableFlag,systemFlag,ft,lt,fu,lu) values('4028810028a8ef8f0128a8f19cca0a70','40288100288c226801288c2987e90001','4028810028a8ef8f0128a8f19bf00a69','511825','',null,null,'1',null,null,null,null,null,null);
insert into bd_dictionaryvalue(id,id_dictionary,id_parent,code,value,num,description,enableFlag,editableFlag,systemFlag,ft,lt,fu,lu) values('4028810028a8ef8f0128a8f19cea0a71','40288100288c226801288c2987e90001','4028810028a8ef8f0128a8f19bf00a69','511826','',null,null,'1',null,null,null,null,null,null);
insert into bd_dictionaryvalue(id,id_dictionary,id_parent,code,value,num,description,enableFlag,editableFlag,systemFlag,ft,lt,fu,lu) values('4028810028a8ef8f0128a8f19cf90a72','40288100288c226801288c2987e90001','4028810028a8ef8f0128a8f19bf00a69','511827','',null,null,'1',null,null,null,null,null,null);
insert into bd_dictionaryvalue(id,id_dictionary,id_parent,code,value,num,description,enableFlag,editableFlag,systemFlag,ft,lt,fu,lu) values('4028810028a8ef8f0128a8f19d180a73','40288100288c226801288c2987e90001','4028810028a8ef8f0128a8f18bf209d6','511900','',null,null,'1',null,null,null,null,null,null);
insert into bd_dictionaryvalue(id,id_dictionary,id_parent,code,value,num,description,enableFlag,editableFlag,systemFlag,ft,lt,fu,lu) values('4028810028a8ef8f0128a8f19d380a74','40288100288c226801288c2987e90001','4028810028a8ef8f0128a8f19d180a73','511901','',null,null,'1',null,null,null,null,null,null);
insert into bd_dictionaryvalue(id,id_dictionary,id_parent,code,value,num,description,enableFlag,editableFlag,systemFlag,ft,lt,fu,lu) values('4028810028a8ef8f0128a8f19d570a75','40288100288c226801288c2987e90001','4028810028a8ef8f0128a8f19d180a73','511902','',null,null,'1',null,null,null,null,null,null);
insert into bd_dictionaryvalue(id,id_dictionary,id_parent,code,value,num,description,enableFlag,editableFlag,systemFlag,ft,lt,fu,lu) values('4028810028a8ef8f0128a8f19d760a76','40288100288c226801288c2987e90001','4028810028a8ef8f0128a8f19d180a73','511921','',null,null,'1',null,null,null,null,null,null);
insert into bd_dictionaryvalue(id,id_dictionary,id_parent,code,value,num,description,enableFlag,editableFlag,systemFlag,ft,lt,fu,lu) values('4028810028a8ef8f0128a8f19d860a77','40288100288c226801288c2987e90001','4028810028a8ef8f0128a8f19d180a73','511922','',null,null,'1',null,null,null,null,null,null);
insert into bd_dictionaryvalue(id,id_dictionary,id_parent,code,value,num,description,enableFlag,editableFlag,systemFlag,ft,lt,fu,lu) values('4028810028a8ef8f0128a8f19db50a78','40288100288c226801288c2987e90001','4028810028a8ef8f0128a8f19d180a73','511923','',null,null,'1',null,null,null,null,null,null);
insert into bd_dictionaryvalue(id,id_dictionary,id_parent,code,value,num,description,enableFlag,editableFlag,systemFlag,ft,lt,fu,lu) values('4028810028a8ef8f0128a8f19dd40a79','40288100288c226801288c2987e90001','4028810028a8ef8f0128a8f18bf209d6','512000','',null,null,'1',null,null,null,null,null,null);
insert into bd_dictionaryvalue(id,id_dictionary,id_parent,code,value,num,description,enableFlag,editableFlag,systemFlag,ft,lt,fu,lu) values('4028810028a8ef8f0128a8f19de40a7a','40288100288c226801288c2987e90001','4028810028a8ef8f0128a8f19dd40a79','512001','',null,null,'1',null,null,null,null,null,null);
insert into bd_dictionaryvalue(id,id_dictionary,id_parent,code,value,num,description,enableFlag,editableFlag,systemFlag,ft,lt,fu,lu) values('4028810028a8ef8f0128a8f19e030a7b','40288100288c226801288c2987e90001','4028810028a8ef8f0128a8f19dd40a79','512002','',null,null,'1',null,null,null,null,null,null);
insert into bd_dictionaryvalue(id,id_dictionary,id_parent,code,value,num,description,enableFlag,editableFlag,systemFlag,ft,lt,fu,lu) values('4028810028a8ef8f0128a8f19e220a7c','40288100288c226801288c2987e90001','4028810028a8ef8f0128a8f19dd40a79','512021','',null,null,'1',null,null,null,null,null,null);
insert into bd_dictionaryvalue(id,id_dictionary,id_parent,code,value,num,description,enableFlag,editableFlag,systemFlag,ft,lt,fu,lu) values('4028810028a8ef8f0128a8f19e410a7d','40288100288c226801288c2987e90001','4028810028a8ef8f0128a8f19dd40a79','512022','',null,null,'1',null,null,null,null,null,null);
insert into bd_dictionaryvalue(id,id_dictionary,id_parent,code,value,num,description,enableFlag,editableFlag,systemFlag,ft,lt,fu,lu) values('4028810028a8ef8f0128a8f19e610a7e','40288100288c226801288c2987e90001','4028810028a8ef8f0128a8f19dd40a79','512081','',null,null,'1',null,null,null,null,null,null);
insert into bd_dictionaryvalue(id,id_dictionary,id_parent,code,value,num,description,enableFlag,editableFlag,systemFlag,ft,lt,fu,lu) values('4028810028a8ef8f0128a8f19e700a7f','40288100288c226801288c2987e90001','4028810028a8ef8f0128a8f18bf209d6','513200','',null,null,'1',null,null,null,null,null,null);
insert into bd_dictionaryvalue(id,id_dictionary,id_parent,code,value,num,description,enableFlag,editableFlag,systemFlag,ft,lt,fu,lu) values('4028810028a8ef8f0128a8f19e8f0a80','40288100288c226801288c2987e90001','4028810028a8ef8f0128a8f19e700a7f','513221','',null,null,'1',null,null,null,null,null,null);
insert into bd_dictionaryvalue(id,id_dictionary,id_parent,code,value,num,description,enableFlag,editableFlag,systemFlag,ft,lt,fu,lu) values('4028810028a8ef8f0128a8f19eaf0a81','40288100288c226801288c2987e90001','4028810028a8ef8f0128a8f19e700a7f','513222','',null,null,'1',null,null,null,null,null,null);
insert into bd_dictionaryvalue(id,id_dictionary,id_parent,code,value,num,description,enableFlag,editableFlag,systemFlag,ft,lt,fu,lu) values('4028810028a8ef8f0128a8f19ece0a82','40288100288c226801288c2987e90001','4028810028a8ef8f0128a8f19e700a7f','513223','',null,null,'1',null,null,null,null,null,null);
insert into bd_dictionaryvalue(id,id_dictionary,id_parent,code,value,num,description,enableFlag,editableFlag,systemFlag,ft,lt,fu,lu) values('4028810028a8ef8f0128a8f19eed0a83','40288100288c226801288c2987e90001','4028810028a8ef8f0128a8f19e700a7f','513224','',null,null,'1',null,null,null,null,null,null);
insert into bd_dictionaryvalue(id,id_dictionary,id_parent,code,value,num,description,enableFlag,editableFlag,systemFlag,ft,lt,fu,lu) values('4028810028a8ef8f0128a8f19efd0a84','40288100288c226801288c2987e90001','4028810028a8ef8f0128a8f19e700a7f','513225','',null,null,'1',null,null,null,null,null,null);
insert into bd_dictionaryvalue(id,id_dictionary,id_parent,code,value,num,description,enableFlag,editableFlag,systemFlag,ft,lt,fu,lu) values('4028810028a8ef8f0128a8f19f2c0a85','40288100288c226801288c2987e90001','4028810028a8ef8f0128a8f19e700a7f','513226','',null,null,'1',null,null,null,null,null,null);
insert into bd_dictionaryvalue(id,id_dictionary,id_parent,code,value,num,description,enableFlag,editableFlag,systemFlag,ft,lt,fu,lu) values('4028810028a8ef8f0128a8f19f3b0a86','40288100288c226801288c2987e90001','4028810028a8ef8f0128a8f19e700a7f','513227','',null,null,'1',null,null,null,null,null,null);
insert into bd_dictionaryvalue(id,id_dictionary,id_parent,code,value,num,description,enableFlag,editableFlag,systemFlag,ft,lt,fu,lu) values('4028810028a8ef8f0128a8f19f5b0a87','40288100288c226801288c2987e90001','4028810028a8ef8f0128a8f19e700a7f','513228','',null,null,'1',null,null,null,null,null,null);
insert into bd_dictionaryvalue(id,id_dictionary,id_parent,code,value,num,description,enableFlag,editableFlag,systemFlag,ft,lt,fu,lu) values('4028810028a8ef8f0128a8f19f7a0a88','40288100288c226801288c2987e90001','4028810028a8ef8f0128a8f19e700a7f','513229','',null,null,'1',null,null,null,null,null,null);
insert into bd_dictionaryvalue(id,id_dictionary,id_parent,code,value,num,description,enableFlag,editableFlag,systemFlag,ft,lt,fu,lu) values('4028810028a8ef8f0128a8f19f990a89','40288100288c226801288c2987e90001','4028810028a8ef8f0128a8f19e700a7f','513230','',null,null,'1',null,null,null,null,null,null);
insert into bd_dictionaryvalue(id,id_dictionary,id_parent,code,value,num,description,enableFlag,editableFlag,systemFlag,ft,lt,fu,lu) values('4028810028a8ef8f0128a8f19fb80a8a','40288100288c226801288c2987e90001','4028810028a8ef8f0128a8f19e700a7f','513231','',null,null,'1',null,null,null,null,null,null);
insert into bd_dictionaryvalue(id,id_dictionary,id_parent,code,value,num,description,enableFlag,editableFlag,systemFlag,ft,lt,fu,lu) values('4028810028a8ef8f0128a8f19fc80a8b','40288100288c226801288c2987e90001','4028810028a8ef8f0128a8f19e700a7f','513232','',null,null,'1',null,null,null,null,null,null);
insert into bd_dictionaryvalue(id,id_dictionary,id_parent,code,value,num,description,enableFlag,editableFlag,systemFlag,ft,lt,fu,lu) values('4028810028a8ef8f0128a8f19ff70a8c','40288100288c226801288c2987e90001','4028810028a8ef8f0128a8f19e700a7f','513233','',null,null,'1',null,null,null,null,null,null);
insert into bd_dictionaryvalue(id,id_dictionary,id_parent,code,value,num,description,enableFlag,editableFlag,systemFlag,ft,lt,fu,lu) values('4028810028a8ef8f0128a8f1a0060a8d','40288100288c226801288c2987e90001','4028810028a8ef8f0128a8f18bf209d6','513300','',null,null,'1',null,null,null,null,null,null);
insert into bd_dictionaryvalue(id,id_dictionary,id_parent,code,value,num,description,enableFlag,editableFlag,systemFlag,ft,lt,fu,lu) values('4028810028a8ef8f0128a8f1a0260a8e','40288100288c226801288c2987e90001','4028810028a8ef8f0128a8f1a0060a8d','513321','',null,null,'1',null,null,null,null,null,null);
insert into bd_dictionaryvalue(id,id_dictionary,id_parent,code,value,num,description,enableFlag,editableFlag,systemFlag,ft,lt,fu,lu) values('4028810028a8ef8f0128a8f1a0450a8f','40288100288c226801288c2987e90001','4028810028a8ef8f0128a8f1a0060a8d','513322','',null,null,'1',null,null,null,null,null,null);
insert into bd_dictionaryvalue(id,id_dictionary,id_parent,code,value,num,description,enableFlag,editableFlag,systemFlag,ft,lt,fu,lu) values('4028810028a8ef8f0128a8f1a0640a90','40288100288c226801288c2987e90001','4028810028a8ef8f0128a8f1a0060a8d','513323','',null,null,'1',null,null,null,null,null,null);
insert into bd_dictionaryvalue(id,id_dictionary,id_parent,code,value,num,description,enableFlag,editableFlag,systemFlag,ft,lt,fu,lu) values('4028810028a8ef8f0128a8f1a0830a91','40288100288c226801288c2987e90001','4028810028a8ef8f0128a8f1a0060a8d','513324','',null,null,'1',null,null,null,null,null,null);
insert into bd_dictionaryvalue(id,id_dictionary,id_parent,code,value,num,description,enableFlag,editableFlag,systemFlag,ft,lt,fu,lu) values('4028810028a8ef8f0128a8f1a0930a92','40288100288c226801288c2987e90001','4028810028a8ef8f0128a8f1a0060a8d','513325','',null,null,'1',null,null,null,null,null,null);
insert into bd_dictionaryvalue(id,id_dictionary,id_parent,code,value,num,description,enableFlag,editableFlag,systemFlag,ft,lt,fu,lu) values('4028810028a8ef8f0128a8f1a0b20a93','40288100288c226801288c2987e90001','4028810028a8ef8f0128a8f1a0060a8d','513326','',null,null,'1',null,null,null,null,null,null);
insert into bd_dictionaryvalue(id,id_dictionary,id_parent,code,value,num,description,enableFlag,editableFlag,systemFlag,ft,lt,fu,lu) values('4028810028a8ef8f0128a8f1a0d20a94','40288100288c226801288c2987e90001','4028810028a8ef8f0128a8f1a0060a8d','513327','',null,null,'1',null,null,null,null,null,null);
insert into bd_dictionaryvalue(id,id_dictionary,id_parent,code,value,num,description,enableFlag,editableFlag,systemFlag,ft,lt,fu,lu) values('4028810028a8ef8f0128a8f1a0f10a95','40288100288c226801288c2987e90001','4028810028a8ef8f0128a8f1a0060a8d','513328','',null,null,'1',null,null,null,null,null,null);
insert into bd_dictionaryvalue(id,id_dictionary,id_parent,code,value,num,description,enableFlag,editableFlag,systemFlag,ft,lt,fu,lu) values('4028810028a8ef8f0128a8f1a1100a96','40288100288c226801288c2987e90001','4028810028a8ef8f0128a8f1a0060a8d','513329','',null,null,'1',null,null,null,null,null,null);
insert into bd_dictionaryvalue(id,id_dictionary,id_parent,code,value,num,description,enableFlag,editableFlag,systemFlag,ft,lt,fu,lu) values('4028810028a8ef8f0128a8f1a12f0a97','40288100288c226801288c2987e90001','4028810028a8ef8f0128a8f1a0060a8d','513330','',null,null,'1',null,null,null,null,null,null);
insert into bd_dictionaryvalue(id,id_dictionary,id_parent,code,value,num,description,enableFlag,editableFlag,systemFlag,ft,lt,fu,lu) values('4028810028a8ef8f0128a8f1a14f0a98','40288100288c226801288c2987e90001','4028810028a8ef8f0128a8f1a0060a8d','513331','',null,null,'1',null,null,null,null,null,null);
insert into bd_dictionaryvalue(id,id_dictionary,id_parent,code,value,num,description,enableFlag,editableFlag,systemFlag,ft,lt,fu,lu) values('4028810028a8ef8f0128a8f1a16e0a99','40288100288c226801288c2987e90001','4028810028a8ef8f0128a8f1a0060a8d','513332','',null,null,'1',null,null,null,null,null,null);
insert into bd_dictionaryvalue(id,id_dictionary,id_parent,code,value,num,description,enableFlag,editableFlag,systemFlag,ft,lt,fu,lu) values('4028810028a8ef8f0128a8f1a18d0a9a','40288100288c226801288c2987e90001','4028810028a8ef8f0128a8f1a0060a8d','513333','',null,null,'1',null,null,null,null,null,null);
insert into bd_dictionaryvalue(id,id_dictionary,id_parent,code,value,num,description,enableFlag,editableFlag,systemFlag,ft,lt,fu,lu) values('4028810028a8ef8f0128a8f1a19d0a9b','40288100288c226801288c2987e90001','4028810028a8ef8f0128a8f1a0060a8d','513334','',null,null,'1',null,null,null,null,null,null);
insert into bd_dictionaryvalue(id,id_dictionary,id_parent,code,value,num,description,enableFlag,editableFlag,systemFlag,ft,lt,fu,lu) values('4028810028a8ef8f0128a8f1a1bc0a9c','40288100288c226801288c2987e90001','4028810028a8ef8f0128a8f1a0060a8d','513335','',null,null,'1',null,null,null,null,null,null);
insert into bd_dictionaryvalue(id,id_dictionary,id_parent,code,value,num,description,enableFlag,editableFlag,systemFlag,ft,lt,fu,lu) values('4028810028a8ef8f0128a8f1a1db0a9d','40288100288c226801288c2987e90001','4028810028a8ef8f0128a8f1a0060a8d','513336','',null,null,'1',null,null,null,null,null,null);
insert into bd_dictionaryvalue(id,id_dictionary,id_parent,code,value,num,description,enableFlag,editableFlag,systemFlag,ft,lt,fu,lu) values('4028810028a8ef8f0128a8f1a1fa0a9e','40288100288c226801288c2987e90001','4028810028a8ef8f0128a8f1a0060a8d','513337','',null,null,'1',null,null,null,null,null,null);
insert into bd_dictionaryvalue(id,id_dictionary,id_parent,code,value,num,description,enableFlag,editableFlag,systemFlag,ft,lt,fu,lu) values('4028810028a8ef8f0128a8f1a21a0a9f','40288100288c226801288c2987e90001','4028810028a8ef8f0128a8f1a0060a8d','513338','',null,null,'1',null,null,null,null,null,null);
insert into bd_dictionaryvalue(id,id_dictionary,id_parent,code,value,num,description,enableFlag,editableFlag,systemFlag,ft,lt,fu,lu) values('4028810028a8ef8f0128a8f1a2290aa0','40288100288c226801288c2987e90001','4028810028a8ef8f0128a8f18bf209d6','513400','',null,null,'1',null,null,null,null,null,null);
insert into bd_dictionaryvalue(id,id_dictionary,id_parent,code,value,num,description,enableFlag,editableFlag,systemFlag,ft,lt,fu,lu) values('4028810028a8ef8f0128a8f1a2490aa1','40288100288c226801288c2987e90001','4028810028a8ef8f0128a8f1a2290aa0','513401','',null,null,'1',null,null,null,null,null,null);
insert into bd_dictionaryvalue(id,id_dictionary,id_parent,code,value,num,description,enableFlag,editableFlag,systemFlag,ft,lt,fu,lu) values('4028810028a8ef8f0128a8f1a2680aa2','40288100288c226801288c2987e90001','4028810028a8ef8f0128a8f1a2290aa0','513422','',null,null,'1',null,null,null,null,null,null);
insert into bd_dictionaryvalue(id,id_dictionary,id_parent,code,value,num,description,enableFlag,editableFlag,systemFlag,ft,lt,fu,lu) values('4028810028a8ef8f0128a8f1a2870aa3','40288100288c226801288c2987e90001','4028810028a8ef8f0128a8f1a2290aa0','513423','',null,null,'1',null,null,null,null,null,null);
insert into bd_dictionaryvalue(id,id_dictionary,id_parent,code,value,num,description,enableFlag,editableFlag,systemFlag,ft,lt,fu,lu) values('4028810028a8ef8f0128a8f1a2a60aa4','40288100288c226801288c2987e90001','4028810028a8ef8f0128a8f1a2290aa0','513424','',null,null,'1',null,null,null,null,null,null);
insert into bd_dictionaryvalue(id,id_dictionary,id_parent,code,value,num,description,enableFlag,editableFlag,systemFlag,ft,lt,fu,lu) values('4028810028a8ef8f0128a8f1a2c60aa5','40288100288c226801288c2987e90001','4028810028a8ef8f0128a8f1a2290aa0','513425','',null,null,'1',null,null,null,null,null,null);
insert into bd_dictionaryvalue(id,id_dictionary,id_parent,code,value,num,description,enableFlag,editableFlag,systemFlag,ft,lt,fu,lu) values('4028810028a8ef8f0128a8f1a2d50aa6','40288100288c226801288c2987e90001','4028810028a8ef8f0128a8f1a2290aa0','513426','',null,null,'1',null,null,null,null,null,null);
insert into bd_dictionaryvalue(id,id_dictionary,id_parent,code,value,num,description,enableFlag,editableFlag,systemFlag,ft,lt,fu,lu) values('4028810028a8ef8f0128a8f1a2f40aa7','40288100288c226801288c2987e90001','4028810028a8ef8f0128a8f1a2290aa0','513427','',null,null,'1',null,null,null,null,null,null);
insert into bd_dictionaryvalue(id,id_dictionary,id_parent,code,value,num,description,enableFlag,editableFlag,systemFlag,ft,lt,fu,lu) values('4028810028a8ef8f0128a8f1a3140aa8','40288100288c226801288c2987e90001','4028810028a8ef8f0128a8f1a2290aa0','513428','',null,null,'1',null,null,null,null,null,null);
insert into bd_dictionaryvalue(id,id_dictionary,id_parent,code,value,num,description,enableFlag,editableFlag,systemFlag,ft,lt,fu,lu) values('4028810028a8ef8f0128a8f1a3330aa9','40288100288c226801288c2987e90001','4028810028a8ef8f0128a8f1a2290aa0','513429','',null,null,'1',null,null,null,null,null,null);
insert into bd_dictionaryvalue(id,id_dictionary,id_parent,code,value,num,description,enableFlag,editableFlag,systemFlag,ft,lt,fu,lu) values('4028810028a8ef8f0128a8f1a3520aaa','40288100288c226801288c2987e90001','4028810028a8ef8f0128a8f1a2290aa0','513430','',null,null,'1',null,null,null,null,null,null);
insert into bd_dictionaryvalue(id,id_dictionary,id_parent,code,value,num,description,enableFlag,editableFlag,systemFlag,ft,lt,fu,lu) values('4028810028a8ef8f0128a8f1a3620aab','40288100288c226801288c2987e90001','4028810028a8ef8f0128a8f1a2290aa0','513431','',null,null,'1',null,null,null,null,null,null);
insert into bd_dictionaryvalue(id,id_dictionary,id_parent,code,value,num,description,enableFlag,editableFlag,systemFlag,ft,lt,fu,lu) values('4028810028a8ef8f0128a8f1a3810aac','40288100288c226801288c2987e90001','4028810028a8ef8f0128a8f1a2290aa0','513432','',null,null,'1',null,null,null,null,null,null);
insert into bd_dictionaryvalue(id,id_dictionary,id_parent,code,value,num,description,enableFlag,editableFlag,systemFlag,ft,lt,fu,lu) values('4028810028a8ef8f0128a8f1a3a00aad','40288100288c226801288c2987e90001','4028810028a8ef8f0128a8f1a2290aa0','513433','',null,null,'1',null,null,null,null,null,null);
insert into bd_dictionaryvalue(id,id_dictionary,id_parent,code,value,num,description,enableFlag,editableFlag,systemFlag,ft,lt,fu,lu) values('4028810028a8ef8f0128a8f1a3c00aae','40288100288c226801288c2987e90001','4028810028a8ef8f0128a8f1a2290aa0','513434','',null,null,'1',null,null,null,null,null,null);
insert into bd_dictionaryvalue(id,id_dictionary,id_parent,code,value,num,description,enableFlag,editableFlag,systemFlag,ft,lt,fu,lu) values('4028810028a8ef8f0128a8f1a3df0aaf','40288100288c226801288c2987e90001','4028810028a8ef8f0128a8f1a2290aa0','513435','',null,null,'1',null,null,null,null,null,null);
insert into bd_dictionaryvalue(id,id_dictionary,id_parent,code,value,num,description,enableFlag,editableFlag,systemFlag,ft,lt,fu,lu) values('4028810028a8ef8f0128a8f1a3fe0ab0','40288100288c226801288c2987e90001','4028810028a8ef8f0128a8f1a2290aa0','513436','',null,null,'1',null,null,null,null,null,null);
insert into bd_dictionaryvalue(id,id_dictionary,id_parent,code,value,num,description,enableFlag,editableFlag,systemFlag,ft,lt,fu,lu) values('4028810028a8ef8f0128a8f1a41d0ab1','40288100288c226801288c2987e90001','4028810028a8ef8f0128a8f1a2290aa0','513437','',null,null,'1',null,null,null,null,null,null);
insert into bd_dictionaryvalue(id,id_dictionary,id_parent,code,value,num,description,enableFlag,editableFlag,systemFlag,ft,lt,fu,lu) values('4028810028a8ef8f0128a8f1a43d0ab2','40288100288c226801288c2987e90001',null,'520000','',null,null,'1',null,null,null,null,null,null);
insert into bd_dictionaryvalue(id,id_dictionary,id_parent,code,value,num,description,enableFlag,editableFlag,systemFlag,ft,lt,fu,lu) values('4028810028a8ef8f0128a8f1a45c0ab3','40288100288c226801288c2987e90001','4028810028a8ef8f0128a8f1a43d0ab2','520100','',null,null,'1',null,null,null,null,null,null);
insert into bd_dictionaryvalue(id,id_dictionary,id_parent,code,value,num,description,enableFlag,editableFlag,systemFlag,ft,lt,fu,lu) values('4028810028a8ef8f0128a8f1a47b0ab4','40288100288c226801288c2987e90001','4028810028a8ef8f0128a8f1a45c0ab3','520101','',null,null,'1',null,null,null,null,null,null);
insert into bd_dictionaryvalue(id,id_dictionary,id_parent,code,value,num,description,enableFlag,editableFlag,systemFlag,ft,lt,fu,lu) values('4028810028a8ef8f0128a8f1a48b0ab5','40288100288c226801288c2987e90001','4028810028a8ef8f0128a8f1a45c0ab3','520102','',null,null,'1',null,null,null,null,null,null);
insert into bd_dictionaryvalue(id,id_dictionary,id_parent,code,value,num,description,enableFlag,editableFlag,systemFlag,ft,lt,fu,lu) values('4028810028a8ef8f0128a8f1a4aa0ab6','40288100288c226801288c2987e90001','4028810028a8ef8f0128a8f1a45c0ab3','520103','',null,null,'1',null,null,null,null,null,null);
insert into bd_dictionaryvalue(id,id_dictionary,id_parent,code,value,num,description,enableFlag,editableFlag,systemFlag,ft,lt,fu,lu) values('4028810028a8ef8f0128a8f1a4c90ab7','40288100288c226801288c2987e90001','4028810028a8ef8f0128a8f1a45c0ab3','520111','',null,null,'1',null,null,null,null,null,null);
insert into bd_dictionaryvalue(id,id_dictionary,id_parent,code,value,num,description,enableFlag,editableFlag,systemFlag,ft,lt,fu,lu) values('4028810028a8ef8f0128a8f1a4e80ab8','40288100288c226801288c2987e90001','4028810028a8ef8f0128a8f1a45c0ab3','520112','',null,null,'1',null,null,null,null,null,null);
insert into bd_dictionaryvalue(id,id_dictionary,id_parent,code,value,num,description,enableFlag,editableFlag,systemFlag,ft,lt,fu,lu) values('4028810028a8ef8f0128a8f1a5080ab9','40288100288c226801288c2987e90001','4028810028a8ef8f0128a8f1a45c0ab3','520113','',null,null,'1',null,null,null,null,null,null);
insert into bd_dictionaryvalue(id,id_dictionary,id_parent,code,value,num,description,enableFlag,editableFlag,systemFlag,ft,lt,fu,lu) values('4028810028a8ef8f0128a8f1a5270aba','40288100288c226801288c2987e90001','4028810028a8ef8f0128a8f1a45c0ab3','520114','',null,null,'1',null,null,null,null,null,null);
insert into bd_dictionaryvalue(id,id_dictionary,id_parent,code,value,num,description,enableFlag,editableFlag,systemFlag,ft,lt,fu,lu) values('4028810028a8ef8f0128a8f1a5460abb','40288100288c226801288c2987e90001','4028810028a8ef8f0128a8f1a45c0ab3','520121','',null,null,'1',null,null,null,null,null,null);
insert into bd_dictionaryvalue(id,id_dictionary,id_parent,code,value,num,description,enableFlag,editableFlag,systemFlag,ft,lt,fu,lu) values('4028810028a8ef8f0128a8f1a5560abc','40288100288c226801288c2987e90001','4028810028a8ef8f0128a8f1a45c0ab3','520122','',null,null,'1',null,null,null,null,null,null);
insert into bd_dictionaryvalue(id,id_dictionary,id_parent,code,value,num,description,enableFlag,editableFlag,systemFlag,ft,lt,fu,lu) values('4028810028a8ef8f0128a8f1a5850abd','40288100288c226801288c2987e90001','4028810028a8ef8f0128a8f1a45c0ab3','520123','',null,null,'1',null,null,null,null,null,null);
insert into bd_dictionaryvalue(id,id_dictionary,id_parent,code,value,num,description,enableFlag,editableFlag,systemFlag,ft,lt,fu,lu) values('4028810028a8ef8f0128a8f1a5a40abe','40288100288c226801288c2987e90001','4028810028a8ef8f0128a8f1a45c0ab3','520181','',null,null,'1',null,null,null,null,null,null);
insert into bd_dictionaryvalue(id,id_dictionary,id_parent,code,value,num,description,enableFlag,editableFlag,systemFlag,ft,lt,fu,lu) values('4028810028a8ef8f0128a8f1a5b40abf','40288100288c226801288c2987e90001','4028810028a8ef8f0128a8f1a43d0ab2','520200','',null,null,'1',null,null,null,null,null,null);
insert into bd_dictionaryvalue(id,id_dictionary,id_parent,code,value,num,description,enableFlag,editableFlag,systemFlag,ft,lt,fu,lu) values('4028810028a8ef8f0128a8f1a5d30ac0','40288100288c226801288c2987e90001','4028810028a8ef8f0128a8f1a5b40abf','520201','',null,null,'1',null,null,null,null,null,null);
insert into bd_dictionaryvalue(id,id_dictionary,id_parent,code,value,num,description,enableFlag,editableFlag,systemFlag,ft,lt,fu,lu) values('4028810028a8ef8f0128a8f1a5f20ac1','40288100288c226801288c2987e90001','4028810028a8ef8f0128a8f1a5b40abf','520203','',null,null,'1',null,null,null,null,null,null);
insert into bd_dictionaryvalue(id,id_dictionary,id_parent,code,value,num,description,enableFlag,editableFlag,systemFlag,ft,lt,fu,lu) values('4028810028a8ef8f0128a8f1a6110ac2','40288100288c226801288c2987e90001','4028810028a8ef8f0128a8f1a5b40abf','520221','',null,null,'1',null,null,null,null,null,null);
insert into bd_dictionaryvalue(id,id_dictionary,id_parent,code,value,num,description,enableFlag,editableFlag,systemFlag,ft,lt,fu,lu) values('4028810028a8ef8f0128a8f1a6310ac3','40288100288c226801288c2987e90001','4028810028a8ef8f0128a8f1a5b40abf','520222','',null,null,'1',null,null,null,null,null,null);
insert into bd_dictionaryvalue(id,id_dictionary,id_parent,code,value,num,description,enableFlag,editableFlag,systemFlag,ft,lt,fu,lu) values('4028810028a8ef8f0128a8f1a6400ac4','40288100288c226801288c2987e90001','4028810028a8ef8f0128a8f1a43d0ab2','520300','',null,null,'1',null,null,null,null,null,null);
insert into bd_dictionaryvalue(id,id_dictionary,id_parent,code,value,num,description,enableFlag,editableFlag,systemFlag,ft,lt,fu,lu) values('4028810028a8ef8f0128a8f1a65f0ac5','40288100288c226801288c2987e90001','4028810028a8ef8f0128a8f1a6400ac4','520301','',null,null,'1',null,null,null,null,null,null);
insert into bd_dictionaryvalue(id,id_dictionary,id_parent,code,value,num,description,enableFlag,editableFlag,systemFlag,ft,lt,fu,lu) values('4028810028a8ef8f0128a8f1a67f0ac6','40288100288c226801288c2987e90001','4028810028a8ef8f0128a8f1a6400ac4','520302','',null,null,'1',null,null,null,null,null,null);
insert into bd_dictionaryvalue(id,id_dictionary,id_parent,code,value,num,description,enableFlag,editableFlag,systemFlag,ft,lt,fu,lu) values('4028810028a8ef8f0128a8f1a69e0ac7','40288100288c226801288c2987e90001','4028810028a8ef8f0128a8f1a6400ac4','520321','',null,null,'1',null,null,null,null,null,null);
insert into bd_dictionaryvalue(id,id_dictionary,id_parent,code,value,num,description,enableFlag,editableFlag,systemFlag,ft,lt,fu,lu) values('4028810028a8ef8f0128a8f1a6bd0ac8','40288100288c226801288c2987e90001','4028810028a8ef8f0128a8f1a6400ac4','520322','',null,null,'1',null,null,null,null,null,null);
insert into bd_dictionaryvalue(id,id_dictionary,id_parent,code,value,num,description,enableFlag,editableFlag,systemFlag,ft,lt,fu,lu) values('4028810028a8ef8f0128a8f1a6dc0ac9','40288100288c226801288c2987e90001','4028810028a8ef8f0128a8f1a6400ac4','520323','',null,null,'1',null,null,null,null,null,null);
insert into bd_dictionaryvalue(id,id_dictionary,id_parent,code,value,num,description,enableFlag,editableFlag,systemFlag,ft,lt,fu,lu) values('4028810028a8ef8f0128a8f1a6fc0aca','40288100288c226801288c2987e90001','4028810028a8ef8f0128a8f1a6400ac4','520324','',null,null,'1',null,null,null,null,null,null);
insert into bd_dictionaryvalue(id,id_dictionary,id_parent,code,value,num,description,enableFlag,editableFlag,systemFlag,ft,lt,fu,lu) values('4028810028a8ef8f0128a8f1a71b0acb','40288100288c226801288c2987e90001','4028810028a8ef8f0128a8f1a6400ac4','520325','',null,null,'1',null,null,null,null,null,null);
insert into bd_dictionaryvalue(id,id_dictionary,id_parent,code,value,num,description,enableFlag,editableFlag,systemFlag,ft,lt,fu,lu) values('4028810028a8ef8f0128a8f1a73a0acc','40288100288c226801288c2987e90001','4028810028a8ef8f0128a8f1a6400ac4','520326','',null,null,'1',null,null,null,null,null,null);
insert into bd_dictionaryvalue(id,id_dictionary,id_parent,code,value,num,description,enableFlag,editableFlag,systemFlag,ft,lt,fu,lu) values('4028810028a8ef8f0128a8f1a7590acd','40288100288c226801288c2987e90001','4028810028a8ef8f0128a8f1a6400ac4','520327','',null,null,'1',null,null,null,null,null,null);
insert into bd_dictionaryvalue(id,id_dictionary,id_parent,code,value,num,description,enableFlag,editableFlag,systemFlag,ft,lt,fu,lu) values('4028810028a8ef8f0128a8f1a7790ace','40288100288c226801288c2987e90001','4028810028a8ef8f0128a8f1a6400ac4','520328','',null,null,'1',null,null,null,null,null,null);
insert into bd_dictionaryvalue(id,id_dictionary,id_parent,code,value,num,description,enableFlag,editableFlag,systemFlag,ft,lt,fu,lu) values('4028810028a8ef8f0128a8f1a7880acf','40288100288c226801288c2987e90001','4028810028a8ef8f0128a8f1a6400ac4','520329','',null,null,'1',null,null,null,null,null,null);
insert into bd_dictionaryvalue(id,id_dictionary,id_parent,code,value,num,description,enableFlag,editableFlag,systemFlag,ft,lt,fu,lu) values('4028810028a8ef8f0128a8f1a7a80ad0','40288100288c226801288c2987e90001','4028810028a8ef8f0128a8f1a6400ac4','520330','',null,null,'1',null,null,null,null,null,null);
insert into bd_dictionaryvalue(id,id_dictionary,id_parent,code,value,num,description,enableFlag,editableFlag,systemFlag,ft,lt,fu,lu) values('4028810028a8ef8f0128a8f1a7c70ad1','40288100288c226801288c2987e90001','4028810028a8ef8f0128a8f1a6400ac4','520381','',null,null,'1',null,null,null,null,null,null);
insert into bd_dictionaryvalue(id,id_dictionary,id_parent,code,value,num,description,enableFlag,editableFlag,systemFlag,ft,lt,fu,lu) values('4028810028a8ef8f0128a8f1a7e60ad2','40288100288c226801288c2987e90001','4028810028a8ef8f0128a8f1a6400ac4','520382','',null,null,'1',null,null,null,null,null,null);
insert into bd_dictionaryvalue(id,id_dictionary,id_parent,code,value,num,description,enableFlag,editableFlag,systemFlag,ft,lt,fu,lu) values('4028810028a8ef8f0128a8f1a8050ad3','40288100288c226801288c2987e90001','4028810028a8ef8f0128a8f1a43d0ab2','520400','',null,null,'1',null,null,null,null,null,null);
insert into bd_dictionaryvalue(id,id_dictionary,id_parent,code,value,num,description,enableFlag,editableFlag,systemFlag,ft,lt,fu,lu) values('4028810028a8ef8f0128a8f1a8250ad4','40288100288c226801288c2987e90001','4028810028a8ef8f0128a8f1a8050ad3','520401','',null,null,'1',null,null,null,null,null,null);
insert into bd_dictionaryvalue(id,id_dictionary,id_parent,code,value,num,description,enableFlag,editableFlag,systemFlag,ft,lt,fu,lu) values('4028810028a8ef8f0128a8f1a8440ad5','40288100288c226801288c2987e90001','4028810028a8ef8f0128a8f1a8050ad3','520402','',null,null,'1',null,null,null,null,null,null);
insert into bd_dictionaryvalue(id,id_dictionary,id_parent,code,value,num,description,enableFlag,editableFlag,systemFlag,ft,lt,fu,lu) values('4028810028a8ef8f0128a8f1a8630ad6','40288100288c226801288c2987e90001','4028810028a8ef8f0128a8f1a8050ad3','520421','',null,null,'1',null,null,null,null,null,null);
insert into bd_dictionaryvalue(id,id_dictionary,id_parent,code,value,num,description,enableFlag,editableFlag,systemFlag,ft,lt,fu,lu) values('4028810028a8ef8f0128a8f1a8730ad7','40288100288c226801288c2987e90001','4028810028a8ef8f0128a8f1a8050ad3','520422','',null,null,'1',null,null,null,null,null,null);
insert into bd_dictionaryvalue(id,id_dictionary,id_parent,code,value,num,description,enableFlag,editableFlag,systemFlag,ft,lt,fu,lu) values('4028810028a8ef8f0128a8f1a8920ad8','40288100288c226801288c2987e90001','4028810028a8ef8f0128a8f1a8050ad3','520423','',null,null,'1',null,null,null,null,null,null);
insert into bd_dictionaryvalue(id,id_dictionary,id_parent,code,value,num,description,enableFlag,editableFlag,systemFlag,ft,lt,fu,lu) values('4028810028a8ef8f0128a8f1a8b10ad9','40288100288c226801288c2987e90001','4028810028a8ef8f0128a8f1a8050ad3','520424','',null,null,'1',null,null,null,null,null,null);
insert into bd_dictionaryvalue(id,id_dictionary,id_parent,code,value,num,description,enableFlag,editableFlag,systemFlag,ft,lt,fu,lu) values('4028810028a8ef8f0128a8f1a8d00ada','40288100288c226801288c2987e90001','4028810028a8ef8f0128a8f1a8050ad3','520425','',null,null,'1',null,null,null,null,null,null);
insert into bd_dictionaryvalue(id,id_dictionary,id_parent,code,value,num,description,enableFlag,editableFlag,systemFlag,ft,lt,fu,lu) values('4028810028a8ef8f0128a8f1a8f00adb','40288100288c226801288c2987e90001','4028810028a8ef8f0128a8f1a43d0ab2','522200','',null,null,'1',null,null,null,null,null,null);
insert into bd_dictionaryvalue(id,id_dictionary,id_parent,code,value,num,description,enableFlag,editableFlag,systemFlag,ft,lt,fu,lu) values('4028810028a8ef8f0128a8f1a90f0adc','40288100288c226801288c2987e90001','4028810028a8ef8f0128a8f1a8f00adb','522201','',null,null,'1',null,null,null,null,null,null);
insert into bd_dictionaryvalue(id,id_dictionary,id_parent,code,value,num,description,enableFlag,editableFlag,systemFlag,ft,lt,fu,lu) values('4028810028a8ef8f0128a8f1a92e0add','40288100288c226801288c2987e90001','4028810028a8ef8f0128a8f1a8f00adb','522222','',null,null,'1',null,null,null,null,null,null);
insert into bd_dictionaryvalue(id,id_dictionary,id_parent,code,value,num,description,enableFlag,editableFlag,systemFlag,ft,lt,fu,lu) values('4028810028a8ef8f0128a8f1a93e0ade','40288100288c226801288c2987e90001','4028810028a8ef8f0128a8f1a8f00adb','522223','',null,null,'1',null,null,null,null,null,null);
insert into bd_dictionaryvalue(id,id_dictionary,id_parent,code,value,num,description,enableFlag,editableFlag,systemFlag,ft,lt,fu,lu) values('4028810028a8ef8f0128a8f1a96d0adf','40288100288c226801288c2987e90001','4028810028a8ef8f0128a8f1a8f00adb','522224','',null,null,'1',null,null,null,null,null,null);
insert into bd_dictionaryvalue(id,id_dictionary,id_parent,code,value,num,description,enableFlag,editableFlag,systemFlag,ft,lt,fu,lu) values('4028810028a8ef8f0128a8f1a98c0ae0','40288100288c226801288c2987e90001','4028810028a8ef8f0128a8f1a8f00adb','522225','',null,null,'1',null,null,null,null,null,null);
insert into bd_dictionaryvalue(id,id_dictionary,id_parent,code,value,num,description,enableFlag,editableFlag,systemFlag,ft,lt,fu,lu) values('4028810028a8ef8f0128a8f1a9ab0ae1','40288100288c226801288c2987e90001','4028810028a8ef8f0128a8f1a8f00adb','522226','',null,null,'1',null,null,null,null,null,null);
insert into bd_dictionaryvalue(id,id_dictionary,id_parent,code,value,num,description,enableFlag,editableFlag,systemFlag,ft,lt,fu,lu) values('4028810028a8ef8f0128a8f1a9bb0ae2','40288100288c226801288c2987e90001','4028810028a8ef8f0128a8f1a8f00adb','522227','',null,null,'1',null,null,null,null,null,null);
insert into bd_dictionaryvalue(id,id_dictionary,id_parent,code,value,num,description,enableFlag,editableFlag,systemFlag,ft,lt,fu,lu) values('4028810028a8ef8f0128a8f1a9da0ae3','40288100288c226801288c2987e90001','4028810028a8ef8f0128a8f1a8f00adb','522228','',null,null,'1',null,null,null,null,null,null);
insert into bd_dictionaryvalue(id,id_dictionary,id_parent,code,value,num,description,enableFlag,editableFlag,systemFlag,ft,lt,fu,lu) values('4028810028a8ef8f0128a8f1a9f90ae4','40288100288c226801288c2987e90001','4028810028a8ef8f0128a8f1a8f00adb','522229','',null,null,'1',null,null,null,null,null,null);
insert into bd_dictionaryvalue(id,id_dictionary,id_parent,code,value,num,description,enableFlag,editableFlag,systemFlag,ft,lt,fu,lu) values('4028810028a8ef8f0128a8f1aa190ae5','40288100288c226801288c2987e90001','4028810028a8ef8f0128a8f1a8f00adb','522230','',null,null,'1',null,null,null,null,null,null);
insert into bd_dictionaryvalue(id,id_dictionary,id_parent,code,value,num,description,enableFlag,editableFlag,systemFlag,ft,lt,fu,lu) values('4028810028a8ef8f0128a8f1aa380ae6','40288100288c226801288c2987e90001','4028810028a8ef8f0128a8f1a43d0ab2','522300','',null,null,'1',null,null,null,null,null,null);
insert into bd_dictionaryvalue(id,id_dictionary,id_parent,code,value,num,description,enableFlag,editableFlag,systemFlag,ft,lt,fu,lu) values('4028810028a8ef8f0128a8f1aa570ae7','40288100288c226801288c2987e90001','4028810028a8ef8f0128a8f1aa380ae6','522301','',null,null,'1',null,null,null,null,null,null);
insert into bd_dictionaryvalue(id,id_dictionary,id_parent,code,value,num,description,enableFlag,editableFlag,systemFlag,ft,lt,fu,lu) values('4028810028a8ef8f0128a8f1aa760ae8','40288100288c226801288c2987e90001','4028810028a8ef8f0128a8f1aa380ae6','522322','',null,null,'1',null,null,null,null,null,null);
insert into bd_dictionaryvalue(id,id_dictionary,id_parent,code,value,num,description,enableFlag,editableFlag,systemFlag,ft,lt,fu,lu) values('4028810028a8ef8f0128a8f1aa960ae9','40288100288c226801288c2987e90001','4028810028a8ef8f0128a8f1aa380ae6','522323','',null,null,'1',null,null,null,null,null,null);
insert into bd_dictionaryvalue(id,id_dictionary,id_parent,code,value,num,description,enableFlag,editableFlag,systemFlag,ft,lt,fu,lu) values('4028810028a8ef8f0128a8f1aab50aea','40288100288c226801288c2987e90001','4028810028a8ef8f0128a8f1aa380ae6','522324','',null,null,'1',null,null,null,null,null,null);
insert into bd_dictionaryvalue(id,id_dictionary,id_parent,code,value,num,description,enableFlag,editableFlag,systemFlag,ft,lt,fu,lu) values('4028810028a8ef8f0128a8f1aac40aeb','40288100288c226801288c2987e90001','4028810028a8ef8f0128a8f1aa380ae6','522325','',null,null,'1',null,null,null,null,null,null);
insert into bd_dictionaryvalue(id,id_dictionary,id_parent,code,value,num,description,enableFlag,editableFlag,systemFlag,ft,lt,fu,lu) values('4028810028a8ef8f0128a8f1aae40aec','40288100288c226801288c2987e90001','4028810028a8ef8f0128a8f1aa380ae6','522326','',null,null,'1',null,null,null,null,null,null);
insert into bd_dictionaryvalue(id,id_dictionary,id_parent,code,value,num,description,enableFlag,editableFlag,systemFlag,ft,lt,fu,lu) values('4028810028a8ef8f0128a8f1ab030aed','40288100288c226801288c2987e90001','4028810028a8ef8f0128a8f1aa380ae6','522327','',null,null,'1',null,null,null,null,null,null);
insert into bd_dictionaryvalue(id,id_dictionary,id_parent,code,value,num,description,enableFlag,editableFlag,systemFlag,ft,lt,fu,lu) values('4028810028a8ef8f0128a8f1ab220aee','40288100288c226801288c2987e90001','4028810028a8ef8f0128a8f1aa380ae6','522328','',null,null,'1',null,null,null,null,null,null);
insert into bd_dictionaryvalue(id,id_dictionary,id_parent,code,value,num,description,enableFlag,editableFlag,systemFlag,ft,lt,fu,lu) values('4028810028a8ef8f0128a8f1ab410aef','40288100288c226801288c2987e90001','4028810028a8ef8f0128a8f1a43d0ab2','522400','',null,null,'1',null,null,null,null,null,null);
insert into bd_dictionaryvalue(id,id_dictionary,id_parent,code,value,num,description,enableFlag,editableFlag,systemFlag,ft,lt,fu,lu) values('4028810028a8ef8f0128a8f1ab610af0','40288100288c226801288c2987e90001','4028810028a8ef8f0128a8f1ab410aef','522401','',null,null,'1',null,null,null,null,null,null);
insert into bd_dictionaryvalue(id,id_dictionary,id_parent,code,value,num,description,enableFlag,editableFlag,systemFlag,ft,lt,fu,lu) values('4028810028a8ef8f0128a8f1ab800af1','40288100288c226801288c2987e90001','4028810028a8ef8f0128a8f1ab410aef','522422','',null,null,'1',null,null,null,null,null,null);
insert into bd_dictionaryvalue(id,id_dictionary,id_parent,code,value,num,description,enableFlag,editableFlag,systemFlag,ft,lt,fu,lu) values('4028810028a8ef8f0128a8f1ab900af2','40288100288c226801288c2987e90001','4028810028a8ef8f0128a8f1ab410aef','522423','',null,null,'1',null,null,null,null,null,null);
insert into bd_dictionaryvalue(id,id_dictionary,id_parent,code,value,num,description,enableFlag,editableFlag,systemFlag,ft,lt,fu,lu) values('4028810028a8ef8f0128a8f1abaf0af3','40288100288c226801288c2987e90001','4028810028a8ef8f0128a8f1ab410aef','522424','',null,null,'1',null,null,null,null,null,null);
insert into bd_dictionaryvalue(id,id_dictionary,id_parent,code,value,num,description,enableFlag,editableFlag,systemFlag,ft,lt,fu,lu) values('4028810028a8ef8f0128a8f1abce0af4','40288100288c226801288c2987e90001','4028810028a8ef8f0128a8f1ab410aef','522425','',null,null,'1',null,null,null,null,null,null);
insert into bd_dictionaryvalue(id,id_dictionary,id_parent,code,value,num,description,enableFlag,editableFlag,systemFlag,ft,lt,fu,lu) values('4028810028a8ef8f0128a8f1abed0af5','40288100288c226801288c2987e90001','4028810028a8ef8f0128a8f1ab410aef','522426','',null,null,'1',null,null,null,null,null,null);
insert into bd_dictionaryvalue(id,id_dictionary,id_parent,code,value,num,description,enableFlag,editableFlag,systemFlag,ft,lt,fu,lu) values('4028810028a8ef8f0128a8f1ac0d0af6','40288100288c226801288c2987e90001','4028810028a8ef8f0128a8f1ab410aef','522427','',null,null,'1',null,null,null,null,null,null);
insert into bd_dictionaryvalue(id,id_dictionary,id_parent,code,value,num,description,enableFlag,editableFlag,systemFlag,ft,lt,fu,lu) values('4028810028a8ef8f0128a8f1ac2c0af7','40288100288c226801288c2987e90001','4028810028a8ef8f0128a8f1ab410aef','522428','',null,null,'1',null,null,null,null,null,null);
insert into bd_dictionaryvalue(id,id_dictionary,id_parent,code,value,num,description,enableFlag,editableFlag,systemFlag,ft,lt,fu,lu) values('4028810028a8ef8f0128a8f1ac4b0af8','40288100288c226801288c2987e90001','4028810028a8ef8f0128a8f1a43d0ab2','522600','',null,null,'1',null,null,null,null,null,null);
insert into bd_dictionaryvalue(id,id_dictionary,id_parent,code,value,num,description,enableFlag,editableFlag,systemFlag,ft,lt,fu,lu) values('4028810028a8ef8f0128a8f1ac6a0af9','40288100288c226801288c2987e90001','4028810028a8ef8f0128a8f1ac4b0af8','522601','',null,null,'1',null,null,null,null,null,null);
insert into bd_dictionaryvalue(id,id_dictionary,id_parent,code,value,num,description,enableFlag,editableFlag,systemFlag,ft,lt,fu,lu) values('4028810028a8ef8f0128a8f1ac8a0afa','40288100288c226801288c2987e90001','4028810028a8ef8f0128a8f1ac4b0af8','522622','',null,null,'1',null,null,null,null,null,null);
insert into bd_dictionaryvalue(id,id_dictionary,id_parent,code,value,num,description,enableFlag,editableFlag,systemFlag,ft,lt,fu,lu) values('4028810028a8ef8f0128a8f1aca90afb','40288100288c226801288c2987e90001','4028810028a8ef8f0128a8f1ac4b0af8','522623','',null,null,'1',null,null,null,null,null,null);
insert into bd_dictionaryvalue(id,id_dictionary,id_parent,code,value,num,description,enableFlag,editableFlag,systemFlag,ft,lt,fu,lu) values('4028810028a8ef8f0128a8f1acc80afc','40288100288c226801288c2987e90001','4028810028a8ef8f0128a8f1ac4b0af8','522624','',null,null,'1',null,null,null,null,null,null);
insert into bd_dictionaryvalue(id,id_dictionary,id_parent,code,value,num,description,enableFlag,editableFlag,systemFlag,ft,lt,fu,lu) values('4028810028a8ef8f0128a8f1acd80afd','40288100288c226801288c2987e90001','4028810028a8ef8f0128a8f1ac4b0af8','522625','',null,null,'1',null,null,null,null,null,null);
insert into bd_dictionaryvalue(id,id_dictionary,id_parent,code,value,num,description,enableFlag,editableFlag,systemFlag,ft,lt,fu,lu) values('4028810028a8ef8f0128a8f1acf70afe','40288100288c226801288c2987e90001','4028810028a8ef8f0128a8f1ac4b0af8','522626','',null,null,'1',null,null,null,null,null,null);
insert into bd_dictionaryvalue(id,id_dictionary,id_parent,code,value,num,description,enableFlag,editableFlag,systemFlag,ft,lt,fu,lu) values('4028810028a8ef8f0128a8f1ad260aff','40288100288c226801288c2987e90001','4028810028a8ef8f0128a8f1ac4b0af8','522627','',null,null,'1',null,null,null,null,null,null);
insert into bd_dictionaryvalue(id,id_dictionary,id_parent,code,value,num,description,enableFlag,editableFlag,systemFlag,ft,lt,fu,lu) values('4028810028a8ef8f0128a8f1ad350b00','40288100288c226801288c2987e90001','4028810028a8ef8f0128a8f1ac4b0af8','522628','',null,null,'1',null,null,null,null,null,null);
insert into bd_dictionaryvalue(id,id_dictionary,id_parent,code,value,num,description,enableFlag,editableFlag,systemFlag,ft,lt,fu,lu) values('4028810028a8ef8f0128a8f1ad550b01','40288100288c226801288c2987e90001','4028810028a8ef8f0128a8f1ac4b0af8','522629','',null,null,'1',null,null,null,null,null,null);
insert into bd_dictionaryvalue(id,id_dictionary,id_parent,code,value,num,description,enableFlag,editableFlag,systemFlag,ft,lt,fu,lu) values('4028810028a8ef8f0128a8f1ad740b02','40288100288c226801288c2987e90001','4028810028a8ef8f0128a8f1ac4b0af8','522630','',null,null,'1',null,null,null,null,null,null);
insert into bd_dictionaryvalue(id,id_dictionary,id_parent,code,value,num,description,enableFlag,editableFlag,systemFlag,ft,lt,fu,lu) values('4028810028a8ef8f0128a8f1ad930b03','40288100288c226801288c2987e90001','4028810028a8ef8f0128a8f1ac4b0af8','522631','',null,null,'1',null,null,null,null,null,null);
insert into bd_dictionaryvalue(id,id_dictionary,id_parent,code,value,num,description,enableFlag,editableFlag,systemFlag,ft,lt,fu,lu) values('4028810028a8ef8f0128a8f1adb20b04','40288100288c226801288c2987e90001','4028810028a8ef8f0128a8f1ac4b0af8','522632','',null,null,'1',null,null,null,null,null,null);
insert into bd_dictionaryvalue(id,id_dictionary,id_parent,code,value,num,description,enableFlag,editableFlag,systemFlag,ft,lt,fu,lu) values('4028810028a8ef8f0128a8f1add20b05','40288100288c226801288c2987e90001','4028810028a8ef8f0128a8f1ac4b0af8','522633','',null,null,'1',null,null,null,null,null,null);
insert into bd_dictionaryvalue(id,id_dictionary,id_parent,code,value,num,description,enableFlag,editableFlag,systemFlag,ft,lt,fu,lu) values('4028810028a8ef8f0128a8f1adf10b06','40288100288c226801288c2987e90001','4028810028a8ef8f0128a8f1ac4b0af8','522634','',null,null,'1',null,null,null,null,null,null);
insert into bd_dictionaryvalue(id,id_dictionary,id_parent,code,value,num,description,enableFlag,editableFlag,systemFlag,ft,lt,fu,lu) values('4028810028a8ef8f0128a8f1ae100b07','40288100288c226801288c2987e90001','4028810028a8ef8f0128a8f1ac4b0af8','522635','',null,null,'1',null,null,null,null,null,null);
insert into bd_dictionaryvalue(id,id_dictionary,id_parent,code,value,num,description,enableFlag,editableFlag,systemFlag,ft,lt,fu,lu) values('4028810028a8ef8f0128a8f1ae200b08','40288100288c226801288c2987e90001','4028810028a8ef8f0128a8f1ac4b0af8','522636','',null,null,'1',null,null,null,null,null,null);
insert into bd_dictionaryvalue(id,id_dictionary,id_parent,code,value,num,description,enableFlag,editableFlag,systemFlag,ft,lt,fu,lu) values('4028810028a8ef8f0128a8f1ae3f0b09','40288100288c226801288c2987e90001','4028810028a8ef8f0128a8f1a43d0ab2','522700','',null,null,'1',null,null,null,null,null,null);
insert into bd_dictionaryvalue(id,id_dictionary,id_parent,code,value,num,description,enableFlag,editableFlag,systemFlag,ft,lt,fu,lu) values('4028810028a8ef8f0128a8f1ae5e0b0a','40288100288c226801288c2987e90001','4028810028a8ef8f0128a8f1ae3f0b09','522701','',null,null,'1',null,null,null,null,null,null);
insert into bd_dictionaryvalue(id,id_dictionary,id_parent,code,value,num,description,enableFlag,editableFlag,systemFlag,ft,lt,fu,lu) values('4028810028a8ef8f0128a8f1ae7e0b0b','40288100288c226801288c2987e90001','4028810028a8ef8f0128a8f1ae3f0b09','522702','',null,null,'1',null,null,null,null,null,null);
insert into bd_dictionaryvalue(id,id_dictionary,id_parent,code,value,num,description,enableFlag,editableFlag,systemFlag,ft,lt,fu,lu) values('4028810028a8ef8f0128a8f1ae9d0b0c','40288100288c226801288c2987e90001','4028810028a8ef8f0128a8f1ae3f0b09','522722','',null,null,'1',null,null,null,null,null,null);
insert into bd_dictionaryvalue(id,id_dictionary,id_parent,code,value,num,description,enableFlag,editableFlag,systemFlag,ft,lt,fu,lu) values('4028810028a8ef8f0128a8f1aebc0b0d','40288100288c226801288c2987e90001','4028810028a8ef8f0128a8f1ae3f0b09','522723','',null,null,'1',null,null,null,null,null,null);
insert into bd_dictionaryvalue(id,id_dictionary,id_parent,code,value,num,description,enableFlag,editableFlag,systemFlag,ft,lt,fu,lu) values('4028810028a8ef8f0128a8f1aedb0b0e','40288100288c226801288c2987e90001','4028810028a8ef8f0128a8f1ae3f0b09','522725','',null,null,'1',null,null,null,null,null,null);
insert into bd_dictionaryvalue(id,id_dictionary,id_parent,code,value,num,description,enableFlag,editableFlag,systemFlag,ft,lt,fu,lu) values('4028810028a8ef8f0128a8f1aeeb0b0f','40288100288c226801288c2987e90001','4028810028a8ef8f0128a8f1ae3f0b09','522726','',null,null,'1',null,null,null,null,null,null);
insert into bd_dictionaryvalue(id,id_dictionary,id_parent,code,value,num,description,enableFlag,editableFlag,systemFlag,ft,lt,fu,lu) values('4028810028a8ef8f0128a8f1af0a0b10','40288100288c226801288c2987e90001','4028810028a8ef8f0128a8f1ae3f0b09','522727','',null,null,'1',null,null,null,null,null,null);
insert into bd_dictionaryvalue(id,id_dictionary,id_parent,code,value,num,description,enableFlag,editableFlag,systemFlag,ft,lt,fu,lu) values('4028810028a8ef8f0128a8f1af290b11','40288100288c226801288c2987e90001','4028810028a8ef8f0128a8f1ae3f0b09','522728','',null,null,'1',null,null,null,null,null,null);
insert into bd_dictionaryvalue(id,id_dictionary,id_parent,code,value,num,description,enableFlag,editableFlag,systemFlag,ft,lt,fu,lu) values('4028810028a8ef8f0128a8f1af490b12','40288100288c226801288c2987e90001','4028810028a8ef8f0128a8f1ae3f0b09','522729','',null,null,'1',null,null,null,null,null,null);
insert into bd_dictionaryvalue(id,id_dictionary,id_parent,code,value,num,description,enableFlag,editableFlag,systemFlag,ft,lt,fu,lu) values('4028810028a8ef8f0128a8f1af680b13','40288100288c226801288c2987e90001','4028810028a8ef8f0128a8f1ae3f0b09','522730','',null,null,'1',null,null,null,null,null,null);
insert into bd_dictionaryvalue(id,id_dictionary,id_parent,code,value,num,description,enableFlag,editableFlag,systemFlag,ft,lt,fu,lu) values('4028810028a8ef8f0128a8f1af870b14','40288100288c226801288c2987e90001','4028810028a8ef8f0128a8f1ae3f0b09','522731','',null,null,'1',null,null,null,null,null,null);
insert into bd_dictionaryvalue(id,id_dictionary,id_parent,code,value,num,description,enableFlag,editableFlag,systemFlag,ft,lt,fu,lu) values('4028810028a8ef8f0128a8f1afa60b15','40288100288c226801288c2987e90001','4028810028a8ef8f0128a8f1ae3f0b09','522732','',null,null,'1',null,null,null,null,null,null);
insert into bd_dictionaryvalue(id,id_dictionary,id_parent,code,value,num,description,enableFlag,editableFlag,systemFlag,ft,lt,fu,lu) values('4028810028a8ef8f0128a8f1afb60b16','40288100288c226801288c2987e90001',null,'530000','',null,null,'1',null,null,null,null,null,null);
insert into bd_dictionaryvalue(id,id_dictionary,id_parent,code,value,num,description,enableFlag,editableFlag,systemFlag,ft,lt,fu,lu) values('4028810028a8ef8f0128a8f1afd50b17','40288100288c226801288c2987e90001','4028810028a8ef8f0128a8f1afb60b16','530100','',null,null,'1',null,null,null,null,null,null);
insert into bd_dictionaryvalue(id,id_dictionary,id_parent,code,value,num,description,enableFlag,editableFlag,systemFlag,ft,lt,fu,lu) values('4028810028a8ef8f0128a8f1aff50b18','40288100288c226801288c2987e90001','4028810028a8ef8f0128a8f1afd50b17','530101','',null,null,'1',null,null,null,null,null,null);
insert into bd_dictionaryvalue(id,id_dictionary,id_parent,code,value,num,description,enableFlag,editableFlag,systemFlag,ft,lt,fu,lu) values('4028810028a8ef8f0128a8f1b0140b19','40288100288c226801288c2987e90001','4028810028a8ef8f0128a8f1afd50b17','530102','',null,null,'1',null,null,null,null,null,null);
insert into bd_dictionaryvalue(id,id_dictionary,id_parent,code,value,num,description,enableFlag,editableFlag,systemFlag,ft,lt,fu,lu) values('4028810028a8ef8f0128a8f1b0330b1a','40288100288c226801288c2987e90001','4028810028a8ef8f0128a8f1afd50b17','530103','',null,null,'1',null,null,null,null,null,null);
insert into bd_dictionaryvalue(id,id_dictionary,id_parent,code,value,num,description,enableFlag,editableFlag,systemFlag,ft,lt,fu,lu) values('4028810028a8ef8f0128a8f1b0520b1b','40288100288c226801288c2987e90001','4028810028a8ef8f0128a8f1afd50b17','530111','',null,null,'1',null,null,null,null,null,null);
insert into bd_dictionaryvalue(id,id_dictionary,id_parent,code,value,num,description,enableFlag,editableFlag,systemFlag,ft,lt,fu,lu) values('4028810028a8ef8f0128a8f1b0720b1c','40288100288c226801288c2987e90001','4028810028a8ef8f0128a8f1afd50b17','530112','',null,null,'1',null,null,null,null,null,null);
insert into bd_dictionaryvalue(id,id_dictionary,id_parent,code,value,num,description,enableFlag,editableFlag,systemFlag,ft,lt,fu,lu) values('4028810028a8ef8f0128a8f1b0910b1d','40288100288c226801288c2987e90001','4028810028a8ef8f0128a8f1afd50b17','530113','',null,null,'1',null,null,null,null,null,null);
insert into bd_dictionaryvalue(id,id_dictionary,id_parent,code,value,num,description,enableFlag,editableFlag,systemFlag,ft,lt,fu,lu) values('4028810028a8ef8f0128a8f1b0b00b1e','40288100288c226801288c2987e90001','4028810028a8ef8f0128a8f1afd50b17','530121','',null,null,'1',null,null,null,null,null,null);
insert into bd_dictionaryvalue(id,id_dictionary,id_parent,code,value,num,description,enableFlag,editableFlag,systemFlag,ft,lt,fu,lu) values('4028810028a8ef8f0128a8f1b0cf0b1f','40288100288c226801288c2987e90001','4028810028a8ef8f0128a8f1afd50b17','530122','',null,null,'1',null,null,null,null,null,null);
insert into bd_dictionaryvalue(id,id_dictionary,id_parent,code,value,num,description,enableFlag,editableFlag,systemFlag,ft,lt,fu,lu) values('4028810028a8ef8f0128a8f1b0ef0b20','40288100288c226801288c2987e90001','4028810028a8ef8f0128a8f1afd50b17','530124','',null,null,'1',null,null,null,null,null,null);
insert into bd_dictionaryvalue(id,id_dictionary,id_parent,code,value,num,description,enableFlag,editableFlag,systemFlag,ft,lt,fu,lu) values('4028810028a8ef8f0128a8f1b0fe0b21','40288100288c226801288c2987e90001','4028810028a8ef8f0128a8f1afd50b17','530125','',null,null,'1',null,null,null,null,null,null);
insert into bd_dictionaryvalue(id,id_dictionary,id_parent,code,value,num,description,enableFlag,editableFlag,systemFlag,ft,lt,fu,lu) values('4028810028a8ef8f0128a8f1b12d0b22','40288100288c226801288c2987e90001','4028810028a8ef8f0128a8f1afd50b17','530126','',null,null,'1',null,null,null,null,null,null);
insert into bd_dictionaryvalue(id,id_dictionary,id_parent,code,value,num,description,enableFlag,editableFlag,systemFlag,ft,lt,fu,lu) values('4028810028a8ef8f0128a8f1b14c0b23','40288100288c226801288c2987e90001','4028810028a8ef8f0128a8f1afd50b17','530127','',null,null,'1',null,null,null,null,null,null);
insert into bd_dictionaryvalue(id,id_dictionary,id_parent,code,value,num,description,enableFlag,editableFlag,systemFlag,ft,lt,fu,lu) values('4028810028a8ef8f0128a8f1b16c0b24','40288100288c226801288c2987e90001','4028810028a8ef8f0128a8f1afd50b17','530128','',null,null,'1',null,null,null,null,null,null);
insert into bd_dictionaryvalue(id,id_dictionary,id_parent,code,value,num,description,enableFlag,editableFlag,systemFlag,ft,lt,fu,lu) values('4028810028a8ef8f0128a8f1b17b0b25','40288100288c226801288c2987e90001','4028810028a8ef8f0128a8f1afd50b17','530129','',null,null,'1',null,null,null,null,null,null);
insert into bd_dictionaryvalue(id,id_dictionary,id_parent,code,value,num,description,enableFlag,editableFlag,systemFlag,ft,lt,fu,lu) values('4028810028a8ef8f0128a8f1b19a0b26','40288100288c226801288c2987e90001','4028810028a8ef8f0128a8f1afd50b17','530181','',null,null,'1',null,null,null,null,null,null);
insert into bd_dictionaryvalue(id,id_dictionary,id_parent,code,value,num,description,enableFlag,editableFlag,systemFlag,ft,lt,fu,lu) values('4028810028a8ef8f0128a8f1b1ba0b27','40288100288c226801288c2987e90001','4028810028a8ef8f0128a8f1afb60b16','530300','',null,null,'1',null,null,null,null,null,null);
insert into bd_dictionaryvalue(id,id_dictionary,id_parent,code,value,num,description,enableFlag,editableFlag,systemFlag,ft,lt,fu,lu) values('4028810028a8ef8f0128a8f1b1d90b28','40288100288c226801288c2987e90001','4028810028a8ef8f0128a8f1b1ba0b27','530301','',null,null,'1',null,null,null,null,null,null);
insert into bd_dictionaryvalue(id,id_dictionary,id_parent,code,value,num,description,enableFlag,editableFlag,systemFlag,ft,lt,fu,lu) values('4028810028a8ef8f0128a8f1b1f80b29','40288100288c226801288c2987e90001','4028810028a8ef8f0128a8f1b1ba0b27','530302','',null,null,'1',null,null,null,null,null,null);
insert into bd_dictionaryvalue(id,id_dictionary,id_parent,code,value,num,description,enableFlag,editableFlag,systemFlag,ft,lt,fu,lu) values('4028810028a8ef8f0128a8f1b2170b2a','40288100288c226801288c2987e90001','4028810028a8ef8f0128a8f1b1ba0b27','530321','',null,null,'1',null,null,null,null,null,null);
insert into bd_dictionaryvalue(id,id_dictionary,id_parent,code,value,num,description,enableFlag,editableFlag,systemFlag,ft,lt,fu,lu) values('4028810028a8ef8f0128a8f1b2370b2b','40288100288c226801288c2987e90001','4028810028a8ef8f0128a8f1b1ba0b27','530322','',null,null,'1',null,null,null,null,null,null);
insert into bd_dictionaryvalue(id,id_dictionary,id_parent,code,value,num,description,enableFlag,editableFlag,systemFlag,ft,lt,fu,lu) values('4028810028a8ef8f0128a8f1b2560b2c','40288100288c226801288c2987e90001','4028810028a8ef8f0128a8f1b1ba0b27','530323','',null,null,'1',null,null,null,null,null,null);
insert into bd_dictionaryvalue(id,id_dictionary,id_parent,code,value,num,description,enableFlag,editableFlag,systemFlag,ft,lt,fu,lu) values('4028810028a8ef8f0128a8f1b2750b2d','40288100288c226801288c2987e90001','4028810028a8ef8f0128a8f1b1ba0b27','530324','',null,null,'1',null,null,null,null,null,null);
insert into bd_dictionaryvalue(id,id_dictionary,id_parent,code,value,num,description,enableFlag,editableFlag,systemFlag,ft,lt,fu,lu) values('4028810028a8ef8f0128a8f1b2940b2e','40288100288c226801288c2987e90001','4028810028a8ef8f0128a8f1b1ba0b27','530325','',null,null,'1',null,null,null,null,null,null);
insert into bd_dictionaryvalue(id,id_dictionary,id_parent,code,value,num,description,enableFlag,editableFlag,systemFlag,ft,lt,fu,lu) values('4028810028a8ef8f0128a8f1b2a40b2f','40288100288c226801288c2987e90001','4028810028a8ef8f0128a8f1b1ba0b27','530326','',null,null,'1',null,null,null,null,null,null);
insert into bd_dictionaryvalue(id,id_dictionary,id_parent,code,value,num,description,enableFlag,editableFlag,systemFlag,ft,lt,fu,lu) values('4028810028a8ef8f0128a8f1b2c30b30','40288100288c226801288c2987e90001','4028810028a8ef8f0128a8f1b1ba0b27','530328','',null,null,'1',null,null,null,null,null,null);
insert into bd_dictionaryvalue(id,id_dictionary,id_parent,code,value,num,description,enableFlag,editableFlag,systemFlag,ft,lt,fu,lu) values('4028810028a8ef8f0128a8f1b2e30b31','40288100288c226801288c2987e90001','4028810028a8ef8f0128a8f1b1ba0b27','530381','',null,null,'1',null,null,null,null,null,null);
insert into bd_dictionaryvalue(id,id_dictionary,id_parent,code,value,num,description,enableFlag,editableFlag,systemFlag,ft,lt,fu,lu) values('4028810028a8ef8f0128a8f1b3020b32','40288100288c226801288c2987e90001','4028810028a8ef8f0128a8f1afb60b16','530400','',null,null,'1',null,null,null,null,null,null);
insert into bd_dictionaryvalue(id,id_dictionary,id_parent,code,value,num,description,enableFlag,editableFlag,systemFlag,ft,lt,fu,lu) values('4028810028a8ef8f0128a8f1b3210b33','40288100288c226801288c2987e90001','4028810028a8ef8f0128a8f1b3020b32','530401','',null,null,'1',null,null,null,null,null,null);
insert into bd_dictionaryvalue(id,id_dictionary,id_parent,code,value,num,description,enableFlag,editableFlag,systemFlag,ft,lt,fu,lu) values('4028810028a8ef8f0128a8f1b3400b34','40288100288c226801288c2987e90001','4028810028a8ef8f0128a8f1b3020b32','530402','',null,null,'1',null,null,null,null,null,null);
insert into bd_dictionaryvalue(id,id_dictionary,id_parent,code,value,num,description,enableFlag,editableFlag,systemFlag,ft,lt,fu,lu) values('4028810028a8ef8f0128a8f1b3600b35','40288100288c226801288c2987e90001','4028810028a8ef8f0128a8f1b3020b32','530421','',null,null,'1',null,null,null,null,null,null);
insert into bd_dictionaryvalue(id,id_dictionary,id_parent,code,value,num,description,enableFlag,editableFlag,systemFlag,ft,lt,fu,lu) values('4028810028a8ef8f0128a8f1b37f0b36','40288100288c226801288c2987e90001','4028810028a8ef8f0128a8f1b3020b32','530422','',null,null,'1',null,null,null,null,null,null);
insert into bd_dictionaryvalue(id,id_dictionary,id_parent,code,value,num,description,enableFlag,editableFlag,systemFlag,ft,lt,fu,lu) values('4028810028a8ef8f0128a8f1b39e0b37','40288100288c226801288c2987e90001','4028810028a8ef8f0128a8f1b3020b32','530423','',null,null,'1',null,null,null,null,null,null);
insert into bd_dictionaryvalue(id,id_dictionary,id_parent,code,value,num,description,enableFlag,editableFlag,systemFlag,ft,lt,fu,lu) values('4028810028a8ef8f0128a8f1b3bd0b38','40288100288c226801288c2987e90001','4028810028a8ef8f0128a8f1b3020b32','530424','',null,null,'1',null,null,null,null,null,null);
insert into bd_dictionaryvalue(id,id_dictionary,id_parent,code,value,num,description,enableFlag,editableFlag,systemFlag,ft,lt,fu,lu) values('4028810028a8ef8f0128a8f1b3cd0b39','40288100288c226801288c2987e90001','4028810028a8ef8f0128a8f1b3020b32','530425','',null,null,'1',null,null,null,null,null,null);
insert into bd_dictionaryvalue(id,id_dictionary,id_parent,code,value,num,description,enableFlag,editableFlag,systemFlag,ft,lt,fu,lu) values('4028810028a8ef8f0128a8f1b3ec0b3a','40288100288c226801288c2987e90001','4028810028a8ef8f0128a8f1b3020b32','530426','',null,null,'1',null,null,null,null,null,null);
insert into bd_dictionaryvalue(id,id_dictionary,id_parent,code,value,num,description,enableFlag,editableFlag,systemFlag,ft,lt,fu,lu) values('4028810028a8ef8f0128a8f1b40b0b3b','40288100288c226801288c2987e90001','4028810028a8ef8f0128a8f1b3020b32','530427','',null,null,'1',null,null,null,null,null,null);
insert into bd_dictionaryvalue(id,id_dictionary,id_parent,code,value,num,description,enableFlag,editableFlag,systemFlag,ft,lt,fu,lu) values('4028810028a8ef8f0128a8f1b42b0b3c','40288100288c226801288c2987e90001','4028810028a8ef8f0128a8f1b3020b32','530428','',null,null,'1',null,null,null,null,null,null);
insert into bd_dictionaryvalue(id,id_dictionary,id_parent,code,value,num,description,enableFlag,editableFlag,systemFlag,ft,lt,fu,lu) values('4028810028a8ef8f0128a8f1b44a0b3d','40288100288c226801288c2987e90001','4028810028a8ef8f0128a8f1afb60b16','530500','',null,null,'1',null,null,null,null,null,null);
insert into bd_dictionaryvalue(id,id_dictionary,id_parent,code,value,num,description,enableFlag,editableFlag,systemFlag,ft,lt,fu,lu) values('4028810028a8ef8f0128a8f1b4690b3e','40288100288c226801288c2987e90001','4028810028a8ef8f0128a8f1b44a0b3d','530501','',null,null,'1',null,null,null,null,null,null);
insert into bd_dictionaryvalue(id,id_dictionary,id_parent,code,value,num,description,enableFlag,editableFlag,systemFlag,ft,lt,fu,lu) values('4028810028a8ef8f0128a8f1b4880b3f','40288100288c226801288c2987e90001','4028810028a8ef8f0128a8f1b44a0b3d','530502','',null,null,'1',null,null,null,null,null,null);
insert into bd_dictionaryvalue(id,id_dictionary,id_parent,code,value,num,description,enableFlag,editableFlag,systemFlag,ft,lt,fu,lu) values('4028810028a8ef8f0128a8f1b4a80b40','40288100288c226801288c2987e90001','4028810028a8ef8f0128a8f1b44a0b3d','530521','',null,null,'1',null,null,null,null,null,null);
insert into bd_dictionaryvalue(id,id_dictionary,id_parent,code,value,num,description,enableFlag,editableFlag,systemFlag,ft,lt,fu,lu) values('4028810028a8ef8f0128a8f1b4c70b41','40288100288c226801288c2987e90001','4028810028a8ef8f0128a8f1b44a0b3d','530522','',null,null,'1',null,null,null,null,null,null);
insert into bd_dictionaryvalue(id,id_dictionary,id_parent,code,value,num,description,enableFlag,editableFlag,systemFlag,ft,lt,fu,lu) values('4028810028a8ef8f0128a8f1b4d70b42','40288100288c226801288c2987e90001','4028810028a8ef8f0128a8f1b44a0b3d','530523','',null,null,'1',null,null,null,null,null,null);
insert into bd_dictionaryvalue(id,id_dictionary,id_parent,code,value,num,description,enableFlag,editableFlag,systemFlag,ft,lt,fu,lu) values('4028810028a8ef8f0128a8f1b4f60b43','40288100288c226801288c2987e90001','4028810028a8ef8f0128a8f1b44a0b3d','530524','',null,null,'1',null,null,null,null,null,null);
insert into bd_dictionaryvalue(id,id_dictionary,id_parent,code,value,num,description,enableFlag,editableFlag,systemFlag,ft,lt,fu,lu) values('4028810028a8ef8f0128a8f1b5250b44','40288100288c226801288c2987e90001','4028810028a8ef8f0128a8f1afb60b16','530600','',null,null,'1',null,null,null,null,null,null);
insert into bd_dictionaryvalue(id,id_dictionary,id_parent,code,value,num,description,enableFlag,editableFlag,systemFlag,ft,lt,fu,lu) values('4028810028a8ef8f0128a8f1b5440b45','40288100288c226801288c2987e90001','4028810028a8ef8f0128a8f1b5250b44','530601','',null,null,'1',null,null,null,null,null,null);
insert into bd_dictionaryvalue(id,id_dictionary,id_parent,code,value,num,description,enableFlag,editableFlag,systemFlag,ft,lt,fu,lu) values('4028810028a8ef8f0128a8f1b5630b46','40288100288c226801288c2987e90001','4028810028a8ef8f0128a8f1b5250b44','530602','',null,null,'1',null,null,null,null,null,null);
insert into bd_dictionaryvalue(id,id_dictionary,id_parent,code,value,num,description,enableFlag,editableFlag,systemFlag,ft,lt,fu,lu) values('4028810028a8ef8f0128a8f1b5820b47','40288100288c226801288c2987e90001','4028810028a8ef8f0128a8f1b5250b44','530621','',null,null,'1',null,null,null,null,null,null);
insert into bd_dictionaryvalue(id,id_dictionary,id_parent,code,value,num,description,enableFlag,editableFlag,systemFlag,ft,lt,fu,lu) values('4028810028a8ef8f0128a8f1b5920b48','40288100288c226801288c2987e90001','4028810028a8ef8f0128a8f1b5250b44','530622','',null,null,'1',null,null,null,null,null,null);
insert into bd_dictionaryvalue(id,id_dictionary,id_parent,code,value,num,description,enableFlag,editableFlag,systemFlag,ft,lt,fu,lu) values('4028810028a8ef8f0128a8f1b5b10b49','40288100288c226801288c2987e90001','4028810028a8ef8f0128a8f1b5250b44','530623','',null,null,'1',null,null,null,null,null,null);
insert into bd_dictionaryvalue(id,id_dictionary,id_parent,code,value,num,description,enableFlag,editableFlag,systemFlag,ft,lt,fu,lu) values('4028810028a8ef8f0128a8f1b5d10b4a','40288100288c226801288c2987e90001','4028810028a8ef8f0128a8f1b5250b44','530624','',null,null,'1',null,null,null,null,null,null);
insert into bd_dictionaryvalue(id,id_dictionary,id_parent,code,value,num,description,enableFlag,editableFlag,systemFlag,ft,lt,fu,lu) values('4028810028a8ef8f0128a8f1b5f00b4b','40288100288c226801288c2987e90001','4028810028a8ef8f0128a8f1b5250b44','530625','',null,null,'1',null,null,null,null,null,null);
insert into bd_dictionaryvalue(id,id_dictionary,id_parent,code,value,num,description,enableFlag,editableFlag,systemFlag,ft,lt,fu,lu) values('4028810028a8ef8f0128a8f1b60f0b4c','40288100288c226801288c2987e90001','4028810028a8ef8f0128a8f1b5250b44','530626','',null,null,'1',null,null,null,null,null,null);
insert into bd_dictionaryvalue(id,id_dictionary,id_parent,code,value,num,description,enableFlag,editableFlag,systemFlag,ft,lt,fu,lu) values('4028810028a8ef8f0128a8f1b62e0b4d','40288100288c226801288c2987e90001','4028810028a8ef8f0128a8f1b5250b44','530627','',null,null,'1',null,null,null,null,null,null);
insert into bd_dictionaryvalue(id,id_dictionary,id_parent,code,value,num,description,enableFlag,editableFlag,systemFlag,ft,lt,fu,lu) values('4028810028a8ef8f0128a8f1b64e0b4e','40288100288c226801288c2987e90001','4028810028a8ef8f0128a8f1b5250b44','530628','',null,null,'1',null,null,null,null,null,null);
insert into bd_dictionaryvalue(id,id_dictionary,id_parent,code,value,num,description,enableFlag,editableFlag,systemFlag,ft,lt,fu,lu) values('4028810028a8ef8f0128a8f1b66d0b4f','40288100288c226801288c2987e90001','4028810028a8ef8f0128a8f1b5250b44','530629','',null,null,'1',null,null,null,null,null,null);
insert into bd_dictionaryvalue(id,id_dictionary,id_parent,code,value,num,description,enableFlag,editableFlag,systemFlag,ft,lt,fu,lu) values('4028810028a8ef8f0128a8f1b68c0b50','40288100288c226801288c2987e90001','4028810028a8ef8f0128a8f1b5250b44','530630','',null,null,'1',null,null,null,null,null,null);
insert into bd_dictionaryvalue(id,id_dictionary,id_parent,code,value,num,description,enableFlag,editableFlag,systemFlag,ft,lt,fu,lu) values('4028810028a8ef8f0128a8f1b6ab0b51','40288100288c226801288c2987e90001','4028810028a8ef8f0128a8f1afb60b16','532300','',null,null,'1',null,null,null,null,null,null);
insert into bd_dictionaryvalue(id,id_dictionary,id_parent,code,value,num,description,enableFlag,editableFlag,systemFlag,ft,lt,fu,lu) values('4028810028a8ef8f0128a8f1b6cb0b52','40288100288c226801288c2987e90001','4028810028a8ef8f0128a8f1b6ab0b51','532301','',null,null,'1',null,null,null,null,null,null);
insert into bd_dictionaryvalue(id,id_dictionary,id_parent,code,value,num,description,enableFlag,editableFlag,systemFlag,ft,lt,fu,lu) values('4028810028a8ef8f0128a8f1b6ea0b53','40288100288c226801288c2987e90001','4028810028a8ef8f0128a8f1b6ab0b51','532322','',null,null,'1',null,null,null,null,null,null);
insert into bd_dictionaryvalue(id,id_dictionary,id_parent,code,value,num,description,enableFlag,editableFlag,systemFlag,ft,lt,fu,lu) values('4028810028a8ef8f0128a8f1b7090b54','40288100288c226801288c2987e90001','4028810028a8ef8f0128a8f1b6ab0b51','532323','',null,null,'1',null,null,null,null,null,null);
insert into bd_dictionaryvalue(id,id_dictionary,id_parent,code,value,num,description,enableFlag,editableFlag,systemFlag,ft,lt,fu,lu) values('4028810028a8ef8f0128a8f1b7280b55','40288100288c226801288c2987e90001','4028810028a8ef8f0128a8f1b6ab0b51','532324','',null,null,'1',null,null,null,null,null,null);
insert into bd_dictionaryvalue(id,id_dictionary,id_parent,code,value,num,description,enableFlag,editableFlag,systemFlag,ft,lt,fu,lu) values('4028810028a8ef8f0128a8f1b7480b56','40288100288c226801288c2987e90001','4028810028a8ef8f0128a8f1b6ab0b51','532325','',null,null,'1',null,null,null,null,null,null);
insert into bd_dictionaryvalue(id,id_dictionary,id_parent,code,value,num,description,enableFlag,editableFlag,systemFlag,ft,lt,fu,lu) values('4028810028a8ef8f0128a8f1b7670b57','40288100288c226801288c2987e90001','4028810028a8ef8f0128a8f1b6ab0b51','532326','',null,null,'1',null,null,null,null,null,null);
insert into bd_dictionaryvalue(id,id_dictionary,id_parent,code,value,num,description,enableFlag,editableFlag,systemFlag,ft,lt,fu,lu) values('4028810028a8ef8f0128a8f1b7860b58','40288100288c226801288c2987e90001','4028810028a8ef8f0128a8f1b6ab0b51','532327','',null,null,'1',null,null,null,null,null,null);
insert into bd_dictionaryvalue(id,id_dictionary,id_parent,code,value,num,description,enableFlag,editableFlag,systemFlag,ft,lt,fu,lu) values('4028810028a8ef8f0128a8f1b7960b59','40288100288c226801288c2987e90001','4028810028a8ef8f0128a8f1b6ab0b51','532328','',null,null,'1',null,null,null,null,null,null);
insert into bd_dictionaryvalue(id,id_dictionary,id_parent,code,value,num,description,enableFlag,editableFlag,systemFlag,ft,lt,fu,lu) values('4028810028a8ef8f0128a8f1b7c50b5a','40288100288c226801288c2987e90001','4028810028a8ef8f0128a8f1b6ab0b51','532329','',null,null,'1',null,null,null,null,null,null);
insert into bd_dictionaryvalue(id,id_dictionary,id_parent,code,value,num,description,enableFlag,editableFlag,systemFlag,ft,lt,fu,lu) values('4028810028a8ef8f0128a8f1b7d40b5b','40288100288c226801288c2987e90001','4028810028a8ef8f0128a8f1b6ab0b51','532331','',null,null,'1',null,null,null,null,null,null);
insert into bd_dictionaryvalue(id,id_dictionary,id_parent,code,value,num,description,enableFlag,editableFlag,systemFlag,ft,lt,fu,lu) values('4028810028a8ef8f0128a8f1b7f30b5c','40288100288c226801288c2987e90001','4028810028a8ef8f0128a8f1afb60b16','532500','',null,null,'1',null,null,null,null,null,null);
insert into bd_dictionaryvalue(id,id_dictionary,id_parent,code,value,num,description,enableFlag,editableFlag,systemFlag,ft,lt,fu,lu) values('4028810028a8ef8f0128a8f1b8130b5d','40288100288c226801288c2987e90001','4028810028a8ef8f0128a8f1b7f30b5c','532501','',null,null,'1',null,null,null,null,null,null);
insert into bd_dictionaryvalue(id,id_dictionary,id_parent,code,value,num,description,enableFlag,editableFlag,systemFlag,ft,lt,fu,lu) values('4028810028a8ef8f0128a8f1b8320b5e','40288100288c226801288c2987e90001','4028810028a8ef8f0128a8f1b7f30b5c','532502','',null,null,'1',null,null,null,null,null,null);
insert into bd_dictionaryvalue(id,id_dictionary,id_parent,code,value,num,description,enableFlag,editableFlag,systemFlag,ft,lt,fu,lu) values('4028810028a8ef8f0128a8f1b8510b5f','40288100288c226801288c2987e90001','4028810028a8ef8f0128a8f1b7f30b5c','532522','',null,null,'1',null,null,null,null,null,null);
insert into bd_dictionaryvalue(id,id_dictionary,id_parent,code,value,num,description,enableFlag,editableFlag,systemFlag,ft,lt,fu,lu) values('4028810028a8ef8f0128a8f1b8700b60','40288100288c226801288c2987e90001','4028810028a8ef8f0128a8f1b7f30b5c','532523','',null,null,'1',null,null,null,null,null,null);
insert into bd_dictionaryvalue(id,id_dictionary,id_parent,code,value,num,description,enableFlag,editableFlag,systemFlag,ft,lt,fu,lu) values('4028810028a8ef8f0128a8f1b8900b61','40288100288c226801288c2987e90001','4028810028a8ef8f0128a8f1b7f30b5c','532524','',null,null,'1',null,null,null,null,null,null);
insert into bd_dictionaryvalue(id,id_dictionary,id_parent,code,value,num,description,enableFlag,editableFlag,systemFlag,ft,lt,fu,lu) values('4028810028a8ef8f0128a8f1b8af0b62','40288100288c226801288c2987e90001','4028810028a8ef8f0128a8f1b7f30b5c','532525','',null,null,'1',null,null,null,null,null,null);
insert into bd_dictionaryvalue(id,id_dictionary,id_parent,code,value,num,description,enableFlag,editableFlag,systemFlag,ft,lt,fu,lu) values('4028810028a8ef8f0128a8f1b8ce0b63','40288100288c226801288c2987e90001','4028810028a8ef8f0128a8f1b7f30b5c','532526','',null,null,'1',null,null,null,null,null,null);
insert into bd_dictionaryvalue(id,id_dictionary,id_parent,code,value,num,description,enableFlag,editableFlag,systemFlag,ft,lt,fu,lu) values('4028810028a8ef8f0128a8f1b8ed0b64','40288100288c226801288c2987e90001','4028810028a8ef8f0128a8f1b7f30b5c','532527','',null,null,'1',null,null,null,null,null,null);
insert into bd_dictionaryvalue(id,id_dictionary,id_parent,code,value,num,description,enableFlag,editableFlag,systemFlag,ft,lt,fu,lu) values('4028810028a8ef8f0128a8f1b90d0b65','40288100288c226801288c2987e90001','4028810028a8ef8f0128a8f1b7f30b5c','532528','',null,null,'1',null,null,null,null,null,null);
insert into bd_dictionaryvalue(id,id_dictionary,id_parent,code,value,num,description,enableFlag,editableFlag,systemFlag,ft,lt,fu,lu) values('4028810028a8ef8f0128a8f1b92c0b66','40288100288c226801288c2987e90001','4028810028a8ef8f0128a8f1b7f30b5c','532529','',null,null,'1',null,null,null,null,null,null);
insert into bd_dictionaryvalue(id,id_dictionary,id_parent,code,value,num,description,enableFlag,editableFlag,systemFlag,ft,lt,fu,lu) values('4028810028a8ef8f0128a8f1b94b0b67','40288100288c226801288c2987e90001','4028810028a8ef8f0128a8f1b7f30b5c','532530','',null,null,'1',null,null,null,null,null,null);
insert into bd_dictionaryvalue(id,id_dictionary,id_parent,code,value,num,description,enableFlag,editableFlag,systemFlag,ft,lt,fu,lu) values('4028810028a8ef8f0128a8f1b96a0b68','40288100288c226801288c2987e90001','4028810028a8ef8f0128a8f1b7f30b5c','532531','',null,null,'1',null,null,null,null,null,null);
insert into bd_dictionaryvalue(id,id_dictionary,id_parent,code,value,num,description,enableFlag,editableFlag,systemFlag,ft,lt,fu,lu) values('4028810028a8ef8f0128a8f1b98a0b69','40288100288c226801288c2987e90001','4028810028a8ef8f0128a8f1b7f30b5c','532532','',null,null,'1',null,null,null,null,null,null);
insert into bd_dictionaryvalue(id,id_dictionary,id_parent,code,value,num,description,enableFlag,editableFlag,systemFlag,ft,lt,fu,lu) values('4028810028a8ef8f0128a8f1b9a90b6a','40288100288c226801288c2987e90001','4028810028a8ef8f0128a8f1afb60b16','532600','',null,null,'1',null,null,null,null,null,null);
insert into bd_dictionaryvalue(id,id_dictionary,id_parent,code,value,num,description,enableFlag,editableFlag,systemFlag,ft,lt,fu,lu) values('4028810028a8ef8f0128a8f1b9b90b6b','40288100288c226801288c2987e90001','4028810028a8ef8f0128a8f1b9a90b6a','532621','',null,null,'1',null,null,null,null,null,null);
insert into bd_dictionaryvalue(id,id_dictionary,id_parent,code,value,num,description,enableFlag,editableFlag,systemFlag,ft,lt,fu,lu) values('4028810028a8ef8f0128a8f1b9d80b6c','40288100288c226801288c2987e90001','4028810028a8ef8f0128a8f1b9a90b6a','532622','',null,null,'1',null,null,null,null,null,null);
insert into bd_dictionaryvalue(id,id_dictionary,id_parent,code,value,num,description,enableFlag,editableFlag,systemFlag,ft,lt,fu,lu) values('4028810028a8ef8f0128a8f1b9f70b6d','40288100288c226801288c2987e90001','4028810028a8ef8f0128a8f1b9a90b6a','532623','',null,null,'1',null,null,null,null,null,null);
insert into bd_dictionaryvalue(id,id_dictionary,id_parent,code,value,num,description,enableFlag,editableFlag,systemFlag,ft,lt,fu,lu) values('4028810028a8ef8f0128a8f1ba160b6e','40288100288c226801288c2987e90001','4028810028a8ef8f0128a8f1b9a90b6a','532624','',null,null,'1',null,null,null,null,null,null);
insert into bd_dictionaryvalue(id,id_dictionary,id_parent,code,value,num,description,enableFlag,editableFlag,systemFlag,ft,lt,fu,lu) values('4028810028a8ef8f0128a8f1ba360b6f','40288100288c226801288c2987e90001','4028810028a8ef8f0128a8f1b9a90b6a','532625','',null,null,'1',null,null,null,null,null,null);
insert into bd_dictionaryvalue(id,id_dictionary,id_parent,code,value,num,description,enableFlag,editableFlag,systemFlag,ft,lt,fu,lu) values('4028810028a8ef8f0128a8f1ba550b70','40288100288c226801288c2987e90001','4028810028a8ef8f0128a8f1b9a90b6a','532626','',null,null,'1',null,null,null,null,null,null);
insert into bd_dictionaryvalue(id,id_dictionary,id_parent,code,value,num,description,enableFlag,editableFlag,systemFlag,ft,lt,fu,lu) values('4028810028a8ef8f0128a8f1ba840b71','40288100288c226801288c2987e90001','4028810028a8ef8f0128a8f1b9a90b6a','532627','',null,null,'1',null,null,null,null,null,null);
insert into bd_dictionaryvalue(id,id_dictionary,id_parent,code,value,num,description,enableFlag,editableFlag,systemFlag,ft,lt,fu,lu) values('4028810028a8ef8f0128a8f1baa30b72','40288100288c226801288c2987e90001','4028810028a8ef8f0128a8f1b9a90b6a','532628','',null,null,'1',null,null,null,null,null,null);
insert into bd_dictionaryvalue(id,id_dictionary,id_parent,code,value,num,description,enableFlag,editableFlag,systemFlag,ft,lt,fu,lu) values('4028810028a8ef8f0128a8f1bac20b73','40288100288c226801288c2987e90001','4028810028a8ef8f0128a8f1afb60b16','532700','',null,null,'1',null,null,null,null,null,null);
insert into bd_dictionaryvalue(id,id_dictionary,id_parent,code,value,num,description,enableFlag,editableFlag,systemFlag,ft,lt,fu,lu) values('4028810028a8ef8f0128a8f1bae10b74','40288100288c226801288c2987e90001','4028810028a8ef8f0128a8f1bac20b73','532701','',null,null,'1',null,null,null,null,null,null);
insert into bd_dictionaryvalue(id,id_dictionary,id_parent,code,value,num,description,enableFlag,editableFlag,systemFlag,ft,lt,fu,lu) values('4028810028a8ef8f0128a8f1baf10b75','40288100288c226801288c2987e90001','4028810028a8ef8f0128a8f1bac20b73','532722','',null,null,'1',null,null,null,null,null,null);
insert into bd_dictionaryvalue(id,id_dictionary,id_parent,code,value,num,description,enableFlag,editableFlag,systemFlag,ft,lt,fu,lu) values('4028810028a8ef8f0128a8f1bb100b76','40288100288c226801288c2987e90001','4028810028a8ef8f0128a8f1bac20b73','532723','',null,null,'1',null,null,null,null,null,null);
insert into bd_dictionaryvalue(id,id_dictionary,id_parent,code,value,num,description,enableFlag,editableFlag,systemFlag,ft,lt,fu,lu) values('4028810028a8ef8f0128a8f1bb300b77','40288100288c226801288c2987e90001','4028810028a8ef8f0128a8f1bac20b73','532724','',null,null,'1',null,null,null,null,null,null);
insert into bd_dictionaryvalue(id,id_dictionary,id_parent,code,value,num,description,enableFlag,editableFlag,systemFlag,ft,lt,fu,lu) values('4028810028a8ef8f0128a8f1bb4f0b78','40288100288c226801288c2987e90001','4028810028a8ef8f0128a8f1bac20b73','532725','',null,null,'1',null,null,null,null,null,null);
insert into bd_dictionaryvalue(id,id_dictionary,id_parent,code,value,num,description,enableFlag,editableFlag,systemFlag,ft,lt,fu,lu) values('4028810028a8ef8f0128a8f1bb6e0b79','40288100288c226801288c2987e90001','4028810028a8ef8f0128a8f1bac20b73','532726','',null,null,'1',null,null,null,null,null,null);
insert into bd_dictionaryvalue(id,id_dictionary,id_parent,code,value,num,description,enableFlag,editableFlag,systemFlag,ft,lt,fu,lu) values('4028810028a8ef8f0128a8f1bb8d0b7a','40288100288c226801288c2987e90001','4028810028a8ef8f0128a8f1bac20b73','532727','',null,null,'1',null,null,null,null,null,null);
insert into bd_dictionaryvalue(id,id_dictionary,id_parent,code,value,num,description,enableFlag,editableFlag,systemFlag,ft,lt,fu,lu) values('4028810028a8ef8f0128a8f1bbad0b7b','40288100288c226801288c2987e90001','4028810028a8ef8f0128a8f1bac20b73','532728','',null,null,'1',null,null,null,null,null,null);
insert into bd_dictionaryvalue(id,id_dictionary,id_parent,code,value,num,description,enableFlag,editableFlag,systemFlag,ft,lt,fu,lu) values('4028810028a8ef8f0128a8f1bbdb0b7c','40288100288c226801288c2987e90001','4028810028a8ef8f0128a8f1bac20b73','532729','',null,null,'1',null,null,null,null,null,null);
insert into bd_dictionaryvalue(id,id_dictionary,id_parent,code,value,num,description,enableFlag,editableFlag,systemFlag,ft,lt,fu,lu) values('4028810028a8ef8f0128a8f1bbfb0b7d','40288100288c226801288c2987e90001','4028810028a8ef8f0128a8f1bac20b73','532730','',null,null,'1',null,null,null,null,null,null);
insert into bd_dictionaryvalue(id,id_dictionary,id_parent,code,value,num,description,enableFlag,editableFlag,systemFlag,ft,lt,fu,lu) values('4028810028a8ef8f0128a8f1bc1a0b7e','40288100288c226801288c2987e90001','4028810028a8ef8f0128a8f1afb60b16','532800','',null,null,'1',null,null,null,null,null,null);
insert into bd_dictionaryvalue(id,id_dictionary,id_parent,code,value,num,description,enableFlag,editableFlag,systemFlag,ft,lt,fu,lu) values('4028810028a8ef8f0128a8f1bc390b7f','40288100288c226801288c2987e90001','4028810028a8ef8f0128a8f1bc1a0b7e','532801','',null,null,'1',null,null,null,null,null,null);
insert into bd_dictionaryvalue(id,id_dictionary,id_parent,code,value,num,description,enableFlag,editableFlag,systemFlag,ft,lt,fu,lu) values('4028810028a8ef8f0128a8f1bc580b80','40288100288c226801288c2987e90001','4028810028a8ef8f0128a8f1bc1a0b7e','532822','',null,null,'1',null,null,null,null,null,null);
insert into bd_dictionaryvalue(id,id_dictionary,id_parent,code,value,num,description,enableFlag,editableFlag,systemFlag,ft,lt,fu,lu) values('4028810028a8ef8f0128a8f1bc780b81','40288100288c226801288c2987e90001','4028810028a8ef8f0128a8f1bc1a0b7e','532823','',null,null,'1',null,null,null,null,null,null);
insert into bd_dictionaryvalue(id,id_dictionary,id_parent,code,value,num,description,enableFlag,editableFlag,systemFlag,ft,lt,fu,lu) values('4028810028a8ef8f0128a8f1bc870b82','40288100288c226801288c2987e90001','4028810028a8ef8f0128a8f1afb60b16','532900','',null,null,'1',null,null,null,null,null,null);
insert into bd_dictionaryvalue(id,id_dictionary,id_parent,code,value,num,description,enableFlag,editableFlag,systemFlag,ft,lt,fu,lu) values('4028810028a8ef8f0128a8f1bcb60b83','40288100288c226801288c2987e90001','4028810028a8ef8f0128a8f1bc870b82','532901','',null,null,'1',null,null,null,null,null,null);
insert into bd_dictionaryvalue(id,id_dictionary,id_parent,code,value,num,description,enableFlag,editableFlag,systemFlag,ft,lt,fu,lu) values('4028810028a8ef8f0128a8f1bcc60b84','40288100288c226801288c2987e90001','4028810028a8ef8f0128a8f1bc870b82','532922','',null,null,'1',null,null,null,null,null,null);
insert into bd_dictionaryvalue(id,id_dictionary,id_parent,code,value,num,description,enableFlag,editableFlag,systemFlag,ft,lt,fu,lu) values('4028810028a8ef8f0128a8f1bcf50b85','40288100288c226801288c2987e90001','4028810028a8ef8f0128a8f1bc870b82','532923','',null,null,'1',null,null,null,null,null,null);
insert into bd_dictionaryvalue(id,id_dictionary,id_parent,code,value,num,description,enableFlag,editableFlag,systemFlag,ft,lt,fu,lu) values('4028810028a8ef8f0128a8f1bd140b86','40288100288c226801288c2987e90001','4028810028a8ef8f0128a8f1bc870b82','532924','',null,null,'1',null,null,null,null,null,null);
insert into bd_dictionaryvalue(id,id_dictionary,id_parent,code,value,num,description,enableFlag,editableFlag,systemFlag,ft,lt,fu,lu) values('4028810028a8ef8f0128a8f1bd330b87','40288100288c226801288c2987e90001','4028810028a8ef8f0128a8f1bc870b82','532925','',null,null,'1',null,null,null,null,null,null);
insert into bd_dictionaryvalue(id,id_dictionary,id_parent,code,value,num,description,enableFlag,editableFlag,systemFlag,ft,lt,fu,lu) values('4028810028a8ef8f0128a8f1bd520b88','40288100288c226801288c2987e90001','4028810028a8ef8f0128a8f1bc870b82','532926','',null,null,'1',null,null,null,null,null,null);
insert into bd_dictionaryvalue(id,id_dictionary,id_parent,code,value,num,description,enableFlag,editableFlag,systemFlag,ft,lt,fu,lu) values('4028810028a8ef8f0128a8f1bd720b89','40288100288c226801288c2987e90001','4028810028a8ef8f0128a8f1bc870b82','532927','',null,null,'1',null,null,null,null,null,null);
insert into bd_dictionaryvalue(id,id_dictionary,id_parent,code,value,num,description,enableFlag,editableFlag,systemFlag,ft,lt,fu,lu) values('4028810028a8ef8f0128a8f1bd910b8a','40288100288c226801288c2987e90001','4028810028a8ef8f0128a8f1bc870b82','532928','',null,null,'1',null,null,null,null,null,null);
insert into bd_dictionaryvalue(id,id_dictionary,id_parent,code,value,num,description,enableFlag,editableFlag,systemFlag,ft,lt,fu,lu) values('4028810028a8ef8f0128a8f1bda10b8b','40288100288c226801288c2987e90001','4028810028a8ef8f0128a8f1bc870b82','532929','',null,null,'1',null,null,null,null,null,null);
insert into bd_dictionaryvalue(id,id_dictionary,id_parent,code,value,num,description,enableFlag,editableFlag,systemFlag,ft,lt,fu,lu) values('4028810028a8ef8f0128a8f1bdc00b8c','40288100288c226801288c2987e90001','4028810028a8ef8f0128a8f1bc870b82','532930','',null,null,'1',null,null,null,null,null,null);
insert into bd_dictionaryvalue(id,id_dictionary,id_parent,code,value,num,description,enableFlag,editableFlag,systemFlag,ft,lt,fu,lu) values('4028810028a8ef8f0128a8f1bddf0b8d','40288100288c226801288c2987e90001','4028810028a8ef8f0128a8f1bc870b82','532931','',null,null,'1',null,null,null,null,null,null);
insert into bd_dictionaryvalue(id,id_dictionary,id_parent,code,value,num,description,enableFlag,editableFlag,systemFlag,ft,lt,fu,lu) values('4028810028a8ef8f0128a8f1bdfe0b8e','40288100288c226801288c2987e90001','4028810028a8ef8f0128a8f1bc870b82','532932','',null,null,'1',null,null,null,null,null,null);
insert into bd_dictionaryvalue(id,id_dictionary,id_parent,code,value,num,description,enableFlag,editableFlag,systemFlag,ft,lt,fu,lu) values('4028810028a8ef8f0128a8f1be1e0b8f','40288100288c226801288c2987e90001','4028810028a8ef8f0128a8f1afb60b16','533100','',null,null,'1',null,null,null,null,null,null);
insert into bd_dictionaryvalue(id,id_dictionary,id_parent,code,value,num,description,enableFlag,editableFlag,systemFlag,ft,lt,fu,lu) values('4028810028a8ef8f0128a8f1be3d0b90','40288100288c226801288c2987e90001','4028810028a8ef8f0128a8f1be1e0b8f','533102','',null,null,'1',null,null,null,null,null,null);
insert into bd_dictionaryvalue(id,id_dictionary,id_parent,code,value,num,description,enableFlag,editableFlag,systemFlag,ft,lt,fu,lu) values('4028810028a8ef8f0128a8f1be5c0b91','40288100288c226801288c2987e90001','4028810028a8ef8f0128a8f1be1e0b8f','533103','',null,null,'1',null,null,null,null,null,null);
insert into bd_dictionaryvalue(id,id_dictionary,id_parent,code,value,num,description,enableFlag,editableFlag,systemFlag,ft,lt,fu,lu) values('4028810028a8ef8f0128a8f1be7b0b92','40288100288c226801288c2987e90001','4028810028a8ef8f0128a8f1be1e0b8f','533122','',null,null,'1',null,null,null,null,null,null);
insert into bd_dictionaryvalue(id,id_dictionary,id_parent,code,value,num,description,enableFlag,editableFlag,systemFlag,ft,lt,fu,lu) values('4028810028a8ef8f0128a8f1be9b0b93','40288100288c226801288c2987e90001','4028810028a8ef8f0128a8f1be1e0b8f','533123','',null,null,'1',null,null,null,null,null,null);
insert into bd_dictionaryvalue(id,id_dictionary,id_parent,code,value,num,description,enableFlag,editableFlag,systemFlag,ft,lt,fu,lu) values('4028810028a8ef8f0128a8f1beba0b94','40288100288c226801288c2987e90001','4028810028a8ef8f0128a8f1be1e0b8f','533124','',null,null,'1',null,null,null,null,null,null);
insert into bd_dictionaryvalue(id,id_dictionary,id_parent,code,value,num,description,enableFlag,editableFlag,systemFlag,ft,lt,fu,lu) values('4028810028a8ef8f0128a8f1bed90b95','40288100288c226801288c2987e90001','4028810028a8ef8f0128a8f1afb60b16','533200','',null,null,'1',null,null,null,null,null,null);
insert into bd_dictionaryvalue(id,id_dictionary,id_parent,code,value,num,description,enableFlag,editableFlag,systemFlag,ft,lt,fu,lu) values('4028810028a8ef8f0128a8f1bef80b96','40288100288c226801288c2987e90001','4028810028a8ef8f0128a8f1bed90b95','533221','',null,null,'1',null,null,null,null,null,null);
insert into bd_dictionaryvalue(id,id_dictionary,id_parent,code,value,num,description,enableFlag,editableFlag,systemFlag,ft,lt,fu,lu) values('4028810028a8ef8f0128a8f1bf180b97','40288100288c226801288c2987e90001','4028810028a8ef8f0128a8f1bed90b95','533222','',null,null,'1',null,null,null,null,null,null);
insert into bd_dictionaryvalue(id,id_dictionary,id_parent,code,value,num,description,enableFlag,editableFlag,systemFlag,ft,lt,fu,lu) values('4028810028a8ef8f0128a8f1bf370b98','40288100288c226801288c2987e90001','4028810028a8ef8f0128a8f1bed90b95','533223','',null,null,'1',null,null,null,null,null,null);
insert into bd_dictionaryvalue(id,id_dictionary,id_parent,code,value,num,description,enableFlag,editableFlag,systemFlag,ft,lt,fu,lu) values('4028810028a8ef8f0128a8f1bf560b99','40288100288c226801288c2987e90001','4028810028a8ef8f0128a8f1bed90b95','533224','',null,null,'1',null,null,null,null,null,null);
insert into bd_dictionaryvalue(id,id_dictionary,id_parent,code,value,num,description,enableFlag,editableFlag,systemFlag,ft,lt,fu,lu) values('4028810028a8ef8f0128a8f1bf750b9a','40288100288c226801288c2987e90001','4028810028a8ef8f0128a8f1afb60b16','533300','',null,null,'1',null,null,null,null,null,null);
insert into bd_dictionaryvalue(id,id_dictionary,id_parent,code,value,num,description,enableFlag,editableFlag,systemFlag,ft,lt,fu,lu) values('4028810028a8ef8f0128a8f1bf950b9b','40288100288c226801288c2987e90001','4028810028a8ef8f0128a8f1bf750b9a','533321','',null,null,'1',null,null,null,null,null,null);
insert into bd_dictionaryvalue(id,id_dictionary,id_parent,code,value,num,description,enableFlag,editableFlag,systemFlag,ft,lt,fu,lu) values('4028810028a8ef8f0128a8f1bfb40b9c','40288100288c226801288c2987e90001','4028810028a8ef8f0128a8f1bf750b9a','533323','',null,null,'1',null,null,null,null,null,null);
insert into bd_dictionaryvalue(id,id_dictionary,id_parent,code,value,num,description,enableFlag,editableFlag,systemFlag,ft,lt,fu,lu) values('4028810028a8ef8f0128a8f1bfd30b9d','40288100288c226801288c2987e90001','4028810028a8ef8f0128a8f1bf750b9a','533324','',null,null,'1',null,null,null,null,null,null);
insert into bd_dictionaryvalue(id,id_dictionary,id_parent,code,value,num,description,enableFlag,editableFlag,systemFlag,ft,lt,fu,lu) values('4028810028a8ef8f0128a8f1bff20b9e','40288100288c226801288c2987e90001','4028810028a8ef8f0128a8f1bf750b9a','533325','',null,null,'1',null,null,null,null,null,null);
insert into bd_dictionaryvalue(id,id_dictionary,id_parent,code,value,num,description,enableFlag,editableFlag,systemFlag,ft,lt,fu,lu) values('4028810028a8ef8f0128a8f1c0120b9f','40288100288c226801288c2987e90001','4028810028a8ef8f0128a8f1afb60b16','533400','',null,null,'1',null,null,null,null,null,null);
insert into bd_dictionaryvalue(id,id_dictionary,id_parent,code,value,num,description,enableFlag,editableFlag,systemFlag,ft,lt,fu,lu) values('4028810028a8ef8f0128a8f1c0310ba0','40288100288c226801288c2987e90001','4028810028a8ef8f0128a8f1c0120b9f','533421','',null,null,'1',null,null,null,null,null,null);
insert into bd_dictionaryvalue(id,id_dictionary,id_parent,code,value,num,description,enableFlag,editableFlag,systemFlag,ft,lt,fu,lu) values('4028810028a8ef8f0128a8f1c0500ba1','40288100288c226801288c2987e90001','4028810028a8ef8f0128a8f1c0120b9f','533422','',null,null,'1',null,null,null,null,null,null);
insert into bd_dictionaryvalue(id,id_dictionary,id_parent,code,value,num,description,enableFlag,editableFlag,systemFlag,ft,lt,fu,lu) values('4028810028a8ef8f0128a8f1c06f0ba2','40288100288c226801288c2987e90001','4028810028a8ef8f0128a8f1c0120b9f','533423','',null,null,'1',null,null,null,null,null,null);
insert into bd_dictionaryvalue(id,id_dictionary,id_parent,code,value,num,description,enableFlag,editableFlag,systemFlag,ft,lt,fu,lu) values('4028810028a8ef8f0128a8f1c08f0ba3','40288100288c226801288c2987e90001','4028810028a8ef8f0128a8f1afb60b16','533500','',null,null,'1',null,null,null,null,null,null);
insert into bd_dictionaryvalue(id,id_dictionary,id_parent,code,value,num,description,enableFlag,editableFlag,systemFlag,ft,lt,fu,lu) values('4028810028a8ef8f0128a8f1c0ae0ba4','40288100288c226801288c2987e90001','4028810028a8ef8f0128a8f1c08f0ba3','533521','',null,null,'1',null,null,null,null,null,null);
insert into bd_dictionaryvalue(id,id_dictionary,id_parent,code,value,num,description,enableFlag,editableFlag,systemFlag,ft,lt,fu,lu) values('4028810028a8ef8f0128a8f1c0cd0ba5','40288100288c226801288c2987e90001','4028810028a8ef8f0128a8f1c08f0ba3','533522','',null,null,'1',null,null,null,null,null,null);
insert into bd_dictionaryvalue(id,id_dictionary,id_parent,code,value,num,description,enableFlag,editableFlag,systemFlag,ft,lt,fu,lu) values('4028810028a8ef8f0128a8f1c0ec0ba6','40288100288c226801288c2987e90001','4028810028a8ef8f0128a8f1c08f0ba3','533523','',null,null,'1',null,null,null,null,null,null);
insert into bd_dictionaryvalue(id,id_dictionary,id_parent,code,value,num,description,enableFlag,editableFlag,systemFlag,ft,lt,fu,lu) values('4028810028a8ef8f0128a8f1c10c0ba7','40288100288c226801288c2987e90001','4028810028a8ef8f0128a8f1c08f0ba3','533524','',null,null,'1',null,null,null,null,null,null);
insert into bd_dictionaryvalue(id,id_dictionary,id_parent,code,value,num,description,enableFlag,editableFlag,systemFlag,ft,lt,fu,lu) values('4028810028a8ef8f0128a8f1c12b0ba8','40288100288c226801288c2987e90001','4028810028a8ef8f0128a8f1c08f0ba3','533525','',null,null,'1',null,null,null,null,null,null);
insert into bd_dictionaryvalue(id,id_dictionary,id_parent,code,value,num,description,enableFlag,editableFlag,systemFlag,ft,lt,fu,lu) values('4028810028a8ef8f0128a8f1c14a0ba9','40288100288c226801288c2987e90001','4028810028a8ef8f0128a8f1c08f0ba3','533526','',null,null,'1',null,null,null,null,null,null);
insert into bd_dictionaryvalue(id,id_dictionary,id_parent,code,value,num,description,enableFlag,editableFlag,systemFlag,ft,lt,fu,lu) values('4028810028a8ef8f0128a8f1c1690baa','40288100288c226801288c2987e90001','4028810028a8ef8f0128a8f1c08f0ba3','533527','',null,null,'1',null,null,null,null,null,null);
insert into bd_dictionaryvalue(id,id_dictionary,id_parent,code,value,num,description,enableFlag,editableFlag,systemFlag,ft,lt,fu,lu) values('4028810028a8ef8f0128a8f1c1890bab','40288100288c226801288c2987e90001','4028810028a8ef8f0128a8f1c08f0ba3','533528','',null,null,'1',null,null,null,null,null,null);
insert into bd_dictionaryvalue(id,id_dictionary,id_parent,code,value,num,description,enableFlag,editableFlag,systemFlag,ft,lt,fu,lu) values('4028810028a8ef8f0128a8f1c1a80bac','40288100288c226801288c2987e90001',null,'540000','',null,null,'1',null,null,null,null,null,null);
insert into bd_dictionaryvalue(id,id_dictionary,id_parent,code,value,num,description,enableFlag,editableFlag,systemFlag,ft,lt,fu,lu) values('4028810028a8ef8f0128a8f1c1c70bad','40288100288c226801288c2987e90001','4028810028a8ef8f0128a8f1c1a80bac','540100','',null,null,'1',null,null,null,null,null,null);
insert into bd_dictionaryvalue(id,id_dictionary,id_parent,code,value,num,description,enableFlag,editableFlag,systemFlag,ft,lt,fu,lu) values('4028810028a8ef8f0128a8f1c1e60bae','40288100288c226801288c2987e90001','4028810028a8ef8f0128a8f1c1c70bad','540101','',null,null,'1',null,null,null,null,null,null);
insert into bd_dictionaryvalue(id,id_dictionary,id_parent,code,value,num,description,enableFlag,editableFlag,systemFlag,ft,lt,fu,lu) values('4028810028a8ef8f0128a8f1c2060baf','40288100288c226801288c2987e90001','4028810028a8ef8f0128a8f1c1c70bad','540102','',null,null,'1',null,null,null,null,null,null);
insert into bd_dictionaryvalue(id,id_dictionary,id_parent,code,value,num,description,enableFlag,editableFlag,systemFlag,ft,lt,fu,lu) values('4028810028a8ef8f0128a8f1c2250bb0','40288100288c226801288c2987e90001','4028810028a8ef8f0128a8f1c1c70bad','540121','',null,null,'1',null,null,null,null,null,null);
insert into bd_dictionaryvalue(id,id_dictionary,id_parent,code,value,num,description,enableFlag,editableFlag,systemFlag,ft,lt,fu,lu) values('4028810028a8ef8f0128a8f1c2440bb1','40288100288c226801288c2987e90001','4028810028a8ef8f0128a8f1c1c70bad','540122','',null,null,'1',null,null,null,null,null,null);
insert into bd_dictionaryvalue(id,id_dictionary,id_parent,code,value,num,description,enableFlag,editableFlag,systemFlag,ft,lt,fu,lu) values('4028810028a8ef8f0128a8f1c2630bb2','40288100288c226801288c2987e90001','4028810028a8ef8f0128a8f1c1c70bad','540123','',null,null,'1',null,null,null,null,null,null);
insert into bd_dictionaryvalue(id,id_dictionary,id_parent,code,value,num,description,enableFlag,editableFlag,systemFlag,ft,lt,fu,lu) values('4028810028a8ef8f0128a8f1c2830bb3','40288100288c226801288c2987e90001','4028810028a8ef8f0128a8f1c1c70bad','540124','',null,null,'1',null,null,null,null,null,null);
insert into bd_dictionaryvalue(id,id_dictionary,id_parent,code,value,num,description,enableFlag,editableFlag,systemFlag,ft,lt,fu,lu) values('4028810028a8ef8f0128a8f1c2a20bb4','40288100288c226801288c2987e90001','4028810028a8ef8f0128a8f1c1c70bad','540125','',null,null,'1',null,null,null,null,null,null);
insert into bd_dictionaryvalue(id,id_dictionary,id_parent,code,value,num,description,enableFlag,editableFlag,systemFlag,ft,lt,fu,lu) values('4028810028a8ef8f0128a8f1c2c10bb5','40288100288c226801288c2987e90001','4028810028a8ef8f0128a8f1c1c70bad','540126','',null,null,'1',null,null,null,null,null,null);
insert into bd_dictionaryvalue(id,id_dictionary,id_parent,code,value,num,description,enableFlag,editableFlag,systemFlag,ft,lt,fu,lu) values('4028810028a8ef8f0128a8f1c2e00bb6','40288100288c226801288c2987e90001','4028810028a8ef8f0128a8f1c1c70bad','540127','',null,null,'1',null,null,null,null,null,null);
insert into bd_dictionaryvalue(id,id_dictionary,id_parent,code,value,num,description,enableFlag,editableFlag,systemFlag,ft,lt,fu,lu) values('4028810028a8ef8f0128a8f1c3000bb7','40288100288c226801288c2987e90001','4028810028a8ef8f0128a8f1c1a80bac','542100','',null,null,'1',null,null,null,null,null,null);
insert into bd_dictionaryvalue(id,id_dictionary,id_parent,code,value,num,description,enableFlag,editableFlag,systemFlag,ft,lt,fu,lu) values('4028810028a8ef8f0128a8f1c31f0bb8','40288100288c226801288c2987e90001','4028810028a8ef8f0128a8f1c3000bb7','542121','',null,null,'1',null,null,null,null,null,null);
insert into bd_dictionaryvalue(id,id_dictionary,id_parent,code,value,num,description,enableFlag,editableFlag,systemFlag,ft,lt,fu,lu) values('4028810028a8ef8f0128a8f1c33e0bb9','40288100288c226801288c2987e90001','4028810028a8ef8f0128a8f1c3000bb7','542122','',null,null,'1',null,null,null,null,null,null);
insert into bd_dictionaryvalue(id,id_dictionary,id_parent,code,value,num,description,enableFlag,editableFlag,systemFlag,ft,lt,fu,lu) values('4028810028a8ef8f0128a8f1c35d0bba','40288100288c226801288c2987e90001','4028810028a8ef8f0128a8f1c3000bb7','542123','',null,null,'1',null,null,null,null,null,null);
insert into bd_dictionaryvalue(id,id_dictionary,id_parent,code,value,num,description,enableFlag,editableFlag,systemFlag,ft,lt,fu,lu) values('4028810028a8ef8f0128a8f1c37d0bbb','40288100288c226801288c2987e90001','4028810028a8ef8f0128a8f1c3000bb7','542124','',null,null,'1',null,null,null,null,null,null);
insert into bd_dictionaryvalue(id,id_dictionary,id_parent,code,value,num,description,enableFlag,editableFlag,systemFlag,ft,lt,fu,lu) values('4028810028a8ef8f0128a8f1c39c0bbc','40288100288c226801288c2987e90001','4028810028a8ef8f0128a8f1c3000bb7','542125','',null,null,'1',null,null,null,null,null,null);
insert into bd_dictionaryvalue(id,id_dictionary,id_parent,code,value,num,description,enableFlag,editableFlag,systemFlag,ft,lt,fu,lu) values('4028810028a8ef8f0128a8f1c3bb0bbd','40288100288c226801288c2987e90001','4028810028a8ef8f0128a8f1c3000bb7','542126','',null,null,'1',null,null,null,null,null,null);
insert into bd_dictionaryvalue(id,id_dictionary,id_parent,code,value,num,description,enableFlag,editableFlag,systemFlag,ft,lt,fu,lu) values('4028810028a8ef8f0128a8f1c3da0bbe','40288100288c226801288c2987e90001','4028810028a8ef8f0128a8f1c3000bb7','542127','',null,null,'1',null,null,null,null,null,null);
insert into bd_dictionaryvalue(id,id_dictionary,id_parent,code,value,num,description,enableFlag,editableFlag,systemFlag,ft,lt,fu,lu) values('4028810028a8ef8f0128a8f1c3fa0bbf','40288100288c226801288c2987e90001','4028810028a8ef8f0128a8f1c3000bb7','542128','',null,null,'1',null,null,null,null,null,null);
insert into bd_dictionaryvalue(id,id_dictionary,id_parent,code,value,num,description,enableFlag,editableFlag,systemFlag,ft,lt,fu,lu) values('4028810028a8ef8f0128a8f1c4190bc0','40288100288c226801288c2987e90001','4028810028a8ef8f0128a8f1c3000bb7','542129','',null,null,'1',null,null,null,null,null,null);
insert into bd_dictionaryvalue(id,id_dictionary,id_parent,code,value,num,description,enableFlag,editableFlag,systemFlag,ft,lt,fu,lu) values('4028810028a8ef8f0128a8f1c4380bc1','40288100288c226801288c2987e90001','4028810028a8ef8f0128a8f1c3000bb7','542132','',null,null,'1',null,null,null,null,null,null);
insert into bd_dictionaryvalue(id,id_dictionary,id_parent,code,value,num,description,enableFlag,editableFlag,systemFlag,ft,lt,fu,lu) values('4028810028a8ef8f0128a8f1c4570bc2','40288100288c226801288c2987e90001','4028810028a8ef8f0128a8f1c3000bb7','542133','',null,null,'1',null,null,null,null,null,null);
insert into bd_dictionaryvalue(id,id_dictionary,id_parent,code,value,num,description,enableFlag,editableFlag,systemFlag,ft,lt,fu,lu) values('4028810028a8ef8f0128a8f1c4770bc3','40288100288c226801288c2987e90001','4028810028a8ef8f0128a8f1c1a80bac','542200','',null,null,'1',null,null,null,null,null,null);
insert into bd_dictionaryvalue(id,id_dictionary,id_parent,code,value,num,description,enableFlag,editableFlag,systemFlag,ft,lt,fu,lu) values('4028810028a8ef8f0128a8f1c4960bc4','40288100288c226801288c2987e90001','4028810028a8ef8f0128a8f1c4770bc3','542221','',null,null,'1',null,null,null,null,null,null);
insert into bd_dictionaryvalue(id,id_dictionary,id_parent,code,value,num,description,enableFlag,editableFlag,systemFlag,ft,lt,fu,lu) values('4028810028a8ef8f0128a8f1c4c50bc5','40288100288c226801288c2987e90001','4028810028a8ef8f0128a8f1c4770bc3','542222','',null,null,'1',null,null,null,null,null,null);
insert into bd_dictionaryvalue(id,id_dictionary,id_parent,code,value,num,description,enableFlag,editableFlag,systemFlag,ft,lt,fu,lu) values('4028810028a8ef8f0128a8f1c4e40bc6','40288100288c226801288c2987e90001','4028810028a8ef8f0128a8f1c4770bc3','542223','',null,null,'1',null,null,null,null,null,null);
insert into bd_dictionaryvalue(id,id_dictionary,id_parent,code,value,num,description,enableFlag,editableFlag,systemFlag,ft,lt,fu,lu) values('4028810028a8ef8f0128a8f1c4f40bc7','40288100288c226801288c2987e90001','4028810028a8ef8f0128a8f1c4770bc3','542224','',null,null,'1',null,null,null,null,null,null);
insert into bd_dictionaryvalue(id,id_dictionary,id_parent,code,value,num,description,enableFlag,editableFlag,systemFlag,ft,lt,fu,lu) values('4028810028a8ef8f0128a8f1c5130bc8','40288100288c226801288c2987e90001','4028810028a8ef8f0128a8f1c4770bc3','542225','',null,null,'1',null,null,null,null,null,null);
insert into bd_dictionaryvalue(id,id_dictionary,id_parent,code,value,num,description,enableFlag,editableFlag,systemFlag,ft,lt,fu,lu) values('4028810028a8ef8f0128a8f1c5320bc9','40288100288c226801288c2987e90001','4028810028a8ef8f0128a8f1c4770bc3','542226','',null,null,'1',null,null,null,null,null,null);
insert into bd_dictionaryvalue(id,id_dictionary,id_parent,code,value,num,description,enableFlag,editableFlag,systemFlag,ft,lt,fu,lu) values('4028810028a8ef8f0128a8f1c5510bca','40288100288c226801288c2987e90001','4028810028a8ef8f0128a8f1c4770bc3','542227','',null,null,'1',null,null,null,null,null,null);
insert into bd_dictionaryvalue(id,id_dictionary,id_parent,code,value,num,description,enableFlag,editableFlag,systemFlag,ft,lt,fu,lu) values('4028810028a8ef8f0128a8f1c5710bcb','40288100288c226801288c2987e90001','4028810028a8ef8f0128a8f1c4770bc3','542228','',null,null,'1',null,null,null,null,null,null);
insert into bd_dictionaryvalue(id,id_dictionary,id_parent,code,value,num,description,enableFlag,editableFlag,systemFlag,ft,lt,fu,lu) values('4028810028a8ef8f0128a8f1c5900bcc','40288100288c226801288c2987e90001','4028810028a8ef8f0128a8f1c4770bc3','542229','',null,null,'1',null,null,null,null,null,null);
insert into bd_dictionaryvalue(id,id_dictionary,id_parent,code,value,num,description,enableFlag,editableFlag,systemFlag,ft,lt,fu,lu) values('4028810028a8ef8f0128a8f1c5af0bcd','40288100288c226801288c2987e90001','4028810028a8ef8f0128a8f1c4770bc3','542231','',null,null,'1',null,null,null,null,null,null);
insert into bd_dictionaryvalue(id,id_dictionary,id_parent,code,value,num,description,enableFlag,editableFlag,systemFlag,ft,lt,fu,lu) values('4028810028a8ef8f0128a8f1c5ce0bce','40288100288c226801288c2987e90001','4028810028a8ef8f0128a8f1c4770bc3','542232','',null,null,'1',null,null,null,null,null,null);
insert into bd_dictionaryvalue(id,id_dictionary,id_parent,code,value,num,description,enableFlag,editableFlag,systemFlag,ft,lt,fu,lu) values('4028810028a8ef8f0128a8f1c5ee0bcf','40288100288c226801288c2987e90001','4028810028a8ef8f0128a8f1c4770bc3','542233','',null,null,'1',null,null,null,null,null,null);
insert into bd_dictionaryvalue(id,id_dictionary,id_parent,code,value,num,description,enableFlag,editableFlag,systemFlag,ft,lt,fu,lu) values('4028810028a8ef8f0128a8f1c60d0bd0','40288100288c226801288c2987e90001','4028810028a8ef8f0128a8f1c1a80bac','542300','',null,null,'1',null,null,null,null,null,null);
insert into bd_dictionaryvalue(id,id_dictionary,id_parent,code,value,num,description,enableFlag,editableFlag,systemFlag,ft,lt,fu,lu) values('4028810028a8ef8f0128a8f1c63c0bd1','40288100288c226801288c2987e90001','4028810028a8ef8f0128a8f1c60d0bd0','542301','',null,null,'1',null,null,null,null,null,null);
insert into bd_dictionaryvalue(id,id_dictionary,id_parent,code,value,num,description,enableFlag,editableFlag,systemFlag,ft,lt,fu,lu) values('4028810028a8ef8f0128a8f1c64b0bd2','40288100288c226801288c2987e90001','4028810028a8ef8f0128a8f1c60d0bd0','542322','',null,null,'1',null,null,null,null,null,null);
insert into bd_dictionaryvalue(id,id_dictionary,id_parent,code,value,num,description,enableFlag,editableFlag,systemFlag,ft,lt,fu,lu) values('4028810028a8ef8f0128a8f1c66b0bd3','40288100288c226801288c2987e90001','4028810028a8ef8f0128a8f1c60d0bd0','542323','',null,null,'1',null,null,null,null,null,null);
insert into bd_dictionaryvalue(id,id_dictionary,id_parent,code,value,num,description,enableFlag,editableFlag,systemFlag,ft,lt,fu,lu) values('4028810028a8ef8f0128a8f1c68a0bd4','40288100288c226801288c2987e90001','4028810028a8ef8f0128a8f1c60d0bd0','542324','',null,null,'1',null,null,null,null,null,null);
insert into bd_dictionaryvalue(id,id_dictionary,id_parent,code,value,num,description,enableFlag,editableFlag,systemFlag,ft,lt,fu,lu) values('4028810028a8ef8f0128a8f1c6b90bd5','40288100288c226801288c2987e90001','4028810028a8ef8f0128a8f1c60d0bd0','542325','',null,null,'1',null,null,null,null,null,null);
insert into bd_dictionaryvalue(id,id_dictionary,id_parent,code,value,num,description,enableFlag,editableFlag,systemFlag,ft,lt,fu,lu) values('4028810028a8ef8f0128a8f1c6c80bd6','40288100288c226801288c2987e90001','4028810028a8ef8f0128a8f1c60d0bd0','542326','',null,null,'1',null,null,null,null,null,null);
insert into bd_dictionaryvalue(id,id_dictionary,id_parent,code,value,num,description,enableFlag,editableFlag,systemFlag,ft,lt,fu,lu) values('4028810028a8ef8f0128a8f1c6f70bd7','40288100288c226801288c2987e90001','4028810028a8ef8f0128a8f1c60d0bd0','542327','',null,null,'1',null,null,null,null,null,null);
insert into bd_dictionaryvalue(id,id_dictionary,id_parent,code,value,num,description,enableFlag,editableFlag,systemFlag,ft,lt,fu,lu) values('4028810028a8ef8f0128a8f1c7070bd8','40288100288c226801288c2987e90001','4028810028a8ef8f0128a8f1c60d0bd0','542328','',null,null,'1',null,null,null,null,null,null);
insert into bd_dictionaryvalue(id,id_dictionary,id_parent,code,value,num,description,enableFlag,editableFlag,systemFlag,ft,lt,fu,lu) values('4028810028a8ef8f0128a8f1c7260bd9','40288100288c226801288c2987e90001','4028810028a8ef8f0128a8f1c60d0bd0','542329','',null,null,'1',null,null,null,null,null,null);
insert into bd_dictionaryvalue(id,id_dictionary,id_parent,code,value,num,description,enableFlag,editableFlag,systemFlag,ft,lt,fu,lu) values('4028810028a8ef8f0128a8f1c7450bda','40288100288c226801288c2987e90001','4028810028a8ef8f0128a8f1c60d0bd0','542330','',null,null,'1',null,null,null,null,null,null);
insert into bd_dictionaryvalue(id,id_dictionary,id_parent,code,value,num,description,enableFlag,editableFlag,systemFlag,ft,lt,fu,lu) values('4028810028a8ef8f0128a8f1c7650bdb','40288100288c226801288c2987e90001','4028810028a8ef8f0128a8f1c60d0bd0','542331','',null,null,'1',null,null,null,null,null,null);
insert into bd_dictionaryvalue(id,id_dictionary,id_parent,code,value,num,description,enableFlag,editableFlag,systemFlag,ft,lt,fu,lu) values('4028810028a8ef8f0128a8f1c7930bdc','40288100288c226801288c2987e90001','4028810028a8ef8f0128a8f1c60d0bd0','542332','',null,null,'1',null,null,null,null,null,null);
insert into bd_dictionaryvalue(id,id_dictionary,id_parent,code,value,num,description,enableFlag,editableFlag,systemFlag,ft,lt,fu,lu) values('4028810028a8ef8f0128a8f1c7b30bdd','40288100288c226801288c2987e90001','4028810028a8ef8f0128a8f1c60d0bd0','542333','',null,null,'1',null,null,null,null,null,null);
insert into bd_dictionaryvalue(id,id_dictionary,id_parent,code,value,num,description,enableFlag,editableFlag,systemFlag,ft,lt,fu,lu) values('4028810028a8ef8f0128a8f1c7c20bde','40288100288c226801288c2987e90001','4028810028a8ef8f0128a8f1c60d0bd0','542334','',null,null,'1',null,null,null,null,null,null);
insert into bd_dictionaryvalue(id,id_dictionary,id_parent,code,value,num,description,enableFlag,editableFlag,systemFlag,ft,lt,fu,lu) values('4028810028a8ef8f0128a8f1c7e20bdf','40288100288c226801288c2987e90001','4028810028a8ef8f0128a8f1c60d0bd0','542335','',null,null,'1',null,null,null,null,null,null);
insert into bd_dictionaryvalue(id,id_dictionary,id_parent,code,value,num,description,enableFlag,editableFlag,systemFlag,ft,lt,fu,lu) values('4028810028a8ef8f0128a8f1c8100be0','40288100288c226801288c2987e90001','4028810028a8ef8f0128a8f1c60d0bd0','542336','',null,null,'1',null,null,null,null,null,null);
insert into bd_dictionaryvalue(id,id_dictionary,id_parent,code,value,num,description,enableFlag,editableFlag,systemFlag,ft,lt,fu,lu) values('4028810028a8ef8f0128a8f1c8300be1','40288100288c226801288c2987e90001','4028810028a8ef8f0128a8f1c60d0bd0','542337','',null,null,'1',null,null,null,null,null,null);
insert into bd_dictionaryvalue(id,id_dictionary,id_parent,code,value,num,description,enableFlag,editableFlag,systemFlag,ft,lt,fu,lu) values('4028810028a8ef8f0128a8f1c84f0be2','40288100288c226801288c2987e90001','4028810028a8ef8f0128a8f1c60d0bd0','542338','',null,null,'1',null,null,null,null,null,null);
insert into bd_dictionaryvalue(id,id_dictionary,id_parent,code,value,num,description,enableFlag,editableFlag,systemFlag,ft,lt,fu,lu) values('4028810028a8ef8f0128a8f1c86e0be3','40288100288c226801288c2987e90001','4028810028a8ef8f0128a8f1c1a80bac','542400','',null,null,'1',null,null,null,null,null,null);
insert into bd_dictionaryvalue(id,id_dictionary,id_parent,code,value,num,description,enableFlag,editableFlag,systemFlag,ft,lt,fu,lu) values('4028810028a8ef8f0128a8f1c88d0be4','40288100288c226801288c2987e90001','4028810028a8ef8f0128a8f1c86e0be3','542421','',null,null,'1',null,null,null,null,null,null);
insert into bd_dictionaryvalue(id,id_dictionary,id_parent,code,value,num,description,enableFlag,editableFlag,systemFlag,ft,lt,fu,lu) values('4028810028a8ef8f0128a8f1c8ad0be5','40288100288c226801288c2987e90001','4028810028a8ef8f0128a8f1c86e0be3','542422','',null,null,'1',null,null,null,null,null,null);
insert into bd_dictionaryvalue(id,id_dictionary,id_parent,code,value,num,description,enableFlag,editableFlag,systemFlag,ft,lt,fu,lu) values('4028810028a8ef8f0128a8f1c8cc0be6','40288100288c226801288c2987e90001','4028810028a8ef8f0128a8f1c86e0be3','542423','',null,null,'1',null,null,null,null,null,null);
insert into bd_dictionaryvalue(id,id_dictionary,id_parent,code,value,num,description,enableFlag,editableFlag,systemFlag,ft,lt,fu,lu) values('4028810028a8ef8f0128a8f1c8eb0be7','40288100288c226801288c2987e90001','4028810028a8ef8f0128a8f1c86e0be3','542424','',null,null,'1',null,null,null,null,null,null);
insert into bd_dictionaryvalue(id,id_dictionary,id_parent,code,value,num,description,enableFlag,editableFlag,systemFlag,ft,lt,fu,lu) values('4028810028a8ef8f0128a8f1c90a0be8','40288100288c226801288c2987e90001','4028810028a8ef8f0128a8f1c86e0be3','542425','',null,null,'1',null,null,null,null,null,null);
insert into bd_dictionaryvalue(id,id_dictionary,id_parent,code,value,num,description,enableFlag,editableFlag,systemFlag,ft,lt,fu,lu) values('4028810028a8ef8f0128a8f1c92a0be9','40288100288c226801288c2987e90001','4028810028a8ef8f0128a8f1c86e0be3','542426','',null,null,'1',null,null,null,null,null,null);
insert into bd_dictionaryvalue(id,id_dictionary,id_parent,code,value,num,description,enableFlag,editableFlag,systemFlag,ft,lt,fu,lu) values('4028810028a8ef8f0128a8f1c9490bea','40288100288c226801288c2987e90001','4028810028a8ef8f0128a8f1c86e0be3','542427','',null,null,'1',null,null,null,null,null,null);
insert into bd_dictionaryvalue(id,id_dictionary,id_parent,code,value,num,description,enableFlag,editableFlag,systemFlag,ft,lt,fu,lu) values('4028810028a8ef8f0128a8f1c9680beb','40288100288c226801288c2987e90001','4028810028a8ef8f0128a8f1c86e0be3','542428','',null,null,'1',null,null,null,null,null,null);
insert into bd_dictionaryvalue(id,id_dictionary,id_parent,code,value,num,description,enableFlag,editableFlag,systemFlag,ft,lt,fu,lu) values('4028810028a8ef8f0128a8f1c9870bec','40288100288c226801288c2987e90001','4028810028a8ef8f0128a8f1c86e0be3','542429','',null,null,'1',null,null,null,null,null,null);
insert into bd_dictionaryvalue(id,id_dictionary,id_parent,code,value,num,description,enableFlag,editableFlag,systemFlag,ft,lt,fu,lu) values('4028810028a8ef8f0128a8f1c9a70bed','40288100288c226801288c2987e90001','4028810028a8ef8f0128a8f1c86e0be3','542430','',null,null,'1',null,null,null,null,null,null);
insert into bd_dictionaryvalue(id,id_dictionary,id_parent,code,value,num,description,enableFlag,editableFlag,systemFlag,ft,lt,fu,lu) values('4028810028a8ef8f0128a8f1c9c60bee','40288100288c226801288c2987e90001','4028810028a8ef8f0128a8f1c1a80bac','542500','',null,null,'1',null,null,null,null,null,null);
insert into bd_dictionaryvalue(id,id_dictionary,id_parent,code,value,num,description,enableFlag,editableFlag,systemFlag,ft,lt,fu,lu) values('4028810028a8ef8f0128a8f1c9e50bef','40288100288c226801288c2987e90001','4028810028a8ef8f0128a8f1c9c60bee','542521','',null,null,'1',null,null,null,null,null,null);
insert into bd_dictionaryvalue(id,id_dictionary,id_parent,code,value,num,description,enableFlag,editableFlag,systemFlag,ft,lt,fu,lu) values('4028810028a8ef8f0128a8f1ca040bf0','40288100288c226801288c2987e90001','4028810028a8ef8f0128a8f1c9c60bee','542522','',null,null,'1',null,null,null,null,null,null);
insert into bd_dictionaryvalue(id,id_dictionary,id_parent,code,value,num,description,enableFlag,editableFlag,systemFlag,ft,lt,fu,lu) values('4028810028a8ef8f0128a8f1ca240bf1','40288100288c226801288c2987e90001','4028810028a8ef8f0128a8f1c9c60bee','542523','',null,null,'1',null,null,null,null,null,null);
insert into bd_dictionaryvalue(id,id_dictionary,id_parent,code,value,num,description,enableFlag,editableFlag,systemFlag,ft,lt,fu,lu) values('4028810028a8ef8f0128a8f1ca430bf2','40288100288c226801288c2987e90001','4028810028a8ef8f0128a8f1c9c60bee','542524','',null,null,'1',null,null,null,null,null,null);
insert into bd_dictionaryvalue(id,id_dictionary,id_parent,code,value,num,description,enableFlag,editableFlag,systemFlag,ft,lt,fu,lu) values('4028810028a8ef8f0128a8f1ca720bf3','40288100288c226801288c2987e90001','4028810028a8ef8f0128a8f1c9c60bee','542525','',null,null,'1',null,null,null,null,null,null);
insert into bd_dictionaryvalue(id,id_dictionary,id_parent,code,value,num,description,enableFlag,editableFlag,systemFlag,ft,lt,fu,lu) values('4028810028a8ef8f0128a8f1ca810bf4','40288100288c226801288c2987e90001','4028810028a8ef8f0128a8f1c9c60bee','542526','',null,null,'1',null,null,null,null,null,null);
insert into bd_dictionaryvalue(id,id_dictionary,id_parent,code,value,num,description,enableFlag,editableFlag,systemFlag,ft,lt,fu,lu) values('4028810028a8ef8f0128a8f1caa10bf5','40288100288c226801288c2987e90001','4028810028a8ef8f0128a8f1c9c60bee','542527','',null,null,'1',null,null,null,null,null,null);
insert into bd_dictionaryvalue(id,id_dictionary,id_parent,code,value,num,description,enableFlag,editableFlag,systemFlag,ft,lt,fu,lu) values('4028810028a8ef8f0128a8f1cac00bf6','40288100288c226801288c2987e90001','4028810028a8ef8f0128a8f1c1a80bac','542600','',null,null,'1',null,null,null,null,null,null);
insert into bd_dictionaryvalue(id,id_dictionary,id_parent,code,value,num,description,enableFlag,editableFlag,systemFlag,ft,lt,fu,lu) values('4028810028a8ef8f0128a8f1cadf0bf7','40288100288c226801288c2987e90001','4028810028a8ef8f0128a8f1cac00bf6','542621','',null,null,'1',null,null,null,null,null,null);
insert into bd_dictionaryvalue(id,id_dictionary,id_parent,code,value,num,description,enableFlag,editableFlag,systemFlag,ft,lt,fu,lu) values('4028810028a8ef8f0128a8f1cafe0bf8','40288100288c226801288c2987e90001','4028810028a8ef8f0128a8f1cac00bf6','542622','',null,null,'1',null,null,null,null,null,null);
insert into bd_dictionaryvalue(id,id_dictionary,id_parent,code,value,num,description,enableFlag,editableFlag,systemFlag,ft,lt,fu,lu) values('4028810028a8ef8f0128a8f1cb1e0bf9','40288100288c226801288c2987e90001','4028810028a8ef8f0128a8f1cac00bf6','542623','',null,null,'1',null,null,null,null,null,null);
insert into bd_dictionaryvalue(id,id_dictionary,id_parent,code,value,num,description,enableFlag,editableFlag,systemFlag,ft,lt,fu,lu) values('4028810028a8ef8f0128a8f1cb4d0bfa','40288100288c226801288c2987e90001','4028810028a8ef8f0128a8f1cac00bf6','542624','',null,null,'1',null,null,null,null,null,null);
insert into bd_dictionaryvalue(id,id_dictionary,id_parent,code,value,num,description,enableFlag,editableFlag,systemFlag,ft,lt,fu,lu) values('4028810028a8ef8f0128a8f1cb6c0bfb','40288100288c226801288c2987e90001','4028810028a8ef8f0128a8f1cac00bf6','542625','',null,null,'1',null,null,null,null,null,null);
insert into bd_dictionaryvalue(id,id_dictionary,id_parent,code,value,num,description,enableFlag,editableFlag,systemFlag,ft,lt,fu,lu) values('4028810028a8ef8f0128a8f1cb8b0bfc','40288100288c226801288c2987e90001','4028810028a8ef8f0128a8f1cac00bf6','542626','',null,null,'1',null,null,null,null,null,null);
insert into bd_dictionaryvalue(id,id_dictionary,id_parent,code,value,num,description,enableFlag,editableFlag,systemFlag,ft,lt,fu,lu) values('4028810028a8ef8f0128a8f1cbaa0bfd','40288100288c226801288c2987e90001','4028810028a8ef8f0128a8f1cac00bf6','542627','',null,null,'1',null,null,null,null,null,null);
insert into bd_dictionaryvalue(id,id_dictionary,id_parent,code,value,num,description,enableFlag,editableFlag,systemFlag,ft,lt,fu,lu) values('4028810028a8ef8f0128a8f1cbca0bfe','40288100288c226801288c2987e90001',null,'610000','',null,null,'1',null,null,null,null,null,null);
insert into bd_dictionaryvalue(id,id_dictionary,id_parent,code,value,num,description,enableFlag,editableFlag,systemFlag,ft,lt,fu,lu) values('4028810028a8ef8f0128a8f1cbe90bff','40288100288c226801288c2987e90001','4028810028a8ef8f0128a8f1cbca0bfe','610100','',null,null,'1',null,null,null,null,null,null);
insert into bd_dictionaryvalue(id,id_dictionary,id_parent,code,value,num,description,enableFlag,editableFlag,systemFlag,ft,lt,fu,lu) values('4028810028a8ef8f0128a8f1cc080c00','40288100288c226801288c2987e90001','4028810028a8ef8f0128a8f1cbe90bff','610101','',null,null,'1',null,null,null,null,null,null);
insert into bd_dictionaryvalue(id,id_dictionary,id_parent,code,value,num,description,enableFlag,editableFlag,systemFlag,ft,lt,fu,lu) values('4028810028a8ef8f0128a8f1cc270c01','40288100288c226801288c2987e90001','4028810028a8ef8f0128a8f1cbe90bff','610102','',null,null,'1',null,null,null,null,null,null);
insert into bd_dictionaryvalue(id,id_dictionary,id_parent,code,value,num,description,enableFlag,editableFlag,systemFlag,ft,lt,fu,lu) values('4028810028a8ef8f0128a8f1cc470c02','40288100288c226801288c2987e90001','4028810028a8ef8f0128a8f1cbe90bff','610103','',null,null,'1',null,null,null,null,null,null);
insert into bd_dictionaryvalue(id,id_dictionary,id_parent,code,value,num,description,enableFlag,editableFlag,systemFlag,ft,lt,fu,lu) values('4028810028a8ef8f0128a8f1cc660c03','40288100288c226801288c2987e90001','4028810028a8ef8f0128a8f1cbe90bff','610104','',null,null,'1',null,null,null,null,null,null);
insert into bd_dictionaryvalue(id,id_dictionary,id_parent,code,value,num,description,enableFlag,editableFlag,systemFlag,ft,lt,fu,lu) values('4028810028a8ef8f0128a8f1cc850c04','40288100288c226801288c2987e90001','4028810028a8ef8f0128a8f1cbe90bff','610111','',null,null,'1',null,null,null,null,null,null);
insert into bd_dictionaryvalue(id,id_dictionary,id_parent,code,value,num,description,enableFlag,editableFlag,systemFlag,ft,lt,fu,lu) values('4028810028a8ef8f0128a8f1cca40c05','40288100288c226801288c2987e90001','4028810028a8ef8f0128a8f1cbe90bff','610112','',null,null,'1',null,null,null,null,null,null);
insert into bd_dictionaryvalue(id,id_dictionary,id_parent,code,value,num,description,enableFlag,editableFlag,systemFlag,ft,lt,fu,lu) values('4028810028a8ef8f0128a8f1ccc40c06','40288100288c226801288c2987e90001','4028810028a8ef8f0128a8f1cbe90bff','610113','',null,null,'1',null,null,null,null,null,null);
insert into bd_dictionaryvalue(id,id_dictionary,id_parent,code,value,num,description,enableFlag,editableFlag,systemFlag,ft,lt,fu,lu) values('4028810028a8ef8f0128a8f1cce30c07','40288100288c226801288c2987e90001','4028810028a8ef8f0128a8f1cbe90bff','610114','',null,null,'1',null,null,null,null,null,null);
insert into bd_dictionaryvalue(id,id_dictionary,id_parent,code,value,num,description,enableFlag,editableFlag,systemFlag,ft,lt,fu,lu) values('4028810028a8ef8f0128a8f1cd020c08','40288100288c226801288c2987e90001','4028810028a8ef8f0128a8f1cbe90bff','610115','',null,null,'1',null,null,null,null,null,null);
insert into bd_dictionaryvalue(id,id_dictionary,id_parent,code,value,num,description,enableFlag,editableFlag,systemFlag,ft,lt,fu,lu) values('4028810028a8ef8f0128a8f1cd210c09','40288100288c226801288c2987e90001','4028810028a8ef8f0128a8f1cbe90bff','610121','',null,null,'1',null,null,null,null,null,null);
insert into bd_dictionaryvalue(id,id_dictionary,id_parent,code,value,num,description,enableFlag,editableFlag,systemFlag,ft,lt,fu,lu) values('4028810028a8ef8f0128a8f1cd410c0a','40288100288c226801288c2987e90001','4028810028a8ef8f0128a8f1cbe90bff','610122','',null,null,'1',null,null,null,null,null,null);
insert into bd_dictionaryvalue(id,id_dictionary,id_parent,code,value,num,description,enableFlag,editableFlag,systemFlag,ft,lt,fu,lu) values('4028810028a8ef8f0128a8f1cd600c0b','40288100288c226801288c2987e90001','4028810028a8ef8f0128a8f1cbe90bff','610124','',null,null,'1',null,null,null,null,null,null);
insert into bd_dictionaryvalue(id,id_dictionary,id_parent,code,value,num,description,enableFlag,editableFlag,systemFlag,ft,lt,fu,lu) values('4028810028a8ef8f0128a8f1cd7f0c0c','40288100288c226801288c2987e90001','4028810028a8ef8f0128a8f1cbe90bff','610125','',null,null,'1',null,null,null,null,null,null);
insert into bd_dictionaryvalue(id,id_dictionary,id_parent,code,value,num,description,enableFlag,editableFlag,systemFlag,ft,lt,fu,lu) values('4028810028a8ef8f0128a8f1cd9e0c0d','40288100288c226801288c2987e90001','4028810028a8ef8f0128a8f1cbe90bff','610126','',null,null,'1',null,null,null,null,null,null);
insert into bd_dictionaryvalue(id,id_dictionary,id_parent,code,value,num,description,enableFlag,editableFlag,systemFlag,ft,lt,fu,lu) values('4028810028a8ef8f0128a8f1cdbe0c0e','40288100288c226801288c2987e90001','4028810028a8ef8f0128a8f1cbca0bfe','610200','',null,null,'1',null,null,null,null,null,null);
insert into bd_dictionaryvalue(id,id_dictionary,id_parent,code,value,num,description,enableFlag,editableFlag,systemFlag,ft,lt,fu,lu) values('4028810028a8ef8f0128a8f1cddd0c0f','40288100288c226801288c2987e90001','4028810028a8ef8f0128a8f1cdbe0c0e','610201','',null,null,'1',null,null,null,null,null,null);
insert into bd_dictionaryvalue(id,id_dictionary,id_parent,code,value,num,description,enableFlag,editableFlag,systemFlag,ft,lt,fu,lu) values('4028810028a8ef8f0128a8f1cdfc0c10','40288100288c226801288c2987e90001','4028810028a8ef8f0128a8f1cdbe0c0e','610202','',null,null,'1',null,null,null,null,null,null);
insert into bd_dictionaryvalue(id,id_dictionary,id_parent,code,value,num,description,enableFlag,editableFlag,systemFlag,ft,lt,fu,lu) values('4028810028a8ef8f0128a8f1ce2b0c11','40288100288c226801288c2987e90001','4028810028a8ef8f0128a8f1cdbe0c0e','610203','',null,null,'1',null,null,null,null,null,null);
insert into bd_dictionaryvalue(id,id_dictionary,id_parent,code,value,num,description,enableFlag,editableFlag,systemFlag,ft,lt,fu,lu) values('4028810028a8ef8f0128a8f1ce4a0c12','40288100288c226801288c2987e90001','4028810028a8ef8f0128a8f1cdbe0c0e','610221','',null,null,'1',null,null,null,null,null,null);
insert into bd_dictionaryvalue(id,id_dictionary,id_parent,code,value,num,description,enableFlag,editableFlag,systemFlag,ft,lt,fu,lu) values('4028810028a8ef8f0128a8f1ce690c13','40288100288c226801288c2987e90001','4028810028a8ef8f0128a8f1cdbe0c0e','610222','',null,null,'1',null,null,null,null,null,null);
insert into bd_dictionaryvalue(id,id_dictionary,id_parent,code,value,num,description,enableFlag,editableFlag,systemFlag,ft,lt,fu,lu) values('4028810028a8ef8f0128a8f1ce890c14','40288100288c226801288c2987e90001','4028810028a8ef8f0128a8f1cbca0bfe','610300','',null,null,'1',null,null,null,null,null,null);
insert into bd_dictionaryvalue(id,id_dictionary,id_parent,code,value,num,description,enableFlag,editableFlag,systemFlag,ft,lt,fu,lu) values('4028810028a8ef8f0128a8f1cea80c15','40288100288c226801288c2987e90001','4028810028a8ef8f0128a8f1ce890c14','610301','',null,null,'1',null,null,null,null,null,null);
insert into bd_dictionaryvalue(id,id_dictionary,id_parent,code,value,num,description,enableFlag,editableFlag,systemFlag,ft,lt,fu,lu) values('4028810028a8ef8f0128a8f1cec70c16','40288100288c226801288c2987e90001','4028810028a8ef8f0128a8f1ce890c14','610302','',null,null,'1',null,null,null,null,null,null);
insert into bd_dictionaryvalue(id,id_dictionary,id_parent,code,value,num,description,enableFlag,editableFlag,systemFlag,ft,lt,fu,lu) values('4028810028a8ef8f0128a8f1cee60c17','40288100288c226801288c2987e90001','4028810028a8ef8f0128a8f1ce890c14','610303','',null,null,'1',null,null,null,null,null,null);
insert into bd_dictionaryvalue(id,id_dictionary,id_parent,code,value,num,description,enableFlag,editableFlag,systemFlag,ft,lt,fu,lu) values('4028810028a8ef8f0128a8f1cf060c18','40288100288c226801288c2987e90001','4028810028a8ef8f0128a8f1ce890c14','610321','',null,null,'1',null,null,null,null,null,null);
insert into bd_dictionaryvalue(id,id_dictionary,id_parent,code,value,num,description,enableFlag,editableFlag,systemFlag,ft,lt,fu,lu) values('4028810028a8ef8f0128a8f1cf250c19','40288100288c226801288c2987e90001','4028810028a8ef8f0128a8f1ce890c14','610322','',null,null,'1',null,null,null,null,null,null);
insert into bd_dictionaryvalue(id,id_dictionary,id_parent,code,value,num,description,enableFlag,editableFlag,systemFlag,ft,lt,fu,lu) values('4028810028a8ef8f0128a8f1cf440c1a','40288100288c226801288c2987e90001','4028810028a8ef8f0128a8f1ce890c14','610323','',null,null,'1',null,null,null,null,null,null);
insert into bd_dictionaryvalue(id,id_dictionary,id_parent,code,value,num,description,enableFlag,editableFlag,systemFlag,ft,lt,fu,lu) values('4028810028a8ef8f0128a8f1cf630c1b','40288100288c226801288c2987e90001','4028810028a8ef8f0128a8f1ce890c14','610324','',null,null,'1',null,null,null,null,null,null);
insert into bd_dictionaryvalue(id,id_dictionary,id_parent,code,value,num,description,enableFlag,editableFlag,systemFlag,ft,lt,fu,lu) values('4028810028a8ef8f0128a8f1cf830c1c','40288100288c226801288c2987e90001','4028810028a8ef8f0128a8f1ce890c14','610326','',null,null,'1',null,null,null,null,null,null);
insert into bd_dictionaryvalue(id,id_dictionary,id_parent,code,value,num,description,enableFlag,editableFlag,systemFlag,ft,lt,fu,lu) values('4028810028a8ef8f0128a8f1cfa20c1d','40288100288c226801288c2987e90001','4028810028a8ef8f0128a8f1ce890c14','610327','',null,null,'1',null,null,null,null,null,null);
insert into bd_dictionaryvalue(id,id_dictionary,id_parent,code,value,num,description,enableFlag,editableFlag,systemFlag,ft,lt,fu,lu) values('4028810028a8ef8f0128a8f1cfc10c1e','40288100288c226801288c2987e90001','4028810028a8ef8f0128a8f1ce890c14','610328','',null,null,'1',null,null,null,null,null,null);
insert into bd_dictionaryvalue(id,id_dictionary,id_parent,code,value,num,description,enableFlag,editableFlag,systemFlag,ft,lt,fu,lu) values('4028810028a8ef8f0128a8f1cfe00c1f','40288100288c226801288c2987e90001','4028810028a8ef8f0128a8f1ce890c14','610329','',null,null,'1',null,null,null,null,null,null);
insert into bd_dictionaryvalue(id,id_dictionary,id_parent,code,value,num,description,enableFlag,editableFlag,systemFlag,ft,lt,fu,lu) values('4028810028a8ef8f0128a8f1d0000c20','40288100288c226801288c2987e90001','4028810028a8ef8f0128a8f1ce890c14','610330','',null,null,'1',null,null,null,null,null,null);
insert into bd_dictionaryvalue(id,id_dictionary,id_parent,code,value,num,description,enableFlag,editableFlag,systemFlag,ft,lt,fu,lu) values('4028810028a8ef8f0128a8f1d01f0c21','40288100288c226801288c2987e90001','4028810028a8ef8f0128a8f1ce890c14','610331','',null,null,'1',null,null,null,null,null,null);
insert into bd_dictionaryvalue(id,id_dictionary,id_parent,code,value,num,description,enableFlag,editableFlag,systemFlag,ft,lt,fu,lu) values('4028810028a8ef8f0128a8f1d03e0c22','40288100288c226801288c2987e90001','4028810028a8ef8f0128a8f1cbca0bfe','610400','',null,null,'1',null,null,null,null,null,null);
insert into bd_dictionaryvalue(id,id_dictionary,id_parent,code,value,num,description,enableFlag,editableFlag,systemFlag,ft,lt,fu,lu) values('4028810028a8ef8f0128a8f1d05d0c23','40288100288c226801288c2987e90001','4028810028a8ef8f0128a8f1d03e0c22','610401','',null,null,'1',null,null,null,null,null,null);
insert into bd_dictionaryvalue(id,id_dictionary,id_parent,code,value,num,description,enableFlag,editableFlag,systemFlag,ft,lt,fu,lu) values('4028810028a8ef8f0128a8f1d09c0c24','40288100288c226801288c2987e90001','4028810028a8ef8f0128a8f1d03e0c22','610402','',null,null,'1',null,null,null,null,null,null);
insert into bd_dictionaryvalue(id,id_dictionary,id_parent,code,value,num,description,enableFlag,editableFlag,systemFlag,ft,lt,fu,lu) values('4028810028a8ef8f0128a8f1d0bb0c25','40288100288c226801288c2987e90001','4028810028a8ef8f0128a8f1d03e0c22','610403','',null,null,'1',null,null,null,null,null,null);
insert into bd_dictionaryvalue(id,id_dictionary,id_parent,code,value,num,description,enableFlag,editableFlag,systemFlag,ft,lt,fu,lu) values('4028810028a8ef8f0128a8f1d0cb0c26','40288100288c226801288c2987e90001','4028810028a8ef8f0128a8f1d03e0c22','610404','',null,null,'1',null,null,null,null,null,null);
insert into bd_dictionaryvalue(id,id_dictionary,id_parent,code,value,num,description,enableFlag,editableFlag,systemFlag,ft,lt,fu,lu) values('4028810028a8ef8f0128a8f1d0ea0c27','40288100288c226801288c2987e90001','4028810028a8ef8f0128a8f1d03e0c22','610422','',null,null,'1',null,null,null,null,null,null);
insert into bd_dictionaryvalue(id,id_dictionary,id_parent,code,value,num,description,enableFlag,editableFlag,systemFlag,ft,lt,fu,lu) values('4028810028a8ef8f0128a8f1d1090c28','40288100288c226801288c2987e90001','4028810028a8ef8f0128a8f1d03e0c22','610423','',null,null,'1',null,null,null,null,null,null);
insert into bd_dictionaryvalue(id,id_dictionary,id_parent,code,value,num,description,enableFlag,editableFlag,systemFlag,ft,lt,fu,lu) values('4028810028a8ef8f0128a8f1d1290c29','40288100288c226801288c2987e90001','4028810028a8ef8f0128a8f1d03e0c22','610424','',null,null,'1',null,null,null,null,null,null);
insert into bd_dictionaryvalue(id,id_dictionary,id_parent,code,value,num,description,enableFlag,editableFlag,systemFlag,ft,lt,fu,lu) values('4028810028a8ef8f0128a8f1d1480c2a','40288100288c226801288c2987e90001','4028810028a8ef8f0128a8f1d03e0c22','610425','',null,null,'1',null,null,null,null,null,null);
insert into bd_dictionaryvalue(id,id_dictionary,id_parent,code,value,num,description,enableFlag,editableFlag,systemFlag,ft,lt,fu,lu) values('4028810028a8ef8f0128a8f1d1670c2b','40288100288c226801288c2987e90001','4028810028a8ef8f0128a8f1d03e0c22','610426','',null,null,'1',null,null,null,null,null,null);
insert into bd_dictionaryvalue(id,id_dictionary,id_parent,code,value,num,description,enableFlag,editableFlag,systemFlag,ft,lt,fu,lu) values('4028810028a8ef8f0128a8f1d1860c2c','40288100288c226801288c2987e90001','4028810028a8ef8f0128a8f1d03e0c22','610427','',null,null,'1',null,null,null,null,null,null);
insert into bd_dictionaryvalue(id,id_dictionary,id_parent,code,value,num,description,enableFlag,editableFlag,systemFlag,ft,lt,fu,lu) values('4028810028a8ef8f0128a8f1d1a60c2d','40288100288c226801288c2987e90001','4028810028a8ef8f0128a8f1d03e0c22','610428','',null,null,'1',null,null,null,null,null,null);
insert into bd_dictionaryvalue(id,id_dictionary,id_parent,code,value,num,description,enableFlag,editableFlag,systemFlag,ft,lt,fu,lu) values('4028810028a8ef8f0128a8f1d1c50c2e','40288100288c226801288c2987e90001','4028810028a8ef8f0128a8f1d03e0c22','610429','',null,null,'1',null,null,null,null,null,null);
insert into bd_dictionaryvalue(id,id_dictionary,id_parent,code,value,num,description,enableFlag,editableFlag,systemFlag,ft,lt,fu,lu) values('4028810028a8ef8f0128a8f1d1e40c2f','40288100288c226801288c2987e90001','4028810028a8ef8f0128a8f1d03e0c22','610430','',null,null,'1',null,null,null,null,null,null);
insert into bd_dictionaryvalue(id,id_dictionary,id_parent,code,value,num,description,enableFlag,editableFlag,systemFlag,ft,lt,fu,lu) values('4028810028a8ef8f0128a8f1d2030c30','40288100288c226801288c2987e90001','4028810028a8ef8f0128a8f1d03e0c22','610431','',null,null,'1',null,null,null,null,null,null);
insert into bd_dictionaryvalue(id,id_dictionary,id_parent,code,value,num,description,enableFlag,editableFlag,systemFlag,ft,lt,fu,lu) values('4028810028a8ef8f0128a8f1d2230c31','40288100288c226801288c2987e90001','4028810028a8ef8f0128a8f1d03e0c22','610481','',null,null,'1',null,null,null,null,null,null);
insert into bd_dictionaryvalue(id,id_dictionary,id_parent,code,value,num,description,enableFlag,editableFlag,systemFlag,ft,lt,fu,lu) values('4028810028a8ef8f0128a8f1d2510c32','40288100288c226801288c2987e90001','4028810028a8ef8f0128a8f1cbca0bfe','610500','',null,null,'1',null,null,null,null,null,null);
insert into bd_dictionaryvalue(id,id_dictionary,id_parent,code,value,num,description,enableFlag,editableFlag,systemFlag,ft,lt,fu,lu) values('4028810028a8ef8f0128a8f1d2710c33','40288100288c226801288c2987e90001','4028810028a8ef8f0128a8f1d2510c32','610501','',null,null,'1',null,null,null,null,null,null);
insert into bd_dictionaryvalue(id,id_dictionary,id_parent,code,value,num,description,enableFlag,editableFlag,systemFlag,ft,lt,fu,lu) values('4028810028a8ef8f0128a8f1d2900c34','40288100288c226801288c2987e90001','4028810028a8ef8f0128a8f1d2510c32','610502','',null,null,'1',null,null,null,null,null,null);
insert into bd_dictionaryvalue(id,id_dictionary,id_parent,code,value,num,description,enableFlag,editableFlag,systemFlag,ft,lt,fu,lu) values('4028810028a8ef8f0128a8f1d2a00c35','40288100288c226801288c2987e90001','4028810028a8ef8f0128a8f1d2510c32','610521','',null,null,'1',null,null,null,null,null,null);
insert into bd_dictionaryvalue(id,id_dictionary,id_parent,code,value,num,description,enableFlag,editableFlag,systemFlag,ft,lt,fu,lu) values('4028810028a8ef8f0128a8f1d2ce0c36','40288100288c226801288c2987e90001','4028810028a8ef8f0128a8f1d2510c32','610522','',null,null,'1',null,null,null,null,null,null);
insert into bd_dictionaryvalue(id,id_dictionary,id_parent,code,value,num,description,enableFlag,editableFlag,systemFlag,ft,lt,fu,lu) values('4028810028a8ef8f0128a8f1d2ee0c37','40288100288c226801288c2987e90001','4028810028a8ef8f0128a8f1d2510c32','610523','',null,null,'1',null,null,null,null,null,null);
insert into bd_dictionaryvalue(id,id_dictionary,id_parent,code,value,num,description,enableFlag,editableFlag,systemFlag,ft,lt,fu,lu) values('4028810028a8ef8f0128a8f1d30d0c38','40288100288c226801288c2987e90001','4028810028a8ef8f0128a8f1d2510c32','610524','',null,null,'1',null,null,null,null,null,null);
insert into bd_dictionaryvalue(id,id_dictionary,id_parent,code,value,num,description,enableFlag,editableFlag,systemFlag,ft,lt,fu,lu) values('4028810028a8ef8f0128a8f1d32c0c39','40288100288c226801288c2987e90001','4028810028a8ef8f0128a8f1d2510c32','610525','',null,null,'1',null,null,null,null,null,null);
insert into bd_dictionaryvalue(id,id_dictionary,id_parent,code,value,num,description,enableFlag,editableFlag,systemFlag,ft,lt,fu,lu) values('4028810028a8ef8f0128a8f1d34b0c3a','40288100288c226801288c2987e90001','4028810028a8ef8f0128a8f1d2510c32','610526','',null,null,'1',null,null,null,null,null,null);
insert into bd_dictionaryvalue(id,id_dictionary,id_parent,code,value,num,description,enableFlag,editableFlag,systemFlag,ft,lt,fu,lu) values('4028810028a8ef8f0128a8f1d36b0c3b','40288100288c226801288c2987e90001','4028810028a8ef8f0128a8f1d2510c32','610527','',null,null,'1',null,null,null,null,null,null);
insert into bd_dictionaryvalue(id,id_dictionary,id_parent,code,value,num,description,enableFlag,editableFlag,systemFlag,ft,lt,fu,lu) values('4028810028a8ef8f0128a8f1d38a0c3c','40288100288c226801288c2987e90001','4028810028a8ef8f0128a8f1d2510c32','610528','',null,null,'1',null,null,null,null,null,null);
insert into bd_dictionaryvalue(id,id_dictionary,id_parent,code,value,num,description,enableFlag,editableFlag,systemFlag,ft,lt,fu,lu) values('4028810028a8ef8f0128a8f1d3a90c3d','40288100288c226801288c2987e90001','4028810028a8ef8f0128a8f1d2510c32','610581','',null,null,'1',null,null,null,null,null,null);
insert into bd_dictionaryvalue(id,id_dictionary,id_parent,code,value,num,description,enableFlag,editableFlag,systemFlag,ft,lt,fu,lu) values('4028810028a8ef8f0128a8f1d3c80c3e','40288100288c226801288c2987e90001','4028810028a8ef8f0128a8f1d2510c32','610582','',null,null,'1',null,null,null,null,null,null);
insert into bd_dictionaryvalue(id,id_dictionary,id_parent,code,value,num,description,enableFlag,editableFlag,systemFlag,ft,lt,fu,lu) values('4028810028a8ef8f0128a8f1d3e80c3f','40288100288c226801288c2987e90001','4028810028a8ef8f0128a8f1cbca0bfe','610600','',null,null,'1',null,null,null,null,null,null);
insert into bd_dictionaryvalue(id,id_dictionary,id_parent,code,value,num,description,enableFlag,editableFlag,systemFlag,ft,lt,fu,lu) values('4028810028a8ef8f0128a8f1d4070c40','40288100288c226801288c2987e90001','4028810028a8ef8f0128a8f1d3e80c3f','610601','',null,null,'1',null,null,null,null,null,null);
insert into bd_dictionaryvalue(id,id_dictionary,id_parent,code,value,num,description,enableFlag,editableFlag,systemFlag,ft,lt,fu,lu) values('4028810028a8ef8f0128a8f1d4260c41','40288100288c226801288c2987e90001','4028810028a8ef8f0128a8f1d3e80c3f','610602','',null,null,'1',null,null,null,null,null,null);
insert into bd_dictionaryvalue(id,id_dictionary,id_parent,code,value,num,description,enableFlag,editableFlag,systemFlag,ft,lt,fu,lu) values('4028810028a8ef8f0128a8f1d4450c42','40288100288c226801288c2987e90001','4028810028a8ef8f0128a8f1d3e80c3f','610621','',null,null,'1',null,null,null,null,null,null);
insert into bd_dictionaryvalue(id,id_dictionary,id_parent,code,value,num,description,enableFlag,editableFlag,systemFlag,ft,lt,fu,lu) values('4028810028a8ef8f0128a8f1d4650c43','40288100288c226801288c2987e90001','4028810028a8ef8f0128a8f1d3e80c3f','610622','',null,null,'1',null,null,null,null,null,null);
insert into bd_dictionaryvalue(id,id_dictionary,id_parent,code,value,num,description,enableFlag,editableFlag,systemFlag,ft,lt,fu,lu) values('4028810028a8ef8f0128a8f1d4840c44','40288100288c226801288c2987e90001','4028810028a8ef8f0128a8f1d3e80c3f','610623','',null,null,'1',null,null,null,null,null,null);
insert into bd_dictionaryvalue(id,id_dictionary,id_parent,code,value,num,description,enableFlag,editableFlag,systemFlag,ft,lt,fu,lu) values('4028810028a8ef8f0128a8f1d4a30c45','40288100288c226801288c2987e90001','4028810028a8ef8f0128a8f1d3e80c3f','610624','',null,null,'1',null,null,null,null,null,null);
insert into bd_dictionaryvalue(id,id_dictionary,id_parent,code,value,num,description,enableFlag,editableFlag,systemFlag,ft,lt,fu,lu) values('4028810028a8ef8f0128a8f1d4c20c46','40288100288c226801288c2987e90001','4028810028a8ef8f0128a8f1d3e80c3f','610625','',null,null,'1',null,null,null,null,null,null);
insert into bd_dictionaryvalue(id,id_dictionary,id_parent,code,value,num,description,enableFlag,editableFlag,systemFlag,ft,lt,fu,lu) values('4028810028a8ef8f0128a8f1d4e20c47','40288100288c226801288c2987e90001','4028810028a8ef8f0128a8f1d3e80c3f','610626','',null,null,'1',null,null,null,null,null,null);
insert into bd_dictionaryvalue(id,id_dictionary,id_parent,code,value,num,description,enableFlag,editableFlag,systemFlag,ft,lt,fu,lu) values('4028810028a8ef8f0128a8f1d5010c48','40288100288c226801288c2987e90001','4028810028a8ef8f0128a8f1d3e80c3f','610627','',null,null,'1',null,null,null,null,null,null);
insert into bd_dictionaryvalue(id,id_dictionary,id_parent,code,value,num,description,enableFlag,editableFlag,systemFlag,ft,lt,fu,lu) values('4028810028a8ef8f0128a8f1d5200c49','40288100288c226801288c2987e90001','4028810028a8ef8f0128a8f1d3e80c3f','610628','',null,null,'1',null,null,null,null,null,null);
insert into bd_dictionaryvalue(id,id_dictionary,id_parent,code,value,num,description,enableFlag,editableFlag,systemFlag,ft,lt,fu,lu) values('4028810028a8ef8f0128a8f1d53f0c4a','40288100288c226801288c2987e90001','4028810028a8ef8f0128a8f1d3e80c3f','610629','',null,null,'1',null,null,null,null,null,null);
insert into bd_dictionaryvalue(id,id_dictionary,id_parent,code,value,num,description,enableFlag,editableFlag,systemFlag,ft,lt,fu,lu) values('4028810028a8ef8f0128a8f1d55f0c4b','40288100288c226801288c2987e90001','4028810028a8ef8f0128a8f1d3e80c3f','610630','',null,null,'1',null,null,null,null,null,null);
insert into bd_dictionaryvalue(id,id_dictionary,id_parent,code,value,num,description,enableFlag,editableFlag,systemFlag,ft,lt,fu,lu) values('4028810028a8ef8f0128a8f1d57e0c4c','40288100288c226801288c2987e90001','4028810028a8ef8f0128a8f1d3e80c3f','610631','',null,null,'1',null,null,null,null,null,null);
insert into bd_dictionaryvalue(id,id_dictionary,id_parent,code,value,num,description,enableFlag,editableFlag,systemFlag,ft,lt,fu,lu) values('4028810028a8ef8f0128a8f1d5ad0c4d','40288100288c226801288c2987e90001','4028810028a8ef8f0128a8f1d3e80c3f','610632','',null,null,'1',null,null,null,null,null,null);
insert into bd_dictionaryvalue(id,id_dictionary,id_parent,code,value,num,description,enableFlag,editableFlag,systemFlag,ft,lt,fu,lu) values('4028810028a8ef8f0128a8f1d5cc0c4e','40288100288c226801288c2987e90001','4028810028a8ef8f0128a8f1cbca0bfe','610700','',null,null,'1',null,null,null,null,null,null);
insert into bd_dictionaryvalue(id,id_dictionary,id_parent,code,value,num,description,enableFlag,editableFlag,systemFlag,ft,lt,fu,lu) values('4028810028a8ef8f0128a8f1d5eb0c4f','40288100288c226801288c2987e90001','4028810028a8ef8f0128a8f1d5cc0c4e','610701','',null,null,'1',null,null,null,null,null,null);
insert into bd_dictionaryvalue(id,id_dictionary,id_parent,code,value,num,description,enableFlag,editableFlag,systemFlag,ft,lt,fu,lu) values('4028810028a8ef8f0128a8f1d60b0c50','40288100288c226801288c2987e90001','4028810028a8ef8f0128a8f1d5cc0c4e','610702','',null,null,'1',null,null,null,null,null,null);
insert into bd_dictionaryvalue(id,id_dictionary,id_parent,code,value,num,description,enableFlag,editableFlag,systemFlag,ft,lt,fu,lu) values('4028810028a8ef8f0128a8f1d62a0c51','40288100288c226801288c2987e90001','4028810028a8ef8f0128a8f1d5cc0c4e','610721','',null,null,'1',null,null,null,null,null,null);
insert into bd_dictionaryvalue(id,id_dictionary,id_parent,code,value,num,description,enableFlag,editableFlag,systemFlag,ft,lt,fu,lu) values('4028810028a8ef8f0128a8f1d6490c52','40288100288c226801288c2987e90001','4028810028a8ef8f0128a8f1d5cc0c4e','610722','',null,null,'1',null,null,null,null,null,null);
insert into bd_dictionaryvalue(id,id_dictionary,id_parent,code,value,num,description,enableFlag,editableFlag,systemFlag,ft,lt,fu,lu) values('4028810028a8ef8f0128a8f1d6780c53','40288100288c226801288c2987e90001','4028810028a8ef8f0128a8f1d5cc0c4e','610723','',null,null,'1',null,null,null,null,null,null);
insert into bd_dictionaryvalue(id,id_dictionary,id_parent,code,value,num,description,enableFlag,editableFlag,systemFlag,ft,lt,fu,lu) values('4028810028a8ef8f0128a8f1d6970c54','40288100288c226801288c2987e90001','4028810028a8ef8f0128a8f1d5cc0c4e','610724','',null,null,'1',null,null,null,null,null,null);
insert into bd_dictionaryvalue(id,id_dictionary,id_parent,code,value,num,description,enableFlag,editableFlag,systemFlag,ft,lt,fu,lu) values('4028810028a8ef8f0128a8f1d6b60c55','40288100288c226801288c2987e90001','4028810028a8ef8f0128a8f1d5cc0c4e','610725','',null,null,'1',null,null,null,null,null,null);
insert into bd_dictionaryvalue(id,id_dictionary,id_parent,code,value,num,description,enableFlag,editableFlag,systemFlag,ft,lt,fu,lu) values('4028810028a8ef8f0128a8f1d6d60c56','40288100288c226801288c2987e90001','4028810028a8ef8f0128a8f1d5cc0c4e','610726','',null,null,'1',null,null,null,null,null,null);
insert into bd_dictionaryvalue(id,id_dictionary,id_parent,code,value,num,description,enableFlag,editableFlag,systemFlag,ft,lt,fu,lu) values('4028810028a8ef8f0128a8f1d6f50c57','40288100288c226801288c2987e90001','4028810028a8ef8f0128a8f1d5cc0c4e','610727','',null,null,'1',null,null,null,null,null,null);
insert into bd_dictionaryvalue(id,id_dictionary,id_parent,code,value,num,description,enableFlag,editableFlag,systemFlag,ft,lt,fu,lu) values('4028810028a8ef8f0128a8f1d7140c58','40288100288c226801288c2987e90001','4028810028a8ef8f0128a8f1d5cc0c4e','610728','',null,null,'1',null,null,null,null,null,null);
insert into bd_dictionaryvalue(id,id_dictionary,id_parent,code,value,num,description,enableFlag,editableFlag,systemFlag,ft,lt,fu,lu) values('4028810028a8ef8f0128a8f1d7330c59','40288100288c226801288c2987e90001','4028810028a8ef8f0128a8f1d5cc0c4e','610729','',null,null,'1',null,null,null,null,null,null);
insert into bd_dictionaryvalue(id,id_dictionary,id_parent,code,value,num,description,enableFlag,editableFlag,systemFlag,ft,lt,fu,lu) values('4028810028a8ef8f0128a8f1d7530c5a','40288100288c226801288c2987e90001','4028810028a8ef8f0128a8f1d5cc0c4e','610730','',null,null,'1',null,null,null,null,null,null);
insert into bd_dictionaryvalue(id,id_dictionary,id_parent,code,value,num,description,enableFlag,editableFlag,systemFlag,ft,lt,fu,lu) values('4028810028a8ef8f0128a8f1d7720c5b','40288100288c226801288c2987e90001','4028810028a8ef8f0128a8f1cbca0bfe','610800','',null,null,'1',null,null,null,null,null,null);
insert into bd_dictionaryvalue(id,id_dictionary,id_parent,code,value,num,description,enableFlag,editableFlag,systemFlag,ft,lt,fu,lu) values('4028810028a8ef8f0128a8f1d7910c5c','40288100288c226801288c2987e90001','4028810028a8ef8f0128a8f1d7720c5b','610801','',null,null,'1',null,null,null,null,null,null);
insert into bd_dictionaryvalue(id,id_dictionary,id_parent,code,value,num,description,enableFlag,editableFlag,systemFlag,ft,lt,fu,lu) values('4028810028a8ef8f0128a8f1d7b00c5d','40288100288c226801288c2987e90001','4028810028a8ef8f0128a8f1d7720c5b','610802','',null,null,'1',null,null,null,null,null,null);
insert into bd_dictionaryvalue(id,id_dictionary,id_parent,code,value,num,description,enableFlag,editableFlag,systemFlag,ft,lt,fu,lu) values('4028810028a8ef8f0128a8f1d7d00c5e','40288100288c226801288c2987e90001','4028810028a8ef8f0128a8f1d7720c5b','610821','',null,null,'1',null,null,null,null,null,null);
insert into bd_dictionaryvalue(id,id_dictionary,id_parent,code,value,num,description,enableFlag,editableFlag,systemFlag,ft,lt,fu,lu) values('4028810028a8ef8f0128a8f1d7ef0c5f','40288100288c226801288c2987e90001','4028810028a8ef8f0128a8f1d7720c5b','610822','',null,null,'1',null,null,null,null,null,null);
insert into bd_dictionaryvalue(id,id_dictionary,id_parent,code,value,num,description,enableFlag,editableFlag,systemFlag,ft,lt,fu,lu) values('4028810028a8ef8f0128a8f1d80e0c60','40288100288c226801288c2987e90001','4028810028a8ef8f0128a8f1d7720c5b','610823','',null,null,'1',null,null,null,null,null,null);
insert into bd_dictionaryvalue(id,id_dictionary,id_parent,code,value,num,description,enableFlag,editableFlag,systemFlag,ft,lt,fu,lu) values('4028810028a8ef8f0128a8f1d82d0c61','40288100288c226801288c2987e90001','4028810028a8ef8f0128a8f1d7720c5b','610824','',null,null,'1',null,null,null,null,null,null);
insert into bd_dictionaryvalue(id,id_dictionary,id_parent,code,value,num,description,enableFlag,editableFlag,systemFlag,ft,lt,fu,lu) values('4028810028a8ef8f0128a8f1d84d0c62','40288100288c226801288c2987e90001','4028810028a8ef8f0128a8f1d7720c5b','610825','',null,null,'1',null,null,null,null,null,null);
insert into bd_dictionaryvalue(id,id_dictionary,id_parent,code,value,num,description,enableFlag,editableFlag,systemFlag,ft,lt,fu,lu) values('4028810028a8ef8f0128a8f1d86c0c63','40288100288c226801288c2987e90001','4028810028a8ef8f0128a8f1d7720c5b','610826','',null,null,'1',null,null,null,null,null,null);
insert into bd_dictionaryvalue(id,id_dictionary,id_parent,code,value,num,description,enableFlag,editableFlag,systemFlag,ft,lt,fu,lu) values('4028810028a8ef8f0128a8f1d89b0c64','40288100288c226801288c2987e90001','4028810028a8ef8f0128a8f1d7720c5b','610827','',null,null,'1',null,null,null,null,null,null);
insert into bd_dictionaryvalue(id,id_dictionary,id_parent,code,value,num,description,enableFlag,editableFlag,systemFlag,ft,lt,fu,lu) values('4028810028a8ef8f0128a8f1d8ba0c65','40288100288c226801288c2987e90001','4028810028a8ef8f0128a8f1d7720c5b','610828','',null,null,'1',null,null,null,null,null,null);
insert into bd_dictionaryvalue(id,id_dictionary,id_parent,code,value,num,description,enableFlag,editableFlag,systemFlag,ft,lt,fu,lu) values('4028810028a8ef8f0128a8f1d8d90c66','40288100288c226801288c2987e90001','4028810028a8ef8f0128a8f1d7720c5b','610829','',null,null,'1',null,null,null,null,null,null);
insert into bd_dictionaryvalue(id,id_dictionary,id_parent,code,value,num,description,enableFlag,editableFlag,systemFlag,ft,lt,fu,lu) values('4028810028a8ef8f0128a8f1d8f90c67','40288100288c226801288c2987e90001','4028810028a8ef8f0128a8f1d7720c5b','610830','',null,null,'1',null,null,null,null,null,null);
insert into bd_dictionaryvalue(id,id_dictionary,id_parent,code,value,num,description,enableFlag,editableFlag,systemFlag,ft,lt,fu,lu) values('4028810028a8ef8f0128a8f1d9180c68','40288100288c226801288c2987e90001','4028810028a8ef8f0128a8f1d7720c5b','610831','',null,null,'1',null,null,null,null,null,null);
insert into bd_dictionaryvalue(id,id_dictionary,id_parent,code,value,num,description,enableFlag,editableFlag,systemFlag,ft,lt,fu,lu) values('4028810028a8ef8f0128a8f1d9370c69','40288100288c226801288c2987e90001','4028810028a8ef8f0128a8f1cbca0bfe','610900','',null,null,'1',null,null,null,null,null,null);
insert into bd_dictionaryvalue(id,id_dictionary,id_parent,code,value,num,description,enableFlag,editableFlag,systemFlag,ft,lt,fu,lu) values('4028810028a8ef8f0128a8f1d9560c6a','40288100288c226801288c2987e90001','4028810028a8ef8f0128a8f1d9370c69','610901','',null,null,'1',null,null,null,null,null,null);
insert into bd_dictionaryvalue(id,id_dictionary,id_parent,code,value,num,description,enableFlag,editableFlag,systemFlag,ft,lt,fu,lu) values('4028810028a8ef8f0128a8f1d9760c6b','40288100288c226801288c2987e90001','4028810028a8ef8f0128a8f1d9370c69','610902','',null,null,'1',null,null,null,null,null,null);
insert into bd_dictionaryvalue(id,id_dictionary,id_parent,code,value,num,description,enableFlag,editableFlag,systemFlag,ft,lt,fu,lu) values('4028810028a8ef8f0128a8f1d9950c6c','40288100288c226801288c2987e90001','4028810028a8ef8f0128a8f1d9370c69','610921','',null,null,'1',null,null,null,null,null,null);
insert into bd_dictionaryvalue(id,id_dictionary,id_parent,code,value,num,description,enableFlag,editableFlag,systemFlag,ft,lt,fu,lu) values('4028810028a8ef8f0128a8f1d9b40c6d','40288100288c226801288c2987e90001','4028810028a8ef8f0128a8f1d9370c69','610922','',null,null,'1',null,null,null,null,null,null);
insert into bd_dictionaryvalue(id,id_dictionary,id_parent,code,value,num,description,enableFlag,editableFlag,systemFlag,ft,lt,fu,lu) values('4028810028a8ef8f0128a8f1d9d30c6e','40288100288c226801288c2987e90001','4028810028a8ef8f0128a8f1d9370c69','610923','',null,null,'1',null,null,null,null,null,null);
insert into bd_dictionaryvalue(id,id_dictionary,id_parent,code,value,num,description,enableFlag,editableFlag,systemFlag,ft,lt,fu,lu) values('4028810028a8ef8f0128a8f1d9f30c6f','40288100288c226801288c2987e90001','4028810028a8ef8f0128a8f1d9370c69','610924','',null,null,'1',null,null,null,null,null,null);
insert into bd_dictionaryvalue(id,id_dictionary,id_parent,code,value,num,description,enableFlag,editableFlag,systemFlag,ft,lt,fu,lu) values('4028810028a8ef8f0128a8f1da120c70','40288100288c226801288c2987e90001','4028810028a8ef8f0128a8f1d9370c69','610925','',null,null,'1',null,null,null,null,null,null);
insert into bd_dictionaryvalue(id,id_dictionary,id_parent,code,value,num,description,enableFlag,editableFlag,systemFlag,ft,lt,fu,lu) values('4028810028a8ef8f0128a8f1da410c71','40288100288c226801288c2987e90001','4028810028a8ef8f0128a8f1d9370c69','610926','',null,null,'1',null,null,null,null,null,null);
insert into bd_dictionaryvalue(id,id_dictionary,id_parent,code,value,num,description,enableFlag,editableFlag,systemFlag,ft,lt,fu,lu) values('4028810028a8ef8f0128a8f1da600c72','40288100288c226801288c2987e90001','4028810028a8ef8f0128a8f1d9370c69','610927','',null,null,'1',null,null,null,null,null,null);
insert into bd_dictionaryvalue(id,id_dictionary,id_parent,code,value,num,description,enableFlag,editableFlag,systemFlag,ft,lt,fu,lu) values('4028810028a8ef8f0128a8f1da7f0c73','40288100288c226801288c2987e90001','4028810028a8ef8f0128a8f1d9370c69','610928','',null,null,'1',null,null,null,null,null,null);
insert into bd_dictionaryvalue(id,id_dictionary,id_parent,code,value,num,description,enableFlag,editableFlag,systemFlag,ft,lt,fu,lu) values('4028810028a8ef8f0128a8f1da9e0c74','40288100288c226801288c2987e90001','4028810028a8ef8f0128a8f1d9370c69','610929','',null,null,'1',null,null,null,null,null,null);
insert into bd_dictionaryvalue(id,id_dictionary,id_parent,code,value,num,description,enableFlag,editableFlag,systemFlag,ft,lt,fu,lu) values('4028810028a8ef8f0128a8f1dabe0c75','40288100288c226801288c2987e90001','4028810028a8ef8f0128a8f1cbca0bfe','611000','',null,null,'1',null,null,null,null,null,null);
insert into bd_dictionaryvalue(id,id_dictionary,id_parent,code,value,num,description,enableFlag,editableFlag,systemFlag,ft,lt,fu,lu) values('4028810028a8ef8f0128a8f1dadd0c76','40288100288c226801288c2987e90001','4028810028a8ef8f0128a8f1dabe0c75','611001','',null,null,'1',null,null,null,null,null,null);
insert into bd_dictionaryvalue(id,id_dictionary,id_parent,code,value,num,description,enableFlag,editableFlag,systemFlag,ft,lt,fu,lu) values('4028810028a8ef8f0128a8f1dafc0c77','40288100288c226801288c2987e90001','4028810028a8ef8f0128a8f1dabe0c75','611002','',null,null,'1',null,null,null,null,null,null);
insert into bd_dictionaryvalue(id,id_dictionary,id_parent,code,value,num,description,enableFlag,editableFlag,systemFlag,ft,lt,fu,lu) values('4028810028a8ef8f0128a8f1db1b0c78','40288100288c226801288c2987e90001','4028810028a8ef8f0128a8f1dabe0c75','611021','',null,null,'1',null,null,null,null,null,null);
insert into bd_dictionaryvalue(id,id_dictionary,id_parent,code,value,num,description,enableFlag,editableFlag,systemFlag,ft,lt,fu,lu) values('4028810028a8ef8f0128a8f1db4a0c79','40288100288c226801288c2987e90001','4028810028a8ef8f0128a8f1dabe0c75','611022','',null,null,'1',null,null,null,null,null,null);
insert into bd_dictionaryvalue(id,id_dictionary,id_parent,code,value,num,description,enableFlag,editableFlag,systemFlag,ft,lt,fu,lu) values('4028810028a8ef8f0128a8f1db6a0c7a','40288100288c226801288c2987e90001','4028810028a8ef8f0128a8f1dabe0c75','611023','',null,null,'1',null,null,null,null,null,null);
insert into bd_dictionaryvalue(id,id_dictionary,id_parent,code,value,num,description,enableFlag,editableFlag,systemFlag,ft,lt,fu,lu) values('4028810028a8ef8f0128a8f1db890c7b','40288100288c226801288c2987e90001','4028810028a8ef8f0128a8f1dabe0c75','611024','',null,null,'1',null,null,null,null,null,null);
insert into bd_dictionaryvalue(id,id_dictionary,id_parent,code,value,num,description,enableFlag,editableFlag,systemFlag,ft,lt,fu,lu) values('4028810028a8ef8f0128a8f1dba80c7c','40288100288c226801288c2987e90001','4028810028a8ef8f0128a8f1dabe0c75','611025','',null,null,'1',null,null,null,null,null,null);
insert into bd_dictionaryvalue(id,id_dictionary,id_parent,code,value,num,description,enableFlag,editableFlag,systemFlag,ft,lt,fu,lu) values('4028810028a8ef8f0128a8f1dbc70c7d','40288100288c226801288c2987e90001','4028810028a8ef8f0128a8f1dabe0c75','611026','',null,null,'1',null,null,null,null,null,null);
insert into bd_dictionaryvalue(id,id_dictionary,id_parent,code,value,num,description,enableFlag,editableFlag,systemFlag,ft,lt,fu,lu) values('4028810028a8ef8f0128a8f1dbe70c7e','40288100288c226801288c2987e90001',null,'620000','',null,null,'1',null,null,null,null,null,null);
insert into bd_dictionaryvalue(id,id_dictionary,id_parent,code,value,num,description,enableFlag,editableFlag,systemFlag,ft,lt,fu,lu) values('4028810028a8ef8f0128a8f1dc060c7f','40288100288c226801288c2987e90001','4028810028a8ef8f0128a8f1dbe70c7e','620100','',null,null,'1',null,null,null,null,null,null);
insert into bd_dictionaryvalue(id,id_dictionary,id_parent,code,value,num,description,enableFlag,editableFlag,systemFlag,ft,lt,fu,lu) values('4028810028a8ef8f0128a8f1dc350c80','40288100288c226801288c2987e90001','4028810028a8ef8f0128a8f1dc060c7f','620101','',null,null,'1',null,null,null,null,null,null);
insert into bd_dictionaryvalue(id,id_dictionary,id_parent,code,value,num,description,enableFlag,editableFlag,systemFlag,ft,lt,fu,lu) values('4028810028a8ef8f0128a8f1dc540c81','40288100288c226801288c2987e90001','4028810028a8ef8f0128a8f1dc060c7f','620102','',null,null,'1',null,null,null,null,null,null);
insert into bd_dictionaryvalue(id,id_dictionary,id_parent,code,value,num,description,enableFlag,editableFlag,systemFlag,ft,lt,fu,lu) values('4028810028a8ef8f0128a8f1dc730c82','40288100288c226801288c2987e90001','4028810028a8ef8f0128a8f1dc060c7f','620103','',null,null,'1',null,null,null,null,null,null);
insert into bd_dictionaryvalue(id,id_dictionary,id_parent,code,value,num,description,enableFlag,editableFlag,systemFlag,ft,lt,fu,lu) values('4028810028a8ef8f0128a8f1dc920c83','40288100288c226801288c2987e90001','4028810028a8ef8f0128a8f1dc060c7f','620104','',null,null,'1',null,null,null,null,null,null);
insert into bd_dictionaryvalue(id,id_dictionary,id_parent,code,value,num,description,enableFlag,editableFlag,systemFlag,ft,lt,fu,lu) values('4028810028a8ef8f0128a8f1dcb20c84','40288100288c226801288c2987e90001','4028810028a8ef8f0128a8f1dc060c7f','620105','',null,null,'1',null,null,null,null,null,null);
insert into bd_dictionaryvalue(id,id_dictionary,id_parent,code,value,num,description,enableFlag,editableFlag,systemFlag,ft,lt,fu,lu) values('4028810028a8ef8f0128a8f1dcd10c85','40288100288c226801288c2987e90001','4028810028a8ef8f0128a8f1dc060c7f','620111','',null,null,'1',null,null,null,null,null,null);
insert into bd_dictionaryvalue(id,id_dictionary,id_parent,code,value,num,description,enableFlag,editableFlag,systemFlag,ft,lt,fu,lu) values('4028810028a8ef8f0128a8f1dcf00c86','40288100288c226801288c2987e90001','4028810028a8ef8f0128a8f1dc060c7f','620121','',null,null,'1',null,null,null,null,null,null);
insert into bd_dictionaryvalue(id,id_dictionary,id_parent,code,value,num,description,enableFlag,editableFlag,systemFlag,ft,lt,fu,lu) values('4028810028a8ef8f0128a8f1dd0f0c87','40288100288c226801288c2987e90001','4028810028a8ef8f0128a8f1dc060c7f','620122','',null,null,'1',null,null,null,null,null,null);
insert into bd_dictionaryvalue(id,id_dictionary,id_parent,code,value,num,description,enableFlag,editableFlag,systemFlag,ft,lt,fu,lu) values('4028810028a8ef8f0128a8f1dd2f0c88','40288100288c226801288c2987e90001','4028810028a8ef8f0128a8f1dc060c7f','620123','',null,null,'1',null,null,null,null,null,null);
insert into bd_dictionaryvalue(id,id_dictionary,id_parent,code,value,num,description,enableFlag,editableFlag,systemFlag,ft,lt,fu,lu) values('4028810028a8ef8f0128a8f1dd5e0c89','40288100288c226801288c2987e90001','4028810028a8ef8f0128a8f1dbe70c7e','620200','',null,null,'1',null,null,null,null,null,null);
insert into bd_dictionaryvalue(id,id_dictionary,id_parent,code,value,num,description,enableFlag,editableFlag,systemFlag,ft,lt,fu,lu) values('4028810028a8ef8f0128a8f1dd7d0c8a','40288100288c226801288c2987e90001','4028810028a8ef8f0128a8f1dd5e0c89','620201','',null,null,'1',null,null,null,null,null,null);
insert into bd_dictionaryvalue(id,id_dictionary,id_parent,code,value,num,description,enableFlag,editableFlag,systemFlag,ft,lt,fu,lu) values('4028810028a8ef8f0128a8f1dd9c0c8b','40288100288c226801288c2987e90001','4028810028a8ef8f0128a8f1dbe70c7e','620300','',null,null,'1',null,null,null,null,null,null);
insert into bd_dictionaryvalue(id,id_dictionary,id_parent,code,value,num,description,enableFlag,editableFlag,systemFlag,ft,lt,fu,lu) values('4028810028a8ef8f0128a8f1ddbb0c8c','40288100288c226801288c2987e90001','4028810028a8ef8f0128a8f1dd9c0c8b','620301','',null,null,'1',null,null,null,null,null,null);
insert into bd_dictionaryvalue(id,id_dictionary,id_parent,code,value,num,description,enableFlag,editableFlag,systemFlag,ft,lt,fu,lu) values('4028810028a8ef8f0128a8f1dddb0c8d','40288100288c226801288c2987e90001','4028810028a8ef8f0128a8f1dd9c0c8b','620302','',null,null,'1',null,null,null,null,null,null);
insert into bd_dictionaryvalue(id,id_dictionary,id_parent,code,value,num,description,enableFlag,editableFlag,systemFlag,ft,lt,fu,lu) values('4028810028a8ef8f0128a8f1ddfa0c8e','40288100288c226801288c2987e90001','4028810028a8ef8f0128a8f1dd9c0c8b','620321','',null,null,'1',null,null,null,null,null,null);
insert into bd_dictionaryvalue(id,id_dictionary,id_parent,code,value,num,description,enableFlag,editableFlag,systemFlag,ft,lt,fu,lu) values('4028810028a8ef8f0128a8f1de190c8f','40288100288c226801288c2987e90001','4028810028a8ef8f0128a8f1dbe70c7e','620400','',null,null,'1',null,null,null,null,null,null);
insert into bd_dictionaryvalue(id,id_dictionary,id_parent,code,value,num,description,enableFlag,editableFlag,systemFlag,ft,lt,fu,lu) values('4028810028a8ef8f0128a8f1de380c90','40288100288c226801288c2987e90001','4028810028a8ef8f0128a8f1de190c8f','620401','',null,null,'1',null,null,null,null,null,null);
insert into bd_dictionaryvalue(id,id_dictionary,id_parent,code,value,num,description,enableFlag,editableFlag,systemFlag,ft,lt,fu,lu) values('4028810028a8ef8f0128a8f1de670c91','40288100288c226801288c2987e90001','4028810028a8ef8f0128a8f1de190c8f','620402','',null,null,'1',null,null,null,null,null,null);
insert into bd_dictionaryvalue(id,id_dictionary,id_parent,code,value,num,description,enableFlag,editableFlag,systemFlag,ft,lt,fu,lu) values('4028810028a8ef8f0128a8f1de860c92','40288100288c226801288c2987e90001','4028810028a8ef8f0128a8f1de190c8f','620403','',null,null,'1',null,null,null,null,null,null);
insert into bd_dictionaryvalue(id,id_dictionary,id_parent,code,value,num,description,enableFlag,editableFlag,systemFlag,ft,lt,fu,lu) values('4028810028a8ef8f0128a8f1dea60c93','40288100288c226801288c2987e90001','4028810028a8ef8f0128a8f1de190c8f','620421','',null,null,'1',null,null,null,null,null,null);
insert into bd_dictionaryvalue(id,id_dictionary,id_parent,code,value,num,description,enableFlag,editableFlag,systemFlag,ft,lt,fu,lu) values('4028810028a8ef8f0128a8f1dec50c94','40288100288c226801288c2987e90001','4028810028a8ef8f0128a8f1de190c8f','620422','',null,null,'1',null,null,null,null,null,null);
insert into bd_dictionaryvalue(id,id_dictionary,id_parent,code,value,num,description,enableFlag,editableFlag,systemFlag,ft,lt,fu,lu) values('4028810028a8ef8f0128a8f1dee40c95','40288100288c226801288c2987e90001','4028810028a8ef8f0128a8f1de190c8f','620423','',null,null,'1',null,null,null,null,null,null);
insert into bd_dictionaryvalue(id,id_dictionary,id_parent,code,value,num,description,enableFlag,editableFlag,systemFlag,ft,lt,fu,lu) values('4028810028a8ef8f0128a8f1df030c96','40288100288c226801288c2987e90001','4028810028a8ef8f0128a8f1dbe70c7e','620500','',null,null,'1',null,null,null,null,null,null);
insert into bd_dictionaryvalue(id,id_dictionary,id_parent,code,value,num,description,enableFlag,editableFlag,systemFlag,ft,lt,fu,lu) values('4028810028a8ef8f0128a8f1df230c97','40288100288c226801288c2987e90001','4028810028a8ef8f0128a8f1df030c96','620501','',null,null,'1',null,null,null,null,null,null);
insert into bd_dictionaryvalue(id,id_dictionary,id_parent,code,value,num,description,enableFlag,editableFlag,systemFlag,ft,lt,fu,lu) values('4028810028a8ef8f0128a8f1df420c98','40288100288c226801288c2987e90001','4028810028a8ef8f0128a8f1df030c96','620502','',null,null,'1',null,null,null,null,null,null);
insert into bd_dictionaryvalue(id,id_dictionary,id_parent,code,value,num,description,enableFlag,editableFlag,systemFlag,ft,lt,fu,lu) values('4028810028a8ef8f0128a8f1df610c99','40288100288c226801288c2987e90001','4028810028a8ef8f0128a8f1df030c96','620503','',null,null,'1',null,null,null,null,null,null);
insert into bd_dictionaryvalue(id,id_dictionary,id_parent,code,value,num,description,enableFlag,editableFlag,systemFlag,ft,lt,fu,lu) values('4028810028a8ef8f0128a8f1df800c9a','40288100288c226801288c2987e90001','4028810028a8ef8f0128a8f1df030c96','620521','',null,null,'1',null,null,null,null,null,null);
insert into bd_dictionaryvalue(id,id_dictionary,id_parent,code,value,num,description,enableFlag,editableFlag,systemFlag,ft,lt,fu,lu) values('4028810028a8ef8f0128a8f1dfa00c9b','40288100288c226801288c2987e90001','4028810028a8ef8f0128a8f1df030c96','620522','',null,null,'1',null,null,null,null,null,null);
insert into bd_dictionaryvalue(id,id_dictionary,id_parent,code,value,num,description,enableFlag,editableFlag,systemFlag,ft,lt,fu,lu) values('4028810028a8ef8f0128a8f1dfbf0c9c','40288100288c226801288c2987e90001','4028810028a8ef8f0128a8f1df030c96','620523','',null,null,'1',null,null,null,null,null,null);
insert into bd_dictionaryvalue(id,id_dictionary,id_parent,code,value,num,description,enableFlag,editableFlag,systemFlag,ft,lt,fu,lu) values('4028810028a8ef8f0128a8f1dfee0c9d','40288100288c226801288c2987e90001','4028810028a8ef8f0128a8f1df030c96','620524','',null,null,'1',null,null,null,null,null,null);
insert into bd_dictionaryvalue(id,id_dictionary,id_parent,code,value,num,description,enableFlag,editableFlag,systemFlag,ft,lt,fu,lu) values('4028810028a8ef8f0128a8f1e00d0c9e','40288100288c226801288c2987e90001','4028810028a8ef8f0128a8f1df030c96','620525','',null,null,'1',null,null,null,null,null,null);
insert into bd_dictionaryvalue(id,id_dictionary,id_parent,code,value,num,description,enableFlag,editableFlag,systemFlag,ft,lt,fu,lu) values('4028810028a8ef8f0128a8f1e02c0c9f','40288100288c226801288c2987e90001','4028810028a8ef8f0128a8f1dbe70c7e','620600','',null,null,'1',null,null,null,null,null,null);
insert into bd_dictionaryvalue(id,id_dictionary,id_parent,code,value,num,description,enableFlag,editableFlag,systemFlag,ft,lt,fu,lu) values('4028810028a8ef8f0128a8f1e04c0ca0','40288100288c226801288c2987e90001','4028810028a8ef8f0128a8f1e02c0c9f','620601','',null,null,'1',null,null,null,null,null,null);
insert into bd_dictionaryvalue(id,id_dictionary,id_parent,code,value,num,description,enableFlag,editableFlag,systemFlag,ft,lt,fu,lu) values('4028810028a8ef8f0128a8f1e06b0ca1','40288100288c226801288c2987e90001','4028810028a8ef8f0128a8f1e02c0c9f','620602','',null,null,'1',null,null,null,null,null,null);
insert into bd_dictionaryvalue(id,id_dictionary,id_parent,code,value,num,description,enableFlag,editableFlag,systemFlag,ft,lt,fu,lu) values('4028810028a8ef8f0128a8f1e08a0ca2','40288100288c226801288c2987e90001','4028810028a8ef8f0128a8f1e02c0c9f','620621','',null,null,'1',null,null,null,null,null,null);
insert into bd_dictionaryvalue(id,id_dictionary,id_parent,code,value,num,description,enableFlag,editableFlag,systemFlag,ft,lt,fu,lu) values('4028810028a8ef8f0128a8f1e0a90ca3','40288100288c226801288c2987e90001','4028810028a8ef8f0128a8f1e02c0c9f','620622','',null,null,'1',null,null,null,null,null,null);
insert into bd_dictionaryvalue(id,id_dictionary,id_parent,code,value,num,description,enableFlag,editableFlag,systemFlag,ft,lt,fu,lu) values('4028810028a8ef8f0128a8f1e0c90ca4','40288100288c226801288c2987e90001','4028810028a8ef8f0128a8f1e02c0c9f','620623','',null,null,'1',null,null,null,null,null,null);
insert into bd_dictionaryvalue(id,id_dictionary,id_parent,code,value,num,description,enableFlag,editableFlag,systemFlag,ft,lt,fu,lu) values('4028810028a8ef8f0128a8f1e0f70ca5','40288100288c226801288c2987e90001','4028810028a8ef8f0128a8f1dbe70c7e','622100','',null,null,'1',null,null,null,null,null,null);
insert into bd_dictionaryvalue(id,id_dictionary,id_parent,code,value,num,description,enableFlag,editableFlag,systemFlag,ft,lt,fu,lu) values('4028810028a8ef8f0128a8f1e1170ca6','40288100288c226801288c2987e90001','4028810028a8ef8f0128a8f1e0f70ca5','622101','',null,null,'1',null,null,null,null,null,null);
insert into bd_dictionaryvalue(id,id_dictionary,id_parent,code,value,num,description,enableFlag,editableFlag,systemFlag,ft,lt,fu,lu) values('4028810028a8ef8f0128a8f1e1360ca7','40288100288c226801288c2987e90001','4028810028a8ef8f0128a8f1e0f70ca5','622102','',null,null,'1',null,null,null,null,null,null);
insert into bd_dictionaryvalue(id,id_dictionary,id_parent,code,value,num,description,enableFlag,editableFlag,systemFlag,ft,lt,fu,lu) values('4028810028a8ef8f0128a8f1e1550ca8','40288100288c226801288c2987e90001','4028810028a8ef8f0128a8f1e0f70ca5','622103','',null,null,'1',null,null,null,null,null,null);
insert into bd_dictionaryvalue(id,id_dictionary,id_parent,code,value,num,description,enableFlag,editableFlag,systemFlag,ft,lt,fu,lu) values('4028810028a8ef8f0128a8f1e1740ca9','40288100288c226801288c2987e90001','4028810028a8ef8f0128a8f1e0f70ca5','622123','',null,null,'1',null,null,null,null,null,null);
insert into bd_dictionaryvalue(id,id_dictionary,id_parent,code,value,num,description,enableFlag,editableFlag,systemFlag,ft,lt,fu,lu) values('4028810028a8ef8f0128a8f1e1940caa','40288100288c226801288c2987e90001','4028810028a8ef8f0128a8f1e0f70ca5','622124','',null,null,'1',null,null,null,null,null,null);
insert into bd_dictionaryvalue(id,id_dictionary,id_parent,code,value,num,description,enableFlag,editableFlag,systemFlag,ft,lt,fu,lu) values('4028810028a8ef8f0128a8f1e1c30cab','40288100288c226801288c2987e90001','4028810028a8ef8f0128a8f1e0f70ca5','622125','',null,null,'1',null,null,null,null,null,null);
insert into bd_dictionaryvalue(id,id_dictionary,id_parent,code,value,num,description,enableFlag,editableFlag,systemFlag,ft,lt,fu,lu) values('4028810028a8ef8f0128a8f1e1e20cac','40288100288c226801288c2987e90001','4028810028a8ef8f0128a8f1e0f70ca5','622126','',null,null,'1',null,null,null,null,null,null);
insert into bd_dictionaryvalue(id,id_dictionary,id_parent,code,value,num,description,enableFlag,editableFlag,systemFlag,ft,lt,fu,lu) values('4028810028a8ef8f0128a8f1e2010cad','40288100288c226801288c2987e90001','4028810028a8ef8f0128a8f1dbe70c7e','622200','',null,null,'1',null,null,null,null,null,null);
insert into bd_dictionaryvalue(id,id_dictionary,id_parent,code,value,num,description,enableFlag,editableFlag,systemFlag,ft,lt,fu,lu) values('4028810028a8ef8f0128a8f1e2200cae','40288100288c226801288c2987e90001','4028810028a8ef8f0128a8f1e2010cad','622201','',null,null,'1',null,null,null,null,null,null);
insert into bd_dictionaryvalue(id,id_dictionary,id_parent,code,value,num,description,enableFlag,editableFlag,systemFlag,ft,lt,fu,lu) values('4028810028a8ef8f0128a8f1e2400caf','40288100288c226801288c2987e90001','4028810028a8ef8f0128a8f1e2010cad','622222','',null,null,'1',null,null,null,null,null,null);
insert into bd_dictionaryvalue(id,id_dictionary,id_parent,code,value,num,description,enableFlag,editableFlag,systemFlag,ft,lt,fu,lu) values('4028810028a8ef8f0128a8f1e25f0cb0','40288100288c226801288c2987e90001','4028810028a8ef8f0128a8f1e2010cad','622223','',null,null,'1',null,null,null,null,null,null);
insert into bd_dictionaryvalue(id,id_dictionary,id_parent,code,value,num,description,enableFlag,editableFlag,systemFlag,ft,lt,fu,lu) values('4028810028a8ef8f0128a8f1e27e0cb1','40288100288c226801288c2987e90001','4028810028a8ef8f0128a8f1e2010cad','622224','',null,null,'1',null,null,null,null,null,null);
insert into bd_dictionaryvalue(id,id_dictionary,id_parent,code,value,num,description,enableFlag,editableFlag,systemFlag,ft,lt,fu,lu) values('4028810028a8ef8f0128a8f1e29d0cb2','40288100288c226801288c2987e90001','4028810028a8ef8f0128a8f1e2010cad','622225','',null,null,'1',null,null,null,null,null,null);
insert into bd_dictionaryvalue(id,id_dictionary,id_parent,code,value,num,description,enableFlag,editableFlag,systemFlag,ft,lt,fu,lu) values('4028810028a8ef8f0128a8f1e2bd0cb3','40288100288c226801288c2987e90001','4028810028a8ef8f0128a8f1e2010cad','622226','',null,null,'1',null,null,null,null,null,null);
insert into bd_dictionaryvalue(id,id_dictionary,id_parent,code,value,num,description,enableFlag,editableFlag,systemFlag,ft,lt,fu,lu) values('4028810028a8ef8f0128a8f1e2dc0cb4','40288100288c226801288c2987e90001','4028810028a8ef8f0128a8f1dbe70c7e','622400','',null,null,'1',null,null,null,null,null,null);
insert into bd_dictionaryvalue(id,id_dictionary,id_parent,code,value,num,description,enableFlag,editableFlag,systemFlag,ft,lt,fu,lu) values('4028810028a8ef8f0128a8f1e2fb0cb5','40288100288c226801288c2987e90001','4028810028a8ef8f0128a8f1e2dc0cb4','622421','',null,null,'1',null,null,null,null,null,null);
insert into bd_dictionaryvalue(id,id_dictionary,id_parent,code,value,num,description,enableFlag,editableFlag,systemFlag,ft,lt,fu,lu) values('4028810028a8ef8f0128a8f1e32a0cb6','40288100288c226801288c2987e90001','4028810028a8ef8f0128a8f1e2dc0cb4','622424','',null,null,'1',null,null,null,null,null,null);
insert into bd_dictionaryvalue(id,id_dictionary,id_parent,code,value,num,description,enableFlag,editableFlag,systemFlag,ft,lt,fu,lu) values('4028810028a8ef8f0128a8f1e3490cb7','40288100288c226801288c2987e90001','4028810028a8ef8f0128a8f1e2dc0cb4','622425','',null,null,'1',null,null,null,null,null,null);
insert into bd_dictionaryvalue(id,id_dictionary,id_parent,code,value,num,description,enableFlag,editableFlag,systemFlag,ft,lt,fu,lu) values('4028810028a8ef8f0128a8f1e3680cb8','40288100288c226801288c2987e90001','4028810028a8ef8f0128a8f1e2dc0cb4','622426','',null,null,'1',null,null,null,null,null,null);
insert into bd_dictionaryvalue(id,id_dictionary,id_parent,code,value,num,description,enableFlag,editableFlag,systemFlag,ft,lt,fu,lu) values('4028810028a8ef8f0128a8f1e3880cb9','40288100288c226801288c2987e90001','4028810028a8ef8f0128a8f1e2dc0cb4','622427','',null,null,'1',null,null,null,null,null,null);
insert into bd_dictionaryvalue(id,id_dictionary,id_parent,code,value,num,description,enableFlag,editableFlag,systemFlag,ft,lt,fu,lu) values('4028810028a8ef8f0128a8f1e3a70cba','40288100288c226801288c2987e90001','4028810028a8ef8f0128a8f1e2dc0cb4','622428','',null,null,'1',null,null,null,null,null,null);
insert into bd_dictionaryvalue(id,id_dictionary,id_parent,code,value,num,description,enableFlag,editableFlag,systemFlag,ft,lt,fu,lu) values('4028810028a8ef8f0128a8f1e3c60cbb','40288100288c226801288c2987e90001','4028810028a8ef8f0128a8f1e2dc0cb4','622429','',null,null,'1',null,null,null,null,null,null);
insert into bd_dictionaryvalue(id,id_dictionary,id_parent,code,value,num,description,enableFlag,editableFlag,systemFlag,ft,lt,fu,lu) values('4028810028a8ef8f0128a8f1e3e50cbc','40288100288c226801288c2987e90001','4028810028a8ef8f0128a8f1dbe70c7e','622600','',null,null,'1',null,null,null,null,null,null);
insert into bd_dictionaryvalue(id,id_dictionary,id_parent,code,value,num,description,enableFlag,editableFlag,systemFlag,ft,lt,fu,lu) values('4028810028a8ef8f0128a8f1e4050cbd','40288100288c226801288c2987e90001','4028810028a8ef8f0128a8f1e3e50cbc','622621','',null,null,'1',null,null,null,null,null,null);
insert into bd_dictionaryvalue(id,id_dictionary,id_parent,code,value,num,description,enableFlag,editableFlag,systemFlag,ft,lt,fu,lu) values('4028810028a8ef8f0128a8f1e4240cbe','40288100288c226801288c2987e90001','4028810028a8ef8f0128a8f1e3e50cbc','622623','',null,null,'1',null,null,null,null,null,null);
insert into bd_dictionaryvalue(id,id_dictionary,id_parent,code,value,num,description,enableFlag,editableFlag,systemFlag,ft,lt,fu,lu) values('4028810028a8ef8f0128a8f1e4530cbf','40288100288c226801288c2987e90001','4028810028a8ef8f0128a8f1e3e50cbc','622624','',null,null,'1',null,null,null,null,null,null);
insert into bd_dictionaryvalue(id,id_dictionary,id_parent,code,value,num,description,enableFlag,editableFlag,systemFlag,ft,lt,fu,lu) values('4028810028a8ef8f0128a8f1e4720cc0','40288100288c226801288c2987e90001','4028810028a8ef8f0128a8f1e3e50cbc','622625','',null,null,'1',null,null,null,null,null,null);
insert into bd_dictionaryvalue(id,id_dictionary,id_parent,code,value,num,description,enableFlag,editableFlag,systemFlag,ft,lt,fu,lu) values('4028810028a8ef8f0128a8f1e4910cc1','40288100288c226801288c2987e90001','4028810028a8ef8f0128a8f1e3e50cbc','622626','',null,null,'1',null,null,null,null,null,null);
insert into bd_dictionaryvalue(id,id_dictionary,id_parent,code,value,num,description,enableFlag,editableFlag,systemFlag,ft,lt,fu,lu) values('4028810028a8ef8f0128a8f1e4b10cc2','40288100288c226801288c2987e90001','4028810028a8ef8f0128a8f1e3e50cbc','622627','',null,null,'1',null,null,null,null,null,null);
insert into bd_dictionaryvalue(id,id_dictionary,id_parent,code,value,num,description,enableFlag,editableFlag,systemFlag,ft,lt,fu,lu) values('4028810028a8ef8f0128a8f1e4d00cc3','40288100288c226801288c2987e90001','4028810028a8ef8f0128a8f1e3e50cbc','622628','',null,null,'1',null,null,null,null,null,null);
insert into bd_dictionaryvalue(id,id_dictionary,id_parent,code,value,num,description,enableFlag,editableFlag,systemFlag,ft,lt,fu,lu) values('4028810028a8ef8f0128a8f1e4ef0cc4','40288100288c226801288c2987e90001','4028810028a8ef8f0128a8f1e3e50cbc','622629','',null,null,'1',null,null,null,null,null,null);
insert into bd_dictionaryvalue(id,id_dictionary,id_parent,code,value,num,description,enableFlag,editableFlag,systemFlag,ft,lt,fu,lu) values('4028810028a8ef8f0128a8f1e50e0cc5','40288100288c226801288c2987e90001','4028810028a8ef8f0128a8f1e3e50cbc','622630','',null,null,'1',null,null,null,null,null,null);
insert into bd_dictionaryvalue(id,id_dictionary,id_parent,code,value,num,description,enableFlag,editableFlag,systemFlag,ft,lt,fu,lu) values('4028810028a8ef8f0128a8f1e52e0cc6','40288100288c226801288c2987e90001','4028810028a8ef8f0128a8f1dbe70c7e','622700','',null,null,'1',null,null,null,null,null,null);
insert into bd_dictionaryvalue(id,id_dictionary,id_parent,code,value,num,description,enableFlag,editableFlag,systemFlag,ft,lt,fu,lu) values('4028810028a8ef8f0128a8f1e54d0cc7','40288100288c226801288c2987e90001','4028810028a8ef8f0128a8f1e52e0cc6','622701','',null,null,'1',null,null,null,null,null,null);
insert into bd_dictionaryvalue(id,id_dictionary,id_parent,code,value,num,description,enableFlag,editableFlag,systemFlag,ft,lt,fu,lu) values('4028810028a8ef8f0128a8f1e57c0cc8','40288100288c226801288c2987e90001','4028810028a8ef8f0128a8f1e52e0cc6','622722','',null,null,'1',null,null,null,null,null,null);
insert into bd_dictionaryvalue(id,id_dictionary,id_parent,code,value,num,description,enableFlag,editableFlag,systemFlag,ft,lt,fu,lu) values('4028810028a8ef8f0128a8f1e59b0cc9','40288100288c226801288c2987e90001','4028810028a8ef8f0128a8f1e52e0cc6','622723','',null,null,'1',null,null,null,null,null,null);
insert into bd_dictionaryvalue(id,id_dictionary,id_parent,code,value,num,description,enableFlag,editableFlag,systemFlag,ft,lt,fu,lu) values('4028810028a8ef8f0128a8f1e5ba0cca','40288100288c226801288c2987e90001','4028810028a8ef8f0128a8f1e52e0cc6','622724','',null,null,'1',null,null,null,null,null,null);
insert into bd_dictionaryvalue(id,id_dictionary,id_parent,code,value,num,description,enableFlag,editableFlag,systemFlag,ft,lt,fu,lu) values('4028810028a8ef8f0128a8f1e5d90ccb','40288100288c226801288c2987e90001','4028810028a8ef8f0128a8f1e52e0cc6','622725','',null,null,'1',null,null,null,null,null,null);
insert into bd_dictionaryvalue(id,id_dictionary,id_parent,code,value,num,description,enableFlag,editableFlag,systemFlag,ft,lt,fu,lu) values('4028810028a8ef8f0128a8f1e5f90ccc','40288100288c226801288c2987e90001','4028810028a8ef8f0128a8f1e52e0cc6','622726','',null,null,'1',null,null,null,null,null,null);
insert into bd_dictionaryvalue(id,id_dictionary,id_parent,code,value,num,description,enableFlag,editableFlag,systemFlag,ft,lt,fu,lu) values('4028810028a8ef8f0128a8f1e6180ccd','40288100288c226801288c2987e90001','4028810028a8ef8f0128a8f1e52e0cc6','622727','',null,null,'1',null,null,null,null,null,null);
insert into bd_dictionaryvalue(id,id_dictionary,id_parent,code,value,num,description,enableFlag,editableFlag,systemFlag,ft,lt,fu,lu) values('4028810028a8ef8f0128a8f1e6470cce','40288100288c226801288c2987e90001','4028810028a8ef8f0128a8f1dbe70c7e','622800','',null,null,'1',null,null,null,null,null,null);
insert into bd_dictionaryvalue(id,id_dictionary,id_parent,code,value,num,description,enableFlag,editableFlag,systemFlag,ft,lt,fu,lu) values('4028810028a8ef8f0128a8f1e6660ccf','40288100288c226801288c2987e90001','4028810028a8ef8f0128a8f1e6470cce','622801','',null,null,'1',null,null,null,null,null,null);
insert into bd_dictionaryvalue(id,id_dictionary,id_parent,code,value,num,description,enableFlag,editableFlag,systemFlag,ft,lt,fu,lu) values('4028810028a8ef8f0128a8f1e6850cd0','40288100288c226801288c2987e90001','4028810028a8ef8f0128a8f1e6470cce','622821','',null,null,'1',null,null,null,null,null,null);
insert into bd_dictionaryvalue(id,id_dictionary,id_parent,code,value,num,description,enableFlag,editableFlag,systemFlag,ft,lt,fu,lu) values('4028810028a8ef8f0128a8f1e6a50cd1','40288100288c226801288c2987e90001','4028810028a8ef8f0128a8f1e6470cce','622822','',null,null,'1',null,null,null,null,null,null);
insert into bd_dictionaryvalue(id,id_dictionary,id_parent,code,value,num,description,enableFlag,editableFlag,systemFlag,ft,lt,fu,lu) values('4028810028a8ef8f0128a8f1e6c40cd2','40288100288c226801288c2987e90001','4028810028a8ef8f0128a8f1e6470cce','622823','',null,null,'1',null,null,null,null,null,null);
insert into bd_dictionaryvalue(id,id_dictionary,id_parent,code,value,num,description,enableFlag,editableFlag,systemFlag,ft,lt,fu,lu) values('4028810028a8ef8f0128a8f1e6f30cd3','40288100288c226801288c2987e90001','4028810028a8ef8f0128a8f1e6470cce','622824','',null,null,'1',null,null,null,null,null,null);
insert into bd_dictionaryvalue(id,id_dictionary,id_parent,code,value,num,description,enableFlag,editableFlag,systemFlag,ft,lt,fu,lu) values('4028810028a8ef8f0128a8f1e7120cd4','40288100288c226801288c2987e90001','4028810028a8ef8f0128a8f1e6470cce','622825','',null,null,'1',null,null,null,null,null,null);
insert into bd_dictionaryvalue(id,id_dictionary,id_parent,code,value,num,description,enableFlag,editableFlag,systemFlag,ft,lt,fu,lu) values('4028810028a8ef8f0128a8f1e7310cd5','40288100288c226801288c2987e90001','4028810028a8ef8f0128a8f1e6470cce','622826','',null,null,'1',null,null,null,null,null,null);
insert into bd_dictionaryvalue(id,id_dictionary,id_parent,code,value,num,description,enableFlag,editableFlag,systemFlag,ft,lt,fu,lu) values('4028810028a8ef8f0128a8f1e7500cd6','40288100288c226801288c2987e90001','4028810028a8ef8f0128a8f1e6470cce','622827','',null,null,'1',null,null,null,null,null,null);
insert into bd_dictionaryvalue(id,id_dictionary,id_parent,code,value,num,description,enableFlag,editableFlag,systemFlag,ft,lt,fu,lu) values('4028810028a8ef8f0128a8f1e7700cd7','40288100288c226801288c2987e90001','4028810028a8ef8f0128a8f1dbe70c7e','622900','',null,null,'1',null,null,null,null,null,null);
insert into bd_dictionaryvalue(id,id_dictionary,id_parent,code,value,num,description,enableFlag,editableFlag,systemFlag,ft,lt,fu,lu) values('4028810028a8ef8f0128a8f1e78f0cd8','40288100288c226801288c2987e90001','4028810028a8ef8f0128a8f1e7700cd7','622901','',null,null,'1',null,null,null,null,null,null);
insert into bd_dictionaryvalue(id,id_dictionary,id_parent,code,value,num,description,enableFlag,editableFlag,systemFlag,ft,lt,fu,lu) values('4028810028a8ef8f0128a8f1e7ae0cd9','40288100288c226801288c2987e90001','4028810028a8ef8f0128a8f1e7700cd7','622921','',null,null,'1',null,null,null,null,null,null);
insert into bd_dictionaryvalue(id,id_dictionary,id_parent,code,value,num,description,enableFlag,editableFlag,systemFlag,ft,lt,fu,lu) values('4028810028a8ef8f0128a8f1e7cd0cda','40288100288c226801288c2987e90001','4028810028a8ef8f0128a8f1e7700cd7','622922','',null,null,'1',null,null,null,null,null,null);
insert into bd_dictionaryvalue(id,id_dictionary,id_parent,code,value,num,description,enableFlag,editableFlag,systemFlag,ft,lt,fu,lu) values('4028810028a8ef8f0128a8f1e7fc0cdb','40288100288c226801288c2987e90001','4028810028a8ef8f0128a8f1e7700cd7','622923','',null,null,'1',null,null,null,null,null,null);
insert into bd_dictionaryvalue(id,id_dictionary,id_parent,code,value,num,description,enableFlag,editableFlag,systemFlag,ft,lt,fu,lu) values('4028810028a8ef8f0128a8f1e81c0cdc','40288100288c226801288c2987e90001','4028810028a8ef8f0128a8f1e7700cd7','622924','',null,null,'1',null,null,null,null,null,null);
insert into bd_dictionaryvalue(id,id_dictionary,id_parent,code,value,num,description,enableFlag,editableFlag,systemFlag,ft,lt,fu,lu) values('4028810028a8ef8f0128a8f1e83b0cdd','40288100288c226801288c2987e90001','4028810028a8ef8f0128a8f1e7700cd7','622925','',null,null,'1',null,null,null,null,null,null);
insert into bd_dictionaryvalue(id,id_dictionary,id_parent,code,value,num,description,enableFlag,editableFlag,systemFlag,ft,lt,fu,lu) values('4028810028a8ef8f0128a8f1e85a0cde','40288100288c226801288c2987e90001','4028810028a8ef8f0128a8f1e7700cd7','622926','',null,null,'1',null,null,null,null,null,null);
insert into bd_dictionaryvalue(id,id_dictionary,id_parent,code,value,num,description,enableFlag,editableFlag,systemFlag,ft,lt,fu,lu) values('4028810028a8ef8f0128a8f1e8790cdf','40288100288c226801288c2987e90001','4028810028a8ef8f0128a8f1e7700cd7','622927','',null,null,'1',null,null,null,null,null,null);
insert into bd_dictionaryvalue(id,id_dictionary,id_parent,code,value,num,description,enableFlag,editableFlag,systemFlag,ft,lt,fu,lu) values('4028810028a8ef8f0128a8f1e8990ce0','40288100288c226801288c2987e90001','4028810028a8ef8f0128a8f1dbe70c7e','623000','',null,null,'1',null,null,null,null,null,null);
insert into bd_dictionaryvalue(id,id_dictionary,id_parent,code,value,num,description,enableFlag,editableFlag,systemFlag,ft,lt,fu,lu) values('4028810028a8ef8f0128a8f1e8b80ce1','40288100288c226801288c2987e90001','4028810028a8ef8f0128a8f1e8990ce0','623001','',null,null,'1',null,null,null,null,null,null);
insert into bd_dictionaryvalue(id,id_dictionary,id_parent,code,value,num,description,enableFlag,editableFlag,systemFlag,ft,lt,fu,lu) values('4028810028a8ef8f0128a8f1e8d70ce2','40288100288c226801288c2987e90001','4028810028a8ef8f0128a8f1e8990ce0','623021','',null,null,'1',null,null,null,null,null,null);
insert into bd_dictionaryvalue(id,id_dictionary,id_parent,code,value,num,description,enableFlag,editableFlag,systemFlag,ft,lt,fu,lu) values('4028810028a8ef8f0128a8f1e9060ce3','40288100288c226801288c2987e90001','4028810028a8ef8f0128a8f1e8990ce0','623022','',null,null,'1',null,null,null,null,null,null);
insert into bd_dictionaryvalue(id,id_dictionary,id_parent,code,value,num,description,enableFlag,editableFlag,systemFlag,ft,lt,fu,lu) values('4028810028a8ef8f0128a8f1e9250ce4','40288100288c226801288c2987e90001','4028810028a8ef8f0128a8f1e8990ce0','623023','',null,null,'1',null,null,null,null,null,null);
insert into bd_dictionaryvalue(id,id_dictionary,id_parent,code,value,num,description,enableFlag,editableFlag,systemFlag,ft,lt,fu,lu) values('4028810028a8ef8f0128a8f1e9440ce5','40288100288c226801288c2987e90001','4028810028a8ef8f0128a8f1e8990ce0','623024','',null,null,'1',null,null,null,null,null,null);
insert into bd_dictionaryvalue(id,id_dictionary,id_parent,code,value,num,description,enableFlag,editableFlag,systemFlag,ft,lt,fu,lu) values('4028810028a8ef8f0128a8f1e9640ce6','40288100288c226801288c2987e90001','4028810028a8ef8f0128a8f1e8990ce0','623025','',null,null,'1',null,null,null,null,null,null);
insert into bd_dictionaryvalue(id,id_dictionary,id_parent,code,value,num,description,enableFlag,editableFlag,systemFlag,ft,lt,fu,lu) values('4028810028a8ef8f0128a8f1e9830ce7','40288100288c226801288c2987e90001','4028810028a8ef8f0128a8f1e8990ce0','623026','',null,null,'1',null,null,null,null,null,null);
insert into bd_dictionaryvalue(id,id_dictionary,id_parent,code,value,num,description,enableFlag,editableFlag,systemFlag,ft,lt,fu,lu) values('4028810028a8ef8f0128a8f1e9a20ce8','40288100288c226801288c2987e90001','4028810028a8ef8f0128a8f1e8990ce0','623027','',null,null,'1',null,null,null,null,null,null);
insert into bd_dictionaryvalue(id,id_dictionary,id_parent,code,value,num,description,enableFlag,editableFlag,systemFlag,ft,lt,fu,lu) values('4028810028a8ef8f0128a8f1e9c10ce9','40288100288c226801288c2987e90001',null,'630000','',null,null,'1',null,null,null,null,null,null);
insert into bd_dictionaryvalue(id,id_dictionary,id_parent,code,value,num,description,enableFlag,editableFlag,systemFlag,ft,lt,fu,lu) values('4028810028a8ef8f0128a8f1e9f00cea','40288100288c226801288c2987e90001','4028810028a8ef8f0128a8f1e9c10ce9','630100','',null,null,'1',null,null,null,null,null,null);
insert into bd_dictionaryvalue(id,id_dictionary,id_parent,code,value,num,description,enableFlag,editableFlag,systemFlag,ft,lt,fu,lu) values('4028810028a8ef8f0128a8f1ea100ceb','40288100288c226801288c2987e90001','4028810028a8ef8f0128a8f1e9f00cea','630101','',null,null,'1',null,null,null,null,null,null);
insert into bd_dictionaryvalue(id,id_dictionary,id_parent,code,value,num,description,enableFlag,editableFlag,systemFlag,ft,lt,fu,lu) values('4028810028a8ef8f0128a8f1ea2f0cec','40288100288c226801288c2987e90001','4028810028a8ef8f0128a8f1e9f00cea','630102','',null,null,'1',null,null,null,null,null,null);
insert into bd_dictionaryvalue(id,id_dictionary,id_parent,code,value,num,description,enableFlag,editableFlag,systemFlag,ft,lt,fu,lu) values('4028810028a8ef8f0128a8f1ea4e0ced','40288100288c226801288c2987e90001','4028810028a8ef8f0128a8f1e9f00cea','630103','',null,null,'1',null,null,null,null,null,null);
insert into bd_dictionaryvalue(id,id_dictionary,id_parent,code,value,num,description,enableFlag,editableFlag,systemFlag,ft,lt,fu,lu) values('4028810028a8ef8f0128a8f1ea6d0cee','40288100288c226801288c2987e90001','4028810028a8ef8f0128a8f1e9f00cea','630104','',null,null,'1',null,null,null,null,null,null);
insert into bd_dictionaryvalue(id,id_dictionary,id_parent,code,value,num,description,enableFlag,editableFlag,systemFlag,ft,lt,fu,lu) values('4028810028a8ef8f0128a8f1ea8d0cef','40288100288c226801288c2987e90001','4028810028a8ef8f0128a8f1e9f00cea','630105','',null,null,'1',null,null,null,null,null,null);
insert into bd_dictionaryvalue(id,id_dictionary,id_parent,code,value,num,description,enableFlag,editableFlag,systemFlag,ft,lt,fu,lu) values('4028810028a8ef8f0128a8f1eabb0cf0','40288100288c226801288c2987e90001','4028810028a8ef8f0128a8f1e9f00cea','630121','',null,null,'1',null,null,null,null,null,null);
insert into bd_dictionaryvalue(id,id_dictionary,id_parent,code,value,num,description,enableFlag,editableFlag,systemFlag,ft,lt,fu,lu) values('4028810028a8ef8f0128a8f1eadb0cf1','40288100288c226801288c2987e90001','4028810028a8ef8f0128a8f1e9f00cea','630122','',null,null,'1',null,null,null,null,null,null);
insert into bd_dictionaryvalue(id,id_dictionary,id_parent,code,value,num,description,enableFlag,editableFlag,systemFlag,ft,lt,fu,lu) values('4028810028a8ef8f0128a8f1eafa0cf2','40288100288c226801288c2987e90001','4028810028a8ef8f0128a8f1e9f00cea','630123','',null,null,'1',null,null,null,null,null,null);
insert into bd_dictionaryvalue(id,id_dictionary,id_parent,code,value,num,description,enableFlag,editableFlag,systemFlag,ft,lt,fu,lu) values('4028810028a8ef8f0128a8f1eb190cf3','40288100288c226801288c2987e90001','4028810028a8ef8f0128a8f1e9c10ce9','632100','',null,null,'1',null,null,null,null,null,null);
insert into bd_dictionaryvalue(id,id_dictionary,id_parent,code,value,num,description,enableFlag,editableFlag,systemFlag,ft,lt,fu,lu) values('4028810028a8ef8f0128a8f1eb380cf4','40288100288c226801288c2987e90001','4028810028a8ef8f0128a8f1eb190cf3','632121','',null,null,'1',null,null,null,null,null,null);
insert into bd_dictionaryvalue(id,id_dictionary,id_parent,code,value,num,description,enableFlag,editableFlag,systemFlag,ft,lt,fu,lu) values('4028810028a8ef8f0128a8f1eb580cf5','40288100288c226801288c2987e90001','4028810028a8ef8f0128a8f1eb190cf3','632122','',null,null,'1',null,null,null,null,null,null);
insert into bd_dictionaryvalue(id,id_dictionary,id_parent,code,value,num,description,enableFlag,editableFlag,systemFlag,ft,lt,fu,lu) values('4028810028a8ef8f0128a8f1eb870cf6','40288100288c226801288c2987e90001','4028810028a8ef8f0128a8f1eb190cf3','632123','',null,null,'1',null,null,null,null,null,null);
insert into bd_dictionaryvalue(id,id_dictionary,id_parent,code,value,num,description,enableFlag,editableFlag,systemFlag,ft,lt,fu,lu) values('4028810028a8ef8f0128a8f1eba60cf7','40288100288c226801288c2987e90001','4028810028a8ef8f0128a8f1eb190cf3','632126','',null,null,'1',null,null,null,null,null,null);
insert into bd_dictionaryvalue(id,id_dictionary,id_parent,code,value,num,description,enableFlag,editableFlag,systemFlag,ft,lt,fu,lu) values('4028810028a8ef8f0128a8f1ebc50cf8','40288100288c226801288c2987e90001','4028810028a8ef8f0128a8f1eb190cf3','632127','',null,null,'1',null,null,null,null,null,null);
insert into bd_dictionaryvalue(id,id_dictionary,id_parent,code,value,num,description,enableFlag,editableFlag,systemFlag,ft,lt,fu,lu) values('4028810028a8ef8f0128a8f1ebe40cf9','40288100288c226801288c2987e90001','4028810028a8ef8f0128a8f1eb190cf3','632128','',null,null,'1',null,null,null,null,null,null);
insert into bd_dictionaryvalue(id,id_dictionary,id_parent,code,value,num,description,enableFlag,editableFlag,systemFlag,ft,lt,fu,lu) values('4028810028a8ef8f0128a8f1ec040cfa','40288100288c226801288c2987e90001','4028810028a8ef8f0128a8f1e9c10ce9','632200','',null,null,'1',null,null,null,null,null,null);
insert into bd_dictionaryvalue(id,id_dictionary,id_parent,code,value,num,description,enableFlag,editableFlag,systemFlag,ft,lt,fu,lu) values('4028810028a8ef8f0128a8f1ec230cfb','40288100288c226801288c2987e90001','4028810028a8ef8f0128a8f1ec040cfa','632221','',null,null,'1',null,null,null,null,null,null);
insert into bd_dictionaryvalue(id,id_dictionary,id_parent,code,value,num,description,enableFlag,editableFlag,systemFlag,ft,lt,fu,lu) values('4028810028a8ef8f0128a8f1ec520cfc','40288100288c226801288c2987e90001','4028810028a8ef8f0128a8f1ec040cfa','632222','',null,null,'1',null,null,null,null,null,null);
insert into bd_dictionaryvalue(id,id_dictionary,id_parent,code,value,num,description,enableFlag,editableFlag,systemFlag,ft,lt,fu,lu) values('4028810028a8ef8f0128a8f1ec710cfd','40288100288c226801288c2987e90001','4028810028a8ef8f0128a8f1ec040cfa','632223','',null,null,'1',null,null,null,null,null,null);
insert into bd_dictionaryvalue(id,id_dictionary,id_parent,code,value,num,description,enableFlag,editableFlag,systemFlag,ft,lt,fu,lu) values('4028810028a8ef8f0128a8f1ec900cfe','40288100288c226801288c2987e90001','4028810028a8ef8f0128a8f1ec040cfa','632224','',null,null,'1',null,null,null,null,null,null);
insert into bd_dictionaryvalue(id,id_dictionary,id_parent,code,value,num,description,enableFlag,editableFlag,systemFlag,ft,lt,fu,lu) values('4028810028a8ef8f0128a8f1ecaf0cff','40288100288c226801288c2987e90001','4028810028a8ef8f0128a8f1e9c10ce9','632300','',null,null,'1',null,null,null,null,null,null);
insert into bd_dictionaryvalue(id,id_dictionary,id_parent,code,value,num,description,enableFlag,editableFlag,systemFlag,ft,lt,fu,lu) values('4028810028a8ef8f0128a8f1eccf0d00','40288100288c226801288c2987e90001','4028810028a8ef8f0128a8f1ecaf0cff','632321','',null,null,'1',null,null,null,null,null,null);
insert into bd_dictionaryvalue(id,id_dictionary,id_parent,code,value,num,description,enableFlag,editableFlag,systemFlag,ft,lt,fu,lu) values('4028810028a8ef8f0128a8f1ecee0d01','40288100288c226801288c2987e90001','4028810028a8ef8f0128a8f1ecaf0cff','632322','',null,null,'1',null,null,null,null,null,null);
insert into bd_dictionaryvalue(id,id_dictionary,id_parent,code,value,num,description,enableFlag,editableFlag,systemFlag,ft,lt,fu,lu) values('4028810028a8ef8f0128a8f1ed0d0d02','40288100288c226801288c2987e90001','4028810028a8ef8f0128a8f1ecaf0cff','632323','',null,null,'1',null,null,null,null,null,null);
insert into bd_dictionaryvalue(id,id_dictionary,id_parent,code,value,num,description,enableFlag,editableFlag,systemFlag,ft,lt,fu,lu) values('4028810028a8ef8f0128a8f1ed3c0d03','40288100288c226801288c2987e90001','4028810028a8ef8f0128a8f1ecaf0cff','632324','',null,null,'1',null,null,null,null,null,null);
insert into bd_dictionaryvalue(id,id_dictionary,id_parent,code,value,num,description,enableFlag,editableFlag,systemFlag,ft,lt,fu,lu) values('4028810028a8ef8f0128a8f1ed5b0d04','40288100288c226801288c2987e90001','4028810028a8ef8f0128a8f1e9c10ce9','632500','',null,null,'1',null,null,null,null,null,null);
insert into bd_dictionaryvalue(id,id_dictionary,id_parent,code,value,num,description,enableFlag,editableFlag,systemFlag,ft,lt,fu,lu) values('4028810028a8ef8f0128a8f1ed7b0d05','40288100288c226801288c2987e90001','4028810028a8ef8f0128a8f1ed5b0d04','632521','',null,null,'1',null,null,null,null,null,null);
insert into bd_dictionaryvalue(id,id_dictionary,id_parent,code,value,num,description,enableFlag,editableFlag,systemFlag,ft,lt,fu,lu) values('4028810028a8ef8f0128a8f1ed9a0d06','40288100288c226801288c2987e90001','4028810028a8ef8f0128a8f1ed5b0d04','632522','',null,null,'1',null,null,null,null,null,null);
insert into bd_dictionaryvalue(id,id_dictionary,id_parent,code,value,num,description,enableFlag,editableFlag,systemFlag,ft,lt,fu,lu) values('4028810028a8ef8f0128a8f1edb90d07','40288100288c226801288c2987e90001','4028810028a8ef8f0128a8f1ed5b0d04','632523','',null,null,'1',null,null,null,null,null,null);
insert into bd_dictionaryvalue(id,id_dictionary,id_parent,code,value,num,description,enableFlag,editableFlag,systemFlag,ft,lt,fu,lu) values('4028810028a8ef8f0128a8f1edd80d08','40288100288c226801288c2987e90001','4028810028a8ef8f0128a8f1ed5b0d04','632524','',null,null,'1',null,null,null,null,null,null);
insert into bd_dictionaryvalue(id,id_dictionary,id_parent,code,value,num,description,enableFlag,editableFlag,systemFlag,ft,lt,fu,lu) values('4028810028a8ef8f0128a8f1edf80d09','40288100288c226801288c2987e90001','4028810028a8ef8f0128a8f1ed5b0d04','632525','',null,null,'1',null,null,null,null,null,null);
insert into bd_dictionaryvalue(id,id_dictionary,id_parent,code,value,num,description,enableFlag,editableFlag,systemFlag,ft,lt,fu,lu) values('4028810028a8ef8f0128a8f1ee170d0a','40288100288c226801288c2987e90001','4028810028a8ef8f0128a8f1e9c10ce9','632600','',null,null,'1',null,null,null,null,null,null);
insert into bd_dictionaryvalue(id,id_dictionary,id_parent,code,value,num,description,enableFlag,editableFlag,systemFlag,ft,lt,fu,lu) values('4028810028a8ef8f0128a8f1ee460d0b','40288100288c226801288c2987e90001','4028810028a8ef8f0128a8f1ee170d0a','632621','',null,null,'1',null,null,null,null,null,null);
insert into bd_dictionaryvalue(id,id_dictionary,id_parent,code,value,num,description,enableFlag,editableFlag,systemFlag,ft,lt,fu,lu) values('4028810028a8ef8f0128a8f1ee650d0c','40288100288c226801288c2987e90001','4028810028a8ef8f0128a8f1ee170d0a','632622','',null,null,'1',null,null,null,null,null,null);
insert into bd_dictionaryvalue(id,id_dictionary,id_parent,code,value,num,description,enableFlag,editableFlag,systemFlag,ft,lt,fu,lu) values('4028810028a8ef8f0128a8f1ee840d0d','40288100288c226801288c2987e90001','4028810028a8ef8f0128a8f1ee170d0a','632623','',null,null,'1',null,null,null,null,null,null);
insert into bd_dictionaryvalue(id,id_dictionary,id_parent,code,value,num,description,enableFlag,editableFlag,systemFlag,ft,lt,fu,lu) values('4028810028a8ef8f0128a8f1eea30d0e','40288100288c226801288c2987e90001','4028810028a8ef8f0128a8f1ee170d0a','632624','',null,null,'1',null,null,null,null,null,null);
insert into bd_dictionaryvalue(id,id_dictionary,id_parent,code,value,num,description,enableFlag,editableFlag,systemFlag,ft,lt,fu,lu) values('4028810028a8ef8f0128a8f1eec30d0f','40288100288c226801288c2987e90001','4028810028a8ef8f0128a8f1ee170d0a','632625','',null,null,'1',null,null,null,null,null,null);
insert into bd_dictionaryvalue(id,id_dictionary,id_parent,code,value,num,description,enableFlag,editableFlag,systemFlag,ft,lt,fu,lu) values('4028810028a8ef8f0128a8f1eee20d10','40288100288c226801288c2987e90001','4028810028a8ef8f0128a8f1ee170d0a','632626','',null,null,'1',null,null,null,null,null,null);
insert into bd_dictionaryvalue(id,id_dictionary,id_parent,code,value,num,description,enableFlag,editableFlag,systemFlag,ft,lt,fu,lu) values('4028810028a8ef8f0128a8f1ef110d11','40288100288c226801288c2987e90001','4028810028a8ef8f0128a8f1e9c10ce9','632700','',null,null,'1',null,null,null,null,null,null);
insert into bd_dictionaryvalue(id,id_dictionary,id_parent,code,value,num,description,enableFlag,editableFlag,systemFlag,ft,lt,fu,lu) values('4028810028a8ef8f0128a8f1ef300d12','40288100288c226801288c2987e90001','4028810028a8ef8f0128a8f1ef110d11','632721','',null,null,'1',null,null,null,null,null,null);
insert into bd_dictionaryvalue(id,id_dictionary,id_parent,code,value,num,description,enableFlag,editableFlag,systemFlag,ft,lt,fu,lu) values('4028810028a8ef8f0128a8f1ef4f0d13','40288100288c226801288c2987e90001','4028810028a8ef8f0128a8f1ef110d11','632722','',null,null,'1',null,null,null,null,null,null);
insert into bd_dictionaryvalue(id,id_dictionary,id_parent,code,value,num,description,enableFlag,editableFlag,systemFlag,ft,lt,fu,lu) values('4028810028a8ef8f0128a8f1ef6f0d14','40288100288c226801288c2987e90001','4028810028a8ef8f0128a8f1ef110d11','632723','',null,null,'1',null,null,null,null,null,null);
insert into bd_dictionaryvalue(id,id_dictionary,id_parent,code,value,num,description,enableFlag,editableFlag,systemFlag,ft,lt,fu,lu) values('4028810028a8ef8f0128a8f1ef8e0d15','40288100288c226801288c2987e90001','4028810028a8ef8f0128a8f1ef110d11','632724','',null,null,'1',null,null,null,null,null,null);
insert into bd_dictionaryvalue(id,id_dictionary,id_parent,code,value,num,description,enableFlag,editableFlag,systemFlag,ft,lt,fu,lu) values('4028810028a8ef8f0128a8f1efbd0d16','40288100288c226801288c2987e90001','4028810028a8ef8f0128a8f1ef110d11','632725','',null,null,'1',null,null,null,null,null,null);
insert into bd_dictionaryvalue(id,id_dictionary,id_parent,code,value,num,description,enableFlag,editableFlag,systemFlag,ft,lt,fu,lu) values('4028810028a8ef8f0128a8f1efec0d17','40288100288c226801288c2987e90001','4028810028a8ef8f0128a8f1ef110d11','632726','',null,null,'1',null,null,null,null,null,null);
insert into bd_dictionaryvalue(id,id_dictionary,id_parent,code,value,num,description,enableFlag,editableFlag,systemFlag,ft,lt,fu,lu) values('4028810028a8ef8f0128a8f1f00b0d18','40288100288c226801288c2987e90001','4028810028a8ef8f0128a8f1e9c10ce9','632800','',null,null,'1',null,null,null,null,null,null);
insert into bd_dictionaryvalue(id,id_dictionary,id_parent,code,value,num,description,enableFlag,editableFlag,systemFlag,ft,lt,fu,lu) values('4028810028a8ef8f0128a8f1f02a0d19','40288100288c226801288c2987e90001','4028810028a8ef8f0128a8f1f00b0d18','632801','',null,null,'1',null,null,null,null,null,null);
insert into bd_dictionaryvalue(id,id_dictionary,id_parent,code,value,num,description,enableFlag,editableFlag,systemFlag,ft,lt,fu,lu) values('4028810028a8ef8f0128a8f1f0490d1a','40288100288c226801288c2987e90001','4028810028a8ef8f0128a8f1f00b0d18','632802','',null,null,'1',null,null,null,null,null,null);
insert into bd_dictionaryvalue(id,id_dictionary,id_parent,code,value,num,description,enableFlag,editableFlag,systemFlag,ft,lt,fu,lu) values('4028810028a8ef8f0128a8f1f0690d1b','40288100288c226801288c2987e90001','4028810028a8ef8f0128a8f1f00b0d18','632821','',null,null,'1',null,null,null,null,null,null);
insert into bd_dictionaryvalue(id,id_dictionary,id_parent,code,value,num,description,enableFlag,editableFlag,systemFlag,ft,lt,fu,lu) values('4028810028a8ef8f0128a8f1f0880d1c','40288100288c226801288c2987e90001','4028810028a8ef8f0128a8f1f00b0d18','632822','',null,null,'1',null,null,null,null,null,null);
insert into bd_dictionaryvalue(id,id_dictionary,id_parent,code,value,num,description,enableFlag,editableFlag,systemFlag,ft,lt,fu,lu) values('4028810028a8ef8f0128a8f1f0b70d1d','40288100288c226801288c2987e90001','4028810028a8ef8f0128a8f1f00b0d18','632823','',null,null,'1',null,null,null,null,null,null);
insert into bd_dictionaryvalue(id,id_dictionary,id_parent,code,value,num,description,enableFlag,editableFlag,systemFlag,ft,lt,fu,lu) values('4028810028a8ef8f0128a8f1f0d60d1e','40288100288c226801288c2987e90001',null,'640000','',null,null,'1',null,null,null,null,null,null);
insert into bd_dictionaryvalue(id,id_dictionary,id_parent,code,value,num,description,enableFlag,editableFlag,systemFlag,ft,lt,fu,lu) values('4028810028a8ef8f0128a8f1f0f50d1f','40288100288c226801288c2987e90001','4028810028a8ef8f0128a8f1f0d60d1e','640100','',null,null,'1',null,null,null,null,null,null);
insert into bd_dictionaryvalue(id,id_dictionary,id_parent,code,value,num,description,enableFlag,editableFlag,systemFlag,ft,lt,fu,lu) values('4028810028a8ef8f0128a8f1f1140d20','40288100288c226801288c2987e90001','4028810028a8ef8f0128a8f1f0f50d1f','640101','',null,null,'1',null,null,null,null,null,null);
insert into bd_dictionaryvalue(id,id_dictionary,id_parent,code,value,num,description,enableFlag,editableFlag,systemFlag,ft,lt,fu,lu) values('4028810028a8ef8f0128a8f1f1340d21','40288100288c226801288c2987e90001','4028810028a8ef8f0128a8f1f0f50d1f','640102','',null,null,'1',null,null,null,null,null,null);
insert into bd_dictionaryvalue(id,id_dictionary,id_parent,code,value,num,description,enableFlag,editableFlag,systemFlag,ft,lt,fu,lu) values('4028810028a8ef8f0128a8f1f1530d22','40288100288c226801288c2987e90001','4028810028a8ef8f0128a8f1f0f50d1f','640103','',null,null,'1',null,null,null,null,null,null);
insert into bd_dictionaryvalue(id,id_dictionary,id_parent,code,value,num,description,enableFlag,editableFlag,systemFlag,ft,lt,fu,lu) values('4028810028a8ef8f0128a8f1f1820d23','40288100288c226801288c2987e90001','4028810028a8ef8f0128a8f1f0f50d1f','640111','',null,null,'1',null,null,null,null,null,null);
insert into bd_dictionaryvalue(id,id_dictionary,id_parent,code,value,num,description,enableFlag,editableFlag,systemFlag,ft,lt,fu,lu) values('4028810028a8ef8f0128a8f1f1a10d24','40288100288c226801288c2987e90001','4028810028a8ef8f0128a8f1f0f50d1f','640121','',null,null,'1',null,null,null,null,null,null);
insert into bd_dictionaryvalue(id,id_dictionary,id_parent,code,value,num,description,enableFlag,editableFlag,systemFlag,ft,lt,fu,lu) values('4028810028a8ef8f0128a8f1f1c00d25','40288100288c226801288c2987e90001','4028810028a8ef8f0128a8f1f0f50d1f','640122','',null,null,'1',null,null,null,null,null,null);
insert into bd_dictionaryvalue(id,id_dictionary,id_parent,code,value,num,description,enableFlag,editableFlag,systemFlag,ft,lt,fu,lu) values('4028810028a8ef8f0128a8f1f1e00d26','40288100288c226801288c2987e90001','4028810028a8ef8f0128a8f1f0d60d1e','640200','',null,null,'1',null,null,null,null,null,null);
insert into bd_dictionaryvalue(id,id_dictionary,id_parent,code,value,num,description,enableFlag,editableFlag,systemFlag,ft,lt,fu,lu) values('4028810028a8ef8f0128a8f1f20e0d27','40288100288c226801288c2987e90001','4028810028a8ef8f0128a8f1f1e00d26','640201','',null,null,'1',null,null,null,null,null,null);
insert into bd_dictionaryvalue(id,id_dictionary,id_parent,code,value,num,description,enableFlag,editableFlag,systemFlag,ft,lt,fu,lu) values('4028810028a8ef8f0128a8f1f22e0d28','40288100288c226801288c2987e90001','4028810028a8ef8f0128a8f1f1e00d26','640202','',null,null,'1',null,null,null,null,null,null);
insert into bd_dictionaryvalue(id,id_dictionary,id_parent,code,value,num,description,enableFlag,editableFlag,systemFlag,ft,lt,fu,lu) values('4028810028a8ef8f0128a8f1f24d0d29','40288100288c226801288c2987e90001','4028810028a8ef8f0128a8f1f1e00d26','640203','',null,null,'1',null,null,null,null,null,null);
insert into bd_dictionaryvalue(id,id_dictionary,id_parent,code,value,num,description,enableFlag,editableFlag,systemFlag,ft,lt,fu,lu) values('4028810028a8ef8f0128a8f1f26c0d2a','40288100288c226801288c2987e90001','4028810028a8ef8f0128a8f1f1e00d26','640204','',null,null,'1',null,null,null,null,null,null);
insert into bd_dictionaryvalue(id,id_dictionary,id_parent,code,value,num,description,enableFlag,editableFlag,systemFlag,ft,lt,fu,lu) values('4028810028a8ef8f0128a8f1f28b0d2b','40288100288c226801288c2987e90001','4028810028a8ef8f0128a8f1f1e00d26','640221','',null,null,'1',null,null,null,null,null,null);
insert into bd_dictionaryvalue(id,id_dictionary,id_parent,code,value,num,description,enableFlag,editableFlag,systemFlag,ft,lt,fu,lu) values('4028810028a8ef8f0128a8f1f2ab0d2c','40288100288c226801288c2987e90001','4028810028a8ef8f0128a8f1f1e00d26','640222','',null,null,'1',null,null,null,null,null,null);
insert into bd_dictionaryvalue(id,id_dictionary,id_parent,code,value,num,description,enableFlag,editableFlag,systemFlag,ft,lt,fu,lu) values('4028810028a8ef8f0128a8f1f2ca0d2d','40288100288c226801288c2987e90001','4028810028a8ef8f0128a8f1f1e00d26','640223','',null,null,'1',null,null,null,null,null,null);
insert into bd_dictionaryvalue(id,id_dictionary,id_parent,code,value,num,description,enableFlag,editableFlag,systemFlag,ft,lt,fu,lu) values('4028810028a8ef8f0128a8f1f2f90d2e','40288100288c226801288c2987e90001','4028810028a8ef8f0128a8f1f0d60d1e','640300','',null,null,'1',null,null,null,null,null,null);
insert into bd_dictionaryvalue(id,id_dictionary,id_parent,code,value,num,description,enableFlag,editableFlag,systemFlag,ft,lt,fu,lu) values('4028810028a8ef8f0128a8f1f3180d2f','40288100288c226801288c2987e90001','4028810028a8ef8f0128a8f1f2f90d2e','640301','',null,null,'1',null,null,null,null,null,null);
insert into bd_dictionaryvalue(id,id_dictionary,id_parent,code,value,num,description,enableFlag,editableFlag,systemFlag,ft,lt,fu,lu) values('4028810028a8ef8f0128a8f1f3370d30','40288100288c226801288c2987e90001','4028810028a8ef8f0128a8f1f2f90d2e','640302','',null,null,'1',null,null,null,null,null,null);
insert into bd_dictionaryvalue(id,id_dictionary,id_parent,code,value,num,description,enableFlag,editableFlag,systemFlag,ft,lt,fu,lu) values('4028810028a8ef8f0128a8f1f3570d31','40288100288c226801288c2987e90001','4028810028a8ef8f0128a8f1f2f90d2e','640321','',null,null,'1',null,null,null,null,null,null);
insert into bd_dictionaryvalue(id,id_dictionary,id_parent,code,value,num,description,enableFlag,editableFlag,systemFlag,ft,lt,fu,lu) values('4028810028a8ef8f0128a8f1f3760d32','40288100288c226801288c2987e90001','4028810028a8ef8f0128a8f1f2f90d2e','640322','',null,null,'1',null,null,null,null,null,null);
insert into bd_dictionaryvalue(id,id_dictionary,id_parent,code,value,num,description,enableFlag,editableFlag,systemFlag,ft,lt,fu,lu) values('4028810028a8ef8f0128a8f1f3a50d33','40288100288c226801288c2987e90001','4028810028a8ef8f0128a8f1f2f90d2e','640323','',null,null,'1',null,null,null,null,null,null);
insert into bd_dictionaryvalue(id,id_dictionary,id_parent,code,value,num,description,enableFlag,editableFlag,systemFlag,ft,lt,fu,lu) values('4028810028a8ef8f0128a8f1f3c40d34','40288100288c226801288c2987e90001','4028810028a8ef8f0128a8f1f2f90d2e','640324','',null,null,'1',null,null,null,null,null,null);
insert into bd_dictionaryvalue(id,id_dictionary,id_parent,code,value,num,description,enableFlag,editableFlag,systemFlag,ft,lt,fu,lu) values('4028810028a8ef8f0128a8f1f3e30d35','40288100288c226801288c2987e90001','4028810028a8ef8f0128a8f1f2f90d2e','640381','',null,null,'1',null,null,null,null,null,null);
insert into bd_dictionaryvalue(id,id_dictionary,id_parent,code,value,num,description,enableFlag,editableFlag,systemFlag,ft,lt,fu,lu) values('4028810028a8ef8f0128a8f1f4020d36','40288100288c226801288c2987e90001','4028810028a8ef8f0128a8f1f2f90d2e','640382','',null,null,'1',null,null,null,null,null,null);
insert into bd_dictionaryvalue(id,id_dictionary,id_parent,code,value,num,description,enableFlag,editableFlag,systemFlag,ft,lt,fu,lu) values('4028810028a8ef8f0128a8f1f4310d37','40288100288c226801288c2987e90001','4028810028a8ef8f0128a8f1f0d60d1e','640400','',null,null,'1',null,null,null,null,null,null);
insert into bd_dictionaryvalue(id,id_dictionary,id_parent,code,value,num,description,enableFlag,editableFlag,systemFlag,ft,lt,fu,lu) values('4028810028a8ef8f0128a8f1f4510d38','40288100288c226801288c2987e90001','4028810028a8ef8f0128a8f1f4310d37','640401','',null,null,'1',null,null,null,null,null,null);
insert into bd_dictionaryvalue(id,id_dictionary,id_parent,code,value,num,description,enableFlag,editableFlag,systemFlag,ft,lt,fu,lu) values('4028810028a8ef8f0128a8f1f4700d39','40288100288c226801288c2987e90001','4028810028a8ef8f0128a8f1f4310d37','640402','',null,null,'1',null,null,null,null,null,null);
insert into bd_dictionaryvalue(id,id_dictionary,id_parent,code,value,num,description,enableFlag,editableFlag,systemFlag,ft,lt,fu,lu) values('4028810028a8ef8f0128a8f1f48f0d3a','40288100288c226801288c2987e90001','4028810028a8ef8f0128a8f1f4310d37','640421','',null,null,'1',null,null,null,null,null,null);
insert into bd_dictionaryvalue(id,id_dictionary,id_parent,code,value,num,description,enableFlag,editableFlag,systemFlag,ft,lt,fu,lu) values('4028810028a8ef8f0128a8f1f4be0d3b','40288100288c226801288c2987e90001','4028810028a8ef8f0128a8f1f4310d37','640422','',null,null,'1',null,null,null,null,null,null);
insert into bd_dictionaryvalue(id,id_dictionary,id_parent,code,value,num,description,enableFlag,editableFlag,systemFlag,ft,lt,fu,lu) values('4028810028a8ef8f0128a8f1f4dd0d3c','40288100288c226801288c2987e90001','4028810028a8ef8f0128a8f1f4310d37','640423','',null,null,'1',null,null,null,null,null,null);
insert into bd_dictionaryvalue(id,id_dictionary,id_parent,code,value,num,description,enableFlag,editableFlag,systemFlag,ft,lt,fu,lu) values('4028810028a8ef8f0128a8f1f4fc0d3d','40288100288c226801288c2987e90001','4028810028a8ef8f0128a8f1f4310d37','640424','',null,null,'1',null,null,null,null,null,null);
insert into bd_dictionaryvalue(id,id_dictionary,id_parent,code,value,num,description,enableFlag,editableFlag,systemFlag,ft,lt,fu,lu) values('4028810028a8ef8f0128a8f1f51c0d3e','40288100288c226801288c2987e90001','4028810028a8ef8f0128a8f1f4310d37','640425','',null,null,'1',null,null,null,null,null,null);
insert into bd_dictionaryvalue(id,id_dictionary,id_parent,code,value,num,description,enableFlag,editableFlag,systemFlag,ft,lt,fu,lu) values('4028810028a8ef8f0128a8f1f54b0d3f','40288100288c226801288c2987e90001',null,'650000','',null,null,'1',null,null,null,null,null,null);
insert into bd_dictionaryvalue(id,id_dictionary,id_parent,code,value,num,description,enableFlag,editableFlag,systemFlag,ft,lt,fu,lu) values('4028810028a8ef8f0128a8f1f56a0d40','40288100288c226801288c2987e90001','4028810028a8ef8f0128a8f1f54b0d3f','650100','',null,null,'1',null,null,null,null,null,null);
insert into bd_dictionaryvalue(id,id_dictionary,id_parent,code,value,num,description,enableFlag,editableFlag,systemFlag,ft,lt,fu,lu) values('4028810028a8ef8f0128a8f1f5890d41','40288100288c226801288c2987e90001','4028810028a8ef8f0128a8f1f56a0d40','650101','',null,null,'1',null,null,null,null,null,null);
insert into bd_dictionaryvalue(id,id_dictionary,id_parent,code,value,num,description,enableFlag,editableFlag,systemFlag,ft,lt,fu,lu) values('4028810028a8ef8f0128a8f1f5a80d42','40288100288c226801288c2987e90001','4028810028a8ef8f0128a8f1f56a0d40','650102','',null,null,'1',null,null,null,null,null,null);
insert into bd_dictionaryvalue(id,id_dictionary,id_parent,code,value,num,description,enableFlag,editableFlag,systemFlag,ft,lt,fu,lu) values('4028810028a8ef8f0128a8f1f5d70d43','40288100288c226801288c2987e90001','4028810028a8ef8f0128a8f1f56a0d40','650103','',null,null,'1',null,null,null,null,null,null);
insert into bd_dictionaryvalue(id,id_dictionary,id_parent,code,value,num,description,enableFlag,editableFlag,systemFlag,ft,lt,fu,lu) values('4028810028a8ef8f0128a8f1f5f60d44','40288100288c226801288c2987e90001','4028810028a8ef8f0128a8f1f56a0d40','650104','',null,null,'1',null,null,null,null,null,null);
insert into bd_dictionaryvalue(id,id_dictionary,id_parent,code,value,num,description,enableFlag,editableFlag,systemFlag,ft,lt,fu,lu) values('4028810028a8ef8f0128a8f1f6160d45','40288100288c226801288c2987e90001','4028810028a8ef8f0128a8f1f56a0d40','650105','',null,null,'1',null,null,null,null,null,null);
insert into bd_dictionaryvalue(id,id_dictionary,id_parent,code,value,num,description,enableFlag,editableFlag,systemFlag,ft,lt,fu,lu) values('4028810028a8ef8f0128a8f1f6350d46','40288100288c226801288c2987e90001','4028810028a8ef8f0128a8f1f56a0d40','650106','',null,null,'1',null,null,null,null,null,null);
insert into bd_dictionaryvalue(id,id_dictionary,id_parent,code,value,num,description,enableFlag,editableFlag,systemFlag,ft,lt,fu,lu) values('4028810028a8ef8f0128a8f1f6540d47','40288100288c226801288c2987e90001','4028810028a8ef8f0128a8f1f56a0d40','650107','',null,null,'1',null,null,null,null,null,null);
insert into bd_dictionaryvalue(id,id_dictionary,id_parent,code,value,num,description,enableFlag,editableFlag,systemFlag,ft,lt,fu,lu) values('4028810028a8ef8f0128a8f1f6730d48','40288100288c226801288c2987e90001','4028810028a8ef8f0128a8f1f56a0d40','650108','',null,null,'1',null,null,null,null,null,null);
insert into bd_dictionaryvalue(id,id_dictionary,id_parent,code,value,num,description,enableFlag,editableFlag,systemFlag,ft,lt,fu,lu) values('4028810028a8ef8f0128a8f1f6a20d49','40288100288c226801288c2987e90001','4028810028a8ef8f0128a8f1f56a0d40','650121','',null,null,'1',null,null,null,null,null,null);
insert into bd_dictionaryvalue(id,id_dictionary,id_parent,code,value,num,description,enableFlag,editableFlag,systemFlag,ft,lt,fu,lu) values('4028810028a8ef8f0128a8f1f6c20d4a','40288100288c226801288c2987e90001','4028810028a8ef8f0128a8f1f54b0d3f','650200','',null,null,'1',null,null,null,null,null,null);
insert into bd_dictionaryvalue(id,id_dictionary,id_parent,code,value,num,description,enableFlag,editableFlag,systemFlag,ft,lt,fu,lu) values('4028810028a8ef8f0128a8f1f6e10d4b','40288100288c226801288c2987e90001','4028810028a8ef8f0128a8f1f6c20d4a','650201','',null,null,'1',null,null,null,null,null,null);
insert into bd_dictionaryvalue(id,id_dictionary,id_parent,code,value,num,description,enableFlag,editableFlag,systemFlag,ft,lt,fu,lu) values('4028810028a8ef8f0128a8f1f7000d4c','40288100288c226801288c2987e90001','4028810028a8ef8f0128a8f1f6c20d4a','650202','',null,null,'1',null,null,null,null,null,null);
insert into bd_dictionaryvalue(id,id_dictionary,id_parent,code,value,num,description,enableFlag,editableFlag,systemFlag,ft,lt,fu,lu) values('4028810028a8ef8f0128a8f1f71f0d4d','40288100288c226801288c2987e90001','4028810028a8ef8f0128a8f1f6c20d4a','650203','',null,null,'1',null,null,null,null,null,null);
insert into bd_dictionaryvalue(id,id_dictionary,id_parent,code,value,num,description,enableFlag,editableFlag,systemFlag,ft,lt,fu,lu) values('4028810028a8ef8f0128a8f1f73f0d4e','40288100288c226801288c2987e90001','4028810028a8ef8f0128a8f1f6c20d4a','650204','',null,null,'1',null,null,null,null,null,null);
insert into bd_dictionaryvalue(id,id_dictionary,id_parent,code,value,num,description,enableFlag,editableFlag,systemFlag,ft,lt,fu,lu) values('4028810028a8ef8f0128a8f1f76d0d4f','40288100288c226801288c2987e90001','4028810028a8ef8f0128a8f1f6c20d4a','650205','',null,null,'1',null,null,null,null,null,null);
insert into bd_dictionaryvalue(id,id_dictionary,id_parent,code,value,num,description,enableFlag,editableFlag,systemFlag,ft,lt,fu,lu) values('4028810028a8ef8f0128a8f1f78d0d50','40288100288c226801288c2987e90001','4028810028a8ef8f0128a8f1f54b0d3f','652100','',null,null,'1',null,null,null,null,null,null);
insert into bd_dictionaryvalue(id,id_dictionary,id_parent,code,value,num,description,enableFlag,editableFlag,systemFlag,ft,lt,fu,lu) values('4028810028a8ef8f0128a8f1f7ac0d51','40288100288c226801288c2987e90001','4028810028a8ef8f0128a8f1f78d0d50','652101','',null,null,'1',null,null,null,null,null,null);
insert into bd_dictionaryvalue(id,id_dictionary,id_parent,code,value,num,description,enableFlag,editableFlag,systemFlag,ft,lt,fu,lu) values('4028810028a8ef8f0128a8f1f7cb0d52','40288100288c226801288c2987e90001','4028810028a8ef8f0128a8f1f78d0d50','652122','',null,null,'1',null,null,null,null,null,null);
insert into bd_dictionaryvalue(id,id_dictionary,id_parent,code,value,num,description,enableFlag,editableFlag,systemFlag,ft,lt,fu,lu) values('4028810028a8ef8f0128a8f1f7fa0d53','40288100288c226801288c2987e90001','4028810028a8ef8f0128a8f1f78d0d50','652123','',null,null,'1',null,null,null,null,null,null);
insert into bd_dictionaryvalue(id,id_dictionary,id_parent,code,value,num,description,enableFlag,editableFlag,systemFlag,ft,lt,fu,lu) values('4028810028a8ef8f0128a8f1f8190d54','40288100288c226801288c2987e90001','4028810028a8ef8f0128a8f1f54b0d3f','652200','',null,null,'1',null,null,null,null,null,null);
insert into bd_dictionaryvalue(id,id_dictionary,id_parent,code,value,num,description,enableFlag,editableFlag,systemFlag,ft,lt,fu,lu) values('4028810028a8ef8f0128a8f1f8390d55','40288100288c226801288c2987e90001','4028810028a8ef8f0128a8f1f8190d54','652201','',null,null,'1',null,null,null,null,null,null);
insert into bd_dictionaryvalue(id,id_dictionary,id_parent,code,value,num,description,enableFlag,editableFlag,systemFlag,ft,lt,fu,lu) values('4028810028a8ef8f0128a8f1f8580d56','40288100288c226801288c2987e90001','4028810028a8ef8f0128a8f1f8190d54','652222','',null,null,'1',null,null,null,null,null,null);
insert into bd_dictionaryvalue(id,id_dictionary,id_parent,code,value,num,description,enableFlag,editableFlag,systemFlag,ft,lt,fu,lu) values('4028810028a8ef8f0128a8f1f8770d57','40288100288c226801288c2987e90001','4028810028a8ef8f0128a8f1f8190d54','652223','',null,null,'1',null,null,null,null,null,null);
insert into bd_dictionaryvalue(id,id_dictionary,id_parent,code,value,num,description,enableFlag,editableFlag,systemFlag,ft,lt,fu,lu) values('4028810028a8ef8f0128a8f1f8960d58','40288100288c226801288c2987e90001','4028810028a8ef8f0128a8f1f54b0d3f','652300','',null,null,'1',null,null,null,null,null,null);
insert into bd_dictionaryvalue(id,id_dictionary,id_parent,code,value,num,description,enableFlag,editableFlag,systemFlag,ft,lt,fu,lu) values('4028810028a8ef8f0128a8f1f8c50d59','40288100288c226801288c2987e90001','4028810028a8ef8f0128a8f1f8960d58','652301','',null,null,'1',null,null,null,null,null,null);
insert into bd_dictionaryvalue(id,id_dictionary,id_parent,code,value,num,description,enableFlag,editableFlag,systemFlag,ft,lt,fu,lu) values('4028810028a8ef8f0128a8f1f8e40d5a','40288100288c226801288c2987e90001','4028810028a8ef8f0128a8f1f8960d58','652302','',null,null,'1',null,null,null,null,null,null);
insert into bd_dictionaryvalue(id,id_dictionary,id_parent,code,value,num,description,enableFlag,editableFlag,systemFlag,ft,lt,fu,lu) values('4028810028a8ef8f0128a8f1f9040d5b','40288100288c226801288c2987e90001','4028810028a8ef8f0128a8f1f8960d58','652303','',null,null,'1',null,null,null,null,null,null);
insert into bd_dictionaryvalue(id,id_dictionary,id_parent,code,value,num,description,enableFlag,editableFlag,systemFlag,ft,lt,fu,lu) values('4028810028a8ef8f0128a8f1f9230d5c','40288100288c226801288c2987e90001','4028810028a8ef8f0128a8f1f8960d58','652323','',null,null,'1',null,null,null,null,null,null);
insert into bd_dictionaryvalue(id,id_dictionary,id_parent,code,value,num,description,enableFlag,editableFlag,systemFlag,ft,lt,fu,lu) values('4028810028a8ef8f0128a8f1f9520d5d','40288100288c226801288c2987e90001','4028810028a8ef8f0128a8f1f8960d58','652324','',null,null,'1',null,null,null,null,null,null);
insert into bd_dictionaryvalue(id,id_dictionary,id_parent,code,value,num,description,enableFlag,editableFlag,systemFlag,ft,lt,fu,lu) values('4028810028a8ef8f0128a8f1f9710d5e','40288100288c226801288c2987e90001','4028810028a8ef8f0128a8f1f8960d58','652325','',null,null,'1',null,null,null,null,null,null);
insert into bd_dictionaryvalue(id,id_dictionary,id_parent,code,value,num,description,enableFlag,editableFlag,systemFlag,ft,lt,fu,lu) values('4028810028a8ef8f0128a8f1f9900d5f','40288100288c226801288c2987e90001','4028810028a8ef8f0128a8f1f8960d58','652327','',null,null,'1',null,null,null,null,null,null);
insert into bd_dictionaryvalue(id,id_dictionary,id_parent,code,value,num,description,enableFlag,editableFlag,systemFlag,ft,lt,fu,lu) values('4028810028a8ef8f0128a8f1f9b00d60','40288100288c226801288c2987e90001','4028810028a8ef8f0128a8f1f8960d58','652328','',null,null,'1',null,null,null,null,null,null);
insert into bd_dictionaryvalue(id,id_dictionary,id_parent,code,value,num,description,enableFlag,editableFlag,systemFlag,ft,lt,fu,lu) values('4028810028a8ef8f0128a8f1f9cf0d61','40288100288c226801288c2987e90001','4028810028a8ef8f0128a8f1f54b0d3f','652700','',null,null,'1',null,null,null,null,null,null);
insert into bd_dictionaryvalue(id,id_dictionary,id_parent,code,value,num,description,enableFlag,editableFlag,systemFlag,ft,lt,fu,lu) values('4028810028a8ef8f0128a8f1f9ee0d62','40288100288c226801288c2987e90001','4028810028a8ef8f0128a8f1f9cf0d61','652701','',null,null,'1',null,null,null,null,null,null);
insert into bd_dictionaryvalue(id,id_dictionary,id_parent,code,value,num,description,enableFlag,editableFlag,systemFlag,ft,lt,fu,lu) values('4028810028a8ef8f0128a8f1fa1d0d63','40288100288c226801288c2987e90001','4028810028a8ef8f0128a8f1f9cf0d61','652722','',null,null,'1',null,null,null,null,null,null);
insert into bd_dictionaryvalue(id,id_dictionary,id_parent,code,value,num,description,enableFlag,editableFlag,systemFlag,ft,lt,fu,lu) values('4028810028a8ef8f0128a8f1fa3c0d64','40288100288c226801288c2987e90001','4028810028a8ef8f0128a8f1f9cf0d61','652723','',null,null,'1',null,null,null,null,null,null);
insert into bd_dictionaryvalue(id,id_dictionary,id_parent,code,value,num,description,enableFlag,editableFlag,systemFlag,ft,lt,fu,lu) values('4028810028a8ef8f0128a8f1fa5b0d65','40288100288c226801288c2987e90001','4028810028a8ef8f0128a8f1f54b0d3f','652800','',null,null,'1',null,null,null,null,null,null);
insert into bd_dictionaryvalue(id,id_dictionary,id_parent,code,value,num,description,enableFlag,editableFlag,systemFlag,ft,lt,fu,lu) values('4028810028a8ef8f0128a8f1fa8a0d66','40288100288c226801288c2987e90001','4028810028a8ef8f0128a8f1fa5b0d65','652801','',null,null,'1',null,null,null,null,null,null);
insert into bd_dictionaryvalue(id,id_dictionary,id_parent,code,value,num,description,enableFlag,editableFlag,systemFlag,ft,lt,fu,lu) values('4028810028a8ef8f0128a8f1faaa0d67','40288100288c226801288c2987e90001','4028810028a8ef8f0128a8f1fa5b0d65','652822','',null,null,'1',null,null,null,null,null,null);
insert into bd_dictionaryvalue(id,id_dictionary,id_parent,code,value,num,description,enableFlag,editableFlag,systemFlag,ft,lt,fu,lu) values('4028810028a8ef8f0128a8f1fac90d68','40288100288c226801288c2987e90001','4028810028a8ef8f0128a8f1fa5b0d65','652823','',null,null,'1',null,null,null,null,null,null);
insert into bd_dictionaryvalue(id,id_dictionary,id_parent,code,value,num,description,enableFlag,editableFlag,systemFlag,ft,lt,fu,lu) values('4028810028a8ef8f0128a8f1fae80d69','40288100288c226801288c2987e90001','4028810028a8ef8f0128a8f1fa5b0d65','652824','',null,null,'1',null,null,null,null,null,null);
insert into bd_dictionaryvalue(id,id_dictionary,id_parent,code,value,num,description,enableFlag,editableFlag,systemFlag,ft,lt,fu,lu) values('4028810028a8ef8f0128a8f1fb170d6a','40288100288c226801288c2987e90001','4028810028a8ef8f0128a8f1fa5b0d65','652825','',null,null,'1',null,null,null,null,null,null);
insert into bd_dictionaryvalue(id,id_dictionary,id_parent,code,value,num,description,enableFlag,editableFlag,systemFlag,ft,lt,fu,lu) values('4028810028a8ef8f0128a8f1fb360d6b','40288100288c226801288c2987e90001','4028810028a8ef8f0128a8f1fa5b0d65','652826','',null,null,'1',null,null,null,null,null,null);
insert into bd_dictionaryvalue(id,id_dictionary,id_parent,code,value,num,description,enableFlag,editableFlag,systemFlag,ft,lt,fu,lu) values('4028810028a8ef8f0128a8f1fb550d6c','40288100288c226801288c2987e90001','4028810028a8ef8f0128a8f1fa5b0d65','652827','',null,null,'1',null,null,null,null,null,null);
insert into bd_dictionaryvalue(id,id_dictionary,id_parent,code,value,num,description,enableFlag,editableFlag,systemFlag,ft,lt,fu,lu) values('4028810028a8ef8f0128a8f1fb750d6d','40288100288c226801288c2987e90001','4028810028a8ef8f0128a8f1fa5b0d65','652828','',null,null,'1',null,null,null,null,null,null);
insert into bd_dictionaryvalue(id,id_dictionary,id_parent,code,value,num,description,enableFlag,editableFlag,systemFlag,ft,lt,fu,lu) values('4028810028a8ef8f0128a8f1fb940d6e','40288100288c226801288c2987e90001','4028810028a8ef8f0128a8f1fa5b0d65','652829','',null,null,'1',null,null,null,null,null,null);
insert into bd_dictionaryvalue(id,id_dictionary,id_parent,code,value,num,description,enableFlag,editableFlag,systemFlag,ft,lt,fu,lu) values('4028810028a8ef8f0128a8f1fbc30d6f','40288100288c226801288c2987e90001','4028810028a8ef8f0128a8f1f54b0d3f','652900','',null,null,'1',null,null,null,null,null,null);
insert into bd_dictionaryvalue(id,id_dictionary,id_parent,code,value,num,description,enableFlag,editableFlag,systemFlag,ft,lt,fu,lu) values('4028810028a8ef8f0128a8f1fbe20d70','40288100288c226801288c2987e90001','4028810028a8ef8f0128a8f1fbc30d6f','652901','',null,null,'1',null,null,null,null,null,null);
insert into bd_dictionaryvalue(id,id_dictionary,id_parent,code,value,num,description,enableFlag,editableFlag,systemFlag,ft,lt,fu,lu) values('4028810028a8ef8f0128a8f1fc010d71','40288100288c226801288c2987e90001','4028810028a8ef8f0128a8f1fbc30d6f','652922','',null,null,'1',null,null,null,null,null,null);
insert into bd_dictionaryvalue(id,id_dictionary,id_parent,code,value,num,description,enableFlag,editableFlag,systemFlag,ft,lt,fu,lu) values('4028810028a8ef8f0128a8f1fc210d72','40288100288c226801288c2987e90001','4028810028a8ef8f0128a8f1fbc30d6f','652923','',null,null,'1',null,null,null,null,null,null);
insert into bd_dictionaryvalue(id,id_dictionary,id_parent,code,value,num,description,enableFlag,editableFlag,systemFlag,ft,lt,fu,lu) values('4028810028a8ef8f0128a8f1fc400d73','40288100288c226801288c2987e90001','4028810028a8ef8f0128a8f1fbc30d6f','652924','',null,null,'1',null,null,null,null,null,null);
insert into bd_dictionaryvalue(id,id_dictionary,id_parent,code,value,num,description,enableFlag,editableFlag,systemFlag,ft,lt,fu,lu) values('4028810028a8ef8f0128a8f1fc6f0d74','40288100288c226801288c2987e90001','4028810028a8ef8f0128a8f1fbc30d6f','652925','',null,null,'1',null,null,null,null,null,null);
insert into bd_dictionaryvalue(id,id_dictionary,id_parent,code,value,num,description,enableFlag,editableFlag,systemFlag,ft,lt,fu,lu) values('4028810028a8ef8f0128a8f1fc8e0d75','40288100288c226801288c2987e90001','4028810028a8ef8f0128a8f1fbc30d6f','652926','',null,null,'1',null,null,null,null,null,null);
insert into bd_dictionaryvalue(id,id_dictionary,id_parent,code,value,num,description,enableFlag,editableFlag,systemFlag,ft,lt,fu,lu) values('4028810028a8ef8f0128a8f1fcad0d76','40288100288c226801288c2987e90001','4028810028a8ef8f0128a8f1fbc30d6f','652927','',null,null,'1',null,null,null,null,null,null);
insert into bd_dictionaryvalue(id,id_dictionary,id_parent,code,value,num,description,enableFlag,editableFlag,systemFlag,ft,lt,fu,lu) values('4028810028a8ef8f0128a8f1fccc0d77','40288100288c226801288c2987e90001','4028810028a8ef8f0128a8f1fbc30d6f','652928','',null,null,'1',null,null,null,null,null,null);
insert into bd_dictionaryvalue(id,id_dictionary,id_parent,code,value,num,description,enableFlag,editableFlag,systemFlag,ft,lt,fu,lu) values('4028810028a8ef8f0128a8f1fcec0d78','40288100288c226801288c2987e90001','4028810028a8ef8f0128a8f1fbc30d6f','652929','',null,null,'1',null,null,null,null,null,null);
insert into bd_dictionaryvalue(id,id_dictionary,id_parent,code,value,num,description,enableFlag,editableFlag,systemFlag,ft,lt,fu,lu) values('4028810028a8ef8f0128a8f1fd1b0d79','40288100288c226801288c2987e90001','4028810028a8ef8f0128a8f1f54b0d3f','653000','',null,null,'1',null,null,null,null,null,null);
insert into bd_dictionaryvalue(id,id_dictionary,id_parent,code,value,num,description,enableFlag,editableFlag,systemFlag,ft,lt,fu,lu) values('4028810028a8ef8f0128a8f1fd3a0d7a','40288100288c226801288c2987e90001','4028810028a8ef8f0128a8f1fd1b0d79','653001','',null,null,'1',null,null,null,null,null,null);
insert into bd_dictionaryvalue(id,id_dictionary,id_parent,code,value,num,description,enableFlag,editableFlag,systemFlag,ft,lt,fu,lu) values('4028810028a8ef8f0128a8f1fd590d7b','40288100288c226801288c2987e90001','4028810028a8ef8f0128a8f1fd1b0d79','653022','',null,null,'1',null,null,null,null,null,null);
insert into bd_dictionaryvalue(id,id_dictionary,id_parent,code,value,num,description,enableFlag,editableFlag,systemFlag,ft,lt,fu,lu) values('4028810028a8ef8f0128a8f1fd780d7c','40288100288c226801288c2987e90001','4028810028a8ef8f0128a8f1fd1b0d79','653023','',null,null,'1',null,null,null,null,null,null);
insert into bd_dictionaryvalue(id,id_dictionary,id_parent,code,value,num,description,enableFlag,editableFlag,systemFlag,ft,lt,fu,lu) values('4028810028a8ef8f0128a8f1fda70d7d','40288100288c226801288c2987e90001','4028810028a8ef8f0128a8f1fd1b0d79','653024','',null,null,'1',null,null,null,null,null,null);
insert into bd_dictionaryvalue(id,id_dictionary,id_parent,code,value,num,description,enableFlag,editableFlag,systemFlag,ft,lt,fu,lu) values('4028810028a8ef8f0128a8f1fdc60d7e','40288100288c226801288c2987e90001','4028810028a8ef8f0128a8f1f54b0d3f','653100','',null,null,'1',null,null,null,null,null,null);
insert into bd_dictionaryvalue(id,id_dictionary,id_parent,code,value,num,description,enableFlag,editableFlag,systemFlag,ft,lt,fu,lu) values('4028810028a8ef8f0128a8f1fde60d7f','40288100288c226801288c2987e90001','4028810028a8ef8f0128a8f1fdc60d7e','653101','',null,null,'1',null,null,null,null,null,null);
insert into bd_dictionaryvalue(id,id_dictionary,id_parent,code,value,num,description,enableFlag,editableFlag,systemFlag,ft,lt,fu,lu) values('4028810028a8ef8f0128a8f1fe050d80','40288100288c226801288c2987e90001','4028810028a8ef8f0128a8f1fdc60d7e','653121','',null,null,'1',null,null,null,null,null,null);
insert into bd_dictionaryvalue(id,id_dictionary,id_parent,code,value,num,description,enableFlag,editableFlag,systemFlag,ft,lt,fu,lu) values('4028810028a8ef8f0128a8f1fe340d81','40288100288c226801288c2987e90001','4028810028a8ef8f0128a8f1fdc60d7e','653122','',null,null,'1',null,null,null,null,null,null);
insert into bd_dictionaryvalue(id,id_dictionary,id_parent,code,value,num,description,enableFlag,editableFlag,systemFlag,ft,lt,fu,lu) values('4028810028a8ef8f0128a8f1fe530d82','40288100288c226801288c2987e90001','4028810028a8ef8f0128a8f1fdc60d7e','653123','',null,null,'1',null,null,null,null,null,null);
insert into bd_dictionaryvalue(id,id_dictionary,id_parent,code,value,num,description,enableFlag,editableFlag,systemFlag,ft,lt,fu,lu) values('4028810028a8ef8f0128a8f1fe720d83','40288100288c226801288c2987e90001','4028810028a8ef8f0128a8f1fdc60d7e','653124','',null,null,'1',null,null,null,null,null,null);
insert into bd_dictionaryvalue(id,id_dictionary,id_parent,code,value,num,description,enableFlag,editableFlag,systemFlag,ft,lt,fu,lu) values('4028810028a8ef8f0128a8f1fe920d84','40288100288c226801288c2987e90001','4028810028a8ef8f0128a8f1fdc60d7e','653125','',null,null,'1',null,null,null,null,null,null);
insert into bd_dictionaryvalue(id,id_dictionary,id_parent,code,value,num,description,enableFlag,editableFlag,systemFlag,ft,lt,fu,lu) values('4028810028a8ef8f0128a8f1feb10d85','40288100288c226801288c2987e90001','4028810028a8ef8f0128a8f1fdc60d7e','653126','',null,null,'1',null,null,null,null,null,null);
insert into bd_dictionaryvalue(id,id_dictionary,id_parent,code,value,num,description,enableFlag,editableFlag,systemFlag,ft,lt,fu,lu) values('4028810028a8ef8f0128a8f1fee00d86','40288100288c226801288c2987e90001','4028810028a8ef8f0128a8f1fdc60d7e','653127','',null,null,'1',null,null,null,null,null,null);
insert into bd_dictionaryvalue(id,id_dictionary,id_parent,code,value,num,description,enableFlag,editableFlag,systemFlag,ft,lt,fu,lu) values('4028810028a8ef8f0128a8f1feff0d87','40288100288c226801288c2987e90001','4028810028a8ef8f0128a8f1fdc60d7e','653128','',null,null,'1',null,null,null,null,null,null);
insert into bd_dictionaryvalue(id,id_dictionary,id_parent,code,value,num,description,enableFlag,editableFlag,systemFlag,ft,lt,fu,lu) values('4028810028a8ef8f0128a8f1ff1e0d88','40288100288c226801288c2987e90001','4028810028a8ef8f0128a8f1fdc60d7e','653129','',null,null,'1',null,null,null,null,null,null);
insert into bd_dictionaryvalue(id,id_dictionary,id_parent,code,value,num,description,enableFlag,editableFlag,systemFlag,ft,lt,fu,lu) values('4028810028a8ef8f0128a8f1ff3d0d89','40288100288c226801288c2987e90001','4028810028a8ef8f0128a8f1fdc60d7e','653130','',null,null,'1',null,null,null,null,null,null);
insert into bd_dictionaryvalue(id,id_dictionary,id_parent,code,value,num,description,enableFlag,editableFlag,systemFlag,ft,lt,fu,lu) values('4028810028a8ef8f0128a8f1ff5d0d8a','40288100288c226801288c2987e90001','4028810028a8ef8f0128a8f1fdc60d7e','653131','',null,null,'1',null,null,null,null,null,null);
insert into bd_dictionaryvalue(id,id_dictionary,id_parent,code,value,num,description,enableFlag,editableFlag,systemFlag,ft,lt,fu,lu) values('4028810028a8ef8f0128a8f1ff8c0d8b','40288100288c226801288c2987e90001','4028810028a8ef8f0128a8f1f54b0d3f','653200','',null,null,'1',null,null,null,null,null,null);
insert into bd_dictionaryvalue(id,id_dictionary,id_parent,code,value,num,description,enableFlag,editableFlag,systemFlag,ft,lt,fu,lu) values('4028810028a8ef8f0128a8f1ffab0d8c','40288100288c226801288c2987e90001','4028810028a8ef8f0128a8f1ff8c0d8b','653201','',null,null,'1',null,null,null,null,null,null);
insert into bd_dictionaryvalue(id,id_dictionary,id_parent,code,value,num,description,enableFlag,editableFlag,systemFlag,ft,lt,fu,lu) values('4028810028a8ef8f0128a8f1ffca0d8d','40288100288c226801288c2987e90001','4028810028a8ef8f0128a8f1ff8c0d8b','653221','',null,null,'1',null,null,null,null,null,null);
insert into bd_dictionaryvalue(id,id_dictionary,id_parent,code,value,num,description,enableFlag,editableFlag,systemFlag,ft,lt,fu,lu) values('4028810028a8ef8f0128a8f1fff90d8e','40288100288c226801288c2987e90001','4028810028a8ef8f0128a8f1ff8c0d8b','653222','',null,null,'1',null,null,null,null,null,null);
insert into bd_dictionaryvalue(id,id_dictionary,id_parent,code,value,num,description,enableFlag,editableFlag,systemFlag,ft,lt,fu,lu) values('4028810028a8ef8f0128a8f200180d8f','40288100288c226801288c2987e90001','4028810028a8ef8f0128a8f1ff8c0d8b','653223','',null,null,'1',null,null,null,null,null,null);
insert into bd_dictionaryvalue(id,id_dictionary,id_parent,code,value,num,description,enableFlag,editableFlag,systemFlag,ft,lt,fu,lu) values('4028810028a8ef8f0128a8f200370d90','40288100288c226801288c2987e90001','4028810028a8ef8f0128a8f1ff8c0d8b','653224','',null,null,'1',null,null,null,null,null,null);
insert into bd_dictionaryvalue(id,id_dictionary,id_parent,code,value,num,description,enableFlag,editableFlag,systemFlag,ft,lt,fu,lu) values('4028810028a8ef8f0128a8f200660d91','40288100288c226801288c2987e90001','4028810028a8ef8f0128a8f1ff8c0d8b','653225','',null,null,'1',null,null,null,null,null,null);
insert into bd_dictionaryvalue(id,id_dictionary,id_parent,code,value,num,description,enableFlag,editableFlag,systemFlag,ft,lt,fu,lu) values('4028810028a8ef8f0128a8f200860d92','40288100288c226801288c2987e90001','4028810028a8ef8f0128a8f1ff8c0d8b','653226','',null,null,'1',null,null,null,null,null,null);
insert into bd_dictionaryvalue(id,id_dictionary,id_parent,code,value,num,description,enableFlag,editableFlag,systemFlag,ft,lt,fu,lu) values('4028810028a8ef8f0128a8f200a50d93','40288100288c226801288c2987e90001','4028810028a8ef8f0128a8f1ff8c0d8b','653227','',null,null,'1',null,null,null,null,null,null);
insert into bd_dictionaryvalue(id,id_dictionary,id_parent,code,value,num,description,enableFlag,editableFlag,systemFlag,ft,lt,fu,lu) values('4028810028a8ef8f0128a8f200c40d94','40288100288c226801288c2987e90001','4028810028a8ef8f0128a8f1f54b0d3f','654000','',null,null,'1',null,null,null,null,null,null);
insert into bd_dictionaryvalue(id,id_dictionary,id_parent,code,value,num,description,enableFlag,editableFlag,systemFlag,ft,lt,fu,lu) values('4028810028a8ef8f0128a8f200f30d95','40288100288c226801288c2987e90001','4028810028a8ef8f0128a8f200c40d94','654002','',null,null,'1',null,null,null,null,null,null);
insert into bd_dictionaryvalue(id,id_dictionary,id_parent,code,value,num,description,enableFlag,editableFlag,systemFlag,ft,lt,fu,lu) values('4028810028a8ef8f0128a8f201120d96','40288100288c226801288c2987e90001','4028810028a8ef8f0128a8f200c40d94','654003','',null,null,'1',null,null,null,null,null,null);
insert into bd_dictionaryvalue(id,id_dictionary,id_parent,code,value,num,description,enableFlag,editableFlag,systemFlag,ft,lt,fu,lu) values('4028810028a8ef8f0128a8f201310d97','40288100288c226801288c2987e90001','4028810028a8ef8f0128a8f200c40d94','654021','',null,null,'1',null,null,null,null,null,null);
insert into bd_dictionaryvalue(id,id_dictionary,id_parent,code,value,num,description,enableFlag,editableFlag,systemFlag,ft,lt,fu,lu) values('4028810028a8ef8f0128a8f201510d98','40288100288c226801288c2987e90001','4028810028a8ef8f0128a8f200c40d94','654022','',null,null,'1',null,null,null,null,null,null);
insert into bd_dictionaryvalue(id,id_dictionary,id_parent,code,value,num,description,enableFlag,editableFlag,systemFlag,ft,lt,fu,lu) values('4028810028a8ef8f0128a8f201800d99','40288100288c226801288c2987e90001','4028810028a8ef8f0128a8f200c40d94','654023','',null,null,'1',null,null,null,null,null,null);
insert into bd_dictionaryvalue(id,id_dictionary,id_parent,code,value,num,description,enableFlag,editableFlag,systemFlag,ft,lt,fu,lu) values('4028810028a8ef8f0128a8f2019f0d9a','40288100288c226801288c2987e90001','4028810028a8ef8f0128a8f200c40d94','654024','',null,null,'1',null,null,null,null,null,null);
insert into bd_dictionaryvalue(id,id_dictionary,id_parent,code,value,num,description,enableFlag,editableFlag,systemFlag,ft,lt,fu,lu) values('4028810028a8ef8f0128a8f201be0d9b','40288100288c226801288c2987e90001','4028810028a8ef8f0128a8f200c40d94','654025','',null,null,'1',null,null,null,null,null,null);
insert into bd_dictionaryvalue(id,id_dictionary,id_parent,code,value,num,description,enableFlag,editableFlag,systemFlag,ft,lt,fu,lu) values('4028810028a8ef8f0128a8f201dd0d9c','40288100288c226801288c2987e90001','4028810028a8ef8f0128a8f200c40d94','654026','',null,null,'1',null,null,null,null,null,null);
insert into bd_dictionaryvalue(id,id_dictionary,id_parent,code,value,num,description,enableFlag,editableFlag,systemFlag,ft,lt,fu,lu) values('4028810028a8ef8f0128a8f2020c0d9d','40288100288c226801288c2987e90001','4028810028a8ef8f0128a8f200c40d94','654027','',null,null,'1',null,null,null,null,null,null);
insert into bd_dictionaryvalue(id,id_dictionary,id_parent,code,value,num,description,enableFlag,editableFlag,systemFlag,ft,lt,fu,lu) values('4028810028a8ef8f0128a8f2022b0d9e','40288100288c226801288c2987e90001','4028810028a8ef8f0128a8f200c40d94','654028','',null,null,'1',null,null,null,null,null,null);
insert into bd_dictionaryvalue(id,id_dictionary,id_parent,code,value,num,description,enableFlag,editableFlag,systemFlag,ft,lt,fu,lu) values('4028810028a8ef8f0128a8f2024b0d9f','40288100288c226801288c2987e90001','4028810028a8ef8f0128a8f1f54b0d3f','654200','',null,null,'1',null,null,null,null,null,null);
insert into bd_dictionaryvalue(id,id_dictionary,id_parent,code,value,num,description,enableFlag,editableFlag,systemFlag,ft,lt,fu,lu) values('4028810028a8ef8f0128a8f2027a0da0','40288100288c226801288c2987e90001','4028810028a8ef8f0128a8f2024b0d9f','654201','',null,null,'1',null,null,null,null,null,null);
insert into bd_dictionaryvalue(id,id_dictionary,id_parent,code,value,num,description,enableFlag,editableFlag,systemFlag,ft,lt,fu,lu) values('4028810028a8ef8f0128a8f202990da1','40288100288c226801288c2987e90001','4028810028a8ef8f0128a8f2024b0d9f','654202','',null,null,'1',null,null,null,null,null,null);
insert into bd_dictionaryvalue(id,id_dictionary,id_parent,code,value,num,description,enableFlag,editableFlag,systemFlag,ft,lt,fu,lu) values('4028810028a8ef8f0128a8f202b80da2','40288100288c226801288c2987e90001','4028810028a8ef8f0128a8f2024b0d9f','654221','',null,null,'1',null,null,null,null,null,null);
insert into bd_dictionaryvalue(id,id_dictionary,id_parent,code,value,num,description,enableFlag,editableFlag,systemFlag,ft,lt,fu,lu) values('4028810028a8ef8f0128a8f202e70da3','40288100288c226801288c2987e90001','4028810028a8ef8f0128a8f2024b0d9f','654223','',null,null,'1',null,null,null,null,null,null);
insert into bd_dictionaryvalue(id,id_dictionary,id_parent,code,value,num,description,enableFlag,editableFlag,systemFlag,ft,lt,fu,lu) values('4028810028a8ef8f0128a8f203060da4','40288100288c226801288c2987e90001','4028810028a8ef8f0128a8f2024b0d9f','654224','',null,null,'1',null,null,null,null,null,null);
insert into bd_dictionaryvalue(id,id_dictionary,id_parent,code,value,num,description,enableFlag,editableFlag,systemFlag,ft,lt,fu,lu) values('4028810028a8ef8f0128a8f203250da5','40288100288c226801288c2987e90001','4028810028a8ef8f0128a8f2024b0d9f','654225','',null,null,'1',null,null,null,null,null,null);
insert into bd_dictionaryvalue(id,id_dictionary,id_parent,code,value,num,description,enableFlag,editableFlag,systemFlag,ft,lt,fu,lu) values('4028810028a8ef8f0128a8f203450da6','40288100288c226801288c2987e90001','4028810028a8ef8f0128a8f2024b0d9f','654226','',null,null,'1',null,null,null,null,null,null);
insert into bd_dictionaryvalue(id,id_dictionary,id_parent,code,value,num,description,enableFlag,editableFlag,systemFlag,ft,lt,fu,lu) values('4028810028a8ef8f0128a8f203740da7','40288100288c226801288c2987e90001','4028810028a8ef8f0128a8f1f54b0d3f','654300','',null,null,'1',null,null,null,null,null,null);
insert into bd_dictionaryvalue(id,id_dictionary,id_parent,code,value,num,description,enableFlag,editableFlag,systemFlag,ft,lt,fu,lu) values('4028810028a8ef8f0128a8f203930da8','40288100288c226801288c2987e90001','4028810028a8ef8f0128a8f203740da7','654301','',null,null,'1',null,null,null,null,null,null);
insert into bd_dictionaryvalue(id,id_dictionary,id_parent,code,value,num,description,enableFlag,editableFlag,systemFlag,ft,lt,fu,lu) values('4028810028a8ef8f0128a8f203b20da9','40288100288c226801288c2987e90001','4028810028a8ef8f0128a8f203740da7','654321','',null,null,'1',null,null,null,null,null,null);
insert into bd_dictionaryvalue(id,id_dictionary,id_parent,code,value,num,description,enableFlag,editableFlag,systemFlag,ft,lt,fu,lu) values('4028810028a8ef8f0128a8f203d10daa','40288100288c226801288c2987e90001','4028810028a8ef8f0128a8f203740da7','654322','',null,null,'1',null,null,null,null,null,null);
insert into bd_dictionaryvalue(id,id_dictionary,id_parent,code,value,num,description,enableFlag,editableFlag,systemFlag,ft,lt,fu,lu) values('4028810028a8ef8f0128a8f203f10dab','40288100288c226801288c2987e90001','4028810028a8ef8f0128a8f203740da7','654323','',null,null,'1',null,null,null,null,null,null);
insert into bd_dictionaryvalue(id,id_dictionary,id_parent,code,value,num,description,enableFlag,editableFlag,systemFlag,ft,lt,fu,lu) values('4028810028a8ef8f0128a8f2041f0dac','40288100288c226801288c2987e90001','4028810028a8ef8f0128a8f203740da7','654324','',null,null,'1',null,null,null,null,null,null);
insert into bd_dictionaryvalue(id,id_dictionary,id_parent,code,value,num,description,enableFlag,editableFlag,systemFlag,ft,lt,fu,lu) values('4028810028a8ef8f0128a8f2043f0dad','40288100288c226801288c2987e90001','4028810028a8ef8f0128a8f203740da7','654325','',null,null,'1',null,null,null,null,null,null);
insert into bd_dictionaryvalue(id,id_dictionary,id_parent,code,value,num,description,enableFlag,editableFlag,systemFlag,ft,lt,fu,lu) values('4028810028a8ef8f0128a8f2045e0dae','40288100288c226801288c2987e90001','4028810028a8ef8f0128a8f203740da7','654326','',null,null,'1',null,null,null,null,null,null);
insert into bd_dictionaryvalue(id,id_dictionary,id_parent,code,value,num,description,enableFlag,editableFlag,systemFlag,ft,lt,fu,lu) values('4028810028a8ef8f0128a8f2047d0daf','40288100288c226801288c2987e90001','4028810028a8ef8f0128a8f1f54b0d3f','659000','',null,null,'1',null,null,null,null,null,null);
insert into bd_dictionaryvalue(id,id_dictionary,id_parent,code,value,num,description,enableFlag,editableFlag,systemFlag,ft,lt,fu,lu) values('4028810028a8ef8f0128a8f204ac0db0','40288100288c226801288c2987e90001','4028810028a8ef8f0128a8f2047d0daf','659001','',null,null,'1',null,null,null,null,null,null);
insert into bd_dictionaryvalue(id,id_dictionary,id_parent,code,value,num,description,enableFlag,editableFlag,systemFlag,ft,lt,fu,lu) values('4028810028a8ef8f0128a8f204cb0db1','40288100288c226801288c2987e90001',null,'710000','',null,null,'1',null,null,null,null,null,null);
insert into bd_dictionaryvalue(id,id_dictionary,id_parent,code,value,num,description,enableFlag,editableFlag,systemFlag,ft,lt,fu,lu) values('4028810028a8ef8f0128a8f204eb0db2','40288100288c226801288c2987e90001',null,'810000','',null,null,'1',null,null,null,null,null,null);
insert into bd_dictionaryvalue(id,id_dictionary,id_parent,code,value,num,description,enableFlag,editableFlag,systemFlag,ft,lt,fu,lu) values('4028810028a8ef8f0128a8f205190db3','40288100288c226801288c2987e90001',null,'820000','',null,null,'1',null,null,null,null,null,null);
insert into bd_dictionaryvalue(id,id_dictionary,id_parent,code,value,num,description,enableFlag,editableFlag,systemFlag,ft,lt,fu,lu) values('4028810028a8ef8f0128a8f0e87e0023','40288100288c226801288c2987e90001','4028810028a8ef8f0128a8f0e8300018','120111','',null,null,'1',null,null,null,null,null,null);
insert into bd_dictionaryvalue(id,id_dictionary,id_parent,code,value,num,description,enableFlag,editableFlag,systemFlag,ft,lt,fu,lu) values('4028810028a8ef8f0128a8f0e87e0024','40288100288c226801288c2987e90001','4028810028a8ef8f0128a8f0e8300018','120112','',null,null,'1',null,null,null,null,null,null);
insert into bd_dictionaryvalue(id,id_dictionary,id_parent,code,value,num,description,enableFlag,editableFlag,systemFlag,ft,lt,fu,lu) values('4028810028a8ef8f0128a8f0e88e0025','40288100288c226801288c2987e90001','4028810028a8ef8f0128a8f0e8300018','120113','',null,null,'1',null,null,null,null,null,null);
insert into bd_dictionaryvalue(id,id_dictionary,id_parent,code,value,num,description,enableFlag,editableFlag,systemFlag,ft,lt,fu,lu) values('4028810028a8ef8f0128a8f0e88e0026','40288100288c226801288c2987e90001','4028810028a8ef8f0128a8f0e8300018','120114','',null,null,'1',null,null,null,null,null,null);
insert into bd_dictionaryvalue(id,id_dictionary,id_parent,code,value,num,description,enableFlag,editableFlag,systemFlag,ft,lt,fu,lu) values('4028810028a8ef8f0128a8f0e89d0027','40288100288c226801288c2987e90001','4028810028a8ef8f0128a8f0e8300018','120115','',null,null,'1',null,null,null,null,null,null);
insert into bd_dictionaryvalue(id,id_dictionary,id_parent,code,value,num,description,enableFlag,editableFlag,systemFlag,ft,lt,fu,lu) values('4028810028a8ef8f0128a8f0e89d0028','40288100288c226801288c2987e90001','4028810028a8ef8f0128a8f0e8200017','120200','',null,null,'1',null,null,null,null,null,null);
insert into bd_dictionaryvalue(id,id_dictionary,id_parent,code,value,num,description,enableFlag,editableFlag,systemFlag,ft,lt,fu,lu) values('4028810028a8ef8f0128a8f0e8ad0029','40288100288c226801288c2987e90001','4028810028a8ef8f0128a8f0e89d0028','120221','',null,null,'1',null,null,null,null,null,null);
insert into bd_dictionaryvalue(id,id_dictionary,id_parent,code,value,num,description,enableFlag,editableFlag,systemFlag,ft,lt,fu,lu) values('4028810028a8ef8f0128a8f0e8ad002a','40288100288c226801288c2987e90001','4028810028a8ef8f0128a8f0e89d0028','120223','',null,null,'1',null,null,null,null,null,null);
insert into bd_dictionaryvalue(id,id_dictionary,id_parent,code,value,num,description,enableFlag,editableFlag,systemFlag,ft,lt,fu,lu) values('4028810028a8ef8f0128a8f0e8bd002b','40288100288c226801288c2987e90001','4028810028a8ef8f0128a8f0e89d0028','120225','',null,null,'1',null,null,null,null,null,null);
insert into bd_dictionaryvalue(id,id_dictionary,id_parent,code,value,num,description,enableFlag,editableFlag,systemFlag,ft,lt,fu,lu) values('4028810028a8ef8f0128a8f0e8bd002c','40288100288c226801288c2987e90001',null,'130000','',null,null,'1',null,null,null,null,null,null);
insert into bd_dictionaryvalue(id,id_dictionary,id_parent,code,value,num,description,enableFlag,editableFlag,systemFlag,ft,lt,fu,lu) values('4028810028a8ef8f0128a8f0e8cc002d','40288100288c226801288c2987e90001','4028810028a8ef8f0128a8f0e8bd002c','130100','',null,null,'1',null,null,null,null,null,null);
insert into bd_dictionaryvalue(id,id_dictionary,id_parent,code,value,num,description,enableFlag,editableFlag,systemFlag,ft,lt,fu,lu) values('4028810028a8ef8f0128a8f0e8cc002e','40288100288c226801288c2987e90001','4028810028a8ef8f0128a8f0e8cc002d','130101','',null,null,'1',null,null,null,null,null,null);
insert into bd_dictionaryvalue(id,id_dictionary,id_parent,code,value,num,description,enableFlag,editableFlag,systemFlag,ft,lt,fu,lu) values('4028810028a8ef8f0128a8f0e8dc002f','40288100288c226801288c2987e90001','4028810028a8ef8f0128a8f0e8cc002d','130102','',null,null,'1',null,null,null,null,null,null);
insert into bd_dictionaryvalue(id,id_dictionary,id_parent,code,value,num,description,enableFlag,editableFlag,systemFlag,ft,lt,fu,lu) values('4028810028a8ef8f0128a8f0e8dc0030','40288100288c226801288c2987e90001','4028810028a8ef8f0128a8f0e8cc002d','130103','',null,null,'1',null,null,null,null,null,null);
insert into bd_dictionaryvalue(id,id_dictionary,id_parent,code,value,num,description,enableFlag,editableFlag,systemFlag,ft,lt,fu,lu) values('4028810028a8ef8f0128a8f0e8eb0031','40288100288c226801288c2987e90001','4028810028a8ef8f0128a8f0e8cc002d','130104','',null,null,'1',null,null,null,null,null,null);
insert into bd_dictionaryvalue(id,id_dictionary,id_parent,code,value,num,description,enableFlag,editableFlag,systemFlag,ft,lt,fu,lu) values('4028810028a8ef8f0128a8f0e8fb0032','40288100288c226801288c2987e90001','4028810028a8ef8f0128a8f0e8cc002d','130105','',null,null,'1',null,null,null,null,null,null);
insert into bd_dictionaryvalue(id,id_dictionary,id_parent,code,value,num,description,enableFlag,editableFlag,systemFlag,ft,lt,fu,lu) values('4028810028a8ef8f0128a8f0e8fb0033','40288100288c226801288c2987e90001','4028810028a8ef8f0128a8f0e8cc002d','130106','',null,null,'1',null,null,null,null,null,null);
insert into bd_dictionaryvalue(id,id_dictionary,id_parent,code,value,num,description,enableFlag,editableFlag,systemFlag,ft,lt,fu,lu) values('4028810028a8ef8f0128a8f0e8fb0034','40288100288c226801288c2987e90001','4028810028a8ef8f0128a8f0e8cc002d','130107','',null,null,'1',null,null,null,null,null,null);
insert into bd_dictionaryvalue(id,id_dictionary,id_parent,code,value,num,description,enableFlag,editableFlag,systemFlag,ft,lt,fu,lu) values('4028810028a8ef8f0128a8f0f0100120','40288100288c226801288c2987e90001','4028810028a8ef8f0128a8f0ef930112','140481','',null,null,'1',null,null,null,null,null,null);
insert into bd_dictionaryvalue(id,id_dictionary,id_parent,code,value,num,description,enableFlag,editableFlag,systemFlag,ft,lt,fu,lu) values('4028810028a8ef8f0128a8f0f0100121','40288100288c226801288c2987e90001','4028810028a8ef8f0128a8f0ee8900f1','140500','',null,null,'1',null,null,null,null,null,null);
insert into bd_dictionaryvalue(id,id_dictionary,id_parent,code,value,num,description,enableFlag,editableFlag,systemFlag,ft,lt,fu,lu) values('4028810028a8ef8f0128a8f0f01f0122','40288100288c226801288c2987e90001','4028810028a8ef8f0128a8f0f0100121','140501','',null,null,'1',null,null,null,null,null,null);
insert into bd_dictionaryvalue(id,id_dictionary,id_parent,code,value,num,description,enableFlag,editableFlag,systemFlag,ft,lt,fu,lu) values('4028810028a8ef8f0128a8f0f01f0123','40288100288c226801288c2987e90001','4028810028a8ef8f0128a8f0f0100121','140502','',null,null,'1',null,null,null,null,null,null);
insert into bd_dictionaryvalue(id,id_dictionary,id_parent,code,value,num,description,enableFlag,editableFlag,systemFlag,ft,lt,fu,lu) values('4028810028a8ef8f0128a8f0f02f0124','40288100288c226801288c2987e90001','4028810028a8ef8f0128a8f0f0100121','140521','',null,null,'1',null,null,null,null,null,null);
insert into bd_dictionaryvalue(id,id_dictionary,id_parent,code,value,num,description,enableFlag,editableFlag,systemFlag,ft,lt,fu,lu) values('4028810028a8ef8f0128a8f0f02f0125','40288100288c226801288c2987e90001','4028810028a8ef8f0128a8f0f0100121','140522','',null,null,'1',null,null,null,null,null,null);
insert into bd_dictionaryvalue(id,id_dictionary,id_parent,code,value,num,description,enableFlag,editableFlag,systemFlag,ft,lt,fu,lu) values('4028810028a8ef8f0128a8f0f03e0126','40288100288c226801288c2987e90001','4028810028a8ef8f0128a8f0f0100121','140524','',null,null,'1',null,null,null,null,null,null);
insert into bd_dictionaryvalue(id,id_dictionary,id_parent,code,value,num,description,enableFlag,editableFlag,systemFlag,ft,lt,fu,lu) values('4028810028a8ef8f0128a8f0f04e0127','40288100288c226801288c2987e90001','4028810028a8ef8f0128a8f0f0100121','140525','',null,null,'1',null,null,null,null,null,null);
insert into bd_dictionaryvalue(id,id_dictionary,id_parent,code,value,num,description,enableFlag,editableFlag,systemFlag,ft,lt,fu,lu) values('4028810028a8ef8f0128a8f0f04e0128','40288100288c226801288c2987e90001','4028810028a8ef8f0128a8f0f0100121','140581','',null,null,'1',null,null,null,null,null,null);
insert into bd_dictionaryvalue(id,id_dictionary,id_parent,code,value,num,description,enableFlag,editableFlag,systemFlag,ft,lt,fu,lu) values('4028810028a8ef8f0128a8f0f05e0129','40288100288c226801288c2987e90001','4028810028a8ef8f0128a8f0ee8900f1','140600','',null,null,'1',null,null,null,null,null,null);
insert into bd_dictionaryvalue(id,id_dictionary,id_parent,code,value,num,description,enableFlag,editableFlag,systemFlag,ft,lt,fu,lu) values('4028810028a8ef8f0128a8f0f05e012a','40288100288c226801288c2987e90001','4028810028a8ef8f0128a8f0f05e0129','140601','',null,null,'1',null,null,null,null,null,null);
insert into bd_dictionaryvalue(id,id_dictionary,id_parent,code,value,num,description,enableFlag,editableFlag,systemFlag,ft,lt,fu,lu) values('4028810028a8ef8f0128a8f0f06d012b','40288100288c226801288c2987e90001','4028810028a8ef8f0128a8f0f05e0129','140602','',null,null,'1',null,null,null,null,null,null);
insert into bd_dictionaryvalue(id,id_dictionary,id_parent,code,value,num,description,enableFlag,editableFlag,systemFlag,ft,lt,fu,lu) values('4028810028a8ef8f0128a8f0f06d012c','40288100288c226801288c2987e90001','4028810028a8ef8f0128a8f0f05e0129','140603','',null,null,'1',null,null,null,null,null,null);
insert into bd_dictionaryvalue(id,id_dictionary,id_parent,code,value,num,description,enableFlag,editableFlag,systemFlag,ft,lt,fu,lu) values('4028810028a8ef8f0128a8f0f07d012d','40288100288c226801288c2987e90001','4028810028a8ef8f0128a8f0f05e0129','140621','',null,null,'1',null,null,null,null,null,null);
insert into bd_dictionaryvalue(id,id_dictionary,id_parent,code,value,num,description,enableFlag,editableFlag,systemFlag,ft,lt,fu,lu) values('4028810028a8ef8f0128a8f0f08d012e','40288100288c226801288c2987e90001','4028810028a8ef8f0128a8f0f05e0129','140622','',null,null,'1',null,null,null,null,null,null);
insert into bd_dictionaryvalue(id,id_dictionary,id_parent,code,value,num,description,enableFlag,editableFlag,systemFlag,ft,lt,fu,lu) values('4028810028a8ef8f0128a8f0f08d012f','40288100288c226801288c2987e90001','4028810028a8ef8f0128a8f0f05e0129','140623','',null,null,'1',null,null,null,null,null,null);
insert into bd_dictionaryvalue(id,id_dictionary,id_parent,code,value,num,description,enableFlag,editableFlag,systemFlag,ft,lt,fu,lu) values('4028810028a8ef8f0128a8f0f09c0130','40288100288c226801288c2987e90001','4028810028a8ef8f0128a8f0f05e0129','140624','',null,null,'1',null,null,null,null,null,null);
insert into bd_dictionaryvalue(id,id_dictionary,id_parent,code,value,num,description,enableFlag,editableFlag,systemFlag,ft,lt,fu,lu) values('4028810028a8ef8f0128a8f0f09c0131','40288100288c226801288c2987e90001','4028810028a8ef8f0128a8f0ee8900f1','140700','',null,null,'1',null,null,null,null,null,null);
insert into bd_dictionaryvalue(id,id_dictionary,id_parent,code,value,num,description,enableFlag,editableFlag,systemFlag,ft,lt,fu,lu) values('4028810028a8ef8f0128a8f0f0ac0132','40288100288c226801288c2987e90001','4028810028a8ef8f0128a8f0f09c0131','140701','',null,null,'1',null,null,null,null,null,null);
insert into bd_dictionaryvalue(id,id_dictionary,id_parent,code,value,num,description,enableFlag,editableFlag,systemFlag,ft,lt,fu,lu) values('4028810028a8ef8f0128a8f0f0ac0133','40288100288c226801288c2987e90001','4028810028a8ef8f0128a8f0f09c0131','140702','',null,null,'1',null,null,null,null,null,null);
insert into bd_dictionaryvalue(id,id_dictionary,id_parent,code,value,num,description,enableFlag,editableFlag,systemFlag,ft,lt,fu,lu) values('4028810028a8ef8f0128a8f0f0bb0134','40288100288c226801288c2987e90001','4028810028a8ef8f0128a8f0f09c0131','140721','',null,null,'1',null,null,null,null,null,null);
insert into bd_dictionaryvalue(id,id_dictionary,id_parent,code,value,num,description,enableFlag,editableFlag,systemFlag,ft,lt,fu,lu) values('4028810028a8ef8f0128a8f0f0cb0135','40288100288c226801288c2987e90001','4028810028a8ef8f0128a8f0f09c0131','140722','',null,null,'1',null,null,null,null,null,null);
insert into bd_dictionaryvalue(id,id_dictionary,id_parent,code,value,num,description,enableFlag,editableFlag,systemFlag,ft,lt,fu,lu) values('4028810028a8ef8f0128a8f0f0cb0136','40288100288c226801288c2987e90001','4028810028a8ef8f0128a8f0f09c0131','140723','',null,null,'1',null,null,null,null,null,null);
insert into bd_dictionaryvalue(id,id_dictionary,id_parent,code,value,num,description,enableFlag,editableFlag,systemFlag,ft,lt,fu,lu) values('4028810028a8ef8f0128a8f0f0db0137','40288100288c226801288c2987e90001','4028810028a8ef8f0128a8f0f09c0131','140724','',null,null,'1',null,null,null,null,null,null);
insert into bd_dictionaryvalue(id,id_dictionary,id_parent,code,value,num,description,enableFlag,editableFlag,systemFlag,ft,lt,fu,lu) values('4028810028a8ef8f0128a8f0f0db0138','40288100288c226801288c2987e90001','4028810028a8ef8f0128a8f0f09c0131','140725','',null,null,'1',null,null,null,null,null,null);
insert into bd_dictionaryvalue(id,id_dictionary,id_parent,code,value,num,description,enableFlag,editableFlag,systemFlag,ft,lt,fu,lu) values('4028810028a8ef8f0128a8f0f0ea0139','40288100288c226801288c2987e90001','4028810028a8ef8f0128a8f0f09c0131','140726','',null,null,'1',null,null,null,null,null,null);
insert into bd_dictionaryvalue(id,id_dictionary,id_parent,code,value,num,description,enableFlag,editableFlag,systemFlag,ft,lt,fu,lu) values('4028810028a8ef8f0128a8f0f0ea013a','40288100288c226801288c2987e90001','4028810028a8ef8f0128a8f0f09c0131','140727','',null,null,'1',null,null,null,null,null,null);
insert into bd_dictionaryvalue(id,id_dictionary,id_parent,code,value,num,description,enableFlag,editableFlag,systemFlag,ft,lt,fu,lu) values('4028810028a8ef8f0128a8f0f0fa013b','40288100288c226801288c2987e90001','4028810028a8ef8f0128a8f0f09c0131','140728','',null,null,'1',null,null,null,null,null,null);
insert into bd_dictionaryvalue(id,id_dictionary,id_parent,code,value,num,description,enableFlag,editableFlag,systemFlag,ft,lt,fu,lu) values('4028810028a8ef8f0128a8f0f0fa013c','40288100288c226801288c2987e90001','4028810028a8ef8f0128a8f0f09c0131','140729','',null,null,'1',null,null,null,null,null,null);
insert into bd_dictionaryvalue(id,id_dictionary,id_parent,code,value,num,description,enableFlag,editableFlag,systemFlag,ft,lt,fu,lu) values('4028810028a8ef8f0128a8f0f10a013d','40288100288c226801288c2987e90001','4028810028a8ef8f0128a8f0f09c0131','140781','',null,null,'1',null,null,null,null,null,null);
insert into bd_dictionaryvalue(id,id_dictionary,id_parent,code,value,num,description,enableFlag,editableFlag,systemFlag,ft,lt,fu,lu) values('4028810028a8ef8f0128a8f0f10a013e','40288100288c226801288c2987e90001','4028810028a8ef8f0128a8f0ee8900f1','140800','',null,null,'1',null,null,null,null,null,null);
insert into bd_dictionaryvalue(id,id_dictionary,id_parent,code,value,num,description,enableFlag,editableFlag,systemFlag,ft,lt,fu,lu) values('4028810028a8ef8f0128a8f0f119013f','40288100288c226801288c2987e90001','4028810028a8ef8f0128a8f0f10a013e','140801','',null,null,'1',null,null,null,null,null,null);
insert into bd_dictionaryvalue(id,id_dictionary,id_parent,code,value,num,description,enableFlag,editableFlag,systemFlag,ft,lt,fu,lu) values('4028810028a8ef8f0128a8f0f1290140','40288100288c226801288c2987e90001','4028810028a8ef8f0128a8f0f10a013e','140802','',null,null,'1',null,null,null,null,null,null);
insert into bd_dictionaryvalue(id,id_dictionary,id_parent,code,value,num,description,enableFlag,editableFlag,systemFlag,ft,lt,fu,lu) values('4028810028a8ef8f0128a8f0f1290141','40288100288c226801288c2987e90001','4028810028a8ef8f0128a8f0f10a013e','140821','',null,null,'1',null,null,null,null,null,null);
insert into bd_dictionaryvalue(id,id_dictionary,id_parent,code,value,num,description,enableFlag,editableFlag,systemFlag,ft,lt,fu,lu) values('4028810028a8ef8f0128a8f0f1380142','40288100288c226801288c2987e90001','4028810028a8ef8f0128a8f0f10a013e','140822','',null,null,'1',null,null,null,null,null,null);
insert into bd_dictionaryvalue(id,id_dictionary,id_parent,code,value,num,description,enableFlag,editableFlag,systemFlag,ft,lt,fu,lu) values('4028810028a8ef8f0128a8f0f1380143','40288100288c226801288c2987e90001','4028810028a8ef8f0128a8f0f10a013e','140823','',null,null,'1',null,null,null,null,null,null);
insert into bd_dictionaryvalue(id,id_dictionary,id_parent,code,value,num,description,enableFlag,editableFlag,systemFlag,ft,lt,fu,lu) values('4028810028a8ef8f0128a8f0f1480144','40288100288c226801288c2987e90001','4028810028a8ef8f0128a8f0f10a013e','140824','',null,null,'1',null,null,null,null,null,null);
insert into bd_dictionaryvalue(id,id_dictionary,id_parent,code,value,num,description,enableFlag,editableFlag,systemFlag,ft,lt,fu,lu) values('4028810028a8ef8f0128a8f0f1480145','40288100288c226801288c2987e90001','4028810028a8ef8f0128a8f0f10a013e','140825','',null,null,'1',null,null,null,null,null,null);
insert into bd_dictionaryvalue(id,id_dictionary,id_parent,code,value,num,description,enableFlag,editableFlag,systemFlag,ft,lt,fu,lu) values('4028810028a8ef8f0128a8f0f1580146','40288100288c226801288c2987e90001','4028810028a8ef8f0128a8f0f10a013e','140826','',null,null,'1',null,null,null,null,null,null);
insert into bd_dictionaryvalue(id,id_dictionary,id_parent,code,value,num,description,enableFlag,editableFlag,systemFlag,ft,lt,fu,lu) values('4028810028a8ef8f0128a8f0f1580147','40288100288c226801288c2987e90001','4028810028a8ef8f0128a8f0f10a013e','140827','',null,null,'1',null,null,null,null,null,null);
insert into bd_dictionaryvalue(id,id_dictionary,id_parent,code,value,num,description,enableFlag,editableFlag,systemFlag,ft,lt,fu,lu) values('4028810028a8ef8f0128a8f0f1670148','40288100288c226801288c2987e90001','4028810028a8ef8f0128a8f0f10a013e','140828','',null,null,'1',null,null,null,null,null,null);
insert into bd_dictionaryvalue(id,id_dictionary,id_parent,code,value,num,description,enableFlag,editableFlag,systemFlag,ft,lt,fu,lu) values('4028810028a8ef8f0128a8f0f1670149','40288100288c226801288c2987e90001','4028810028a8ef8f0128a8f0f10a013e','140829','',null,null,'1',null,null,null,null,null,null);
insert into bd_dictionaryvalue(id,id_dictionary,id_parent,code,value,num,description,enableFlag,editableFlag,systemFlag,ft,lt,fu,lu) values('4028810028a8ef8f0128a8f0f177014a','40288100288c226801288c2987e90001','4028810028a8ef8f0128a8f0f10a013e','140830','',null,null,'1',null,null,null,null,null,null);
insert into bd_dictionaryvalue(id,id_dictionary,id_parent,code,value,num,description,enableFlag,editableFlag,systemFlag,ft,lt,fu,lu) values('4028810028a8ef8f0128a8f0f177014b','40288100288c226801288c2987e90001','4028810028a8ef8f0128a8f0f10a013e','140881','',null,null,'1',null,null,null,null,null,null);
insert into bd_dictionaryvalue(id,id_dictionary,id_parent,code,value,num,description,enableFlag,editableFlag,systemFlag,ft,lt,fu,lu) values('4028810028a8ef8f0128a8f0f187014c','40288100288c226801288c2987e90001','4028810028a8ef8f0128a8f0f10a013e','140882','',null,null,'1',null,null,null,null,null,null);
insert into bd_dictionaryvalue(id,id_dictionary,id_parent,code,value,num,description,enableFlag,editableFlag,systemFlag,ft,lt,fu,lu) values('4028810028a8ef8f0128a8f0f196014d','40288100288c226801288c2987e90001','4028810028a8ef8f0128a8f0ee8900f1','140900','',null,null,'1',null,null,null,null,null,null);
insert into bd_dictionaryvalue(id,id_dictionary,id_parent,code,value,num,description,enableFlag,editableFlag,systemFlag,ft,lt,fu,lu) values('4028810028a8ef8f0128a8f0f196014e','40288100288c226801288c2987e90001','4028810028a8ef8f0128a8f0f196014d','140901','',null,null,'1',null,null,null,null,null,null);
insert into bd_dictionaryvalue(id,id_dictionary,id_parent,code,value,num,description,enableFlag,editableFlag,systemFlag,ft,lt,fu,lu) values('4028810028a8ef8f0128a8f0f1a6014f','40288100288c226801288c2987e90001','4028810028a8ef8f0128a8f0f196014d','140902','',null,null,'1',null,null,null,null,null,null);
insert into bd_dictionaryvalue(id,id_dictionary,id_parent,code,value,num,description,enableFlag,editableFlag,systemFlag,ft,lt,fu,lu) values('4028810028a8ef8f0128a8f0f1a60150','40288100288c226801288c2987e90001','4028810028a8ef8f0128a8f0f196014d','140921','',null,null,'1',null,null,null,null,null,null);
insert into bd_dictionaryvalue(id,id_dictionary,id_parent,code,value,num,description,enableFlag,editableFlag,systemFlag,ft,lt,fu,lu) values('4028810028a8ef8f0128a8f0f1b50151','40288100288c226801288c2987e90001','4028810028a8ef8f0128a8f0f196014d','140922','',null,null,'1',null,null,null,null,null,null);
insert into bd_dictionaryvalue(id,id_dictionary,id_parent,code,value,num,description,enableFlag,editableFlag,systemFlag,ft,lt,fu,lu) values('4028810028a8ef8f0128a8f0f1b50152','40288100288c226801288c2987e90001','4028810028a8ef8f0128a8f0f196014d','140923','',null,null,'1',null,null,null,null,null,null);
insert into bd_dictionaryvalue(id,id_dictionary,id_parent,code,value,num,description,enableFlag,editableFlag,systemFlag,ft,lt,fu,lu) values('4028810028a8ef8f0128a8f0f1c50153','40288100288c226801288c2987e90001','4028810028a8ef8f0128a8f0f196014d','140924','',null,null,'1',null,null,null,null,null,null);
insert into bd_dictionaryvalue(id,id_dictionary,id_parent,code,value,num,description,enableFlag,editableFlag,systemFlag,ft,lt,fu,lu) values('4028810028a8ef8f0128a8f0f1d50154','40288100288c226801288c2987e90001','4028810028a8ef8f0128a8f0f196014d','140925','',null,null,'1',null,null,null,null,null,null);
insert into bd_dictionaryvalue(id,id_dictionary,id_parent,code,value,num,description,enableFlag,editableFlag,systemFlag,ft,lt,fu,lu) values('4028810028a8ef8f0128a8f0f1e40155','40288100288c226801288c2987e90001','4028810028a8ef8f0128a8f0f196014d','140926','',null,null,'1',null,null,null,null,null,null);
insert into bd_dictionaryvalue(id,id_dictionary,id_parent,code,value,num,description,enableFlag,editableFlag,systemFlag,ft,lt,fu,lu) values('4028810028a8ef8f0128a8f0f1e40156','40288100288c226801288c2987e90001','4028810028a8ef8f0128a8f0f196014d','140927','',null,null,'1',null,null,null,null,null,null);
insert into bd_dictionaryvalue(id,id_dictionary,id_parent,code,value,num,description,enableFlag,editableFlag,systemFlag,ft,lt,fu,lu) values('4028810028a8ef8f0128a8f0f1f40157','40288100288c226801288c2987e90001','4028810028a8ef8f0128a8f0f196014d','140928','',null,null,'1',null,null,null,null,null,null);
insert into bd_dictionaryvalue(id,id_dictionary,id_parent,code,value,num,description,enableFlag,editableFlag,systemFlag,ft,lt,fu,lu) values('4028810028a8ef8f0128a8f0f1f40158','40288100288c226801288c2987e90001','4028810028a8ef8f0128a8f0f196014d','140929','',null,null,'1',null,null,null,null,null,null);
insert into bd_dictionaryvalue(id,id_dictionary,id_parent,code,value,num,description,enableFlag,editableFlag,systemFlag,ft,lt,fu,lu) values('4028810028a8ef8f0128a8f0f2040159','40288100288c226801288c2987e90001','4028810028a8ef8f0128a8f0f196014d','140930','',null,null,'1',null,null,null,null,null,null);
insert into bd_dictionaryvalue(id,id_dictionary,id_parent,code,value,num,description,enableFlag,editableFlag,systemFlag,ft,lt,fu,lu) values('4028810028a8ef8f0128a8f0f204015a','40288100288c226801288c2987e90001','4028810028a8ef8f0128a8f0f196014d','140931','',null,null,'1',null,null,null,null,null,null);
insert into bd_dictionaryvalue(id,id_dictionary,id_parent,code,value,num,description,enableFlag,editableFlag,systemFlag,ft,lt,fu,lu) values('4028810028a8ef8f0128a8f0f213015b','40288100288c226801288c2987e90001','4028810028a8ef8f0128a8f0f196014d','140932','',null,null,'1',null,null,null,null,null,null);
insert into bd_dictionaryvalue(id,id_dictionary,id_parent,code,value,num,description,enableFlag,editableFlag,systemFlag,ft,lt,fu,lu) values('4028810028a8ef8f0128a8f0f213015c','40288100288c226801288c2987e90001','4028810028a8ef8f0128a8f0f196014d','140981','',null,null,'1',null,null,null,null,null,null);
insert into bd_dictionaryvalue(id,id_dictionary,id_parent,code,value,num,description,enableFlag,editableFlag,systemFlag,ft,lt,fu,lu) values('4028810028a8ef8f0128a8f0f223015d','40288100288c226801288c2987e90001','4028810028a8ef8f0128a8f0ee8900f1','141000','',null,null,'1',null,null,null,null,null,null);
insert into bd_dictionaryvalue(id,id_dictionary,id_parent,code,value,num,description,enableFlag,editableFlag,systemFlag,ft,lt,fu,lu) values('4028810028a8ef8f0128a8f0f223015e','40288100288c226801288c2987e90001','4028810028a8ef8f0128a8f0f223015d','141001','',null,null,'1',null,null,null,null,null,null);
insert into bd_dictionaryvalue(id,id_dictionary,id_parent,code,value,num,description,enableFlag,editableFlag,systemFlag,ft,lt,fu,lu) values('4028810028a8ef8f0128a8f0f232015f','40288100288c226801288c2987e90001','4028810028a8ef8f0128a8f0f223015d','141002','',null,null,'1',null,null,null,null,null,null);
insert into bd_dictionaryvalue(id,id_dictionary,id_parent,code,value,num,description,enableFlag,editableFlag,systemFlag,ft,lt,fu,lu) values('4028810028a8ef8f0128a8f0f2320160','40288100288c226801288c2987e90001','4028810028a8ef8f0128a8f0f223015d','141021','',null,null,'1',null,null,null,null,null,null);
insert into bd_dictionaryvalue(id,id_dictionary,id_parent,code,value,num,description,enableFlag,editableFlag,systemFlag,ft,lt,fu,lu) values('4028810028a8ef8f0128a8f0f2420161','40288100288c226801288c2987e90001','4028810028a8ef8f0128a8f0f223015d','141022','',null,null,'1',null,null,null,null,null,null);
insert into bd_dictionaryvalue(id,id_dictionary,id_parent,code,value,num,description,enableFlag,editableFlag,systemFlag,ft,lt,fu,lu) values('4028810028a8ef8f0128a8f0f2520162','40288100288c226801288c2987e90001','4028810028a8ef8f0128a8f0f223015d','141023','',null,null,'1',null,null,null,null,null,null);
insert into bd_dictionaryvalue(id,id_dictionary,id_parent,code,value,num,description,enableFlag,editableFlag,systemFlag,ft,lt,fu,lu) values('4028810028a8ef8f0128a8f0f2520163','40288100288c226801288c2987e90001','4028810028a8ef8f0128a8f0f223015d','141024','',null,null,'1',null,null,null,null,null,null);
insert into bd_dictionaryvalue(id,id_dictionary,id_parent,code,value,num,description,enableFlag,editableFlag,systemFlag,ft,lt,fu,lu) values('4028810028a8ef8f0128a8f0f2610164','40288100288c226801288c2987e90001','4028810028a8ef8f0128a8f0f223015d','141025','',null,null,'1',null,null,null,null,null,null);
insert into bd_dictionaryvalue(id,id_dictionary,id_parent,code,value,num,description,enableFlag,editableFlag,systemFlag,ft,lt,fu,lu) values('4028810028a8ef8f0128a8f0f2610165','40288100288c226801288c2987e90001','4028810028a8ef8f0128a8f0f223015d','141026','',null,null,'1',null,null,null,null,null,null);
insert into bd_dictionaryvalue(id,id_dictionary,id_parent,code,value,num,description,enableFlag,editableFlag,systemFlag,ft,lt,fu,lu) values('4028810028a8ef8f0128a8f0f2710166','40288100288c226801288c2987e90001','4028810028a8ef8f0128a8f0f223015d','141027','',null,null,'1',null,null,null,null,null,null);
insert into bd_dictionaryvalue(id,id_dictionary,id_parent,code,value,num,description,enableFlag,editableFlag,systemFlag,ft,lt,fu,lu) values('4028810028a8ef8f0128a8f0f2710167','40288100288c226801288c2987e90001','4028810028a8ef8f0128a8f0f223015d','141028','',null,null,'1',null,null,null,null,null,null);
insert into bd_dictionaryvalue(id,id_dictionary,id_parent,code,value,num,description,enableFlag,editableFlag,systemFlag,ft,lt,fu,lu) values('4028810028a8ef8f0128a8f0f2810168','40288100288c226801288c2987e90001','4028810028a8ef8f0128a8f0f223015d','141029','',null,null,'1',null,null,null,null,null,null);
insert into bd_dictionaryvalue(id,id_dictionary,id_parent,code,value,num,description,enableFlag,editableFlag,systemFlag,ft,lt,fu,lu) values('4028810028a8ef8f0128a8f0f2900169','40288100288c226801288c2987e90001','4028810028a8ef8f0128a8f0f223015d','141030','',null,null,'1',null,null,null,null,null,null);
insert into bd_dictionaryvalue(id,id_dictionary,id_parent,code,value,num,description,enableFlag,editableFlag,systemFlag,ft,lt,fu,lu) values('4028810028a8ef8f0128a8f0f290016a','40288100288c226801288c2987e90001','4028810028a8ef8f0128a8f0f223015d','141031','',null,null,'1',null,null,null,null,null,null);
insert into bd_dictionaryvalue(id,id_dictionary,id_parent,code,value,num,description,enableFlag,editableFlag,systemFlag,ft,lt,fu,lu) values('4028810028a8ef8f0128a8f0f2a0016b','40288100288c226801288c2987e90001','4028810028a8ef8f0128a8f0f223015d','141032','',null,null,'1',null,null,null,null,null,null);
insert into bd_dictionaryvalue(id,id_dictionary,id_parent,code,value,num,description,enableFlag,editableFlag,systemFlag,ft,lt,fu,lu) values('4028810028a8ef8f0128a8f0f2af016c','40288100288c226801288c2987e90001','4028810028a8ef8f0128a8f0f223015d','141033','',null,null,'1',null,null,null,null,null,null);
insert into bd_dictionaryvalue(id,id_dictionary,id_parent,code,value,num,description,enableFlag,editableFlag,systemFlag,ft,lt,fu,lu) values('4028810028a8ef8f0128a8f0f2af016d','40288100288c226801288c2987e90001','4028810028a8ef8f0128a8f0f223015d','141034','',null,null,'1',null,null,null,null,null,null);
insert into bd_dictionaryvalue(id,id_dictionary,id_parent,code,value,num,description,enableFlag,editableFlag,systemFlag,ft,lt,fu,lu) values('4028810028a8ef8f0128a8f0f2bf016e','40288100288c226801288c2987e90001','4028810028a8ef8f0128a8f0f223015d','141081','',null,null,'1',null,null,null,null,null,null);
insert into bd_dictionaryvalue(id,id_dictionary,id_parent,code,value,num,description,enableFlag,editableFlag,systemFlag,ft,lt,fu,lu) values('4028810028a8ef8f0128a8f0f2bf016f','40288100288c226801288c2987e90001','4028810028a8ef8f0128a8f0f223015d','141082','',null,null,'1',null,null,null,null,null,null);
insert into bd_dictionaryvalue(id,id_dictionary,id_parent,code,value,num,description,enableFlag,editableFlag,systemFlag,ft,lt,fu,lu) values('4028810028a8ef8f0128a8f0f2cf0170','40288100288c226801288c2987e90001','4028810028a8ef8f0128a8f0ee8900f1','142300','',null,null,'1',null,null,null,null,null,null);
insert into bd_dictionaryvalue(id,id_dictionary,id_parent,code,value,num,description,enableFlag,editableFlag,systemFlag,ft,lt,fu,lu) values('4028810028a8ef8f0128a8f0f2de0171','40288100288c226801288c2987e90001','4028810028a8ef8f0128a8f0f2cf0170','142301','',null,null,'1',null,null,null,null,null,null);
insert into bd_dictionaryvalue(id,id_dictionary,id_parent,code,value,num,description,enableFlag,editableFlag,systemFlag,ft,lt,fu,lu) values('4028810028a8ef8f0128a8f0f2de0172','40288100288c226801288c2987e90001','4028810028a8ef8f0128a8f0f2cf0170','142302','',null,null,'1',null,null,null,null,null,null);
insert into bd_dictionaryvalue(id,id_dictionary,id_parent,code,value,num,description,enableFlag,editableFlag,systemFlag,ft,lt,fu,lu) values('4028810028a8ef8f0128a8f0f2ee0173','40288100288c226801288c2987e90001','4028810028a8ef8f0128a8f0f2cf0170','142303','',null,null,'1',null,null,null,null,null,null);
insert into bd_dictionaryvalue(id,id_dictionary,id_parent,code,value,num,description,enableFlag,editableFlag,systemFlag,ft,lt,fu,lu) values('4028810028a8ef8f0128a8f0f2ee0174','40288100288c226801288c2987e90001','4028810028a8ef8f0128a8f0f2cf0170','142322','',null,null,'1',null,null,null,null,null,null);
insert into bd_dictionaryvalue(id,id_dictionary,id_parent,code,value,num,description,enableFlag,editableFlag,systemFlag,ft,lt,fu,lu) values('4028810028a8ef8f0128a8f0f2fe0175','40288100288c226801288c2987e90001','4028810028a8ef8f0128a8f0f2cf0170','142323','',null,null,'1',null,null,null,null,null,null);
insert into bd_dictionaryvalue(id,id_dictionary,id_parent,code,value,num,description,enableFlag,editableFlag,systemFlag,ft,lt,fu,lu) values('4028810028a8ef8f0128a8f0f2fe0176','40288100288c226801288c2987e90001','4028810028a8ef8f0128a8f0f2cf0170','142325','',null,null,'1',null,null,null,null,null,null);
insert into bd_dictionaryvalue(id,id_dictionary,id_parent,code,value,num,description,enableFlag,editableFlag,systemFlag,ft,lt,fu,lu) values('4028810028a8ef8f0128a8f0f30d0177','40288100288c226801288c2987e90001','4028810028a8ef8f0128a8f0f2cf0170','142326','',null,null,'1',null,null,null,null,null,null);
insert into bd_dictionaryvalue(id,id_dictionary,id_parent,code,value,num,description,enableFlag,editableFlag,systemFlag,ft,lt,fu,lu) values('4028810028a8ef8f0128a8f0f30d0178','40288100288c226801288c2987e90001','4028810028a8ef8f0128a8f0f2cf0170','142327','',null,null,'1',null,null,null,null,null,null);
insert into bd_dictionaryvalue(id,id_dictionary,id_parent,code,value,num,description,enableFlag,editableFlag,systemFlag,ft,lt,fu,lu) values('4028810028a8ef8f0128a8f0f31d0179','40288100288c226801288c2987e90001','4028810028a8ef8f0128a8f0f2cf0170','142328','',null,null,'1',null,null,null,null,null,null);
insert into bd_dictionaryvalue(id,id_dictionary,id_parent,code,value,num,description,enableFlag,editableFlag,systemFlag,ft,lt,fu,lu) values('4028810028a8ef8f0128a8f0f32c017a','40288100288c226801288c2987e90001','4028810028a8ef8f0128a8f0f2cf0170','142329','',null,null,'1',null,null,null,null,null,null);
insert into bd_dictionaryvalue(id,id_dictionary,id_parent,code,value,num,description,enableFlag,editableFlag,systemFlag,ft,lt,fu,lu) values('4028810028a8ef8f0128a8f0f32c017b','40288100288c226801288c2987e90001','4028810028a8ef8f0128a8f0f2cf0170','142330','',null,null,'1',null,null,null,null,null,null);
insert into bd_dictionaryvalue(id,id_dictionary,id_parent,code,value,num,description,enableFlag,editableFlag,systemFlag,ft,lt,fu,lu) values('4028810028a8ef8f0128a8f0f33c017c','40288100288c226801288c2987e90001','4028810028a8ef8f0128a8f0f2cf0170','142332','',null,null,'1',null,null,null,null,null,null);
insert into bd_dictionaryvalue(id,id_dictionary,id_parent,code,value,num,description,enableFlag,editableFlag,systemFlag,ft,lt,fu,lu) values('4028810028a8ef8f0128a8f0f33c017d','40288100288c226801288c2987e90001','4028810028a8ef8f0128a8f0f2cf0170','142333','',null,null,'1',null,null,null,null,null,null);
insert into bd_dictionaryvalue(id,id_dictionary,id_parent,code,value,num,description,enableFlag,editableFlag,systemFlag,ft,lt,fu,lu) values('4028810028a8ef8f0128a8f0f34c017e','40288100288c226801288c2987e90001',null,'150000','',null,null,'1',null,null,null,null,null,null);
insert into bd_dictionaryvalue(id,id_dictionary,id_parent,code,value,num,description,enableFlag,editableFlag,systemFlag,ft,lt,fu,lu) values('4028810028a8ef8f0128a8f0f34c017f','40288100288c226801288c2987e90001','4028810028a8ef8f0128a8f0f34c017e','150100','',null,null,'1',null,null,null,null,null,null);
insert into bd_dictionaryvalue(id,id_dictionary,id_parent,code,value,num,description,enableFlag,editableFlag,systemFlag,ft,lt,fu,lu) values('4028810028a8ef8f0128a8f0f35b0180','40288100288c226801288c2987e90001','4028810028a8ef8f0128a8f0f34c017f','150101','',null,null,'1',null,null,null,null,null,null);
insert into bd_dictionaryvalue(id,id_dictionary,id_parent,code,value,num,description,enableFlag,editableFlag,systemFlag,ft,lt,fu,lu) values('4028810028a8ef8f0128a8f0f36b0181','40288100288c226801288c2987e90001','4028810028a8ef8f0128a8f0f34c017f','150102','',null,null,'1',null,null,null,null,null,null);
insert into bd_dictionaryvalue(id,id_dictionary,id_parent,code,value,num,description,enableFlag,editableFlag,systemFlag,ft,lt,fu,lu) values('4028810028a8ef8f0128a8f0f36b0182','40288100288c226801288c2987e90001','4028810028a8ef8f0128a8f0f34c017f','150103','',null,null,'1',null,null,null,null,null,null);
insert into bd_dictionaryvalue(id,id_dictionary,id_parent,code,value,num,description,enableFlag,editableFlag,systemFlag,ft,lt,fu,lu) values('4028810028a8ef8f0128a8f0f37b0183','40288100288c226801288c2987e90001','4028810028a8ef8f0128a8f0f34c017f','150104','',null,null,'1',null,null,null,null,null,null);
insert into bd_dictionaryvalue(id,id_dictionary,id_parent,code,value,num,description,enableFlag,editableFlag,systemFlag,ft,lt,fu,lu) values('4028810028a8ef8f0128a8f0f37b0184','40288100288c226801288c2987e90001','4028810028a8ef8f0128a8f0f34c017f','150105','',null,null,'1',null,null,null,null,null,null);
insert into bd_dictionaryvalue(id,id_dictionary,id_parent,code,value,num,description,enableFlag,editableFlag,systemFlag,ft,lt,fu,lu) values('4028810028a8ef8f0128a8f0f38a0185','40288100288c226801288c2987e90001','4028810028a8ef8f0128a8f0f34c017f','150121','',null,null,'1',null,null,null,null,null,null);
insert into bd_dictionaryvalue(id,id_dictionary,id_parent,code,value,num,description,enableFlag,editableFlag,systemFlag,ft,lt,fu,lu) values('4028810028a8ef8f0128a8f0f38a0186','40288100288c226801288c2987e90001','4028810028a8ef8f0128a8f0f34c017f','150122','',null,null,'1',null,null,null,null,null,null);
insert into bd_dictionaryvalue(id,id_dictionary,id_parent,code,value,num,description,enableFlag,editableFlag,systemFlag,ft,lt,fu,lu) values('4028810028a8ef8f0128a8f0f39a0187','40288100288c226801288c2987e90001','4028810028a8ef8f0128a8f0f34c017f','150123','',null,null,'1',null,null,null,null,null,null);
insert into bd_dictionaryvalue(id,id_dictionary,id_parent,code,value,num,description,enableFlag,editableFlag,systemFlag,ft,lt,fu,lu) values('4028810028a8ef8f0128a8f0f3a90188','40288100288c226801288c2987e90001','4028810028a8ef8f0128a8f0f34c017f','150124','',null,null,'1',null,null,null,null,null,null);
insert into bd_dictionaryvalue(id,id_dictionary,id_parent,code,value,num,description,enableFlag,editableFlag,systemFlag,ft,lt,fu,lu) values('4028810028a8ef8f0128a8f0f3a90189','40288100288c226801288c2987e90001','4028810028a8ef8f0128a8f0f34c017f','150125','',null,null,'1',null,null,null,null,null,null);
insert into bd_dictionaryvalue(id,id_dictionary,id_parent,code,value,num,description,enableFlag,editableFlag,systemFlag,ft,lt,fu,lu) values('4028810028a8ef8f0128a8f0f3b9018a','40288100288c226801288c2987e90001','4028810028a8ef8f0128a8f0f34c017e','150200','',null,null,'1',null,null,null,null,null,null);
insert into bd_dictionaryvalue(id,id_dictionary,id_parent,code,value,num,description,enableFlag,editableFlag,systemFlag,ft,lt,fu,lu) values('4028810028a8ef8f0128a8f0f3b9018b','40288100288c226801288c2987e90001','4028810028a8ef8f0128a8f0f3b9018a','150201','',null,null,'1',null,null,null,null,null,null);
insert into bd_dictionaryvalue(id,id_dictionary,id_parent,code,value,num,description,enableFlag,editableFlag,systemFlag,ft,lt,fu,lu) values('4028810028a8ef8f0128a8f0f3c9018c','40288100288c226801288c2987e90001','4028810028a8ef8f0128a8f0f3b9018a','150202','',null,null,'1',null,null,null,null,null,null);
insert into bd_dictionaryvalue(id,id_dictionary,id_parent,code,value,num,description,enableFlag,editableFlag,systemFlag,ft,lt,fu,lu) values('4028810028a8ef8f0128a8f0f3c9018d','40288100288c226801288c2987e90001','4028810028a8ef8f0128a8f0f3b9018a','150203','',null,null,'1',null,null,null,null,null,null);
insert into bd_dictionaryvalue(id,id_dictionary,id_parent,code,value,num,description,enableFlag,editableFlag,systemFlag,ft,lt,fu,lu) values('4028810028a8ef8f0128a8f0f3d8018e','40288100288c226801288c2987e90001','4028810028a8ef8f0128a8f0f3b9018a','150204','',null,null,'1',null,null,null,null,null,null);
insert into bd_dictionaryvalue(id,id_dictionary,id_parent,code,value,num,description,enableFlag,editableFlag,systemFlag,ft,lt,fu,lu) values('4028810028a8ef8f0128a8f0f3e8018f','40288100288c226801288c2987e90001','4028810028a8ef8f0128a8f0f3b9018a','150205','',null,null,'1',null,null,null,null,null,null);
insert into bd_dictionaryvalue(id,id_dictionary,id_parent,code,value,num,description,enableFlag,editableFlag,systemFlag,ft,lt,fu,lu) values('4028810028a8ef8f0128a8f0f3f80190','40288100288c226801288c2987e90001','4028810028a8ef8f0128a8f0f3b9018a','150206','',null,null,'1',null,null,null,null,null,null);
insert into bd_dictionaryvalue(id,id_dictionary,id_parent,code,value,num,description,enableFlag,editableFlag,systemFlag,ft,lt,fu,lu) values('4028810028a8ef8f0128a8f0f3f80191','40288100288c226801288c2987e90001','4028810028a8ef8f0128a8f0f3b9018a','150207','',null,null,'1',null,null,null,null,null,null);
insert into bd_dictionaryvalue(id,id_dictionary,id_parent,code,value,num,description,enableFlag,editableFlag,systemFlag,ft,lt,fu,lu) values('4028810028a8ef8f0128a8f0f4070192','40288100288c226801288c2987e90001','4028810028a8ef8f0128a8f0f3b9018a','150221','',null,null,'1',null,null,null,null,null,null);
insert into bd_dictionaryvalue(id,id_dictionary,id_parent,code,value,num,description,enableFlag,editableFlag,systemFlag,ft,lt,fu,lu) values('4028810028a8ef8f0128a8f0f4170193','40288100288c226801288c2987e90001','4028810028a8ef8f0128a8f0f3b9018a','150222','',null,null,'1',null,null,null,null,null,null);
insert into bd_dictionaryvalue(id,id_dictionary,id_parent,code,value,num,description,enableFlag,editableFlag,systemFlag,ft,lt,fu,lu) values('4028810028a8ef8f0128a8f0f4170194','40288100288c226801288c2987e90001','4028810028a8ef8f0128a8f0f3b9018a','150223','',null,null,'1',null,null,null,null,null,null);
insert into bd_dictionaryvalue(id,id_dictionary,id_parent,code,value,num,description,enableFlag,editableFlag,systemFlag,ft,lt,fu,lu) values('4028810028a8ef8f0128a8f0f4260195','40288100288c226801288c2987e90001','4028810028a8ef8f0128a8f0f34c017e','150300','',null,null,'1',null,null,null,null,null,null);
insert into bd_dictionaryvalue(id,id_dictionary,id_parent,code,value,num,description,enableFlag,editableFlag,systemFlag,ft,lt,fu,lu) values('4028810028a8ef8f0128a8f0f4260196','40288100288c226801288c2987e90001','4028810028a8ef8f0128a8f0f4260195','150301','',null,null,'1',null,null,null,null,null,null);
insert into bd_dictionaryvalue(id,id_dictionary,id_parent,code,value,num,description,enableFlag,editableFlag,systemFlag,ft,lt,fu,lu) values('4028810028a8ef8f0128a8f0f4360197','40288100288c226801288c2987e90001','4028810028a8ef8f0128a8f0f4260195','150302','',null,null,'1',null,null,null,null,null,null);
insert into bd_dictionaryvalue(id,id_dictionary,id_parent,code,value,num,description,enableFlag,editableFlag,systemFlag,ft,lt,fu,lu) values('4028810028a8ef8f0128a8f0f4360198','40288100288c226801288c2987e90001','4028810028a8ef8f0128a8f0f4260195','150303','',null,null,'1',null,null,null,null,null,null);
insert into bd_dictionaryvalue(id,id_dictionary,id_parent,code,value,num,description,enableFlag,editableFlag,systemFlag,ft,lt,fu,lu) values('4028810028a8ef8f0128a8f0f4460199','40288100288c226801288c2987e90001','4028810028a8ef8f0128a8f0f4260195','150304','',null,null,'1',null,null,null,null,null,null);
insert into bd_dictionaryvalue(id,id_dictionary,id_parent,code,value,num,description,enableFlag,editableFlag,systemFlag,ft,lt,fu,lu) values('4028810028a8ef8f0128a8f0f455019a','40288100288c226801288c2987e90001','4028810028a8ef8f0128a8f0f34c017e','150400','',null,null,'1',null,null,null,null,null,null);
insert into bd_dictionaryvalue(id,id_dictionary,id_parent,code,value,num,description,enableFlag,editableFlag,systemFlag,ft,lt,fu,lu) values('4028810028a8ef8f0128a8f0f455019b','40288100288c226801288c2987e90001','4028810028a8ef8f0128a8f0f455019a','150401','',null,null,'1',null,null,null,null,null,null);
insert into bd_dictionaryvalue(id,id_dictionary,id_parent,code,value,num,description,enableFlag,editableFlag,systemFlag,ft,lt,fu,lu) values('4028810028a8ef8f0128a8f0f465019c','40288100288c226801288c2987e90001','4028810028a8ef8f0128a8f0f455019a','150402','',null,null,'1',null,null,null,null,null,null);
insert into bd_dictionaryvalue(id,id_dictionary,id_parent,code,value,num,description,enableFlag,editableFlag,systemFlag,ft,lt,fu,lu) values('4028810028a8ef8f0128a8f0f475019d','40288100288c226801288c2987e90001','4028810028a8ef8f0128a8f0f455019a','150403','',null,null,'1',null,null,null,null,null,null);
insert into bd_dictionaryvalue(id,id_dictionary,id_parent,code,value,num,description,enableFlag,editableFlag,systemFlag,ft,lt,fu,lu) values('4028810028a8ef8f0128a8f0f475019e','40288100288c226801288c2987e90001','4028810028a8ef8f0128a8f0f455019a','150404','',null,null,'1',null,null,null,null,null,null);
insert into bd_dictionaryvalue(id,id_dictionary,id_parent,code,value,num,description,enableFlag,editableFlag,systemFlag,ft,lt,fu,lu) values('4028810028a8ef8f0128a8f0f484019f','40288100288c226801288c2987e90001','4028810028a8ef8f0128a8f0f455019a','150421','',null,null,'1',null,null,null,null,null,null);
insert into bd_dictionaryvalue(id,id_dictionary,id_parent,code,value,num,description,enableFlag,editableFlag,systemFlag,ft,lt,fu,lu) values('4028810028a8ef8f0128a8f0f48401a0','40288100288c226801288c2987e90001','4028810028a8ef8f0128a8f0f455019a','150422','',null,null,'1',null,null,null,null,null,null);
insert into bd_dictionaryvalue(id,id_dictionary,id_parent,code,value,num,description,enableFlag,editableFlag,systemFlag,ft,lt,fu,lu) values('4028810028a8ef8f0128a8f0f49401a1','40288100288c226801288c2987e90001','4028810028a8ef8f0128a8f0f455019a','150423','',null,null,'1',null,null,null,null,null,null);
insert into bd_dictionaryvalue(id,id_dictionary,id_parent,code,value,num,description,enableFlag,editableFlag,systemFlag,ft,lt,fu,lu) values('4028810028a8ef8f0128a8f0f49401a2','40288100288c226801288c2987e90001','4028810028a8ef8f0128a8f0f455019a','150424','',null,null,'1',null,null,null,null,null,null);
insert into bd_dictionaryvalue(id,id_dictionary,id_parent,code,value,num,description,enableFlag,editableFlag,systemFlag,ft,lt,fu,lu) values('4028810028a8ef8f0128a8f0f4a301a3','40288100288c226801288c2987e90001','4028810028a8ef8f0128a8f0f455019a','150425','',null,null,'1',null,null,null,null,null,null);
insert into bd_dictionaryvalue(id,id_dictionary,id_parent,code,value,num,description,enableFlag,editableFlag,systemFlag,ft,lt,fu,lu) values('4028810028a8ef8f0128a8f0f4b301a4','40288100288c226801288c2987e90001','4028810028a8ef8f0128a8f0f455019a','150426','',null,null,'1',null,null,null,null,null,null);
insert into bd_dictionaryvalue(id,id_dictionary,id_parent,code,value,num,description,enableFlag,editableFlag,systemFlag,ft,lt,fu,lu) values('4028810028a8ef8f0128a8f0f4b301a5','40288100288c226801288c2987e90001','4028810028a8ef8f0128a8f0f455019a','150428','',null,null,'1',null,null,null,null,null,null);
insert into bd_dictionaryvalue(id,id_dictionary,id_parent,code,value,num,description,enableFlag,editableFlag,systemFlag,ft,lt,fu,lu) values('4028810028a8ef8f0128a8f0f4c301a6','40288100288c226801288c2987e90001','4028810028a8ef8f0128a8f0f455019a','150429','',null,null,'1',null,null,null,null,null,null);
insert into bd_dictionaryvalue(id,id_dictionary,id_parent,code,value,num,description,enableFlag,editableFlag,systemFlag,ft,lt,fu,lu) values('4028810028a8ef8f0128a8f0f4d201a7','40288100288c226801288c2987e90001','4028810028a8ef8f0128a8f0f455019a','150430','',null,null,'1',null,null,null,null,null,null);
insert into bd_dictionaryvalue(id,id_dictionary,id_parent,code,value,num,description,enableFlag,editableFlag,systemFlag,ft,lt,fu,lu) values('4028810028a8ef8f0128a8f0f4d201a8','40288100288c226801288c2987e90001','4028810028a8ef8f0128a8f0f34c017e','150500','',null,null,'1',null,null,null,null,null,null);
insert into bd_dictionaryvalue(id,id_dictionary,id_parent,code,value,num,description,enableFlag,editableFlag,systemFlag,ft,lt,fu,lu) values('4028810028a8ef8f0128a8f0f4e201a9','40288100288c226801288c2987e90001','4028810028a8ef8f0128a8f0f4d201a8','150501','',null,null,'1',null,null,null,null,null,null);
insert into bd_dictionaryvalue(id,id_dictionary,id_parent,code,value,num,description,enableFlag,editableFlag,systemFlag,ft,lt,fu,lu) values('4028810028a8ef8f0128a8f0f4e201aa','40288100288c226801288c2987e90001','4028810028a8ef8f0128a8f0f4d201a8','150502','',null,null,'1',null,null,null,null,null,null);
insert into bd_dictionaryvalue(id,id_dictionary,id_parent,code,value,num,description,enableFlag,editableFlag,systemFlag,ft,lt,fu,lu) values('4028810028a8ef8f0128a8f0f4f201ab','40288100288c226801288c2987e90001','4028810028a8ef8f0128a8f0f4d201a8','150521','',null,null,'1',null,null,null,null,null,null);
insert into bd_dictionaryvalue(id,id_dictionary,id_parent,code,value,num,description,enableFlag,editableFlag,systemFlag,ft,lt,fu,lu) values('4028810028a8ef8f0128a8f0f4f201ac','40288100288c226801288c2987e90001','4028810028a8ef8f0128a8f0f4d201a8','150522','',null,null,'1',null,null,null,null,null,null);
insert into bd_dictionaryvalue(id,id_dictionary,id_parent,code,value,num,description,enableFlag,editableFlag,systemFlag,ft,lt,fu,lu) values('4028810028a8ef8f0128a8f0f50101ad','40288100288c226801288c2987e90001','4028810028a8ef8f0128a8f0f4d201a8','150523','',null,null,'1',null,null,null,null,null,null);
insert into bd_dictionaryvalue(id,id_dictionary,id_parent,code,value,num,description,enableFlag,editableFlag,systemFlag,ft,lt,fu,lu) values('4028810028a8ef8f0128a8f0f51101ae','40288100288c226801288c2987e90001','4028810028a8ef8f0128a8f0f4d201a8','150524','',null,null,'1',null,null,null,null,null,null);
insert into bd_dictionaryvalue(id,id_dictionary,id_parent,code,value,num,description,enableFlag,editableFlag,systemFlag,ft,lt,fu,lu) values('4028810028a8ef8f0128a8f0f51101af','40288100288c226801288c2987e90001','4028810028a8ef8f0128a8f0f4d201a8','150525','',null,null,'1',null,null,null,null,null,null);
insert into bd_dictionaryvalue(id,id_dictionary,id_parent,code,value,num,description,enableFlag,editableFlag,systemFlag,ft,lt,fu,lu) values('4028810028a8ef8f0128a8f0f52001b0','40288100288c226801288c2987e90001','4028810028a8ef8f0128a8f0f4d201a8','150526','',null,null,'1',null,null,null,null,null,null);
insert into bd_dictionaryvalue(id,id_dictionary,id_parent,code,value,num,description,enableFlag,editableFlag,systemFlag,ft,lt,fu,lu) values('4028810028a8ef8f0128a8f0f53001b1','40288100288c226801288c2987e90001','4028810028a8ef8f0128a8f0f4d201a8','150581','',null,null,'1',null,null,null,null,null,null);
insert into bd_dictionaryvalue(id,id_dictionary,id_parent,code,value,num,description,enableFlag,editableFlag,systemFlag,ft,lt,fu,lu) values('4028810028a8ef8f0128a8f0f53001b2','40288100288c226801288c2987e90001','4028810028a8ef8f0128a8f0f34c017e','150600','',null,null,'1',null,null,null,null,null,null);
insert into bd_dictionaryvalue(id,id_dictionary,id_parent,code,value,num,description,enableFlag,editableFlag,systemFlag,ft,lt,fu,lu) values('4028810028a8ef8f0128a8f0f54001b3','40288100288c226801288c2987e90001','4028810028a8ef8f0128a8f0f53001b2','150601','',null,null,'1',null,null,null,null,null,null);
insert into bd_dictionaryvalue(id,id_dictionary,id_parent,code,value,num,description,enableFlag,editableFlag,systemFlag,ft,lt,fu,lu) values('4028810028a8ef8f0128a8f0f54f01b4','40288100288c226801288c2987e90001','4028810028a8ef8f0128a8f0f53001b2','150602','',null,null,'1',null,null,null,null,null,null);
insert into bd_dictionaryvalue(id,id_dictionary,id_parent,code,value,num,description,enableFlag,editableFlag,systemFlag,ft,lt,fu,lu) values('4028810028a8ef8f0128a8f0f54f01b5','40288100288c226801288c2987e90001','4028810028a8ef8f0128a8f0f53001b2','150621','',null,null,'1',null,null,null,null,null,null);
insert into bd_dictionaryvalue(id,id_dictionary,id_parent,code,value,num,description,enableFlag,editableFlag,systemFlag,ft,lt,fu,lu) values('4028810028a8ef8f0128a8f0f55f01b6','40288100288c226801288c2987e90001','4028810028a8ef8f0128a8f0f53001b2','150622','',null,null,'1',null,null,null,null,null,null);
insert into bd_dictionaryvalue(id,id_dictionary,id_parent,code,value,num,description,enableFlag,editableFlag,systemFlag,ft,lt,fu,lu) values('4028810028a8ef8f0128a8f0f56f01b7','40288100288c226801288c2987e90001','4028810028a8ef8f0128a8f0f53001b2','150623','',null,null,'1',null,null,null,null,null,null);
insert into bd_dictionaryvalue(id,id_dictionary,id_parent,code,value,num,description,enableFlag,editableFlag,systemFlag,ft,lt,fu,lu) values('4028810028a8ef8f0128a8f0f56f01b8','40288100288c226801288c2987e90001','4028810028a8ef8f0128a8f0f53001b2','150624','',null,null,'1',null,null,null,null,null,null);
insert into bd_dictionaryvalue(id,id_dictionary,id_parent,code,value,num,description,enableFlag,editableFlag,systemFlag,ft,lt,fu,lu) values('4028810028a8ef8f0128a8f0f57e01b9','40288100288c226801288c2987e90001','4028810028a8ef8f0128a8f0f53001b2','150625','',null,null,'1',null,null,null,null,null,null);
insert into bd_dictionaryvalue(id,id_dictionary,id_parent,code,value,num,description,enableFlag,editableFlag,systemFlag,ft,lt,fu,lu) values('4028810028a8ef8f0128a8f0f57e01ba','40288100288c226801288c2987e90001','4028810028a8ef8f0128a8f0f53001b2','150626','',null,null,'1',null,null,null,null,null,null);
insert into bd_dictionaryvalue(id,id_dictionary,id_parent,code,value,num,description,enableFlag,editableFlag,systemFlag,ft,lt,fu,lu) values('4028810028a8ef8f0128a8f0f58e01bb','40288100288c226801288c2987e90001','4028810028a8ef8f0128a8f0f53001b2','150627','',null,null,'1',null,null,null,null,null,null);
insert into bd_dictionaryvalue(id,id_dictionary,id_parent,code,value,num,description,enableFlag,editableFlag,systemFlag,ft,lt,fu,lu) values('4028810028a8ef8f0128a8f0f59d01bc','40288100288c226801288c2987e90001','4028810028a8ef8f0128a8f0f34c017e','150700','',null,null,'1',null,null,null,null,null,null);
insert into bd_dictionaryvalue(id,id_dictionary,id_parent,code,value,num,description,enableFlag,editableFlag,systemFlag,ft,lt,fu,lu) values('4028810028a8ef8f0128a8f0f59d01bd','40288100288c226801288c2987e90001','4028810028a8ef8f0128a8f0f59d01bc','150701','',null,null,'1',null,null,null,null,null,null);
insert into bd_dictionaryvalue(id,id_dictionary,id_parent,code,value,num,description,enableFlag,editableFlag,systemFlag,ft,lt,fu,lu) values('4028810028a8ef8f0128a8f0f5ad01be','40288100288c226801288c2987e90001','4028810028a8ef8f0128a8f0f59d01bc','150702','',null,null,'1',null,null,null,null,null,null);
insert into bd_dictionaryvalue(id,id_dictionary,id_parent,code,value,num,description,enableFlag,editableFlag,systemFlag,ft,lt,fu,lu) values('4028810028a8ef8f0128a8f0f5bd01bf','40288100288c226801288c2987e90001','4028810028a8ef8f0128a8f0f59d01bc','150721','',null,null,'1',null,null,null,null,null,null);
insert into bd_dictionaryvalue(id,id_dictionary,id_parent,code,value,num,description,enableFlag,editableFlag,systemFlag,ft,lt,fu,lu) values('4028810028a8ef8f0128a8f0f5cc01c0','40288100288c226801288c2987e90001','4028810028a8ef8f0128a8f0f59d01bc','150722','',null,null,'1',null,null,null,null,null,null);
insert into bd_dictionaryvalue(id,id_dictionary,id_parent,code,value,num,description,enableFlag,editableFlag,systemFlag,ft,lt,fu,lu) values('4028810028a8ef8f0128a8f0f5cc01c1','40288100288c226801288c2987e90001','4028810028a8ef8f0128a8f0f59d01bc','150723','',null,null,'1',null,null,null,null,null,null);
insert into bd_dictionaryvalue(id,id_dictionary,id_parent,code,value,num,description,enableFlag,editableFlag,systemFlag,ft,lt,fu,lu) values('4028810028a8ef8f0128a8f0f5dc01c2','40288100288c226801288c2987e90001','4028810028a8ef8f0128a8f0f59d01bc','150724','',null,null,'1',null,null,null,null,null,null);
insert into bd_dictionaryvalue(id,id_dictionary,id_parent,code,value,num,description,enableFlag,editableFlag,systemFlag,ft,lt,fu,lu) values('4028810028a8ef8f0128a8f0f5dc01c3','40288100288c226801288c2987e90001','4028810028a8ef8f0128a8f0f59d01bc','150725','',null,null,'1',null,null,null,null,null,null);
insert into bd_dictionaryvalue(id,id_dictionary,id_parent,code,value,num,description,enableFlag,editableFlag,systemFlag,ft,lt,fu,lu) values('4028810028a8ef8f0128a8f0f5ec01c4','40288100288c226801288c2987e90001','4028810028a8ef8f0128a8f0f59d01bc','150726','',null,null,'1',null,null,null,null,null,null);
insert into bd_dictionaryvalue(id,id_dictionary,id_parent,code,value,num,description,enableFlag,editableFlag,systemFlag,ft,lt,fu,lu) values('4028810028a8ef8f0128a8f0f5fb01c5','40288100288c226801288c2987e90001','4028810028a8ef8f0128a8f0f59d01bc','150727','',null,null,'1',null,null,null,null,null,null);
insert into bd_dictionaryvalue(id,id_dictionary,id_parent,code,value,num,description,enableFlag,editableFlag,systemFlag,ft,lt,fu,lu) values('4028810028a8ef8f0128a8f0f5fb01c6','40288100288c226801288c2987e90001','4028810028a8ef8f0128a8f0f59d01bc','150781','',null,null,'1',null,null,null,null,null,null);
insert into bd_dictionaryvalue(id,id_dictionary,id_parent,code,value,num,description,enableFlag,editableFlag,systemFlag,ft,lt,fu,lu) values('4028810028a8ef8f0128a8f0f60b01c7','40288100288c226801288c2987e90001','4028810028a8ef8f0128a8f0f59d01bc','150782','',null,null,'1',null,null,null,null,null,null);
insert into bd_dictionaryvalue(id,id_dictionary,id_parent,code,value,num,description,enableFlag,editableFlag,systemFlag,ft,lt,fu,lu) values('4028810028a8ef8f0128a8f0f60b01c8','40288100288c226801288c2987e90001','4028810028a8ef8f0128a8f0f59d01bc','150783','',null,null,'1',null,null,null,null,null,null);
insert into bd_dictionaryvalue(id,id_dictionary,id_parent,code,value,num,description,enableFlag,editableFlag,systemFlag,ft,lt,fu,lu) values('4028810028a8ef8f0128a8f0f61a01c9','40288100288c226801288c2987e90001','4028810028a8ef8f0128a8f0f59d01bc','150784','',null,null,'1',null,null,null,null,null,null);
insert into bd_dictionaryvalue(id,id_dictionary,id_parent,code,value,num,description,enableFlag,editableFlag,systemFlag,ft,lt,fu,lu) values('4028810028a8ef8f0128a8f0f62a01ca','40288100288c226801288c2987e90001','4028810028a8ef8f0128a8f0f59d01bc','150785','',null,null,'1',null,null,null,null,null,null);
insert into bd_dictionaryvalue(id,id_dictionary,id_parent,code,value,num,description,enableFlag,editableFlag,systemFlag,ft,lt,fu,lu) values('4028810028a8ef8f0128a8f0f62a01cb','40288100288c226801288c2987e90001','4028810028a8ef8f0128a8f0f34c017e','152200','',null,null,'1',null,null,null,null,null,null);
insert into bd_dictionaryvalue(id,id_dictionary,id_parent,code,value,num,description,enableFlag,editableFlag,systemFlag,ft,lt,fu,lu) values('4028810028a8ef8f0128a8f0f63a01cc','40288100288c226801288c2987e90001','4028810028a8ef8f0128a8f0f62a01cb','152201','',null,null,'1',null,null,null,null,null,null);
insert into bd_dictionaryvalue(id,id_dictionary,id_parent,code,value,num,description,enableFlag,editableFlag,systemFlag,ft,lt,fu,lu) values('4028810028a8ef8f0128a8f0f63a01cd','40288100288c226801288c2987e90001','4028810028a8ef8f0128a8f0f62a01cb','152202','',null,null,'1',null,null,null,null,null,null);
insert into bd_dictionaryvalue(id,id_dictionary,id_parent,code,value,num,description,enableFlag,editableFlag,systemFlag,ft,lt,fu,lu) values('4028810028a8ef8f0128a8f0f64901ce','40288100288c226801288c2987e90001','4028810028a8ef8f0128a8f0f62a01cb','152221','',null,null,'1',null,null,null,null,null,null);
insert into bd_dictionaryvalue(id,id_dictionary,id_parent,code,value,num,description,enableFlag,editableFlag,systemFlag,ft,lt,fu,lu) values('4028810028a8ef8f0128a8f0f64901cf','40288100288c226801288c2987e90001','4028810028a8ef8f0128a8f0f62a01cb','152222','',null,null,'1',null,null,null,null,null,null);
insert into bd_dictionaryvalue(id,id_dictionary,id_parent,code,value,num,description,enableFlag,editableFlag,systemFlag,ft,lt,fu,lu) values('4028810028a8ef8f0128a8f0f65901d0','40288100288c226801288c2987e90001','4028810028a8ef8f0128a8f0f62a01cb','152223','',null,null,'1',null,null,null,null,null,null);
insert into bd_dictionaryvalue(id,id_dictionary,id_parent,code,value,num,description,enableFlag,editableFlag,systemFlag,ft,lt,fu,lu) values('4028810028a8ef8f0128a8f0f66901d1','40288100288c226801288c2987e90001','4028810028a8ef8f0128a8f0f62a01cb','152224','',null,null,'1',null,null,null,null,null,null);
insert into bd_dictionaryvalue(id,id_dictionary,id_parent,code,value,num,description,enableFlag,editableFlag,systemFlag,ft,lt,fu,lu) values('4028810028a8ef8f0128a8f0f67801d2','40288100288c226801288c2987e90001','4028810028a8ef8f0128a8f0f34c017e','152500','',null,null,'1',null,null,null,null,null,null);
insert into bd_dictionaryvalue(id,id_dictionary,id_parent,code,value,num,description,enableFlag,editableFlag,systemFlag,ft,lt,fu,lu) values('4028810028a8ef8f0128a8f0f67801d3','40288100288c226801288c2987e90001','4028810028a8ef8f0128a8f0f67801d2','152501','',null,null,'1',null,null,null,null,null,null);
insert into bd_dictionaryvalue(id,id_dictionary,id_parent,code,value,num,description,enableFlag,editableFlag,systemFlag,ft,lt,fu,lu) values('4028810028a8ef8f0128a8f0f68801d4','40288100288c226801288c2987e90001','4028810028a8ef8f0128a8f0f67801d2','152502','',null,null,'1',null,null,null,null,null,null);
insert into bd_dictionaryvalue(id,id_dictionary,id_parent,code,value,num,description,enableFlag,editableFlag,systemFlag,ft,lt,fu,lu) values('4028810028a8ef8f0128a8f0f69701d5','40288100288c226801288c2987e90001','4028810028a8ef8f0128a8f0f67801d2','152522','',null,null,'1',null,null,null,null,null,null);
insert into bd_dictionaryvalue(id,id_dictionary,id_parent,code,value,num,description,enableFlag,editableFlag,systemFlag,ft,lt,fu,lu) values('4028810028a8ef8f0128a8f0f69701d6','40288100288c226801288c2987e90001','4028810028a8ef8f0128a8f0f67801d2','152523','',null,null,'1',null,null,null,null,null,null);
insert into bd_dictionaryvalue(id,id_dictionary,id_parent,code,value,num,description,enableFlag,editableFlag,systemFlag,ft,lt,fu,lu) values('4028810028a8ef8f0128a8f0f6a701d7','40288100288c226801288c2987e90001','4028810028a8ef8f0128a8f0f67801d2','152524','',null,null,'1',null,null,null,null,null,null);
insert into bd_dictionaryvalue(id,id_dictionary,id_parent,code,value,num,description,enableFlag,editableFlag,systemFlag,ft,lt,fu,lu) values('4028810028a8ef8f0128a8f0f6b701d8','40288100288c226801288c2987e90001','4028810028a8ef8f0128a8f0f67801d2','152525','',null,null,'1',null,null,null,null,null,null);
insert into bd_dictionaryvalue(id,id_dictionary,id_parent,code,value,num,description,enableFlag,editableFlag,systemFlag,ft,lt,fu,lu) values('4028810028a8ef8f0128a8f0f6b701d9','40288100288c226801288c2987e90001','4028810028a8ef8f0128a8f0f67801d2','152526','',null,null,'1',null,null,null,null,null,null);
insert into bd_dictionaryvalue(id,id_dictionary,id_parent,code,value,num,description,enableFlag,editableFlag,systemFlag,ft,lt,fu,lu) values('4028810028a8ef8f0128a8f0f6c601da','40288100288c226801288c2987e90001','4028810028a8ef8f0128a8f0f67801d2','152527','',null,null,'1',null,null,null,null,null,null);
insert into bd_dictionaryvalue(id,id_dictionary,id_parent,code,value,num,description,enableFlag,editableFlag,systemFlag,ft,lt,fu,lu) values('4028810028a8ef8f0128a8f0f6c601db','40288100288c226801288c2987e90001','4028810028a8ef8f0128a8f0f67801d2','152528','',null,null,'1',null,null,null,null,null,null);
insert into bd_dictionaryvalue(id,id_dictionary,id_parent,code,value,num,description,enableFlag,editableFlag,systemFlag,ft,lt,fu,lu) values('4028810028a8ef8f0128a8f0f6d601dc','40288100288c226801288c2987e90001','4028810028a8ef8f0128a8f0f67801d2','152529','',null,null,'1',null,null,null,null,null,null);
insert into bd_dictionaryvalue(id,id_dictionary,id_parent,code,value,num,description,enableFlag,editableFlag,systemFlag,ft,lt,fu,lu) values('4028810028a8ef8f0128a8f0f6e601dd','40288100288c226801288c2987e90001','4028810028a8ef8f0128a8f0f67801d2','152530','',null,null,'1',null,null,null,null,null,null);
insert into bd_dictionaryvalue(id,id_dictionary,id_parent,code,value,num,description,enableFlag,editableFlag,systemFlag,ft,lt,fu,lu) values('4028810028a8ef8f0128a8f0f6e601de','40288100288c226801288c2987e90001','4028810028a8ef8f0128a8f0f67801d2','152531','',null,null,'1',null,null,null,null,null,null);
insert into bd_dictionaryvalue(id,id_dictionary,id_parent,code,value,num,description,enableFlag,editableFlag,systemFlag,ft,lt,fu,lu) values('4028810028a8ef8f0128a8f0f6f501df','40288100288c226801288c2987e90001','4028810028a8ef8f0128a8f0f34c017e','152600','',null,null,'1',null,null,null,null,null,null);
insert into bd_dictionaryvalue(id,id_dictionary,id_parent,code,value,num,description,enableFlag,editableFlag,systemFlag,ft,lt,fu,lu) values('4028810028a8ef8f0128a8f0f70501e0','40288100288c226801288c2987e90001','4028810028a8ef8f0128a8f0f6f501df','152601','',null,null,'1',null,null,null,null,null,null);
insert into bd_dictionaryvalue(id,id_dictionary,id_parent,code,value,num,description,enableFlag,editableFlag,systemFlag,ft,lt,fu,lu) values('4028810028a8ef8f0128a8f0f70501e1','40288100288c226801288c2987e90001','4028810028a8ef8f0128a8f0f6f501df','152602','',null,null,'1',null,null,null,null,null,null);
insert into bd_dictionaryvalue(id,id_dictionary,id_parent,code,value,num,description,enableFlag,editableFlag,systemFlag,ft,lt,fu,lu) values('4028810028a8ef8f0128a8f0f71401e2','40288100288c226801288c2987e90001','4028810028a8ef8f0128a8f0f6f501df','152624','',null,null,'1',null,null,null,null,null,null);
insert into bd_dictionaryvalue(id,id_dictionary,id_parent,code,value,num,description,enableFlag,editableFlag,systemFlag,ft,lt,fu,lu) values('4028810028a8ef8f0128a8f0f72401e3','40288100288c226801288c2987e90001','4028810028a8ef8f0128a8f0f6f501df','152625','',null,null,'1',null,null,null,null,null,null);
insert into bd_dictionaryvalue(id,id_dictionary,id_parent,code,value,num,description,enableFlag,editableFlag,systemFlag,ft,lt,fu,lu) values('4028810028a8ef8f0128a8f0f72401e4','40288100288c226801288c2987e90001','4028810028a8ef8f0128a8f0f6f501df','152626','',null,null,'1',null,null,null,null,null,null);
insert into bd_dictionaryvalue(id,id_dictionary,id_parent,code,value,num,description,enableFlag,editableFlag,systemFlag,ft,lt,fu,lu) values('4028810028a8ef8f0128a8f0f73401e5','40288100288c226801288c2987e90001','4028810028a8ef8f0128a8f0f6f501df','152627','',null,null,'1',null,null,null,null,null,null);
insert into bd_dictionaryvalue(id,id_dictionary,id_parent,code,value,num,description,enableFlag,editableFlag,systemFlag,ft,lt,fu,lu) values('4028810028a8ef8f0128a8f0f73401e6','40288100288c226801288c2987e90001','4028810028a8ef8f0128a8f0f6f501df','152629','',null,null,'1',null,null,null,null,null,null);
insert into bd_dictionaryvalue(id,id_dictionary,id_parent,code,value,num,description,enableFlag,editableFlag,systemFlag,ft,lt,fu,lu) values('4028810028a8ef8f0128a8f0f74301e7','40288100288c226801288c2987e90001','4028810028a8ef8f0128a8f0f6f501df','152630','',null,null,'1',null,null,null,null,null,null);
insert into bd_dictionaryvalue(id,id_dictionary,id_parent,code,value,num,description,enableFlag,editableFlag,systemFlag,ft,lt,fu,lu) values('4028810028a8ef8f0128a8f0f75301e8','40288100288c226801288c2987e90001','4028810028a8ef8f0128a8f0f6f501df','152631','',null,null,'1',null,null,null,null,null,null);
insert into bd_dictionaryvalue(id,id_dictionary,id_parent,code,value,num,description,enableFlag,editableFlag,systemFlag,ft,lt,fu,lu) values('4028810028a8ef8f0128a8f0f75301e9','40288100288c226801288c2987e90001','4028810028a8ef8f0128a8f0f6f501df','152632','',null,null,'1',null,null,null,null,null,null);
insert into bd_dictionaryvalue(id,id_dictionary,id_parent,code,value,num,description,enableFlag,editableFlag,systemFlag,ft,lt,fu,lu) values('4028810028a8ef8f0128a8f0f76301ea','40288100288c226801288c2987e90001','4028810028a8ef8f0128a8f0f6f501df','152634','',null,null,'1',null,null,null,null,null,null);
insert into bd_dictionaryvalue(id,id_dictionary,id_parent,code,value,num,description,enableFlag,editableFlag,systemFlag,ft,lt,fu,lu) values('4028810028a8ef8f0128a8f0f77201eb','40288100288c226801288c2987e90001','4028810028a8ef8f0128a8f0f34c017e','152800','',null,null,'1',null,null,null,null,null,null);
insert into bd_dictionaryvalue(id,id_dictionary,id_parent,code,value,num,description,enableFlag,editableFlag,systemFlag,ft,lt,fu,lu) values('4028810028a8ef8f0128a8f0f77201ec','40288100288c226801288c2987e90001','4028810028a8ef8f0128a8f0f77201eb','152801','',null,null,'1',null,null,null,null,null,null);
insert into bd_dictionaryvalue(id,id_dictionary,id_parent,code,value,num,description,enableFlag,editableFlag,systemFlag,ft,lt,fu,lu) values('4028810028a8ef8f0128a8f0f78201ed','40288100288c226801288c2987e90001','4028810028a8ef8f0128a8f0f77201eb','152822','',null,null,'1',null,null,null,null,null,null);
insert into bd_dictionaryvalue(id,id_dictionary,id_parent,code,value,num,description,enableFlag,editableFlag,systemFlag,ft,lt,fu,lu) values('4028810028a8ef8f0128a8f0f78201ee','40288100288c226801288c2987e90001','4028810028a8ef8f0128a8f0f77201eb','152823','',null,null,'1',null,null,null,null,null,null);
insert into bd_dictionaryvalue(id,id_dictionary,id_parent,code,value,num,description,enableFlag,editableFlag,systemFlag,ft,lt,fu,lu) values('4028810028a8ef8f0128a8f0f79101ef','40288100288c226801288c2987e90001','4028810028a8ef8f0128a8f0f77201eb','152824','',null,null,'1',null,null,null,null,null,null);
insert into bd_dictionaryvalue(id,id_dictionary,id_parent,code,value,num,description,enableFlag,editableFlag,systemFlag,ft,lt,fu,lu) values('4028810028a8ef8f0128a8f0f7a101f0','40288100288c226801288c2987e90001','4028810028a8ef8f0128a8f0f77201eb','152825','',null,null,'1',null,null,null,null,null,null);
insert into bd_dictionaryvalue(id,id_dictionary,id_parent,code,value,num,description,enableFlag,editableFlag,systemFlag,ft,lt,fu,lu) values('4028810028a8ef8f0128a8f0f7a101f1','40288100288c226801288c2987e90001','4028810028a8ef8f0128a8f0f77201eb','152826','',null,null,'1',null,null,null,null,null,null);
insert into bd_dictionaryvalue(id,id_dictionary,id_parent,code,value,num,description,enableFlag,editableFlag,systemFlag,ft,lt,fu,lu) values('4028810028a8ef8f0128a8f0f7b101f2','40288100288c226801288c2987e90001','4028810028a8ef8f0128a8f0f77201eb','152827','',null,null,'1',null,null,null,null,null,null);
insert into bd_dictionaryvalue(id,id_dictionary,id_parent,code,value,num,description,enableFlag,editableFlag,systemFlag,ft,lt,fu,lu) values('4028810028a8ef8f0128a8f0f7c001f3','40288100288c226801288c2987e90001','4028810028a8ef8f0128a8f0f34c017e','152900','',null,null,'1',null,null,null,null,null,null);
insert into bd_dictionaryvalue(id,id_dictionary,id_parent,code,value,num,description,enableFlag,editableFlag,systemFlag,ft,lt,fu,lu) values('4028810028a8ef8f0128a8f0f7c001f4','40288100288c226801288c2987e90001','4028810028a8ef8f0128a8f0f7c001f3','152921','',null,null,'1',null,null,null,null,null,null);
insert into bd_dictionaryvalue(id,id_dictionary,id_parent,code,value,num,description,enableFlag,editableFlag,systemFlag,ft,lt,fu,lu) values('4028810028a8ef8f0128a8f0f7d001f5','40288100288c226801288c2987e90001','4028810028a8ef8f0128a8f0f7c001f3','152922','',null,null,'1',null,null,null,null,null,null);
insert into bd_dictionaryvalue(id,id_dictionary,id_parent,code,value,num,description,enableFlag,editableFlag,systemFlag,ft,lt,fu,lu) values('4028810028a8ef8f0128a8f0f7e001f6','40288100288c226801288c2987e90001','4028810028a8ef8f0128a8f0f7c001f3','152923','',null,null,'1',null,null,null,null,null,null);
insert into bd_dictionaryvalue(id,id_dictionary,id_parent,code,value,num,description,enableFlag,editableFlag,systemFlag,ft,lt,fu,lu) values('4028810028a8ef8f0128a8f0f7e001f7','40288100288c226801288c2987e90001',null,'210000','',null,null,'1',null,null,null,null,null,null);
insert into bd_dictionaryvalue(id,id_dictionary,id_parent,code,value,num,description,enableFlag,editableFlag,systemFlag,ft,lt,fu,lu) values('4028810028a8ef8f0128a8f0f7ef01f8','40288100288c226801288c2987e90001','4028810028a8ef8f0128a8f0f7e001f7','210100','',null,null,'1',null,null,null,null,null,null);
insert into bd_dictionaryvalue(id,id_dictionary,id_parent,code,value,num,description,enableFlag,editableFlag,systemFlag,ft,lt,fu,lu) values('4028810028a8ef8f0128a8f0f7ff01f9','40288100288c226801288c2987e90001','4028810028a8ef8f0128a8f0f7ef01f8','210101','',null,null,'1',null,null,null,null,null,null);
insert into bd_dictionaryvalue(id,id_dictionary,id_parent,code,value,num,description,enableFlag,editableFlag,systemFlag,ft,lt,fu,lu) values('4028810028a8ef8f0128a8f0f7ff01fa','40288100288c226801288c2987e90001','4028810028a8ef8f0128a8f0f7ef01f8','210102','',null,null,'1',null,null,null,null,null,null);
insert into bd_dictionaryvalue(id,id_dictionary,id_parent,code,value,num,description,enableFlag,editableFlag,systemFlag,ft,lt,fu,lu) values('4028810028a8ef8f0128a8f0f80e01fb','40288100288c226801288c2987e90001','4028810028a8ef8f0128a8f0f7ef01f8','210103','',null,null,'1',null,null,null,null,null,null);
insert into bd_dictionaryvalue(id,id_dictionary,id_parent,code,value,num,description,enableFlag,editableFlag,systemFlag,ft,lt,fu,lu) values('4028810028a8ef8f0128a8f0f81e01fc','40288100288c226801288c2987e90001','4028810028a8ef8f0128a8f0f7ef01f8','210104','',null,null,'1',null,null,null,null,null,null);
insert into bd_dictionaryvalue(id,id_dictionary,id_parent,code,value,num,description,enableFlag,editableFlag,systemFlag,ft,lt,fu,lu) values('4028810028a8ef8f0128a8f0f81e01fd','40288100288c226801288c2987e90001','4028810028a8ef8f0128a8f0f7ef01f8','210105','',null,null,'1',null,null,null,null,null,null);
insert into bd_dictionaryvalue(id,id_dictionary,id_parent,code,value,num,description,enableFlag,editableFlag,systemFlag,ft,lt,fu,lu) values('4028810028a8ef8f0128a8f0f82e01fe','40288100288c226801288c2987e90001','4028810028a8ef8f0128a8f0f7ef01f8','210106','',null,null,'1',null,null,null,null,null,null);
insert into bd_dictionaryvalue(id,id_dictionary,id_parent,code,value,num,description,enableFlag,editableFlag,systemFlag,ft,lt,fu,lu) values('4028810028a8ef8f0128a8f0f83d01ff','40288100288c226801288c2987e90001','4028810028a8ef8f0128a8f0f7ef01f8','210111','',null,null,'1',null,null,null,null,null,null);
insert into bd_dictionaryvalue(id,id_dictionary,id_parent,code,value,num,description,enableFlag,editableFlag,systemFlag,ft,lt,fu,lu) values('4028810028a8ef8f0128a8f0f83d0200','40288100288c226801288c2987e90001','4028810028a8ef8f0128a8f0f7ef01f8','210112','',null,null,'1',null,null,null,null,null,null);
insert into bd_dictionaryvalue(id,id_dictionary,id_parent,code,value,num,description,enableFlag,editableFlag,systemFlag,ft,lt,fu,lu) values('4028810028a8ef8f0128a8f0f84d0201','40288100288c226801288c2987e90001','4028810028a8ef8f0128a8f0f7ef01f8','210113','',null,null,'1',null,null,null,null,null,null);
insert into bd_dictionaryvalue(id,id_dictionary,id_parent,code,value,num,description,enableFlag,editableFlag,systemFlag,ft,lt,fu,lu) values('4028810028a8ef8f0128a8f0f85d0202','40288100288c226801288c2987e90001','4028810028a8ef8f0128a8f0f7ef01f8','210114','',null,null,'1',null,null,null,null,null,null);
insert into bd_dictionaryvalue(id,id_dictionary,id_parent,code,value,num,description,enableFlag,editableFlag,systemFlag,ft,lt,fu,lu) values('4028810028a8ef8f0128a8f0f85d0203','40288100288c226801288c2987e90001','4028810028a8ef8f0128a8f0f7ef01f8','210122','',null,null,'1',null,null,null,null,null,null);
insert into bd_dictionaryvalue(id,id_dictionary,id_parent,code,value,num,description,enableFlag,editableFlag,systemFlag,ft,lt,fu,lu) values('4028810028a8ef8f0128a8f0f86c0204','40288100288c226801288c2987e90001','4028810028a8ef8f0128a8f0f7ef01f8','210123','',null,null,'1',null,null,null,null,null,null);
insert into bd_dictionaryvalue(id,id_dictionary,id_parent,code,value,num,description,enableFlag,editableFlag,systemFlag,ft,lt,fu,lu) values('4028810028a8ef8f0128a8f0f86c0205','40288100288c226801288c2987e90001','4028810028a8ef8f0128a8f0f7ef01f8','210124','',null,null,'1',null,null,null,null,null,null);
insert into bd_dictionaryvalue(id,id_dictionary,id_parent,code,value,num,description,enableFlag,editableFlag,systemFlag,ft,lt,fu,lu) values('4028810028a8ef8f0128a8f0f87c0206','40288100288c226801288c2987e90001','4028810028a8ef8f0128a8f0f7ef01f8','210181','',null,null,'1',null,null,null,null,null,null);
insert into bd_dictionaryvalue(id,id_dictionary,id_parent,code,value,num,description,enableFlag,editableFlag,systemFlag,ft,lt,fu,lu) values('4028810028a8ef8f0128a8f0f88b0207','40288100288c226801288c2987e90001','4028810028a8ef8f0128a8f0f7e001f7','210200','',null,null,'1',null,null,null,null,null,null);
insert into bd_dictionaryvalue(id,id_dictionary,id_parent,code,value,num,description,enableFlag,editableFlag,systemFlag,ft,lt,fu,lu) values('4028810028a8ef8f0128a8f0f89b0208','40288100288c226801288c2987e90001','4028810028a8ef8f0128a8f0f88b0207','210201','',null,null,'1',null,null,null,null,null,null);
insert into bd_dictionaryvalue(id,id_dictionary,id_parent,code,value,num,description,enableFlag,editableFlag,systemFlag,ft,lt,fu,lu) values('4028810028a8ef8f0128a8f0f89b0209','40288100288c226801288c2987e90001','4028810028a8ef8f0128a8f0f88b0207','210202','',null,null,'1',null,null,null,null,null,null);
insert into bd_dictionaryvalue(id,id_dictionary,id_parent,code,value,num,description,enableFlag,editableFlag,systemFlag,ft,lt,fu,lu) values('20120530135120015181711075864901','20120530134957796052592993822928',null,'0','',null,null,'1',null,null,'2012-05-30 13:51:20',null,'20120507134700000110225236178825',null);
insert into bd_dictionaryvalue(id,id_dictionary,id_parent,code,value,num,description,enableFlag,editableFlag,systemFlag,ft,lt,fu,lu) values('20120530135130859496001430513957','20120530134957796052592993822928',null,'1','',null,null,'1',null,null,'2012-05-30 13:51:30',null,'20120507134700000110225236178825',null);
insert into bd_dictionaryvalue(id,id_dictionary,id_parent,code,value,num,description,enableFlag,editableFlag,systemFlag,ft,lt,fu,lu) values('20120530135144406980185894923067','20120530134957796052592993822928',null,'2','',null,null,'1',null,null,'2012-05-30 13:51:44',null,'20120507134700000110225236178825',null);
insert into bd_dictionaryvalue(id,id_dictionary,id_parent,code,value,num,description,enableFlag,editableFlag,systemFlag,ft,lt,fu,lu) values('20120530135201875094627507890852','20120530135018250973819632296189',null,'0','',null,null,'1',null,null,'2012-05-30 13:52:01',null,'20120507134700000110225236178825',null);
insert into bd_dictionaryvalue(id,id_dictionary,id_parent,code,value,num,description,enableFlag,editableFlag,systemFlag,ft,lt,fu,lu) values('20120530135211671184600741032870','20120530135018250973819632296189',null,'1','',null,null,'1',null,null,'2012-05-30 13:52:11',null,'20120507134700000110225236178825',null);
insert into bd_dictionaryvalue(id,id_dictionary,id_parent,code,value,num,description,enableFlag,editableFlag,systemFlag,ft,lt,fu,lu) values('20120530135221953630718409425260','20120530135018250973819632296189',null,'2','',null,null,'1',null,null,'2012-05-30 13:52:21',null,'20120507134700000110225236178825',null);
insert into bd_dictionaryvalue(id,id_dictionary,id_parent,code,value,num,description,enableFlag,editableFlag,systemFlag,ft,lt,fu,lu) values('20120530135238031384611426189423','20120530135018250973819632296189',null,'3','',null,null,'1',null,null,'2012-05-30 13:52:38',null,'20120507134700000110225236178825',null);
insert into bd_dictionaryvalue(id,id_dictionary,id_parent,code,value,num,description,enableFlag,editableFlag,systemFlag,ft,lt,fu,lu) values('20120530135252890578608711299980','20120530135018250973819632296189',null,'4','',null,null,'1',null,null,'2012-05-30 13:52:52',null,'20120507134700000110225236178825',null);
insert into bd_dictionaryvalue(id,id_dictionary,id_parent,code,value,num,description,enableFlag,editableFlag,systemFlag,ft,lt,fu,lu) values('20120530135305437681103720301015','20120530135018250973819632296189',null,'5','',null,null,'1',null,null,'2012-05-30 13:53:05',null,'20120507134700000110225236178825',null);
insert into bd_dictionaryvalue(id,id_dictionary,id_parent,code,value,num,description,enableFlag,editableFlag,systemFlag,ft,lt,fu,lu) values('20120530135319625048740118479377','20120530135018250973819632296189',null,'6','',null,null,'1',null,null,'2012-05-30 13:53:19',null,'20120507134700000110225236178825',null);
insert into bd_dictionaryvalue(id,id_dictionary,id_parent,code,value,num,description,enableFlag,editableFlag,systemFlag,ft,lt,fu,lu) values('20120530135333984179593798017094','20120530135018250973819632296189',null,'7','',null,null,'1',null,null,'2012-05-30 13:53:33',null,'20120507134700000110225236178825',null);
insert into bd_dictionaryvalue(id,id_dictionary,id_parent,code,value,num,description,enableFlag,editableFlag,systemFlag,ft,lt,fu,lu) values('20120530135345562545507693598339','20120530135018250973819632296189',null,'8','',null,null,'1',null,null,'2012-05-30 13:53:45',null,'20120507134700000110225236178825',null);
insert into bd_dictionaryvalue(id,id_dictionary,id_parent,code,value,num,description,enableFlag,editableFlag,systemFlag,ft,lt,fu,lu) values('20120530135355734969747454722632','20120530135018250973819632296189',null,'9','',null,null,'1',null,null,'2012-05-30 13:53:55',null,'20120507134700000110225236178825',null);
insert into bd_dictionaryvalue(id,id_dictionary,id_parent,code,value,num,description,enableFlag,editableFlag,systemFlag,ft,lt,fu,lu) values('20120530135409812431383184147865','20120530135018250973819632296189',null,'10','',null,null,'1',null,null,'2012-05-30 13:54:09',null,'20120507134700000110225236178825',null);
insert into bd_dictionaryvalue(id,id_dictionary,id_parent,code,value,num,description,enableFlag,editableFlag,systemFlag,ft,lt,fu,lu) values('20120530135646500207875959338381','20120530135018250973819632296189',null,'11','',null,null,'1',null,null,'2012-05-30 13:56:46',null,'20120507134700000110225236178825',null);
insert into bd_dictionaryvalue(id,id_dictionary,id_parent,code,value,num,description,enableFlag,editableFlag,systemFlag,ft,lt,fu,lu) values('20120530135708828372192825621344','20120530135018250973819632296189',null,'12','',null,null,'1',null,null,'2012-05-30 13:57:08',null,'20120507134700000110225236178825',null);
insert into bd_dictionaryvalue(id,id_dictionary,id_parent,code,value,num,description,enableFlag,editableFlag,systemFlag,ft,lt,fu,lu) values('20120530135825796498733398160073','20120530135054562736757983980338',null,'3','',null,null,'1',null,null,'2012-05-30 13:58:25','2012-09-13 12:42:27','20120507134700000110225236178825','20120507134700000110225236178825');
insert into bd_dictionaryvalue(id,id_dictionary,id_parent,code,value,num,description,enableFlag,editableFlag,systemFlag,ft,lt,fu,lu) values('20120913124238781650420610686680','20120530135054562736757983980338',null,'5','','1',null,'1',null,null,'2012-09-13 12:42:38',null,'20120507134700000110225236178825',null);
insert into bd_dictionaryvalue(id,id_dictionary,id_parent,code,value,num,description,enableFlag,editableFlag,systemFlag,ft,lt,fu,lu) values('4028810028a8ef8f0128a8f0e90b0035','40288100288c226801288c2987e90001','4028810028a8ef8f0128a8f0e8cc002d','130108','',null,null,'1',null,null,null,null,null,null);
insert into bd_dictionaryvalue(id,id_dictionary,id_parent,code,value,num,description,enableFlag,editableFlag,systemFlag,ft,lt,fu,lu) values('4028810028a8ef8f0128a8f0e91a0036','40288100288c226801288c2987e90001','4028810028a8ef8f0128a8f0e8cc002d','130121','',null,null,'1',null,null,null,null,null,null);
insert into bd_dictionaryvalue(id,id_dictionary,id_parent,code,value,num,description,enableFlag,editableFlag,systemFlag,ft,lt,fu,lu) values('4028810028a8ef8f0128a8f0e92a0037','40288100288c226801288c2987e90001','4028810028a8ef8f0128a8f0e8cc002d','130123','',null,null,'1',null,null,null,null,null,null);
insert into bd_dictionaryvalue(id,id_dictionary,id_parent,code,value,num,description,enableFlag,editableFlag,systemFlag,ft,lt,fu,lu) values('4028810028a8ef8f0128a8f0e92a0038','40288100288c226801288c2987e90001','4028810028a8ef8f0128a8f0e8cc002d','130124','',null,null,'1',null,null,null,null,null,null);
insert into bd_dictionaryvalue(id,id_dictionary,id_parent,code,value,num,description,enableFlag,editableFlag,systemFlag,ft,lt,fu,lu) values('4028810028a8ef8f0128a8f0e93a0039','40288100288c226801288c2987e90001','4028810028a8ef8f0128a8f0e8cc002d','130125','',null,null,'1',null,null,null,null,null,null);
insert into bd_dictionaryvalue(id,id_dictionary,id_parent,code,value,num,description,enableFlag,editableFlag,systemFlag,ft,lt,fu,lu) values('4028810028a8ef8f0128a8f0e93a003a','40288100288c226801288c2987e90001','4028810028a8ef8f0128a8f0e8cc002d','130126','',null,null,'1',null,null,null,null,null,null);
insert into bd_dictionaryvalue(id,id_dictionary,id_parent,code,value,num,description,enableFlag,editableFlag,systemFlag,ft,lt,fu,lu) values('4028810028a8ef8f0128a8f0e949003b','40288100288c226801288c2987e90001','4028810028a8ef8f0128a8f0e8cc002d','130127','',null,null,'1',null,null,null,null,null,null);
insert into bd_dictionaryvalue(id,id_dictionary,id_parent,code,value,num,description,enableFlag,editableFlag,systemFlag,ft,lt,fu,lu) values('4028810028a8ef8f0128a8f0e949003c','40288100288c226801288c2987e90001','4028810028a8ef8f0128a8f0e8cc002d','130128','',null,null,'1',null,null,null,null,null,null);
insert into bd_dictionaryvalue(id,id_dictionary,id_parent,code,value,num,description,enableFlag,editableFlag,systemFlag,ft,lt,fu,lu) values('4028810028a8ef8f0128a8f0e949003d','40288100288c226801288c2987e90001','4028810028a8ef8f0128a8f0e8cc002d','130129','',null,null,'1',null,null,null,null,null,null);
insert into bd_dictionaryvalue(id,id_dictionary,id_parent,code,value,num,description,enableFlag,editableFlag,systemFlag,ft,lt,fu,lu) values('4028810028a8ef8f0128a8f0e959003e','40288100288c226801288c2987e90001','4028810028a8ef8f0128a8f0e8cc002d','130130','',null,null,'1',null,null,null,null,null,null);
insert into bd_dictionaryvalue(id,id_dictionary,id_parent,code,value,num,description,enableFlag,editableFlag,systemFlag,ft,lt,fu,lu) values('4028810028a8ef8f0128a8f0e959003f','40288100288c226801288c2987e90001','4028810028a8ef8f0128a8f0e8cc002d','130131','',null,null,'1',null,null,null,null,null,null);
insert into bd_dictionaryvalue(id,id_dictionary,id_parent,code,value,num,description,enableFlag,editableFlag,systemFlag,ft,lt,fu,lu) values('4028810028a8ef8f0128a8f0e9680040','40288100288c226801288c2987e90001','4028810028a8ef8f0128a8f0e8cc002d','130132','',null,null,'1',null,null,null,null,null,null);
insert into bd_dictionaryvalue(id,id_dictionary,id_parent,code,value,num,description,enableFlag,editableFlag,systemFlag,ft,lt,fu,lu) values('4028810028a8ef8f0128a8f0e9680041','40288100288c226801288c2987e90001','4028810028a8ef8f0128a8f0e8cc002d','130133','',null,null,'1',null,null,null,null,null,null);
insert into bd_dictionaryvalue(id,id_dictionary,id_parent,code,value,num,description,enableFlag,editableFlag,systemFlag,ft,lt,fu,lu) values('4028810028a8ef8f0128a8f0e9680042','40288100288c226801288c2987e90001','4028810028a8ef8f0128a8f0e8cc002d','130181','',null,null,'1',null,null,null,null,null,null);
insert into bd_dictionaryvalue(id,id_dictionary,id_parent,code,value,num,description,enableFlag,editableFlag,systemFlag,ft,lt,fu,lu) values('4028810028a8ef8f0128a8f0e9780043','40288100288c226801288c2987e90001','4028810028a8ef8f0128a8f0e8cc002d','130182','',null,null,'1',null,null,null,null,null,null);
insert into bd_dictionaryvalue(id,id_dictionary,id_parent,code,value,num,description,enableFlag,editableFlag,systemFlag,ft,lt,fu,lu) values('4028810028a8ef8f0128a8f0e9780044','40288100288c226801288c2987e90001','4028810028a8ef8f0128a8f0e8cc002d','130183','',null,null,'1',null,null,null,null,null,null);
insert into bd_dictionaryvalue(id,id_dictionary,id_parent,code,value,num,description,enableFlag,editableFlag,systemFlag,ft,lt,fu,lu) values('4028810028a8ef8f0128a8f0e9780045','40288100288c226801288c2987e90001','4028810028a8ef8f0128a8f0e8cc002d','130184','',null,null,'1',null,null,null,null,null,null);
insert into bd_dictionaryvalue(id,id_dictionary,id_parent,code,value,num,description,enableFlag,editableFlag,systemFlag,ft,lt,fu,lu) values('4028810028a8ef8f0128a8f0e9880046','40288100288c226801288c2987e90001','4028810028a8ef8f0128a8f0e8cc002d','130185','',null,null,'1',null,null,null,null,null,null);
insert into bd_dictionaryvalue(id,id_dictionary,id_parent,code,value,num,description,enableFlag,editableFlag,systemFlag,ft,lt,fu,lu) values('4028810028a8ef8f0128a8f0e9880047','40288100288c226801288c2987e90001','4028810028a8ef8f0128a8f0e8bd002c','130200','',null,null,'1',null,null,null,null,null,null);
insert into bd_dictionaryvalue(id,id_dictionary,id_parent,code,value,num,description,enableFlag,editableFlag,systemFlag,ft,lt,fu,lu) values('4028810028a8ef8f0128a8f0e9970048','40288100288c226801288c2987e90001','4028810028a8ef8f0128a8f0e9880047','130201','',null,null,'1',null,null,null,null,null,null);
insert into bd_dictionaryvalue(id,id_dictionary,id_parent,code,value,num,description,enableFlag,editableFlag,systemFlag,ft,lt,fu,lu) values('4028810028a8ef8f0128a8f0e9970049','40288100288c226801288c2987e90001','4028810028a8ef8f0128a8f0e9880047','130202','',null,null,'1',null,null,null,null,null,null);
insert into bd_dictionaryvalue(id,id_dictionary,id_parent,code,value,num,description,enableFlag,editableFlag,systemFlag,ft,lt,fu,lu) values('4028810028a8ef8f0128a8f0e997004a','40288100288c226801288c2987e90001','4028810028a8ef8f0128a8f0e9880047','130203','',null,null,'1',null,null,null,null,null,null);
insert into bd_dictionaryvalue(id,id_dictionary,id_parent,code,value,num,description,enableFlag,editableFlag,systemFlag,ft,lt,fu,lu) values('4028810028a8ef8f0128a8f0e9a7004b','40288100288c226801288c2987e90001','4028810028a8ef8f0128a8f0e9880047','130204','',null,null,'1',null,null,null,null,null,null);
insert into bd_dictionaryvalue(id,id_dictionary,id_parent,code,value,num,description,enableFlag,editableFlag,systemFlag,ft,lt,fu,lu) values('4028810028a8ef8f0128a8f0e9a7004c','40288100288c226801288c2987e90001','4028810028a8ef8f0128a8f0e9880047','130205','',null,null,'1',null,null,null,null,null,null);
insert into bd_dictionaryvalue(id,id_dictionary,id_parent,code,value,num,description,enableFlag,editableFlag,systemFlag,ft,lt,fu,lu) values('4028810028a8ef8f0128a8f0e9b7004d','40288100288c226801288c2987e90001','4028810028a8ef8f0128a8f0e9880047','130206','',null,null,'1',null,null,null,null,null,null);
insert into bd_dictionaryvalue(id,id_dictionary,id_parent,code,value,num,description,enableFlag,editableFlag,systemFlag,ft,lt,fu,lu) values('4028810028a8ef8f0128a8f0e9b7004e','40288100288c226801288c2987e90001','4028810028a8ef8f0128a8f0e9880047','130221','',null,null,'1',null,null,null,null,null,null);
insert into bd_dictionaryvalue(id,id_dictionary,id_parent,code,value,num,description,enableFlag,editableFlag,systemFlag,ft,lt,fu,lu) values('4028810028a8ef8f0128a8f0e9b7004f','40288100288c226801288c2987e90001','4028810028a8ef8f0128a8f0e9880047','130223','',null,null,'1',null,null,null,null,null,null);
insert into bd_dictionaryvalue(id,id_dictionary,id_parent,code,value,num,description,enableFlag,editableFlag,systemFlag,ft,lt,fu,lu) values('4028810028a8ef8f0128a8f0e9c60050','40288100288c226801288c2987e90001','4028810028a8ef8f0128a8f0e9880047','130224','',null,null,'1',null,null,null,null,null,null);
insert into bd_dictionaryvalue(id,id_dictionary,id_parent,code,value,num,description,enableFlag,editableFlag,systemFlag,ft,lt,fu,lu) values('4028810028a8ef8f0128a8f0e9c60051','40288100288c226801288c2987e90001','4028810028a8ef8f0128a8f0e9880047','130225','',null,null,'1',null,null,null,null,null,null);
insert into bd_dictionaryvalue(id,id_dictionary,id_parent,code,value,num,description,enableFlag,editableFlag,systemFlag,ft,lt,fu,lu) values('4028810028a8ef8f0128a8f0e9d60052','40288100288c226801288c2987e90001','4028810028a8ef8f0128a8f0e9880047','130227','',null,null,'1',null,null,null,null,null,null);
insert into bd_dictionaryvalue(id,id_dictionary,id_parent,code,value,num,description,enableFlag,editableFlag,systemFlag,ft,lt,fu,lu) values('4028810028a8ef8f0128a8f0e9d60053','40288100288c226801288c2987e90001','4028810028a8ef8f0128a8f0e9880047','130229','',null,null,'1',null,null,null,null,null,null);
insert into bd_dictionaryvalue(id,id_dictionary,id_parent,code,value,num,description,enableFlag,editableFlag,systemFlag,ft,lt,fu,lu) values('4028810028a8ef8f0128a8f0e9d60054','40288100288c226801288c2987e90001','4028810028a8ef8f0128a8f0e9880047','130230','',null,null,'1',null,null,null,null,null,null);
insert into bd_dictionaryvalue(id,id_dictionary,id_parent,code,value,num,description,enableFlag,editableFlag,systemFlag,ft,lt,fu,lu) values('4028810028a8ef8f0128a8f0e9e50055','40288100288c226801288c2987e90001','4028810028a8ef8f0128a8f0e9880047','130281','',null,null,'1',null,null,null,null,null,null);
insert into bd_dictionaryvalue(id,id_dictionary,id_parent,code,value,num,description,enableFlag,editableFlag,systemFlag,ft,lt,fu,lu) values('4028810028a8ef8f0128a8f0e9e50056','40288100288c226801288c2987e90001','4028810028a8ef8f0128a8f0e9880047','130282','',null,null,'1',null,null,null,null,null,null);
insert into bd_dictionaryvalue(id,id_dictionary,id_parent,code,value,num,description,enableFlag,editableFlag,systemFlag,ft,lt,fu,lu) values('4028810028a8ef8f0128a8f0e9f50057','40288100288c226801288c2987e90001','4028810028a8ef8f0128a8f0e9880047','130283','',null,null,'1',null,null,null,null,null,null);
insert into bd_dictionaryvalue(id,id_dictionary,id_parent,code,value,num,description,enableFlag,editableFlag,systemFlag,ft,lt,fu,lu) values('4028810028a8ef8f0128a8f0e9f50058','40288100288c226801288c2987e90001','4028810028a8ef8f0128a8f0e8bd002c','130300','',null,null,'1',null,null,null,null,null,null);
insert into bd_dictionaryvalue(id,id_dictionary,id_parent,code,value,num,description,enableFlag,editableFlag,systemFlag,ft,lt,fu,lu) values('4028810028a8ef8f0128a8f0ea050059','40288100288c226801288c2987e90001','4028810028a8ef8f0128a8f0e9f50058','130301','',null,null,'1',null,null,null,null,null,null);
insert into bd_dictionaryvalue(id,id_dictionary,id_parent,code,value,num,description,enableFlag,editableFlag,systemFlag,ft,lt,fu,lu) values('4028810028a8ef8f0128a8f0ea05005a','40288100288c226801288c2987e90001','4028810028a8ef8f0128a8f0e9f50058','130302','',null,null,'1',null,null,null,null,null,null);
insert into bd_dictionaryvalue(id,id_dictionary,id_parent,code,value,num,description,enableFlag,editableFlag,systemFlag,ft,lt,fu,lu) values('4028810028a8ef8f0128a8f0ea14005b','40288100288c226801288c2987e90001','4028810028a8ef8f0128a8f0e9f50058','130303','',null,null,'1',null,null,null,null,null,null);
insert into bd_dictionaryvalue(id,id_dictionary,id_parent,code,value,num,description,enableFlag,editableFlag,systemFlag,ft,lt,fu,lu) values('4028810028a8ef8f0128a8f0ea14005c','40288100288c226801288c2987e90001','4028810028a8ef8f0128a8f0e9f50058','130304','',null,null,'1',null,null,null,null,null,null);
insert into bd_dictionaryvalue(id,id_dictionary,id_parent,code,value,num,description,enableFlag,editableFlag,systemFlag,ft,lt,fu,lu) values('4028810028a8ef8f0128a8f0ea24005d','40288100288c226801288c2987e90001','4028810028a8ef8f0128a8f0e9f50058','130321','',null,null,'1',null,null,null,null,null,null);
insert into bd_dictionaryvalue(id,id_dictionary,id_parent,code,value,num,description,enableFlag,editableFlag,systemFlag,ft,lt,fu,lu) values('4028810028a8ef8f0128a8f0ea24005e','40288100288c226801288c2987e90001','4028810028a8ef8f0128a8f0e9f50058','130322','',null,null,'1',null,null,null,null,null,null);
insert into bd_dictionaryvalue(id,id_dictionary,id_parent,code,value,num,description,enableFlag,editableFlag,systemFlag,ft,lt,fu,lu) values('4028810028a8ef8f0128a8f0ea34005f','40288100288c226801288c2987e90001','4028810028a8ef8f0128a8f0e9f50058','130323','',null,null,'1',null,null,null,null,null,null);
insert into bd_dictionaryvalue(id,id_dictionary,id_parent,code,value,num,description,enableFlag,editableFlag,systemFlag,ft,lt,fu,lu) values('4028810028a8ef8f0128a8f0ea340060','40288100288c226801288c2987e90001','4028810028a8ef8f0128a8f0e9f50058','130324','',null,null,'1',null,null,null,null,null,null);
insert into bd_dictionaryvalue(id,id_dictionary,id_parent,code,value,num,description,enableFlag,editableFlag,systemFlag,ft,lt,fu,lu) values('4028810028a8ef8f0128a8f0ea340061','40288100288c226801288c2987e90001','4028810028a8ef8f0128a8f0e8bd002c','130400','',null,null,'1',null,null,null,null,null,null);
insert into bd_dictionaryvalue(id,id_dictionary,id_parent,code,value,num,description,enableFlag,editableFlag,systemFlag,ft,lt,fu,lu) values('4028810028a8ef8f0128a8f0ea430062','40288100288c226801288c2987e90001','4028810028a8ef8f0128a8f0ea340061','130401','',null,null,'1',null,null,null,null,null,null);
insert into bd_dictionaryvalue(id,id_dictionary,id_parent,code,value,num,description,enableFlag,editableFlag,systemFlag,ft,lt,fu,lu) values('4028810028a8ef8f0128a8f0ea430063','40288100288c226801288c2987e90001','4028810028a8ef8f0128a8f0ea340061','130402','',null,null,'1',null,null,null,null,null,null);
insert into bd_dictionaryvalue(id,id_dictionary,id_parent,code,value,num,description,enableFlag,editableFlag,systemFlag,ft,lt,fu,lu) values('4028810028a8ef8f0128a8f0ea530064','40288100288c226801288c2987e90001','4028810028a8ef8f0128a8f0ea340061','130403','',null,null,'1',null,null,null,null,null,null);
insert into bd_dictionaryvalue(id,id_dictionary,id_parent,code,value,num,description,enableFlag,editableFlag,systemFlag,ft,lt,fu,lu) values('4028810028a8ef8f0128a8f0ea530065','40288100288c226801288c2987e90001','4028810028a8ef8f0128a8f0ea340061','130404','',null,null,'1',null,null,null,null,null,null);
insert into bd_dictionaryvalue(id,id_dictionary,id_parent,code,value,num,description,enableFlag,editableFlag,systemFlag,ft,lt,fu,lu) values('4028810028a8ef8f0128a8f0ea620066','40288100288c226801288c2987e90001','4028810028a8ef8f0128a8f0ea340061','130406','',null,null,'1',null,null,null,null,null,null);
insert into bd_dictionaryvalue(id,id_dictionary,id_parent,code,value,num,description,enableFlag,editableFlag,systemFlag,ft,lt,fu,lu) values('4028810028a8ef8f0128a8f0ea620067','40288100288c226801288c2987e90001','4028810028a8ef8f0128a8f0ea340061','130421','',null,null,'1',null,null,null,null,null,null);
insert into bd_dictionaryvalue(id,id_dictionary,id_parent,code,value,num,description,enableFlag,editableFlag,systemFlag,ft,lt,fu,lu) values('4028810028a8ef8f0128a8f0ea720068','40288100288c226801288c2987e90001','4028810028a8ef8f0128a8f0ea340061','130423','',null,null,'1',null,null,null,null,null,null);
insert into bd_dictionaryvalue(id,id_dictionary,id_parent,code,value,num,description,enableFlag,editableFlag,systemFlag,ft,lt,fu,lu) values('4028810028a8ef8f0128a8f0ea720069','40288100288c226801288c2987e90001','4028810028a8ef8f0128a8f0ea340061','130424','',null,null,'1',null,null,null,null,null,null);
insert into bd_dictionaryvalue(id,id_dictionary,id_parent,code,value,num,description,enableFlag,editableFlag,systemFlag,ft,lt,fu,lu) values('4028810028a8ef8f0128a8f0ea82006a','40288100288c226801288c2987e90001','4028810028a8ef8f0128a8f0ea340061','130425','',null,null,'1',null,null,null,null,null,null);
insert into bd_dictionaryvalue(id,id_dictionary,id_parent,code,value,num,description,enableFlag,editableFlag,systemFlag,ft,lt,fu,lu) values('4028810028a8ef8f0128a8f0ea82006b','40288100288c226801288c2987e90001','4028810028a8ef8f0128a8f0ea340061','130426','',null,null,'1',null,null,null,null,null,null);
insert into bd_dictionaryvalue(id,id_dictionary,id_parent,code,value,num,description,enableFlag,editableFlag,systemFlag,ft,lt,fu,lu) values('4028810028a8ef8f0128a8f0ea91006c','40288100288c226801288c2987e90001','4028810028a8ef8f0128a8f0ea340061','130427','',null,null,'1',null,null,null,null,null,null);
insert into bd_dictionaryvalue(id,id_dictionary,id_parent,code,value,num,description,enableFlag,editableFlag,systemFlag,ft,lt,fu,lu) values('4028810028a8ef8f0128a8f0ea91006d','40288100288c226801288c2987e90001','4028810028a8ef8f0128a8f0ea340061','130428','',null,null,'1',null,null,null,null,null,null);
insert into bd_dictionaryvalue(id,id_dictionary,id_parent,code,value,num,description,enableFlag,editableFlag,systemFlag,ft,lt,fu,lu) values('4028810028a8ef8f0128a8f0eaa1006e','40288100288c226801288c2987e90001','4028810028a8ef8f0128a8f0ea340061','130429','',null,null,'1',null,null,null,null,null,null);
insert into bd_dictionaryvalue(id,id_dictionary,id_parent,code,value,num,description,enableFlag,editableFlag,systemFlag,ft,lt,fu,lu) values('4028810028a8ef8f0128a8f0eaa1006f','40288100288c226801288c2987e90001','4028810028a8ef8f0128a8f0ea340061','130430','',null,null,'1',null,null,null,null,null,null);
insert into bd_dictionaryvalue(id,id_dictionary,id_parent,code,value,num,description,enableFlag,editableFlag,systemFlag,ft,lt,fu,lu) values('4028810028a8ef8f0128a8f0eaa10070','40288100288c226801288c2987e90001','4028810028a8ef8f0128a8f0ea340061','130431','',null,null,'1',null,null,null,null,null,null);
insert into bd_dictionaryvalue(id,id_dictionary,id_parent,code,value,num,description,enableFlag,editableFlag,systemFlag,ft,lt,fu,lu) values('4028810028a8ef8f0128a8f0eab10071','40288100288c226801288c2987e90001','4028810028a8ef8f0128a8f0ea340061','130432','',null,null,'1',null,null,null,null,null,null);
insert into bd_dictionaryvalue(id,id_dictionary,id_parent,code,value,num,description,enableFlag,editableFlag,systemFlag,ft,lt,fu,lu) values('4028810028a8ef8f0128a8f0eab10072','40288100288c226801288c2987e90001','4028810028a8ef8f0128a8f0ea340061','130433','',null,null,'1',null,null,null,null,null,null);
insert into bd_dictionaryvalue(id,id_dictionary,id_parent,code,value,num,description,enableFlag,editableFlag,systemFlag,ft,lt,fu,lu) values('4028810028a8ef8f0128a8f0eab10073','40288100288c226801288c2987e90001','4028810028a8ef8f0128a8f0ea340061','130434','',null,null,'1',null,null,null,null,null,null);
insert into bd_dictionaryvalue(id,id_dictionary,id_parent,code,value,num,description,enableFlag,editableFlag,systemFlag,ft,lt,fu,lu) values('4028810028a8ef8f0128a8f0eac00074','40288100288c226801288c2987e90001','4028810028a8ef8f0128a8f0ea340061','130435','',null,null,'1',null,null,null,null,null,null);
insert into bd_dictionaryvalue(id,id_dictionary,id_parent,code,value,num,description,enableFlag,editableFlag,systemFlag,ft,lt,fu,lu) values('4028810028a8ef8f0128a8f0eac00075','40288100288c226801288c2987e90001','4028810028a8ef8f0128a8f0ea340061','130481','',null,null,'1',null,null,null,null,null,null);
insert into bd_dictionaryvalue(id,id_dictionary,id_parent,code,value,num,description,enableFlag,editableFlag,systemFlag,ft,lt,fu,lu) values('4028810028a8ef8f0128a8f0ead00076','40288100288c226801288c2987e90001','4028810028a8ef8f0128a8f0e8bd002c','130500','',null,null,'1',null,null,null,null,null,null);
insert into bd_dictionaryvalue(id,id_dictionary,id_parent,code,value,num,description,enableFlag,editableFlag,systemFlag,ft,lt,fu,lu) values('4028810028a8ef8f0128a8f0ead00077','40288100288c226801288c2987e90001','4028810028a8ef8f0128a8f0ead00076','130501','',null,null,'1',null,null,null,null,null,null);
insert into bd_dictionaryvalue(id,id_dictionary,id_parent,code,value,num,description,enableFlag,editableFlag,systemFlag,ft,lt,fu,lu) values('4028810028a8ef8f0128a8f0eadf0078','40288100288c226801288c2987e90001','4028810028a8ef8f0128a8f0ead00076','130502','',null,null,'1',null,null,null,null,null,null);
insert into bd_dictionaryvalue(id,id_dictionary,id_parent,code,value,num,description,enableFlag,editableFlag,systemFlag,ft,lt,fu,lu) values('4028810028a8ef8f0128a8f0eadf0079','40288100288c226801288c2987e90001','4028810028a8ef8f0128a8f0ead00076','130503','',null,null,'1',null,null,null,null,null,null);
insert into bd_dictionaryvalue(id,id_dictionary,id_parent,code,value,num,description,enableFlag,editableFlag,systemFlag,ft,lt,fu,lu) values('4028810028a8ef8f0128a8f0eadf007a','40288100288c226801288c2987e90001','4028810028a8ef8f0128a8f0ead00076','130521','',null,null,'1',null,null,null,null,null,null);
insert into bd_dictionaryvalue(id,id_dictionary,id_parent,code,value,num,description,enableFlag,editableFlag,systemFlag,ft,lt,fu,lu) values('4028810028a8ef8f0128a8f0eaef007b','40288100288c226801288c2987e90001','4028810028a8ef8f0128a8f0ead00076','130522','',null,null,'1',null,null,null,null,null,null);
insert into bd_dictionaryvalue(id,id_dictionary,id_parent,code,value,num,description,enableFlag,editableFlag,systemFlag,ft,lt,fu,lu) values('4028810028a8ef8f0128a8f0eaef007c','40288100288c226801288c2987e90001','4028810028a8ef8f0128a8f0ead00076','130523','',null,null,'1',null,null,null,null,null,null);
insert into bd_dictionaryvalue(id,id_dictionary,id_parent,code,value,num,description,enableFlag,editableFlag,systemFlag,ft,lt,fu,lu) values('4028810028a8ef8f0128a8f0eaff007d','40288100288c226801288c2987e90001','4028810028a8ef8f0128a8f0ead00076','130524','',null,null,'1',null,null,null,null,null,null);
insert into bd_dictionaryvalue(id,id_dictionary,id_parent,code,value,num,description,enableFlag,editableFlag,systemFlag,ft,lt,fu,lu) values('4028810028a8ef8f0128a8f0eaff007e','40288100288c226801288c2987e90001','4028810028a8ef8f0128a8f0ead00076','130525','',null,null,'1',null,null,null,null,null,null);
insert into bd_dictionaryvalue(id,id_dictionary,id_parent,code,value,num,description,enableFlag,editableFlag,systemFlag,ft,lt,fu,lu) values('4028810028a8ef8f0128a8f0eaff007f','40288100288c226801288c2987e90001','4028810028a8ef8f0128a8f0ead00076','130526','',null,null,'1',null,null,null,null,null,null);
insert into bd_dictionaryvalue(id,id_dictionary,id_parent,code,value,num,description,enableFlag,editableFlag,systemFlag,ft,lt,fu,lu) values('4028810028a8ef8f0128a8f0eb0e0080','40288100288c226801288c2987e90001','4028810028a8ef8f0128a8f0ead00076','130527','',null,null,'1',null,null,null,null,null,null);
insert into bd_dictionaryvalue(id,id_dictionary,id_parent,code,value,num,description,enableFlag,editableFlag,systemFlag,ft,lt,fu,lu) values('4028810028a8ef8f0128a8f0eb1e0081','40288100288c226801288c2987e90001','4028810028a8ef8f0128a8f0ead00076','130528','',null,null,'1',null,null,null,null,null,null);
insert into bd_dictionaryvalue(id,id_dictionary,id_parent,code,value,num,description,enableFlag,editableFlag,systemFlag,ft,lt,fu,lu) values('4028810028a8ef8f0128a8f0eb1e0082','40288100288c226801288c2987e90001','4028810028a8ef8f0128a8f0ead00076','130529','',null,null,'1',null,null,null,null,null,null);
insert into bd_dictionaryvalue(id,id_dictionary,id_parent,code,value,num,description,enableFlag,editableFlag,systemFlag,ft,lt,fu,lu) values('4028810028a8ef8f0128a8f0eb1e0083','40288100288c226801288c2987e90001','4028810028a8ef8f0128a8f0ead00076','130530','',null,null,'1',null,null,null,null,null,null);
insert into bd_dictionaryvalue(id,id_dictionary,id_parent,code,value,num,description,enableFlag,editableFlag,systemFlag,ft,lt,fu,lu) values('4028810028a8ef8f0128a8f0eb2e0084','40288100288c226801288c2987e90001','4028810028a8ef8f0128a8f0ead00076','130531','',null,null,'1',null,null,null,null,null,null);
insert into bd_dictionaryvalue(id,id_dictionary,id_parent,code,value,num,description,enableFlag,editableFlag,systemFlag,ft,lt,fu,lu) values('4028810028a8ef8f0128a8f0eb2e0085','40288100288c226801288c2987e90001','4028810028a8ef8f0128a8f0ead00076','130532','',null,null,'1',null,null,null,null,null,null);
insert into bd_dictionaryvalue(id,id_dictionary,id_parent,code,value,num,description,enableFlag,editableFlag,systemFlag,ft,lt,fu,lu) values('4028810028a8ef8f0128a8f0eb3d0086','40288100288c226801288c2987e90001','4028810028a8ef8f0128a8f0ead00076','130533','',null,null,'1',null,null,null,null,null,null);
insert into bd_dictionaryvalue(id,id_dictionary,id_parent,code,value,num,description,enableFlag,editableFlag,systemFlag,ft,lt,fu,lu) values('4028810028a8ef8f0128a8f0eb3d0087','40288100288c226801288c2987e90001','4028810028a8ef8f0128a8f0ead00076','130534','',null,null,'1',null,null,null,null,null,null);
insert into bd_dictionaryvalue(id,id_dictionary,id_parent,code,value,num,description,enableFlag,editableFlag,systemFlag,ft,lt,fu,lu) values('4028810028a8ef8f0128a8f0eb3d0088','40288100288c226801288c2987e90001','4028810028a8ef8f0128a8f0ead00076','130535','',null,null,'1',null,null,null,null,null,null);
insert into bd_dictionaryvalue(id,id_dictionary,id_parent,code,value,num,description,enableFlag,editableFlag,systemFlag,ft,lt,fu,lu) values('4028810028a8ef8f0128a8f0eb4d0089','40288100288c226801288c2987e90001','4028810028a8ef8f0128a8f0ead00076','130581','',null,null,'1',null,null,null,null,null,null);
insert into bd_dictionaryvalue(id,id_dictionary,id_parent,code,value,num,description,enableFlag,editableFlag,systemFlag,ft,lt,fu,lu) values('4028810028a8ef8f0128a8f0eb5c008a','40288100288c226801288c2987e90001','4028810028a8ef8f0128a8f0ead00076','130582','',null,null,'1',null,null,null,null,null,null);
insert into bd_dictionaryvalue(id,id_dictionary,id_parent,code,value,num,description,enableFlag,editableFlag,systemFlag,ft,lt,fu,lu) values('4028810028a8ef8f0128a8f0eb5c008b','40288100288c226801288c2987e90001','4028810028a8ef8f0128a8f0e8bd002c','130600','',null,null,'1',null,null,null,null,null,null);
insert into bd_dictionaryvalue(id,id_dictionary,id_parent,code,value,num,description,enableFlag,editableFlag,systemFlag,ft,lt,fu,lu) values('4028810028a8ef8f0128a8f0eb6c008c','40288100288c226801288c2987e90001','4028810028a8ef8f0128a8f0eb5c008b','130601','',null,null,'1',null,null,null,null,null,null);
insert into bd_dictionaryvalue(id,id_dictionary,id_parent,code,value,num,description,enableFlag,editableFlag,systemFlag,ft,lt,fu,lu) values('4028810028a8ef8f0128a8f0eb6c008d','40288100288c226801288c2987e90001','4028810028a8ef8f0128a8f0eb5c008b','130602','',null,null,'1',null,null,null,null,null,null);
insert into bd_dictionaryvalue(id,id_dictionary,id_parent,code,value,num,description,enableFlag,editableFlag,systemFlag,ft,lt,fu,lu) values('4028810028a8ef8f0128a8f0eb6c008e','40288100288c226801288c2987e90001','4028810028a8ef8f0128a8f0eb5c008b','130603','',null,null,'1',null,null,null,null,null,null);
insert into bd_dictionaryvalue(id,id_dictionary,id_parent,code,value,num,description,enableFlag,editableFlag,systemFlag,ft,lt,fu,lu) values('4028810028a8ef8f0128a8f0eb7c008f','40288100288c226801288c2987e90001','4028810028a8ef8f0128a8f0eb5c008b','130604','',null,null,'1',null,null,null,null,null,null);
insert into bd_dictionaryvalue(id,id_dictionary,id_parent,code,value,num,description,enableFlag,editableFlag,systemFlag,ft,lt,fu,lu) values('4028810028a8ef8f0128a8f0eb7c0090','40288100288c226801288c2987e90001','4028810028a8ef8f0128a8f0eb5c008b','130621','',null,null,'1',null,null,null,null,null,null);
insert into bd_dictionaryvalue(id,id_dictionary,id_parent,code,value,num,description,enableFlag,editableFlag,systemFlag,ft,lt,fu,lu) values('4028810028a8ef8f0128a8f0eb9b0091','40288100288c226801288c2987e90001','4028810028a8ef8f0128a8f0eb5c008b','130622','',null,null,'1',null,null,null,null,null,null);
insert into bd_dictionaryvalue(id,id_dictionary,id_parent,code,value,num,description,enableFlag,editableFlag,systemFlag,ft,lt,fu,lu) values('4028810028a8ef8f0128a8f0eb9b0092','40288100288c226801288c2987e90001','4028810028a8ef8f0128a8f0eb5c008b','130623','',null,null,'1',null,null,null,null,null,null);
insert into bd_dictionaryvalue(id,id_dictionary,id_parent,code,value,num,description,enableFlag,editableFlag,systemFlag,ft,lt,fu,lu) values('4028810028a8ef8f0128a8f0ebab0093','40288100288c226801288c2987e90001','4028810028a8ef8f0128a8f0eb5c008b','130624','',null,null,'1',null,null,null,null,null,null);
insert into bd_dictionaryvalue(id,id_dictionary,id_parent,code,value,num,description,enableFlag,editableFlag,systemFlag,ft,lt,fu,lu) values('4028810028a8ef8f0128a8f0ebab0094','40288100288c226801288c2987e90001','4028810028a8ef8f0128a8f0eb5c008b','130625','',null,null,'1',null,null,null,null,null,null);
insert into bd_dictionaryvalue(id,id_dictionary,id_parent,code,value,num,description,enableFlag,editableFlag,systemFlag,ft,lt,fu,lu) values('4028810028a8ef8f0128a8f0ebba0095','40288100288c226801288c2987e90001','4028810028a8ef8f0128a8f0eb5c008b','130626','',null,null,'1',null,null,null,null,null,null);
insert into bd_dictionaryvalue(id,id_dictionary,id_parent,code,value,num,description,enableFlag,editableFlag,systemFlag,ft,lt,fu,lu) values('4028810028a8ef8f0128a8f0ebba0096','40288100288c226801288c2987e90001','4028810028a8ef8f0128a8f0eb5c008b','130627','',null,null,'1',null,null,null,null,null,null);
insert into bd_dictionaryvalue(id,id_dictionary,id_parent,code,value,num,description,enableFlag,editableFlag,systemFlag,ft,lt,fu,lu) values('4028810028a8ef8f0128a8f0ebca0097','40288100288c226801288c2987e90001','4028810028a8ef8f0128a8f0eb5c008b','130628','',null,null,'1',null,null,null,null,null,null);
insert into bd_dictionaryvalue(id,id_dictionary,id_parent,code,value,num,description,enableFlag,editableFlag,systemFlag,ft,lt,fu,lu) values('4028810028a8ef8f0128a8f0ebca0098','40288100288c226801288c2987e90001','4028810028a8ef8f0128a8f0eb5c008b','130629','',null,null,'1',null,null,null,null,null,null);
insert into bd_dictionaryvalue(id,id_dictionary,id_parent,code,value,num,description,enableFlag,editableFlag,systemFlag,ft,lt,fu,lu) values('4028810028a8ef8f0128a8f0ebd90099','40288100288c226801288c2987e90001','4028810028a8ef8f0128a8f0eb5c008b','130630','',null,null,'1',null,null,null,null,null,null);
insert into bd_dictionaryvalue(id,id_dictionary,id_parent,code,value,num,description,enableFlag,editableFlag,systemFlag,ft,lt,fu,lu) values('4028810028a8ef8f0128a8f0ebd9009a','40288100288c226801288c2987e90001','4028810028a8ef8f0128a8f0eb5c008b','130631','',null,null,'1',null,null,null,null,null,null);
insert into bd_dictionaryvalue(id,id_dictionary,id_parent,code,value,num,description,enableFlag,editableFlag,systemFlag,ft,lt,fu,lu) values('4028810028a8ef8f0128a8f0ebe9009b','40288100288c226801288c2987e90001','4028810028a8ef8f0128a8f0eb5c008b','130632','',null,null,'1',null,null,null,null,null,null);
insert into bd_dictionaryvalue(id,id_dictionary,id_parent,code,value,num,description,enableFlag,editableFlag,systemFlag,ft,lt,fu,lu) values('4028810028a8ef8f0128a8f0ebe9009c','40288100288c226801288c2987e90001','4028810028a8ef8f0128a8f0eb5c008b','130633','',null,null,'1',null,null,null,null,null,null);
insert into bd_dictionaryvalue(id,id_dictionary,id_parent,code,value,num,description,enableFlag,editableFlag,systemFlag,ft,lt,fu,lu) values('4028810028a8ef8f0128a8f0ebf9009d','40288100288c226801288c2987e90001','4028810028a8ef8f0128a8f0eb5c008b','130634','',null,null,'1',null,null,null,null,null,null);
insert into bd_dictionaryvalue(id,id_dictionary,id_parent,code,value,num,description,enableFlag,editableFlag,systemFlag,ft,lt,fu,lu) values('4028810028a8ef8f0128a8f0ebf9009e','40288100288c226801288c2987e90001','4028810028a8ef8f0128a8f0eb5c008b','130635','',null,null,'1',null,null,null,null,null,null);
insert into bd_dictionaryvalue(id,id_dictionary,id_parent,code,value,num,description,enableFlag,editableFlag,systemFlag,ft,lt,fu,lu) values('4028810028a8ef8f0128a8f0ebf9009f','40288100288c226801288c2987e90001','4028810028a8ef8f0128a8f0eb5c008b','130636','',null,null,'1',null,null,null,null,null,null);
insert into bd_dictionaryvalue(id,id_dictionary,id_parent,code,value,num,description,enableFlag,editableFlag,systemFlag,ft,lt,fu,lu) values('4028810028a8ef8f0128a8f0ec0800a0','40288100288c226801288c2987e90001','4028810028a8ef8f0128a8f0eb5c008b','130637','',null,null,'1',null,null,null,null,null,null);
insert into bd_dictionaryvalue(id,id_dictionary,id_parent,code,value,num,description,enableFlag,editableFlag,systemFlag,ft,lt,fu,lu) values('4028810028a8ef8f0128a8f0ec0800a1','40288100288c226801288c2987e90001','4028810028a8ef8f0128a8f0eb5c008b','130638','',null,null,'1',null,null,null,null,null,null);
insert into bd_dictionaryvalue(id,id_dictionary,id_parent,code,value,num,description,enableFlag,editableFlag,systemFlag,ft,lt,fu,lu) values('4028810028a8ef8f0128a8f0ec1800a2','40288100288c226801288c2987e90001','4028810028a8ef8f0128a8f0eb5c008b','130681','',null,null,'1',null,null,null,null,null,null);
insert into bd_dictionaryvalue(id,id_dictionary,id_parent,code,value,num,description,enableFlag,editableFlag,systemFlag,ft,lt,fu,lu) values('4028810028a8ef8f0128a8f0ec1800a3','40288100288c226801288c2987e90001','4028810028a8ef8f0128a8f0eb5c008b','130682','',null,null,'1',null,null,null,null,null,null);
insert into bd_dictionaryvalue(id,id_dictionary,id_parent,code,value,num,description,enableFlag,editableFlag,systemFlag,ft,lt,fu,lu) values('4028810028a8ef8f0128a8f0ec2800a4','40288100288c226801288c2987e90001','4028810028a8ef8f0128a8f0eb5c008b','130683','',null,null,'1',null,null,null,null,null,null);
insert into bd_dictionaryvalue(id,id_dictionary,id_parent,code,value,num,description,enableFlag,editableFlag,systemFlag,ft,lt,fu,lu) values('4028810028a8ef8f0128a8f0ec2800a5','40288100288c226801288c2987e90001','4028810028a8ef8f0128a8f0eb5c008b','130684','',null,null,'1',null,null,null,null,null,null);
insert into bd_dictionaryvalue(id,id_dictionary,id_parent,code,value,num,description,enableFlag,editableFlag,systemFlag,ft,lt,fu,lu) values('4028810028a8ef8f0128a8f0ec3700a6','40288100288c226801288c2987e90001','4028810028a8ef8f0128a8f0e8bd002c','130700','',null,null,'1',null,null,null,null,null,null);
insert into bd_dictionaryvalue(id,id_dictionary,id_parent,code,value,num,description,enableFlag,editableFlag,systemFlag,ft,lt,fu,lu) values('4028810028a8ef8f0128a8f0ec3700a7','40288100288c226801288c2987e90001','4028810028a8ef8f0128a8f0ec3700a6','130701','',null,null,'1',null,null,null,null,null,null);
insert into bd_dictionaryvalue(id,id_dictionary,id_parent,code,value,num,description,enableFlag,editableFlag,systemFlag,ft,lt,fu,lu) values('4028810028a8ef8f0128a8f0ec4700a8','40288100288c226801288c2987e90001','4028810028a8ef8f0128a8f0ec3700a6','130702','',null,null,'1',null,null,null,null,null,null);
insert into bd_dictionaryvalue(id,id_dictionary,id_parent,code,value,num,description,enableFlag,editableFlag,systemFlag,ft,lt,fu,lu) values('4028810028a8ef8f0128a8f0ec4700a9','40288100288c226801288c2987e90001','4028810028a8ef8f0128a8f0ec3700a6','130703','',null,null,'1',null,null,null,null,null,null);
insert into bd_dictionaryvalue(id,id_dictionary,id_parent,code,value,num,description,enableFlag,editableFlag,systemFlag,ft,lt,fu,lu) values('4028810028a8ef8f0128a8f0ec5600aa','40288100288c226801288c2987e90001','4028810028a8ef8f0128a8f0ec3700a6','130705','',null,null,'1',null,null,null,null,null,null);
insert into bd_dictionaryvalue(id,id_dictionary,id_parent,code,value,num,description,enableFlag,editableFlag,systemFlag,ft,lt,fu,lu) values('4028810028a8ef8f0128a8f0ec5600ab','40288100288c226801288c2987e90001','4028810028a8ef8f0128a8f0ec3700a6','130706','',null,null,'1',null,null,null,null,null,null);
insert into bd_dictionaryvalue(id,id_dictionary,id_parent,code,value,num,description,enableFlag,editableFlag,systemFlag,ft,lt,fu,lu) values('4028810028a8ef8f0128a8f0ec6600ac','40288100288c226801288c2987e90001','4028810028a8ef8f0128a8f0ec3700a6','130721','',null,null,'1',null,null,null,null,null,null);
insert into bd_dictionaryvalue(id,id_dictionary,id_parent,code,value,num,description,enableFlag,editableFlag,systemFlag,ft,lt,fu,lu) values('4028810028a8ef8f0128a8f0ec6600ad','40288100288c226801288c2987e90001','4028810028a8ef8f0128a8f0ec3700a6','130722','',null,null,'1',null,null,null,null,null,null);
insert into bd_dictionaryvalue(id,id_dictionary,id_parent,code,value,num,description,enableFlag,editableFlag,systemFlag,ft,lt,fu,lu) values('4028810028a8ef8f0128a8f0ec6600ae','40288100288c226801288c2987e90001','4028810028a8ef8f0128a8f0ec3700a6','130723','',null,null,'1',null,null,null,null,null,null);
insert into bd_dictionaryvalue(id,id_dictionary,id_parent,code,value,num,description,enableFlag,editableFlag,systemFlag,ft,lt,fu,lu) values('4028810028a8ef8f0128a8f0ec7600af','40288100288c226801288c2987e90001','4028810028a8ef8f0128a8f0ec3700a6','130724','',null,null,'1',null,null,null,null,null,null);
insert into bd_dictionaryvalue(id,id_dictionary,id_parent,code,value,num,description,enableFlag,editableFlag,systemFlag,ft,lt,fu,lu) values('4028810028a8ef8f0128a8f0ec7600b0','40288100288c226801288c2987e90001','4028810028a8ef8f0128a8f0ec3700a6','130725','',null,null,'1',null,null,null,null,null,null);
insert into bd_dictionaryvalue(id,id_dictionary,id_parent,code,value,num,description,enableFlag,editableFlag,systemFlag,ft,lt,fu,lu) values('4028810028a8ef8f0128a8f0ec8500b1','40288100288c226801288c2987e90001','4028810028a8ef8f0128a8f0ec3700a6','130726','',null,null,'1',null,null,null,null,null,null);
insert into bd_dictionaryvalue(id,id_dictionary,id_parent,code,value,num,description,enableFlag,editableFlag,systemFlag,ft,lt,fu,lu) values('4028810028a8ef8f0128a8f0ec8500b2','40288100288c226801288c2987e90001','4028810028a8ef8f0128a8f0ec3700a6','130727','',null,null,'1',null,null,null,null,null,null);
insert into bd_dictionaryvalue(id,id_dictionary,id_parent,code,value,num,description,enableFlag,editableFlag,systemFlag,ft,lt,fu,lu) values('4028810028a8ef8f0128a8f0ec9500b3','40288100288c226801288c2987e90001','4028810028a8ef8f0128a8f0ec3700a6','130728','',null,null,'1',null,null,null,null,null,null);
insert into bd_dictionaryvalue(id,id_dictionary,id_parent,code,value,num,description,enableFlag,editableFlag,systemFlag,ft,lt,fu,lu) values('4028810028a8ef8f0128a8f0ec9500b4','40288100288c226801288c2987e90001','4028810028a8ef8f0128a8f0ec3700a6','130729','',null,null,'1',null,null,null,null,null,null);
insert into bd_dictionaryvalue(id,id_dictionary,id_parent,code,value,num,description,enableFlag,editableFlag,systemFlag,ft,lt,fu,lu) values('4028810028a8ef8f0128a8f0eca500b5','40288100288c226801288c2987e90001','4028810028a8ef8f0128a8f0ec3700a6','130730','',null,null,'1',null,null,null,null,null,null);
insert into bd_dictionaryvalue(id,id_dictionary,id_parent,code,value,num,description,enableFlag,editableFlag,systemFlag,ft,lt,fu,lu) values('4028810028a8ef8f0128a8f0eca500b6','40288100288c226801288c2987e90001','4028810028a8ef8f0128a8f0ec3700a6','130731','',null,null,'1',null,null,null,null,null,null);
insert into bd_dictionaryvalue(id,id_dictionary,id_parent,code,value,num,description,enableFlag,editableFlag,systemFlag,ft,lt,fu,lu) values('4028810028a8ef8f0128a8f0ecb400b7','40288100288c226801288c2987e90001','4028810028a8ef8f0128a8f0ec3700a6','130732','',null,null,'1',null,null,null,null,null,null);
insert into bd_dictionaryvalue(id,id_dictionary,id_parent,code,value,num,description,enableFlag,editableFlag,systemFlag,ft,lt,fu,lu) values('4028810028a8ef8f0128a8f0ecb400b8','40288100288c226801288c2987e90001','4028810028a8ef8f0128a8f0ec3700a6','130733','',null,null,'1',null,null,null,null,null,null);
insert into bd_dictionaryvalue(id,id_dictionary,id_parent,code,value,num,description,enableFlag,editableFlag,systemFlag,ft,lt,fu,lu) values('4028810028a8ef8f0128a8f0ecc400b9','40288100288c226801288c2987e90001','4028810028a8ef8f0128a8f0e8bd002c','130800','',null,null,'1',null,null,null,null,null,null);
insert into bd_dictionaryvalue(id,id_dictionary,id_parent,code,value,num,description,enableFlag,editableFlag,systemFlag,ft,lt,fu,lu) values('4028810028a8ef8f0128a8f0ecc400ba','40288100288c226801288c2987e90001','4028810028a8ef8f0128a8f0ecc400b9','130801','',null,null,'1',null,null,null,null,null,null);
insert into bd_dictionaryvalue(id,id_dictionary,id_parent,code,value,num,description,enableFlag,editableFlag,systemFlag,ft,lt,fu,lu) values('4028810028a8ef8f0128a8f0ecd300bb','40288100288c226801288c2987e90001','4028810028a8ef8f0128a8f0ecc400b9','130802','',null,null,'1',null,null,null,null,null,null);
insert into bd_dictionaryvalue(id,id_dictionary,id_parent,code,value,num,description,enableFlag,editableFlag,systemFlag,ft,lt,fu,lu) values('4028810028a8ef8f0128a8f0ecd300bc','40288100288c226801288c2987e90001','4028810028a8ef8f0128a8f0ecc400b9','130803','',null,null,'1',null,null,null,null,null,null);
insert into bd_dictionaryvalue(id,id_dictionary,id_parent,code,value,num,description,enableFlag,editableFlag,systemFlag,ft,lt,fu,lu) values('4028810028a8ef8f0128a8f0ece300bd','40288100288c226801288c2987e90001','4028810028a8ef8f0128a8f0ecc400b9','130804','',null,null,'1',null,null,null,null,null,null);
insert into bd_dictionaryvalue(id,id_dictionary,id_parent,code,value,num,description,enableFlag,editableFlag,systemFlag,ft,lt,fu,lu) values('4028810028a8ef8f0128a8f0ece300be','40288100288c226801288c2987e90001','4028810028a8ef8f0128a8f0ecc400b9','130821','',null,null,'1',null,null,null,null,null,null);
insert into bd_dictionaryvalue(id,id_dictionary,id_parent,code,value,num,description,enableFlag,editableFlag,systemFlag,ft,lt,fu,lu) values('4028810028a8ef8f0128a8f0ecf300bf','40288100288c226801288c2987e90001','4028810028a8ef8f0128a8f0ecc400b9','130822','',null,null,'1',null,null,null,null,null,null);
insert into bd_dictionaryvalue(id,id_dictionary,id_parent,code,value,num,description,enableFlag,editableFlag,systemFlag,ft,lt,fu,lu) values('4028810028a8ef8f0128a8f0ecf300c0','40288100288c226801288c2987e90001','4028810028a8ef8f0128a8f0ecc400b9','130823','',null,null,'1',null,null,null,null,null,null);
insert into bd_dictionaryvalue(id,id_dictionary,id_parent,code,value,num,description,enableFlag,editableFlag,systemFlag,ft,lt,fu,lu) values('4028810028a8ef8f0128a8f0ed0200c1','40288100288c226801288c2987e90001','4028810028a8ef8f0128a8f0ecc400b9','130824','',null,null,'1',null,null,null,null,null,null);
insert into bd_dictionaryvalue(id,id_dictionary,id_parent,code,value,num,description,enableFlag,editableFlag,systemFlag,ft,lt,fu,lu) values('4028810028a8ef8f0128a8f0ed0200c2','40288100288c226801288c2987e90001','4028810028a8ef8f0128a8f0ecc400b9','130825','',null,null,'1',null,null,null,null,null,null);
insert into bd_dictionaryvalue(id,id_dictionary,id_parent,code,value,num,description,enableFlag,editableFlag,systemFlag,ft,lt,fu,lu) values('4028810028a8ef8f0128a8f0ed1200c3','40288100288c226801288c2987e90001','4028810028a8ef8f0128a8f0ecc400b9','130826','',null,null,'1',null,null,null,null,null,null);
insert into bd_dictionaryvalue(id,id_dictionary,id_parent,code,value,num,description,enableFlag,editableFlag,systemFlag,ft,lt,fu,lu) values('4028810028a8ef8f0128a8f0ed2200c4','40288100288c226801288c2987e90001','4028810028a8ef8f0128a8f0ecc400b9','130827','',null,null,'1',null,null,null,null,null,null);
insert into bd_dictionaryvalue(id,id_dictionary,id_parent,code,value,num,description,enableFlag,editableFlag,systemFlag,ft,lt,fu,lu) values('4028810028a8ef8f0128a8f0ed3100c5','40288100288c226801288c2987e90001','4028810028a8ef8f0128a8f0ecc400b9','130828','',null,null,'1',null,null,null,null,null,null);
insert into bd_dictionaryvalue(id,id_dictionary,id_parent,code,value,num,description,enableFlag,editableFlag,systemFlag,ft,lt,fu,lu) values('4028810028a8ef8f0128a8f0ed3100c6','40288100288c226801288c2987e90001','4028810028a8ef8f0128a8f0e8bd002c','130900','',null,null,'1',null,null,null,null,null,null);
insert into bd_dictionaryvalue(id,id_dictionary,id_parent,code,value,num,description,enableFlag,editableFlag,systemFlag,ft,lt,fu,lu) values('4028810028a8ef8f0128a8f0ed4100c7','40288100288c226801288c2987e90001','4028810028a8ef8f0128a8f0ed3100c6','130901','',null,null,'1',null,null,null,null,null,null);
insert into bd_dictionaryvalue(id,id_dictionary,id_parent,code,value,num,description,enableFlag,editableFlag,systemFlag,ft,lt,fu,lu) values('4028810028a8ef8f0128a8f0ed4100c8','40288100288c226801288c2987e90001','4028810028a8ef8f0128a8f0ed3100c6','130902','',null,null,'1',null,null,null,null,null,null);
insert into bd_dictionaryvalue(id,id_dictionary,id_parent,code,value,num,description,enableFlag,editableFlag,systemFlag,ft,lt,fu,lu) values('4028810028a8ef8f0128a8f0ed5000c9','40288100288c226801288c2987e90001','4028810028a8ef8f0128a8f0ed3100c6','130903','',null,null,'1',null,null,null,null,null,null);
insert into bd_dictionaryvalue(id,id_dictionary,id_parent,code,value,num,description,enableFlag,editableFlag,systemFlag,ft,lt,fu,lu) values('4028810028a8ef8f0128a8f0ed5000ca','40288100288c226801288c2987e90001','4028810028a8ef8f0128a8f0ed3100c6','130921','',null,null,'1',null,null,null,null,null,null);
insert into bd_dictionaryvalue(id,id_dictionary,id_parent,code,value,num,description,enableFlag,editableFlag,systemFlag,ft,lt,fu,lu) values('4028810028a8ef8f0128a8f0ed5000cb','40288100288c226801288c2987e90001','4028810028a8ef8f0128a8f0ed3100c6','130922','',null,null,'1',null,null,null,null,null,null);
insert into bd_dictionaryvalue(id,id_dictionary,id_parent,code,value,num,description,enableFlag,editableFlag,systemFlag,ft,lt,fu,lu) values('4028810028a8ef8f0128a8f0ed6000cc','40288100288c226801288c2987e90001','4028810028a8ef8f0128a8f0ed3100c6','130923','',null,null,'1',null,null,null,null,null,null);
insert into bd_dictionaryvalue(id,id_dictionary,id_parent,code,value,num,description,enableFlag,editableFlag,systemFlag,ft,lt,fu,lu) values('4028810028a8ef8f0128a8f0ed6000cd','40288100288c226801288c2987e90001','4028810028a8ef8f0128a8f0ed3100c6','130924','',null,null,'1',null,null,null,null,null,null);
insert into bd_dictionaryvalue(id,id_dictionary,id_parent,code,value,num,description,enableFlag,editableFlag,systemFlag,ft,lt,fu,lu) values('4028810028a8ef8f0128a8f0ed7000ce','40288100288c226801288c2987e90001','4028810028a8ef8f0128a8f0ed3100c6','130925','',null,null,'1',null,null,null,null,null,null);
insert into bd_dictionaryvalue(id,id_dictionary,id_parent,code,value,num,description,enableFlag,editableFlag,systemFlag,ft,lt,fu,lu) values('4028810028a8ef8f0128a8f0ed7000cf','40288100288c226801288c2987e90001','4028810028a8ef8f0128a8f0ed3100c6','130926','',null,null,'1',null,null,null,null,null,null);
insert into bd_dictionaryvalue(id,id_dictionary,id_parent,code,value,num,description,enableFlag,editableFlag,systemFlag,ft,lt,fu,lu) values('4028810028a8ef8f0128a8f0ed7f00d0','40288100288c226801288c2987e90001','4028810028a8ef8f0128a8f0ed3100c6','130927','',null,null,'1',null,null,null,null,null,null);
insert into bd_dictionaryvalue(id,id_dictionary,id_parent,code,value,num,description,enableFlag,editableFlag,systemFlag,ft,lt,fu,lu) values('4028810028a8ef8f0128a8f0ed7f00d1','40288100288c226801288c2987e90001','4028810028a8ef8f0128a8f0ed3100c6','130928','',null,null,'1',null,null,null,null,null,null);
insert into bd_dictionaryvalue(id,id_dictionary,id_parent,code,value,num,description,enableFlag,editableFlag,systemFlag,ft,lt,fu,lu) values('4028810028a8ef8f0128a8f0ed8f00d2','40288100288c226801288c2987e90001','4028810028a8ef8f0128a8f0ed3100c6','130929','',null,null,'1',null,null,null,null,null,null);
insert into bd_dictionaryvalue(id,id_dictionary,id_parent,code,value,num,description,enableFlag,editableFlag,systemFlag,ft,lt,fu,lu) values('4028810028a8ef8f0128a8f0ed8f00d3','40288100288c226801288c2987e90001','4028810028a8ef8f0128a8f0ed3100c6','130930','',null,null,'1',null,null,null,null,null,null);
insert into bd_dictionaryvalue(id,id_dictionary,id_parent,code,value,num,description,enableFlag,editableFlag,systemFlag,ft,lt,fu,lu) values('4028810028a8ef8f0128a8f0ed9f00d4','40288100288c226801288c2987e90001','4028810028a8ef8f0128a8f0ed3100c6','130981','',null,null,'1',null,null,null,null,null,null);
insert into bd_dictionaryvalue(id,id_dictionary,id_parent,code,value,num,description,enableFlag,editableFlag,systemFlag,ft,lt,fu,lu) values('4028810028a8ef8f0128a8f0ed9f00d5','40288100288c226801288c2987e90001','4028810028a8ef8f0128a8f0ed3100c6','130982','',null,null,'1',null,null,null,null,null,null);
insert into bd_dictionaryvalue(id,id_dictionary,id_parent,code,value,num,description,enableFlag,editableFlag,systemFlag,ft,lt,fu,lu) values('4028810028a8ef8f0128a8f0edae00d6','40288100288c226801288c2987e90001','4028810028a8ef8f0128a8f0ed3100c6','130983','',null,null,'1',null,null,null,null,null,null);
insert into bd_dictionaryvalue(id,id_dictionary,id_parent,code,value,num,description,enableFlag,editableFlag,systemFlag,ft,lt,fu,lu) values('4028810028a8ef8f0128a8f0edae00d7','40288100288c226801288c2987e90001','4028810028a8ef8f0128a8f0ed3100c6','130984','',null,null,'1',null,null,null,null,null,null);
insert into bd_dictionaryvalue(id,id_dictionary,id_parent,code,value,num,description,enableFlag,editableFlag,systemFlag,ft,lt,fu,lu) values('4028810028a8ef8f0128a8f0edbe00d8','40288100288c226801288c2987e90001','4028810028a8ef8f0128a8f0e8bd002c','131000','',null,null,'1',null,null,null,null,null,null);
insert into bd_dictionaryvalue(id,id_dictionary,id_parent,code,value,num,description,enableFlag,editableFlag,systemFlag,ft,lt,fu,lu) values('4028810028a8ef8f0128a8f0edbe00d9','40288100288c226801288c2987e90001','4028810028a8ef8f0128a8f0edbe00d8','131001','',null,null,'1',null,null,null,null,null,null);
insert into bd_dictionaryvalue(id,id_dictionary,id_parent,code,value,num,description,enableFlag,editableFlag,systemFlag,ft,lt,fu,lu) values('4028810028a8ef8f0128a8f0edcd00da','40288100288c226801288c2987e90001','4028810028a8ef8f0128a8f0edbe00d8','131002','',null,null,'1',null,null,null,null,null,null);
insert into bd_dictionaryvalue(id,id_dictionary,id_parent,code,value,num,description,enableFlag,editableFlag,systemFlag,ft,lt,fu,lu) values('4028810028a8ef8f0128a8f0edcd00db','40288100288c226801288c2987e90001','4028810028a8ef8f0128a8f0edbe00d8','131003','',null,null,'1',null,null,null,null,null,null);
insert into bd_dictionaryvalue(id,id_dictionary,id_parent,code,value,num,description,enableFlag,editableFlag,systemFlag,ft,lt,fu,lu) values('4028810028a8ef8f0128a8f0eddd00dc','40288100288c226801288c2987e90001','4028810028a8ef8f0128a8f0edbe00d8','131022','',null,null,'1',null,null,null,null,null,null);
insert into bd_dictionaryvalue(id,id_dictionary,id_parent,code,value,num,description,enableFlag,editableFlag,systemFlag,ft,lt,fu,lu) values('4028810028a8ef8f0128a8f0eddd00dd','40288100288c226801288c2987e90001','4028810028a8ef8f0128a8f0edbe00d8','131023','',null,null,'1',null,null,null,null,null,null);
insert into bd_dictionaryvalue(id,id_dictionary,id_parent,code,value,num,description,enableFlag,editableFlag,systemFlag,ft,lt,fu,lu) values('4028810028a8ef8f0128a8f0eded00de','40288100288c226801288c2987e90001','4028810028a8ef8f0128a8f0edbe00d8','131024','',null,null,'1',null,null,null,null,null,null);
insert into bd_dictionaryvalue(id,id_dictionary,id_parent,code,value,num,description,enableFlag,editableFlag,systemFlag,ft,lt,fu,lu) values('4028810028a8ef8f0128a8f0edfc00df','40288100288c226801288c2987e90001','4028810028a8ef8f0128a8f0edbe00d8','131025','',null,null,'1',null,null,null,null,null,null);
insert into bd_dictionaryvalue(id,id_dictionary,id_parent,code,value,num,description,enableFlag,editableFlag,systemFlag,ft,lt,fu,lu) values('4028810028a8ef8f0128a8f0edfc00e0','40288100288c226801288c2987e90001','4028810028a8ef8f0128a8f0edbe00d8','131026','',null,null,'1',null,null,null,null,null,null);
insert into bd_dictionaryvalue(id,id_dictionary,id_parent,code,value,num,description,enableFlag,editableFlag,systemFlag,ft,lt,fu,lu) values('4028810028a8ef8f0128a8f0ee0c00e1','40288100288c226801288c2987e90001','4028810028a8ef8f0128a8f0edbe00d8','131028','',null,null,'1',null,null,null,null,null,null);
insert into bd_dictionaryvalue(id,id_dictionary,id_parent,code,value,num,description,enableFlag,editableFlag,systemFlag,ft,lt,fu,lu) values('4028810028a8ef8f0128a8f0ee0c00e2','40288100288c226801288c2987e90001','4028810028a8ef8f0128a8f0edbe00d8','131081','',null,null,'1',null,null,null,null,null,null);
insert into bd_dictionaryvalue(id,id_dictionary,id_parent,code,value,num,description,enableFlag,editableFlag,systemFlag,ft,lt,fu,lu) values('4028810028a8ef8f0128a8f0ee0c00e3','40288100288c226801288c2987e90001','4028810028a8ef8f0128a8f0edbe00d8','131082','',null,null,'1',null,null,null,null,null,null);
insert into bd_dictionaryvalue(id,id_dictionary,id_parent,code,value,num,description,enableFlag,editableFlag,systemFlag,ft,lt,fu,lu) values('4028810028a8ef8f0128a8f0ee1c00e4','40288100288c226801288c2987e90001','4028810028a8ef8f0128a8f0e8bd002c','131100','',null,null,'1',null,null,null,null,null,null);
insert into bd_dictionaryvalue(id,id_dictionary,id_parent,code,value,num,description,enableFlag,editableFlag,systemFlag,ft,lt,fu,lu) values('4028810028a8ef8f0128a8f0ee2b00e5','40288100288c226801288c2987e90001','4028810028a8ef8f0128a8f0ee1c00e4','131101','',null,null,'1',null,null,null,null,null,null);
insert into bd_dictionaryvalue(id,id_dictionary,id_parent,code,value,num,description,enableFlag,editableFlag,systemFlag,ft,lt,fu,lu) values('4028810028a8ef8f0128a8f0ee2b00e6','40288100288c226801288c2987e90001','4028810028a8ef8f0128a8f0ee1c00e4','131102','',null,null,'1',null,null,null,null,null,null);
insert into bd_dictionaryvalue(id,id_dictionary,id_parent,code,value,num,description,enableFlag,editableFlag,systemFlag,ft,lt,fu,lu) values('4028810028a8ef8f0128a8f0ee3b00e7','40288100288c226801288c2987e90001','4028810028a8ef8f0128a8f0ee1c00e4','131121','',null,null,'1',null,null,null,null,null,null);
insert into bd_dictionaryvalue(id,id_dictionary,id_parent,code,value,num,description,enableFlag,editableFlag,systemFlag,ft,lt,fu,lu) values('4028810028a8ef8f0128a8f0ee3b00e8','40288100288c226801288c2987e90001','4028810028a8ef8f0128a8f0ee1c00e4','131122','',null,null,'1',null,null,null,null,null,null);
insert into bd_dictionaryvalue(id,id_dictionary,id_parent,code,value,num,description,enableFlag,editableFlag,systemFlag,ft,lt,fu,lu) values('4028810028a8ef8f0128a8f0ee4a00e9','40288100288c226801288c2987e90001','4028810028a8ef8f0128a8f0ee1c00e4','131123','',null,null,'1',null,null,null,null,null,null);
insert into bd_dictionaryvalue(id,id_dictionary,id_parent,code,value,num,description,enableFlag,editableFlag,systemFlag,ft,lt,fu,lu) values('4028810028a8ef8f0128a8f0ee4a00ea','40288100288c226801288c2987e90001','4028810028a8ef8f0128a8f0ee1c00e4','131124','',null,null,'1',null,null,null,null,null,null);
insert into bd_dictionaryvalue(id,id_dictionary,id_parent,code,value,num,description,enableFlag,editableFlag,systemFlag,ft,lt,fu,lu) values('4028810028a8ef8f0128a8f0ee4a00eb','40288100288c226801288c2987e90001','4028810028a8ef8f0128a8f0ee1c00e4','131125','',null,null,'1',null,null,null,null,null,null);
insert into bd_dictionaryvalue(id,id_dictionary,id_parent,code,value,num,description,enableFlag,editableFlag,systemFlag,ft,lt,fu,lu) values('4028810028a8ef8f0128a8f0ee5a00ec','40288100288c226801288c2987e90001','4028810028a8ef8f0128a8f0ee1c00e4','131126','',null,null,'1',null,null,null,null,null,null);
insert into bd_dictionaryvalue(id,id_dictionary,id_parent,code,value,num,description,enableFlag,editableFlag,systemFlag,ft,lt,fu,lu) values('4028810028a8ef8f0128a8f0ee5a00ed','40288100288c226801288c2987e90001','4028810028a8ef8f0128a8f0ee1c00e4','131127','',null,null,'1',null,null,null,null,null,null);
insert into bd_dictionaryvalue(id,id_dictionary,id_parent,code,value,num,description,enableFlag,editableFlag,systemFlag,ft,lt,fu,lu) values('4028810028a8ef8f0128a8f0ee7900ee','40288100288c226801288c2987e90001','4028810028a8ef8f0128a8f0ee1c00e4','131128','',null,null,'1',null,null,null,null,null,null);
insert into bd_dictionaryvalue(id,id_dictionary,id_parent,code,value,num,description,enableFlag,editableFlag,systemFlag,ft,lt,fu,lu) values('4028810028a8ef8f0128a8f0ee7900ef','40288100288c226801288c2987e90001','4028810028a8ef8f0128a8f0ee1c00e4','131181','',null,null,'1',null,null,null,null,null,null);
insert into bd_dictionaryvalue(id,id_dictionary,id_parent,code,value,num,description,enableFlag,editableFlag,systemFlag,ft,lt,fu,lu) values('4028810028a8ef8f0128a8f0ee8900f0','40288100288c226801288c2987e90001','4028810028a8ef8f0128a8f0ee1c00e4','131182','',null,null,'1',null,null,null,null,null,null);
insert into bd_dictionaryvalue(id,id_dictionary,id_parent,code,value,num,description,enableFlag,editableFlag,systemFlag,ft,lt,fu,lu) values('4028810028a8ef8f0128a8f0f8ab020a','40288100288c226801288c2987e90001','4028810028a8ef8f0128a8f0f88b0207','210203','',null,null,'1',null,null,null,null,null,null);
insert into bd_dictionaryvalue(id,id_dictionary,id_parent,code,value,num,description,enableFlag,editableFlag,systemFlag,ft,lt,fu,lu) values('4028810028a8ef8f0128a8f0f8ab020b','40288100288c226801288c2987e90001','4028810028a8ef8f0128a8f0f88b0207','210204','',null,null,'1',null,null,null,null,null,null);
insert into bd_dictionaryvalue(id,id_dictionary,id_parent,code,value,num,description,enableFlag,editableFlag,systemFlag,ft,lt,fu,lu) values('4028810028a8ef8f0128a8f0f8ba020c','40288100288c226801288c2987e90001','4028810028a8ef8f0128a8f0f88b0207','210211','',null,null,'1',null,null,null,null,null,null);
insert into bd_dictionaryvalue(id,id_dictionary,id_parent,code,value,num,description,enableFlag,editableFlag,systemFlag,ft,lt,fu,lu) values('4028810028a8ef8f0128a8f0f8ca020d','40288100288c226801288c2987e90001','4028810028a8ef8f0128a8f0f88b0207','210212','',null,null,'1',null,null,null,null,null,null);
insert into bd_dictionaryvalue(id,id_dictionary,id_parent,code,value,num,description,enableFlag,editableFlag,systemFlag,ft,lt,fu,lu) values('4028810028a8ef8f0128a8f0f8ca020e','40288100288c226801288c2987e90001','4028810028a8ef8f0128a8f0f88b0207','210213','',null,null,'1',null,null,null,null,null,null);
insert into bd_dictionaryvalue(id,id_dictionary,id_parent,code,value,num,description,enableFlag,editableFlag,systemFlag,ft,lt,fu,lu) values('4028810028a8ef8f0128a8f0f8da020f','40288100288c226801288c2987e90001','4028810028a8ef8f0128a8f0f88b0207','210224','',null,null,'1',null,null,null,null,null,null);
insert into bd_dictionaryvalue(id,id_dictionary,id_parent,code,value,num,description,enableFlag,editableFlag,systemFlag,ft,lt,fu,lu) values('4028810028a8ef8f0128a8f0f8e90210','40288100288c226801288c2987e90001','4028810028a8ef8f0128a8f0f88b0207','210281','',null,null,'1',null,null,null,null,null,null);
insert into bd_dictionaryvalue(id,id_dictionary,id_parent,code,value,num,description,enableFlag,editableFlag,systemFlag,ft,lt,fu,lu) values('4028810028a8ef8f0128a8f0f8e90211','40288100288c226801288c2987e90001','4028810028a8ef8f0128a8f0f88b0207','210282','',null,null,'1',null,null,null,null,null,null);
insert into bd_dictionaryvalue(id,id_dictionary,id_parent,code,value,num,description,enableFlag,editableFlag,systemFlag,ft,lt,fu,lu) values('4028810028a8ef8f0128a8f0f8f90212','40288100288c226801288c2987e90001','4028810028a8ef8f0128a8f0f88b0207','210283','',null,null,'1',null,null,null,null,null,null);
insert into bd_dictionaryvalue(id,id_dictionary,id_parent,code,value,num,description,enableFlag,editableFlag,systemFlag,ft,lt,fu,lu) values('4028810028a8ef8f0128a8f0f9080213','40288100288c226801288c2987e90001','4028810028a8ef8f0128a8f0f7e001f7','210300','',null,null,'1',null,null,null,null,null,null);
insert into bd_dictionaryvalue(id,id_dictionary,id_parent,code,value,num,description,enableFlag,editableFlag,systemFlag,ft,lt,fu,lu) values('4028810028a8ef8f0128a8f0f9080214','40288100288c226801288c2987e90001','4028810028a8ef8f0128a8f0f9080213','210301','',null,null,'1',null,null,null,null,null,null);
insert into bd_dictionaryvalue(id,id_dictionary,id_parent,code,value,num,description,enableFlag,editableFlag,systemFlag,ft,lt,fu,lu) values('4028810028a8ef8f0128a8f0f9180215','40288100288c226801288c2987e90001','4028810028a8ef8f0128a8f0f9080213','210302','',null,null,'1',null,null,null,null,null,null);
insert into bd_dictionaryvalue(id,id_dictionary,id_parent,code,value,num,description,enableFlag,editableFlag,systemFlag,ft,lt,fu,lu) values('4028810028a8ef8f0128a8f0f9280216','40288100288c226801288c2987e90001','4028810028a8ef8f0128a8f0f9080213','210303','',null,null,'1',null,null,null,null,null,null);
insert into bd_dictionaryvalue(id,id_dictionary,id_parent,code,value,num,description,enableFlag,editableFlag,systemFlag,ft,lt,fu,lu) values('4028810028a8ef8f0128a8f0f9280217','40288100288c226801288c2987e90001','4028810028a8ef8f0128a8f0f9080213','210304','',null,null,'1',null,null,null,null,null,null);
insert into bd_dictionaryvalue(id,id_dictionary,id_parent,code,value,num,description,enableFlag,editableFlag,systemFlag,ft,lt,fu,lu) values('4028810028a8ef8f0128a8f0f9370218','40288100288c226801288c2987e90001','4028810028a8ef8f0128a8f0f9080213','210311','',null,null,'1',null,null,null,null,null,null);
insert into bd_dictionaryvalue(id,id_dictionary,id_parent,code,value,num,description,enableFlag,editableFlag,systemFlag,ft,lt,fu,lu) values('4028810028a8ef8f0128a8f0f9470219','40288100288c226801288c2987e90001','4028810028a8ef8f0128a8f0f9080213','210321','',null,null,'1',null,null,null,null,null,null);
insert into bd_dictionaryvalue(id,id_dictionary,id_parent,code,value,num,description,enableFlag,editableFlag,systemFlag,ft,lt,fu,lu) values('4028810028a8ef8f0128a8f0f947021a','40288100288c226801288c2987e90001','4028810028a8ef8f0128a8f0f9080213','210323','',null,null,'1',null,null,null,null,null,null);
insert into bd_dictionaryvalue(id,id_dictionary,id_parent,code,value,num,description,enableFlag,editableFlag,systemFlag,ft,lt,fu,lu) values('4028810028a8ef8f0128a8f0f957021b','40288100288c226801288c2987e90001','4028810028a8ef8f0128a8f0f9080213','210381','',null,null,'1',null,null,null,null,null,null);
insert into bd_dictionaryvalue(id,id_dictionary,id_parent,code,value,num,description,enableFlag,editableFlag,systemFlag,ft,lt,fu,lu) values('4028810028a8ef8f0128a8f0f966021c','40288100288c226801288c2987e90001','4028810028a8ef8f0128a8f0f7e001f7','210400','',null,null,'1',null,null,null,null,null,null);
insert into bd_dictionaryvalue(id,id_dictionary,id_parent,code,value,num,description,enableFlag,editableFlag,systemFlag,ft,lt,fu,lu) values('4028810028a8ef8f0128a8f0f976021d','40288100288c226801288c2987e90001','4028810028a8ef8f0128a8f0f966021c','210401','',null,null,'1',null,null,null,null,null,null);
insert into bd_dictionaryvalue(id,id_dictionary,id_parent,code,value,num,description,enableFlag,editableFlag,systemFlag,ft,lt,fu,lu) values('4028810028a8ef8f0128a8f0f976021e','40288100288c226801288c2987e90001','4028810028a8ef8f0128a8f0f966021c','210402','',null,null,'1',null,null,null,null,null,null);
insert into bd_dictionaryvalue(id,id_dictionary,id_parent,code,value,num,description,enableFlag,editableFlag,systemFlag,ft,lt,fu,lu) values('4028810028a8ef8f0128a8f0f985021f','40288100288c226801288c2987e90001','4028810028a8ef8f0128a8f0f966021c','210403','',null,null,'1',null,null,null,null,null,null);
insert into bd_dictionaryvalue(id,id_dictionary,id_parent,code,value,num,description,enableFlag,editableFlag,systemFlag,ft,lt,fu,lu) values('4028810028a8ef8f0128a8f0f9950220','40288100288c226801288c2987e90001','4028810028a8ef8f0128a8f0f966021c','210404','',null,null,'1',null,null,null,null,null,null);
insert into bd_dictionaryvalue(id,id_dictionary,id_parent,code,value,num,description,enableFlag,editableFlag,systemFlag,ft,lt,fu,lu) values('4028810028a8ef8f0128a8f0f9a50221','40288100288c226801288c2987e90001','4028810028a8ef8f0128a8f0f966021c','210411','',null,null,'1',null,null,null,null,null,null);
insert into bd_dictionaryvalue(id,id_dictionary,id_parent,code,value,num,description,enableFlag,editableFlag,systemFlag,ft,lt,fu,lu) values('4028810028a8ef8f0128a8f0f9b40222','40288100288c226801288c2987e90001','4028810028a8ef8f0128a8f0f966021c','210421','',null,null,'1',null,null,null,null,null,null);
insert into bd_dictionaryvalue(id,id_dictionary,id_parent,code,value,num,description,enableFlag,editableFlag,systemFlag,ft,lt,fu,lu) values('4028810028a8ef8f0128a8f0f9b40223','40288100288c226801288c2987e90001','4028810028a8ef8f0128a8f0f966021c','210422','',null,null,'1',null,null,null,null,null,null);
insert into bd_dictionaryvalue(id,id_dictionary,id_parent,code,value,num,description,enableFlag,editableFlag,systemFlag,ft,lt,fu,lu) values('4028810028a8ef8f0128a8f0f9c40224','40288100288c226801288c2987e90001','4028810028a8ef8f0128a8f0f966021c','210423','',null,null,'1',null,null,null,null,null,null);
insert into bd_dictionaryvalue(id,id_dictionary,id_parent,code,value,num,description,enableFlag,editableFlag,systemFlag,ft,lt,fu,lu) values('4028810028a8ef8f0128a8f0f9d40225','40288100288c226801288c2987e90001','4028810028a8ef8f0128a8f0f7e001f7','210500','',null,null,'1',null,null,null,null,null,null);
insert into bd_dictionaryvalue(id,id_dictionary,id_parent,code,value,num,description,enableFlag,editableFlag,systemFlag,ft,lt,fu,lu) values('4028810028a8ef8f0128a8f0f9d40226','40288100288c226801288c2987e90001','4028810028a8ef8f0128a8f0f9d40225','210501','',null,null,'1',null,null,null,null,null,null);
insert into bd_dictionaryvalue(id,id_dictionary,id_parent,code,value,num,description,enableFlag,editableFlag,systemFlag,ft,lt,fu,lu) values('4028810028a8ef8f0128a8f0f9e30227','40288100288c226801288c2987e90001','4028810028a8ef8f0128a8f0f9d40225','210502','',null,null,'1',null,null,null,null,null,null);
insert into bd_dictionaryvalue(id,id_dictionary,id_parent,code,value,num,description,enableFlag,editableFlag,systemFlag,ft,lt,fu,lu) values('4028810028a8ef8f0128a8f0f9e30228','40288100288c226801288c2987e90001','4028810028a8ef8f0128a8f0f9d40225','210503','',null,null,'1',null,null,null,null,null,null);
insert into bd_dictionaryvalue(id,id_dictionary,id_parent,code,value,num,description,enableFlag,editableFlag,systemFlag,ft,lt,fu,lu) values('4028810028a8ef8f0128a8f0f9f30229','40288100288c226801288c2987e90001','4028810028a8ef8f0128a8f0f9d40225','210504','',null,null,'1',null,null,null,null,null,null);
insert into bd_dictionaryvalue(id,id_dictionary,id_parent,code,value,num,description,enableFlag,editableFlag,systemFlag,ft,lt,fu,lu) values('4028810028a8ef8f0128a8f0fa02022a','40288100288c226801288c2987e90001','4028810028a8ef8f0128a8f0f9d40225','210505','',null,null,'1',null,null,null,null,null,null);
insert into bd_dictionaryvalue(id,id_dictionary,id_parent,code,value,num,description,enableFlag,editableFlag,systemFlag,ft,lt,fu,lu) values('4028810028a8ef8f0128a8f0fa02022b','40288100288c226801288c2987e90001','4028810028a8ef8f0128a8f0f9d40225','210521','',null,null,'1',null,null,null,null,null,null);
insert into bd_dictionaryvalue(id,id_dictionary,id_parent,code,value,num,description,enableFlag,editableFlag,systemFlag,ft,lt,fu,lu) values('4028810028a8ef8f0128a8f0fa12022c','40288100288c226801288c2987e90001','4028810028a8ef8f0128a8f0f9d40225','210522','',null,null,'1',null,null,null,null,null,null);
insert into bd_dictionaryvalue(id,id_dictionary,id_parent,code,value,num,description,enableFlag,editableFlag,systemFlag,ft,lt,fu,lu) values('4028810028a8ef8f0128a8f0fa22022d','40288100288c226801288c2987e90001','4028810028a8ef8f0128a8f0f7e001f7','210600','',null,null,'1',null,null,null,null,null,null);
insert into bd_dictionaryvalue(id,id_dictionary,id_parent,code,value,num,description,enableFlag,editableFlag,systemFlag,ft,lt,fu,lu) values('4028810028a8ef8f0128a8f0fa31022e','40288100288c226801288c2987e90001','4028810028a8ef8f0128a8f0fa22022d','210601','',null,null,'1',null,null,null,null,null,null);
insert into bd_dictionaryvalue(id,id_dictionary,id_parent,code,value,num,description,enableFlag,editableFlag,systemFlag,ft,lt,fu,lu) values('4028810028a8ef8f0128a8f0fa31022f','40288100288c226801288c2987e90001','4028810028a8ef8f0128a8f0fa22022d','210602','',null,null,'1',null,null,null,null,null,null);
insert into bd_dictionaryvalue(id,id_dictionary,id_parent,code,value,num,description,enableFlag,editableFlag,systemFlag,ft,lt,fu,lu) values('4028810028a8ef8f0128a8f0fa410230','40288100288c226801288c2987e90001','4028810028a8ef8f0128a8f0fa22022d','210603','',null,null,'1',null,null,null,null,null,null);
insert into bd_dictionaryvalue(id,id_dictionary,id_parent,code,value,num,description,enableFlag,editableFlag,systemFlag,ft,lt,fu,lu) values('4028810028a8ef8f0128a8f0fa510231','40288100288c226801288c2987e90001','4028810028a8ef8f0128a8f0fa22022d','210604','',null,null,'1',null,null,null,null,null,null);
insert into bd_dictionaryvalue(id,id_dictionary,id_parent,code,value,num,description,enableFlag,editableFlag,systemFlag,ft,lt,fu,lu) values('4028810028a8ef8f0128a8f0fa510232','40288100288c226801288c2987e90001','4028810028a8ef8f0128a8f0fa22022d','210624','',null,null,'1',null,null,null,null,null,null);
insert into bd_dictionaryvalue(id,id_dictionary,id_parent,code,value,num,description,enableFlag,editableFlag,systemFlag,ft,lt,fu,lu) values('4028810028a8ef8f0128a8f0fa600233','40288100288c226801288c2987e90001','4028810028a8ef8f0128a8f0fa22022d','210681','',null,null,'1',null,null,null,null,null,null);
insert into bd_dictionaryvalue(id,id_dictionary,id_parent,code,value,num,description,enableFlag,editableFlag,systemFlag,ft,lt,fu,lu) values('4028810028a8ef8f0128a8f0fa700234','40288100288c226801288c2987e90001','4028810028a8ef8f0128a8f0fa22022d','210682','',null,null,'1',null,null,null,null,null,null);
insert into bd_dictionaryvalue(id,id_dictionary,id_parent,code,value,num,description,enableFlag,editableFlag,systemFlag,ft,lt,fu,lu) values('4028810028a8ef8f0128a8f0fa700235','40288100288c226801288c2987e90001','4028810028a8ef8f0128a8f0f7e001f7','210700','',null,null,'1',null,null,null,null,null,null);
insert into bd_dictionaryvalue(id,id_dictionary,id_parent,code,value,num,description,enableFlag,editableFlag,systemFlag,ft,lt,fu,lu) values('4028810028a8ef8f0128a8f0fa7f0236','40288100288c226801288c2987e90001','4028810028a8ef8f0128a8f0fa700235','210701','',null,null,'1',null,null,null,null,null,null);
insert into bd_dictionaryvalue(id,id_dictionary,id_parent,code,value,num,description,enableFlag,editableFlag,systemFlag,ft,lt,fu,lu) values('4028810028a8ef8f0128a8f0fa8f0237','40288100288c226801288c2987e90001','4028810028a8ef8f0128a8f0fa700235','210702','',null,null,'1',null,null,null,null,null,null);
insert into bd_dictionaryvalue(id,id_dictionary,id_parent,code,value,num,description,enableFlag,editableFlag,systemFlag,ft,lt,fu,lu) values('4028810028a8ef8f0128a8f0fa9f0238','40288100288c226801288c2987e90001','4028810028a8ef8f0128a8f0fa700235','210703','',null,null,'1',null,null,null,null,null,null);
insert into bd_dictionaryvalue(id,id_dictionary,id_parent,code,value,num,description,enableFlag,editableFlag,systemFlag,ft,lt,fu,lu) values('4028810028a8ef8f0128a8f0fa9f0239','40288100288c226801288c2987e90001','4028810028a8ef8f0128a8f0fa700235','210711','',null,null,'1',null,null,null,null,null,null);
insert into bd_dictionaryvalue(id,id_dictionary,id_parent,code,value,num,description,enableFlag,editableFlag,systemFlag,ft,lt,fu,lu) values('4028810028a8ef8f0128a8f0faae023a','40288100288c226801288c2987e90001','4028810028a8ef8f0128a8f0fa700235','210726','',null,null,'1',null,null,null,null,null,null);
insert into bd_dictionaryvalue(id,id_dictionary,id_parent,code,value,num,description,enableFlag,editableFlag,systemFlag,ft,lt,fu,lu) values('4028810028a8ef8f0128a8f0fabe023b','40288100288c226801288c2987e90001','4028810028a8ef8f0128a8f0fa700235','210727','',null,null,'1',null,null,null,null,null,null);
insert into bd_dictionaryvalue(id,id_dictionary,id_parent,code,value,num,description,enableFlag,editableFlag,systemFlag,ft,lt,fu,lu) values('4028810028a8ef8f0128a8f0face023c','40288100288c226801288c2987e90001','4028810028a8ef8f0128a8f0fa700235','210781','',null,null,'1',null,null,null,null,null,null);
insert into bd_dictionaryvalue(id,id_dictionary,id_parent,code,value,num,description,enableFlag,editableFlag,systemFlag,ft,lt,fu,lu) values('4028810028a8ef8f0128a8f0face023d','40288100288c226801288c2987e90001','4028810028a8ef8f0128a8f0fa700235','210782','',null,null,'1',null,null,null,null,null,null);
insert into bd_dictionaryvalue(id,id_dictionary,id_parent,code,value,num,description,enableFlag,editableFlag,systemFlag,ft,lt,fu,lu) values('4028810028a8ef8f0128a8f0fadd023e','40288100288c226801288c2987e90001','4028810028a8ef8f0128a8f0f7e001f7','210800','',null,null,'1',null,null,null,null,null,null);
insert into bd_dictionaryvalue(id,id_dictionary,id_parent,code,value,num,description,enableFlag,editableFlag,systemFlag,ft,lt,fu,lu) values('4028810028a8ef8f0128a8f0faed023f','40288100288c226801288c2987e90001','4028810028a8ef8f0128a8f0fadd023e','210801','',null,null,'1',null,null,null,null,null,null);
insert into bd_dictionaryvalue(id,id_dictionary,id_parent,code,value,num,description,enableFlag,editableFlag,systemFlag,ft,lt,fu,lu) values('4028810028a8ef8f0128a8f0faed0240','40288100288c226801288c2987e90001','4028810028a8ef8f0128a8f0fadd023e','210802','',null,null,'1',null,null,null,null,null,null);
insert into bd_dictionaryvalue(id,id_dictionary,id_parent,code,value,num,description,enableFlag,editableFlag,systemFlag,ft,lt,fu,lu) values('4028810028a8ef8f0128a8f0fafc0241','40288100288c226801288c2987e90001','4028810028a8ef8f0128a8f0fadd023e','210803','',null,null,'1',null,null,null,null,null,null);
insert into bd_dictionaryvalue(id,id_dictionary,id_parent,code,value,num,description,enableFlag,editableFlag,systemFlag,ft,lt,fu,lu) values('4028810028a8ef8f0128a8f0fb0c0242','40288100288c226801288c2987e90001','4028810028a8ef8f0128a8f0fadd023e','210804','',null,null,'1',null,null,null,null,null,null);
insert into bd_dictionaryvalue(id,id_dictionary,id_parent,code,value,num,description,enableFlag,editableFlag,systemFlag,ft,lt,fu,lu) values('4028810028a8ef8f0128a8f0fb0c0243','40288100288c226801288c2987e90001','4028810028a8ef8f0128a8f0fadd023e','210811','',null,null,'1',null,null,null,null,null,null);
insert into bd_dictionaryvalue(id,id_dictionary,id_parent,code,value,num,description,enableFlag,editableFlag,systemFlag,ft,lt,fu,lu) values('4028810028a8ef8f0128a8f0fb1c0244','40288100288c226801288c2987e90001','4028810028a8ef8f0128a8f0fadd023e','210881','',null,null,'1',null,null,null,null,null,null);
insert into bd_dictionaryvalue(id,id_dictionary,id_parent,code,value,num,description,enableFlag,editableFlag,systemFlag,ft,lt,fu,lu) values('4028810028a8ef8f0128a8f0fb2b0245','40288100288c226801288c2987e90001','4028810028a8ef8f0128a8f0fadd023e','210882','',null,null,'1',null,null,null,null,null,null);
insert into bd_dictionaryvalue(id,id_dictionary,id_parent,code,value,num,description,enableFlag,editableFlag,systemFlag,ft,lt,fu,lu) values('4028810028a8ef8f0128a8f0fb2b0246','40288100288c226801288c2987e90001','4028810028a8ef8f0128a8f0f7e001f7','210900','',null,null,'1',null,null,null,null,null,null);
insert into bd_dictionaryvalue(id,id_dictionary,id_parent,code,value,num,description,enableFlag,editableFlag,systemFlag,ft,lt,fu,lu) values('4028810028a8ef8f0128a8f0fb3b0247','40288100288c226801288c2987e90001','4028810028a8ef8f0128a8f0fb2b0246','210901','',null,null,'1',null,null,null,null,null,null);
insert into bd_dictionaryvalue(id,id_dictionary,id_parent,code,value,num,description,enableFlag,editableFlag,systemFlag,ft,lt,fu,lu) values('4028810028a8ef8f0128a8f0fb4b0248','40288100288c226801288c2987e90001','4028810028a8ef8f0128a8f0fb2b0246','210902','',null,null,'1',null,null,null,null,null,null);
insert into bd_dictionaryvalue(id,id_dictionary,id_parent,code,value,num,description,enableFlag,editableFlag,systemFlag,ft,lt,fu,lu) values('4028810028a8ef8f0128a8f0fb4b0249','40288100288c226801288c2987e90001','4028810028a8ef8f0128a8f0fb2b0246','210903','',null,null,'1',null,null,null,null,null,null);
insert into bd_dictionaryvalue(id,id_dictionary,id_parent,code,value,num,description,enableFlag,editableFlag,systemFlag,ft,lt,fu,lu) values('4028810028a8ef8f0128a8f0fb5a024a','40288100288c226801288c2987e90001','4028810028a8ef8f0128a8f0fb2b0246','210904','',null,null,'1',null,null,null,null,null,null);
insert into bd_dictionaryvalue(id,id_dictionary,id_parent,code,value,num,description,enableFlag,editableFlag,systemFlag,ft,lt,fu,lu) values('4028810028a8ef8f0128a8f0fb6a024b','40288100288c226801288c2987e90001','4028810028a8ef8f0128a8f0fb2b0246','210905','',null,null,'1',null,null,null,null,null,null);
insert into bd_dictionaryvalue(id,id_dictionary,id_parent,code,value,num,description,enableFlag,editableFlag,systemFlag,ft,lt,fu,lu) values('4028810028a8ef8f0128a8f0fb6a024c','40288100288c226801288c2987e90001','4028810028a8ef8f0128a8f0fb2b0246','210911','',null,null,'1',null,null,null,null,null,null);
insert into bd_dictionaryvalue(id,id_dictionary,id_parent,code,value,num,description,enableFlag,editableFlag,systemFlag,ft,lt,fu,lu) values('4028810028a8ef8f0128a8f0fb79024d','40288100288c226801288c2987e90001','4028810028a8ef8f0128a8f0fb2b0246','210921','',null,null,'1',null,null,null,null,null,null);
insert into bd_dictionaryvalue(id,id_dictionary,id_parent,code,value,num,description,enableFlag,editableFlag,systemFlag,ft,lt,fu,lu) values('4028810028a8ef8f0128a8f0fb89024e','40288100288c226801288c2987e90001','4028810028a8ef8f0128a8f0fb2b0246','210922','',null,null,'1',null,null,null,null,null,null);
insert into bd_dictionaryvalue(id,id_dictionary,id_parent,code,value,num,description,enableFlag,editableFlag,systemFlag,ft,lt,fu,lu) values('4028810028a8ef8f0128a8f0fb89024f','40288100288c226801288c2987e90001','4028810028a8ef8f0128a8f0f7e001f7','211000','',null,null,'1',null,null,null,null,null,null);
insert into bd_dictionaryvalue(id,id_dictionary,id_parent,code,value,num,description,enableFlag,editableFlag,systemFlag,ft,lt,fu,lu) values('4028810028a8ef8f0128a8f0fb990250','40288100288c226801288c2987e90001','4028810028a8ef8f0128a8f0fb89024f','211001','',null,null,'1',null,null,null,null,null,null);
insert into bd_dictionaryvalue(id,id_dictionary,id_parent,code,value,num,description,enableFlag,editableFlag,systemFlag,ft,lt,fu,lu) values('4028810028a8ef8f0128a8f0fba80251','40288100288c226801288c2987e90001','4028810028a8ef8f0128a8f0fb89024f','211002','',null,null,'1',null,null,null,null,null,null);
insert into bd_dictionaryvalue(id,id_dictionary,id_parent,code,value,num,description,enableFlag,editableFlag,systemFlag,ft,lt,fu,lu) values('4028810028a8ef8f0128a8f0fba80252','40288100288c226801288c2987e90001','4028810028a8ef8f0128a8f0fb89024f','211003','',null,null,'1',null,null,null,null,null,null);
insert into bd_dictionaryvalue(id,id_dictionary,id_parent,code,value,num,description,enableFlag,editableFlag,systemFlag,ft,lt,fu,lu) values('4028810028a8ef8f0128a8f0fbb80253','40288100288c226801288c2987e90001','4028810028a8ef8f0128a8f0fb89024f','211004','',null,null,'1',null,null,null,null,null,null);
insert into bd_dictionaryvalue(id,id_dictionary,id_parent,code,value,num,description,enableFlag,editableFlag,systemFlag,ft,lt,fu,lu) values('4028810028a8ef8f0128a8f0fbc80254','40288100288c226801288c2987e90001','4028810028a8ef8f0128a8f0fb89024f','211005','',null,null,'1',null,null,null,null,null,null);
insert into bd_dictionaryvalue(id,id_dictionary,id_parent,code,value,num,description,enableFlag,editableFlag,systemFlag,ft,lt,fu,lu) values('4028810028a8ef8f0128a8f0fbc80255','40288100288c226801288c2987e90001','4028810028a8ef8f0128a8f0fb89024f','211011','',null,null,'1',null,null,null,null,null,null);
insert into bd_dictionaryvalue(id,id_dictionary,id_parent,code,value,num,description,enableFlag,editableFlag,systemFlag,ft,lt,fu,lu) values('4028810028a8ef8f0128a8f0fbd70256','40288100288c226801288c2987e90001','4028810028a8ef8f0128a8f0fb89024f','211021','',null,null,'1',null,null,null,null,null,null);
insert into bd_dictionaryvalue(id,id_dictionary,id_parent,code,value,num,description,enableFlag,editableFlag,systemFlag,ft,lt,fu,lu) values('4028810028a8ef8f0128a8f0fbe70257','40288100288c226801288c2987e90001','4028810028a8ef8f0128a8f0fb89024f','211081','',null,null,'1',null,null,null,null,null,null);
insert into bd_dictionaryvalue(id,id_dictionary,id_parent,code,value,num,description,enableFlag,editableFlag,systemFlag,ft,lt,fu,lu) values('4028810028a8ef8f0128a8f0fbe70258','40288100288c226801288c2987e90001','4028810028a8ef8f0128a8f0f7e001f7','211100','',null,null,'1',null,null,null,null,null,null);
insert into bd_dictionaryvalue(id,id_dictionary,id_parent,code,value,num,description,enableFlag,editableFlag,systemFlag,ft,lt,fu,lu) values('4028810028a8ef8f0128a8f0fbf60259','40288100288c226801288c2987e90001','4028810028a8ef8f0128a8f0fbe70258','211101','',null,null,'1',null,null,null,null,null,null);
insert into bd_dictionaryvalue(id,id_dictionary,id_parent,code,value,num,description,enableFlag,editableFlag,systemFlag,ft,lt,fu,lu) values('4028810028a8ef8f0128a8f0fc06025a','40288100288c226801288c2987e90001','4028810028a8ef8f0128a8f0fbe70258','211102','',null,null,'1',null,null,null,null,null,null);
insert into bd_dictionaryvalue(id,id_dictionary,id_parent,code,value,num,description,enableFlag,editableFlag,systemFlag,ft,lt,fu,lu) values('4028810028a8ef8f0128a8f0fc16025b','40288100288c226801288c2987e90001','4028810028a8ef8f0128a8f0fbe70258','211103','',null,null,'1',null,null,null,null,null,null);
insert into bd_dictionaryvalue(id,id_dictionary,id_parent,code,value,num,description,enableFlag,editableFlag,systemFlag,ft,lt,fu,lu) values('4028810028a8ef8f0128a8f0fc25025c','40288100288c226801288c2987e90001','4028810028a8ef8f0128a8f0fbe70258','211121','',null,null,'1',null,null,null,null,null,null);
insert into bd_dictionaryvalue(id,id_dictionary,id_parent,code,value,num,description,enableFlag,editableFlag,systemFlag,ft,lt,fu,lu) values('4028810028a8ef8f0128a8f0fc25025d','40288100288c226801288c2987e90001','4028810028a8ef8f0128a8f0fbe70258','211122','',null,null,'1',null,null,null,null,null,null);
insert into bd_dictionaryvalue(id,id_dictionary,id_parent,code,value,num,description,enableFlag,editableFlag,systemFlag,ft,lt,fu,lu) values('4028810028a8ef8f0128a8f0fc45025e','40288100288c226801288c2987e90001','4028810028a8ef8f0128a8f0f7e001f7','211200','',null,null,'1',null,null,null,null,null,null);
insert into bd_dictionaryvalue(id,id_dictionary,id_parent,code,value,num,description,enableFlag,editableFlag,systemFlag,ft,lt,fu,lu) values('4028810028a8ef8f0128a8f0fc45025f','40288100288c226801288c2987e90001','4028810028a8ef8f0128a8f0fc45025e','211201','',null,null,'1',null,null,null,null,null,null);
insert into bd_dictionaryvalue(id,id_dictionary,id_parent,code,value,num,description,enableFlag,editableFlag,systemFlag,ft,lt,fu,lu) values('4028810028a8ef8f0128a8f0fc540260','40288100288c226801288c2987e90001','4028810028a8ef8f0128a8f0fc45025e','211202','',null,null,'1',null,null,null,null,null,null);
insert into bd_dictionaryvalue(id,id_dictionary,id_parent,code,value,num,description,enableFlag,editableFlag,systemFlag,ft,lt,fu,lu) values('4028810028a8ef8f0128a8f0fc640261','40288100288c226801288c2987e90001','4028810028a8ef8f0128a8f0fc45025e','211204','',null,null,'1',null,null,null,null,null,null);
insert into bd_dictionaryvalue(id,id_dictionary,id_parent,code,value,num,description,enableFlag,editableFlag,systemFlag,ft,lt,fu,lu) values('4028810028a8ef8f0128a8f0fc640262','40288100288c226801288c2987e90001','4028810028a8ef8f0128a8f0fc45025e','211221','',null,null,'1',null,null,null,null,null,null);
insert into bd_dictionaryvalue(id,id_dictionary,id_parent,code,value,num,description,enableFlag,editableFlag,systemFlag,ft,lt,fu,lu) values('4028810028a8ef8f0128a8f0fc730263','40288100288c226801288c2987e90001','4028810028a8ef8f0128a8f0fc45025e','211223','',null,null,'1',null,null,null,null,null,null);
insert into bd_dictionaryvalue(id,id_dictionary,id_parent,code,value,num,description,enableFlag,editableFlag,systemFlag,ft,lt,fu,lu) values('4028810028a8ef8f0128a8f0fc830264','40288100288c226801288c2987e90001','4028810028a8ef8f0128a8f0fc45025e','211224','',null,null,'1',null,null,null,null,null,null);
insert into bd_dictionaryvalue(id,id_dictionary,id_parent,code,value,num,description,enableFlag,editableFlag,systemFlag,ft,lt,fu,lu) values('4028810028a8ef8f0128a8f0fc930265','40288100288c226801288c2987e90001','4028810028a8ef8f0128a8f0fc45025e','211281','',null,null,'1',null,null,null,null,null,null);
insert into bd_dictionaryvalue(id,id_dictionary,id_parent,code,value,num,description,enableFlag,editableFlag,systemFlag,ft,lt,fu,lu) values('4028810028a8ef8f0128a8f0fc930266','40288100288c226801288c2987e90001','4028810028a8ef8f0128a8f0fc45025e','211282','',null,null,'1',null,null,null,null,null,null);
insert into bd_dictionaryvalue(id,id_dictionary,id_parent,code,value,num,description,enableFlag,editableFlag,systemFlag,ft,lt,fu,lu) values('4028810028a8ef8f0128a8f0fca20267','40288100288c226801288c2987e90001','4028810028a8ef8f0128a8f0f7e001f7','211300','',null,null,'1',null,null,null,null,null,null);
insert into bd_dictionaryvalue(id,id_dictionary,id_parent,code,value,num,description,enableFlag,editableFlag,systemFlag,ft,lt,fu,lu) values('4028810028a8ef8f0128a8f0fcb20268','40288100288c226801288c2987e90001','4028810028a8ef8f0128a8f0fca20267','211301','',null,null,'1',null,null,null,null,null,null);
insert into bd_dictionaryvalue(id,id_dictionary,id_parent,code,value,num,description,enableFlag,editableFlag,systemFlag,ft,lt,fu,lu) values('4028810028a8ef8f0128a8f0fcb20269','40288100288c226801288c2987e90001','4028810028a8ef8f0128a8f0fca20267','211302','',null,null,'1',null,null,null,null,null,null);
insert into bd_dictionaryvalue(id,id_dictionary,id_parent,code,value,num,description,enableFlag,editableFlag,systemFlag,ft,lt,fu,lu) values('4028810028a8ef8f0128a8f0fcc2026a','40288100288c226801288c2987e90001','4028810028a8ef8f0128a8f0fca20267','211303','',null,null,'1',null,null,null,null,null,null);
insert into bd_dictionaryvalue(id,id_dictionary,id_parent,code,value,num,description,enableFlag,editableFlag,systemFlag,ft,lt,fu,lu) values('4028810028a8ef8f0128a8f0fcd1026b','40288100288c226801288c2987e90001','4028810028a8ef8f0128a8f0fca20267','211321','',null,null,'1',null,null,null,null,null,null);
insert into bd_dictionaryvalue(id,id_dictionary,id_parent,code,value,num,description,enableFlag,editableFlag,systemFlag,ft,lt,fu,lu) values('4028810028a8ef8f0128a8f0fcd1026c','40288100288c226801288c2987e90001','4028810028a8ef8f0128a8f0fca20267','211322','',null,null,'1',null,null,null,null,null,null);
insert into bd_dictionaryvalue(id,id_dictionary,id_parent,code,value,num,description,enableFlag,editableFlag,systemFlag,ft,lt,fu,lu) values('4028810028a8ef8f0128a8f0fce1026d','40288100288c226801288c2987e90001','4028810028a8ef8f0128a8f0fca20267','211324','',null,null,'1',null,null,null,null,null,null);
insert into bd_dictionaryvalue(id,id_dictionary,id_parent,code,value,num,description,enableFlag,editableFlag,systemFlag,ft,lt,fu,lu) values('4028810028a8ef8f0128a8f0fcf0026e','40288100288c226801288c2987e90001','4028810028a8ef8f0128a8f0fca20267','211381','',null,null,'1',null,null,null,null,null,null);
insert into bd_dictionaryvalue(id,id_dictionary,id_parent,code,value,num,description,enableFlag,editableFlag,systemFlag,ft,lt,fu,lu) values('4028810028a8ef8f0128a8f0fd00026f','40288100288c226801288c2987e90001','4028810028a8ef8f0128a8f0fca20267','211382','',null,null,'1',null,null,null,null,null,null);
insert into bd_dictionaryvalue(id,id_dictionary,id_parent,code,value,num,description,enableFlag,editableFlag,systemFlag,ft,lt,fu,lu) values('4028810028a8ef8f0128a8f0fd000270','40288100288c226801288c2987e90001','4028810028a8ef8f0128a8f0f7e001f7','211400','',null,null,'1',null,null,null,null,null,null);
insert into bd_dictionaryvalue(id,id_dictionary,id_parent,code,value,num,description,enableFlag,editableFlag,systemFlag,ft,lt,fu,lu) values('4028810028a8ef8f0128a8f0fd100271','40288100288c226801288c2987e90001','4028810028a8ef8f0128a8f0fd000270','211401','',null,null,'1',null,null,null,null,null,null);
insert into bd_dictionaryvalue(id,id_dictionary,id_parent,code,value,num,description,enableFlag,editableFlag,systemFlag,ft,lt,fu,lu) values('4028810028a8ef8f0128a8f0fd1f0272','40288100288c226801288c2987e90001','4028810028a8ef8f0128a8f0fd000270','211402','',null,null,'1',null,null,null,null,null,null);
insert into bd_dictionaryvalue(id,id_dictionary,id_parent,code,value,num,description,enableFlag,editableFlag,systemFlag,ft,lt,fu,lu) values('4028810028a8ef8f0128a8f0fd1f0273','40288100288c226801288c2987e90001','4028810028a8ef8f0128a8f0fd000270','211403','',null,null,'1',null,null,null,null,null,null);
insert into bd_dictionaryvalue(id,id_dictionary,id_parent,code,value,num,description,enableFlag,editableFlag,systemFlag,ft,lt,fu,lu) values('4028810028a8ef8f0128a8f0fd2f0274','40288100288c226801288c2987e90001','4028810028a8ef8f0128a8f0fd000270','211404','',null,null,'1',null,null,null,null,null,null);
insert into bd_dictionaryvalue(id,id_dictionary,id_parent,code,value,num,description,enableFlag,editableFlag,systemFlag,ft,lt,fu,lu) values('4028810028a8ef8f0128a8f0fd3f0275','40288100288c226801288c2987e90001','4028810028a8ef8f0128a8f0fd000270','211421','',null,null,'1',null,null,null,null,null,null);
insert into bd_dictionaryvalue(id,id_dictionary,id_parent,code,value,num,description,enableFlag,editableFlag,systemFlag,ft,lt,fu,lu) values('4028810028a8ef8f0128a8f0fd3f0276','40288100288c226801288c2987e90001','4028810028a8ef8f0128a8f0fd000270','211422','',null,null,'1',null,null,null,null,null,null);
insert into bd_dictionaryvalue(id,id_dictionary,id_parent,code,value,num,description,enableFlag,editableFlag,systemFlag,ft,lt,fu,lu) values('4028810028a8ef8f0128a8f0fd4e0277','40288100288c226801288c2987e90001','4028810028a8ef8f0128a8f0fd000270','211481','',null,null,'1',null,null,null,null,null,null);
insert into bd_dictionaryvalue(id,id_dictionary,id_parent,code,value,num,description,enableFlag,editableFlag,systemFlag,ft,lt,fu,lu) values('20120913125756890523345458266588','40288100288c226801288c2987e90001',null,'830000','','1',null,'1',null,null,'2012-09-13 12:57:56',null,'20120507134700000110225236178825',null);
insert into bd_dictionaryvalue(id,id_dictionary,id_parent,code,value,num,description,enableFlag,editableFlag,systemFlag,ft,lt,fu,lu) values('20120913130041625907475921586618','40288100288c226801288c2987e90001',null,'840000','','2',null,'1',null,null,'2012-09-13 13:00:41',null,'20120507134700000110225236178825',null);
insert into bd_dictionaryvalue(id,id_dictionary,id_parent,code,value,num,description,enableFlag,editableFlag,systemFlag,ft,lt,fu,lu) values('20120530135755453592935345984378','20120530135054562736757983980338',null,'0','',null,null,'1',null,null,'2012-05-30 13:57:55',null,'20120507134700000110225236178825',null);
insert into bd_dictionaryvalue(id,id_dictionary,id_parent,code,value,num,description,enableFlag,editableFlag,systemFlag,ft,lt,fu,lu) values('20120530135803296845180486863227','20120530135054562736757983980338',null,'1','',null,null,'1',null,null,'2012-05-30 13:58:03','2012-09-13 12:42:12','20120507134700000110225236178825','20120507134700000110225236178825');
insert into bd_dictionaryvalue(id,id_dictionary,id_parent,code,value,num,description,enableFlag,editableFlag,systemFlag,ft,lt,fu,lu) values('20120530135810609713261684967963','20120530135054562736757983980338',null,'2','',null,null,'1',null,null,'2012-05-30 13:58:10',null,'20120507134700000110225236178825',null);

insert into bd_privilege(id,id_module,name,description,num,ft,lt,fu,lu) values('20120618184212046707565063294876','20120517154526218931722289396740','','',null,'2012-06-18 18:42:12',null,'20120507134700000110225236178825',null);
insert into bd_privilege(id,id_module,name,description,num,ft,lt,fu,lu) values('20120618184225703687437234817047','20120517154526218931722289396740','','',null,'2012-06-18 18:42:25',null,'20120507134700000110225236178825',null);

insert into fw_attachmentconfig(id,code,saveDir,dirLevel,fileSize,fileCount,extension,description,ft,lt,fu,lu) values('20120521184454468188226912884346','TeachingMaterial','c:/temp/','3',null,'1','jpg,gif,jpeg','','2012-05-21 18:44:54',null,null,null);
insert into fw_attachmentconfig(id,code,saveDir,dirLevel,fileSize,fileCount,extension,description,ft,lt,fu,lu) values('20120730175623754060541848122752','studentPic','E:\temp','1','5','1','jpg;gif;jpeg;bmp','','2012-07-30 17:56:23',null,'20120507134700000110225236178825',null);
insert into fw_attachmentconfig(id,code,saveDir,dirLevel,fileSize,fileCount,extension,description,ft,lt,fu,lu) values('20120806101329532578209125675857','studentRegistrationExcel','c:/temp/','3',null,'1','xlsx;xls','Excel','2012-08-06 10:13:29','2012-08-06 10:14:00','20120507134700000110225236178825','20120507134700000110225236178825');

insert into bd_schoolyear(id,startDate,endDate,name,enableFlag,ft,lt,fu,lu) values('20120616151809061523500645264384','2012-08-13','2013-07-12','2012-2013','1','2012-06-16 15:18:09','2012-08-23 11:15:34','20120507134700000110225236178825','20120507134700000110225236178825');
insert into bd_operation(id,id_module,id_parent,name,nameI18n,code,operationDict,url,openMode,datascopeFlag,num,icon,winHeight,winWidth,description,ft,lt,fu,lu) values('20120613092303453846989586247110','20120613091919750518657099228044',null,'','bd_operation_timeClock','time_clock','1','/base/module/homepage/widget/clock/index.jsp','0','1',null,'widget-clock','200','200','','2012-06-13 09:23:03','2012-06-13 09:27:43','20120507134700000110225236178825','20120507134700000110225236178825');
insert into bd_operation(id,id_module,id_parent,name,nameI18n,code,operationDict,url,openMode,datascopeFlag,num,icon,winHeight,winWidth,description,ft,lt,fu,lu) values('20120613093008234439776350107711','20120613091919750518657099228044',null,'','bd_operation_note','note','1','/base/module/homepage/widget/notepad/index.html','0','1',null,'widget-notepad','160','160','','2012-06-13 09:30:08',null,'20120507134700000110225236178825',null);
insert into bd_operation(id,id_module,id_parent,name,nameI18n,code,operationDict,url,openMode,datascopeFlag,num,icon,winHeight,winWidth,description,ft,lt,fu,lu) values('20120627121309446526109253902846','20120613091919750518657099228044',null,'','bd_operation_weather','weather','1','base/module/homepage/widget/weather/index.jsp','0','1','1','widget-weather','202','296','','2012-06-27 12:13:09','2012-06-28 14:29:01','20120507134700000110225236178825','20120507134700000110225236178825');
insert into bd_schoolterm(id,id_schoolyear,startDate,endDate,num,name,teachingStartDate,teachingEndDate,weekQuantity,status,ft,lt,fu,lu) values('20120616152041663617405621530584','20120616151809061523500645264384','2012-08-13','2013-01-25','1','','2012-09-03','2013-01-18','21','1','2012-06-16 15:20:41','2012-09-14 17:28:55','20120507134700000110225236178825','20120507134700000110225236178825');

CREATE INDEX USEROPERATIONDATASCOPE_ID_PAREHT ON bd_useroperationdatascope(id_parent);
CREATE INDEX USEROPERATIONDATASCOPE_ID_USEROPERATION ON bd_useroperationdatascope(id_useroperation);
CREATE INDEX USEROPERATIONDATASCOPE_ID_DATAOBJECT ON bd_useroperationdatascope(id_dataobject);

/*==============================================================*/
/* Table: bd_userecord                                          */
/*==============================================================*/
create table bd_userecord (
   id                   char(32)             not null,
   id_user              char(32)             null,
   id_operate           char(32)             null,
   useTime              char(19)             null,
   ft                   char(19)             null,
   lt                   char(19)             null,
   fu                   char(32)             null,
   lu                   char(32)             null
)
go

alter table bd_userecord
   add constraint PK_BD_USERECORD primary key (id)
go

alter table bd_userecord
   add constraint FK_BD_USERE_REFERENCE_BD_USER foreign key (id_user)
      references bd_user (id)
go

alter table bd_userecord
   add constraint FK_BD_USERE_REFERENCE_BD_OPERA foreign key (id_operate)
      references bd_operation (id)
go

INSERT [dbo].[bd_dictionary] ([id], [name], [code], [description], [kind], [enableFlag], [editableFlag], [systemFlag], [ft], [lt], [fu], [lu]) VALUES (N'20130313153855161863479059054053', N'', N'bd_op_customType', NULL, N'0', NULL, N'1', NULL, N'2013-03-13 15:38:55', N'2013-03-13 15:40:40', N'20120507134700000110225236178825', N'20120507134700000110225236178825');
/****** Object:  Table [dbo].[bd_configuration]    Script Date: 01/23/2013 09:54:00 ******/
INSERT [dbo].[bd_configuration] ([id], [id_module], [kind], [configurationMode], [name], [code], [description], [visibleFlag], [ft], [lt], [fu], [lu]) VALUES (N'20130121164844993224522688947769', N'20120517154526218931722289396740', N'1', N'1', N'', N'sypz', N'', N'0', N'2013-01-21 16:48:44', NULL, N'20120507134700000110225236178825', NULL);
/****** Object:  Table [dbo].[bd_configurationresult]    Script Date: 01/23/2013 09:54:00 ******/
INSERT [dbo].[bd_configurationitem] ([id], [id_configuration], [name], [value], [defaultFlag], [ft], [lt], [fu], [lu]) VALUES (N'20130121164844993054292237770282', N'20130121164844993224522688947769', N'', N'0', N'1', NULL, NULL, NULL, NULL);
INSERT [dbo].[bd_configurationitem] ([id], [id_configuration], [name], [value], [defaultFlag], [ft], [lt], [fu], [lu]) VALUES (N'20130121164844993512823876932909', N'20130121164844993224522688947769', N'', N'1', NULL, NULL, NULL, NULL, NULL);

--
INSERT [dbo].[bd_dictionary] ([id], [name], [code], [description], [kind], [enableFlag], [editableFlag], [systemFlag], [ft], [lt], [fu], [lu]) VALUES (N'20130118153210703667519054825449', N'', N'maritalStatus', NULL, N'0', NULL, N'1', NULL, N'2013-01-18 15:32:10', NULL, N'20120507134700000110225236178825', NULL)
INSERT [dbo].[bd_dictionary] ([id], [name], [code], [description], [kind], [enableFlag], [editableFlag], [systemFlag], [ft], [lt], [fu], [lu]) VALUES (N'20130118153224296888922155238674', N'', N'educationalLevel', NULL, N'0', NULL, N'1', NULL, N'2013-01-18 15:32:24', NULL, N'20120507134700000110225236178825', NULL)


--
INSERT [dbo].[bd_dictionaryvalue] ([id], [id_dictionary], [id_parent], [code], [value], [num], [description], [enableFlag], [editableFlag], [systemFlag], [ft], [lt], [fu], [lu]) VALUES (N'20130118153308671257402853421406', N'20130118153210703667519054825449', NULL, N'1', N'', 1, NULL, N'1', NULL, NULL, N'2013-01-18 15:33:08', NULL, N'20120507134700000110225236178825', NULL);
INSERT [dbo].[bd_dictionaryvalue] ([id], [id_dictionary], [id_parent], [code], [value], [num], [description], [enableFlag], [editableFlag], [systemFlag], [ft], [lt], [fu], [lu]) VALUES (N'20130118153317125485401142393427', N'20130118153210703667519054825449', NULL, N'2', N'', 2, NULL, N'1', NULL, NULL, N'2013-01-18 15:33:17', NULL, N'20120507134700000110225236178825', NULL);
INSERT [dbo].[bd_dictionaryvalue] ([id], [id_dictionary], [id_parent], [code], [value], [num], [description], [enableFlag], [editableFlag], [systemFlag], [ft], [lt], [fu], [lu]) VALUES (N'20130118153323968099178523079963', N'20130118153210703667519054825449', NULL, N'3', N'', 3, NULL, N'1', NULL, NULL, N'2013-01-18 15:33:23', NULL, N'20120507134700000110225236178825', NULL);
INSERT [dbo].[bd_dictionaryvalue] ([id], [id_dictionary], [id_parent], [code], [value], [num], [description], [enableFlag], [editableFlag], [systemFlag], [ft], [lt], [fu], [lu]) VALUES (N'20130118153401343711282566515041', N'20130118153210703667519054825449', NULL, N'4', N'', 5, NULL, N'1', NULL, NULL, N'2013-01-18 15:34:01', N'2013-01-18 15:49:52', N'20120507134700000110225236178825', N'20120507134700000110225236178825');
GO
INSERT [dbo].[bd_dictionaryvalue] ([id], [id_dictionary], [id_parent], [code], [value], [num], [description], [enableFlag], [editableFlag], [systemFlag], [ft], [lt], [fu], [lu]) VALUES (N'20130118153630812585874513303622', N'20130118153224296888922155238674', NULL, N'1', N'', 1, NULL, N'1', NULL, NULL, N'2013-01-18 15:36:30', NULL, N'20120507134700000110225236178825', NULL);
INSERT [dbo].[bd_dictionaryvalue] ([id], [id_dictionary], [id_parent], [code], [value], [num], [description], [enableFlag], [editableFlag], [systemFlag], [ft], [lt], [fu], [lu]) VALUES (N'20130118155035562042752273995841', N'20130118153224296888922155238674', NULL, N'2', N'MBA', 2, NULL, N'1', NULL, NULL, N'2013-01-18 15:50:35', NULL, N'20120507134700000110225236178825', NULL);
INSERT [dbo].[bd_dictionaryvalue] ([id], [id_dictionary], [id_parent], [code], [value], [num], [description], [enableFlag], [editableFlag], [systemFlag], [ft], [lt], [fu], [lu]) VALUES (N'20130118155042328811525541030472', N'20130118153224296888922155238674', NULL, N'3', N'EMBA', 3, NULL, N'1', NULL, NULL, N'2013-01-18 15:50:42', NULL, N'20120507134700000110225236178825', NULL);
INSERT [dbo].[bd_dictionaryvalue] ([id], [id_dictionary], [id_parent], [code], [value], [num], [description], [enableFlag], [editableFlag], [systemFlag], [ft], [lt], [fu], [lu]) VALUES (N'20130118153641281971772839429466', N'20130118153224296888922155238674', NULL, N'4', N'', 4, NULL, N'1', NULL, NULL, N'2013-01-18 15:36:41', NULL, N'20120507134700000110225236178825', NULL);
INSERT [dbo].[bd_dictionaryvalue] ([id], [id_dictionary], [id_parent], [code], [value], [num], [description], [enableFlag], [editableFlag], [systemFlag], [ft], [lt], [fu], [lu]) VALUES (N'20130118153651359050193542918381', N'20130118153224296888922155238674', NULL, N'5', N'', 5, NULL, N'1', NULL, NULL, N'2013-01-18 15:36:51', NULL, N'20120507134700000110225236178825', NULL);
INSERT [dbo].[bd_dictionaryvalue] ([id], [id_dictionary], [id_parent], [code], [value], [num], [description], [enableFlag], [editableFlag], [systemFlag], [ft], [lt], [fu], [lu]) VALUES (N'20130118153658890447067873150125', N'20130118153224296888922155238674', NULL, N'6', N'', 6, NULL, N'1', NULL, NULL, N'2013-01-18 15:36:58', NULL, N'20120507134700000110225236178825', NULL);
INSERT [dbo].[bd_dictionaryvalue] ([id], [id_dictionary], [id_parent], [code], [value], [num], [description], [enableFlag], [editableFlag], [systemFlag], [ft], [lt], [fu], [lu]) VALUES (N'20130118155512187269601012969057', N'20130118153224296888922155238674', NULL, N'7', N'', 7, NULL, N'1', NULL, NULL, N'2013-01-18 15:55:12', NULL, N'20120507134700000110225236178825', NULL);
INSERT [dbo].[bd_dictionaryvalue] ([id], [id_dictionary], [id_parent], [code], [value], [num], [description], [enableFlag], [editableFlag], [systemFlag], [ft], [lt], [fu], [lu]) VALUES (N'20130118155518328134956544766548', N'20130118153224296888922155238674', NULL, N'8', N'', 8, NULL, N'1', NULL, NULL, N'2013-01-18 15:55:18', NULL, N'20120507134700000110225236178825', NULL);
INSERT [dbo].[bd_dictionaryvalue] ([id], [id_dictionary], [id_parent], [code], [value], [num], [description], [enableFlag], [editableFlag], [systemFlag], [ft], [lt], [fu], [lu]) VALUES (N'20130118155532250016784668553563', N'20130118153224296888922155238674', NULL, N'9', N'', 9, NULL, N'1', NULL, NULL, N'2013-01-18 15:55:32', NULL, N'20120507134700000110225236178825', NULL);
INSERT [dbo].[bd_dictionaryvalue] ([id], [id_dictionary], [id_parent], [code], [value], [num], [description], [enableFlag], [editableFlag], [systemFlag], [ft], [lt], [fu], [lu]) VALUES (N'20130118155539375681876109842143', N'20130118153224296888922155238674', NULL, N'10', N'', 10, NULL, N'1', NULL, NULL, N'2013-01-18 15:55:39', NULL, N'20120507134700000110225236178825', NULL);
INSERT [dbo].[bd_dictionaryvalue] ([id], [id_dictionary], [id_parent], [code], [value], [num], [description], [enableFlag], [editableFlag], [systemFlag], [ft], [lt], [fu], [lu]) VALUES (N'20130118155549484754900813141029', N'20130118153224296888922155238674', NULL, N'99', N'', 11, NULL, N'1', NULL, NULL, N'2013-01-18 15:55:49', NULL, N'20120507134700000110225236178825', NULL);

INSERT [dbo].[bd_configuration] ([id], [id_module], [kind], [configurationMode], [name], [code], [description], [visibleFlag], [ft], [lt], [fu], [lu]) VALUES (N'20130319151214491640772288278024', NULL, N'2', N'1', N'OCS', N'ocs-sfqy', N'OCS   1  0   1', N'0', N'2013-03-19 15:12:14', NULL, N'20120507134700000110225236178825', NULL);
/****** Object:  Table [dbo].[bd_configurationitem]    Script Date: 03/26/2013 18:51:39 ******/
INSERT [dbo].[bd_configurationitem] ([id], [id_configuration], [name], [value], [defaultFlag], [ft], [lt], [fu], [lu]) VALUES (N'20130319151214491306203051649621', N'20130319151214491640772288278024', N'OCS', N'1', N'1', NULL, NULL, NULL, NULL);
INSERT [dbo].[bd_configurationitem] ([id], [id_configuration], [name], [value], [defaultFlag], [ft], [lt], [fu], [lu]) VALUES (N'20130319151214491800413855297566', N'20130319151214491640772288278024', N'OCS', N'0', NULL, NULL, NULL, NULL, NULL);
/*tag1.0 end*/
/*tag1.0.1 start*/
alter table bd_teacher add englishName varchar(50);
alter table bd_teacher add usedName varchar(50);
alter table bd_teacher add politicalDict varchar(20);
alter table bd_teacher add zipCode varchar(10);
alter table bd_teacher add email varchar(100);
alter table bd_teacher add entryWorkDate char(7);
alter table bd_teacher add countryCodeDict varchar(20);
alter table bd_teacher add birthPlaceDict varchar(20);
alter table bd_teacher add specialPlaceDict varchar(20);
alter table bd_teacher add healthDict varchar(20);
alter table bd_teacher add religionDict varchar(20);

alter table bd_student add kind	varchar(20);
alter table bd_student add countryCode varchar(20);
alter table bd_student add nationCode varchar(20);
alter table bd_student add telephone varchar(30);
alter table bd_student add polity varchar(60);
alter table bd_student add zipCode varchar(6);
alter table bd_student add faith varchar(60);
alter table bd_student add score varchar(10);
alter table bd_student add cardNum varchar(60);
alter table bd_student add cardKind varchar(20);
alter table bd_student add oldName varchar(60);
alter table bd_student add pid varchar(60);
alter table bd_student add educationid varchar(60);
alter table bd_student add inSchoolMode varchar(20);
alter table bd_student add healthCode varchar(20);
alter table bd_student add colonyCode varchar(20);
alter table bd_student add citizenCode varchar(20);
alter table bd_student add nativeCode varchar(20);
alter table bd_student add homePlaceCode varchar(20);
alter table bd_student add addressCode varchar(20);
alter table bd_student add citizenPlaceCode varchar(20);
alter table bd_student add address varchar(60);
alter table bd_student add citizenPlace varchar(60);
alter table bd_student add flowFlag char(1);
alter table bd_student add singleFlag char(1);
alter table bd_student add strongPointFlag char(1);
alter table bd_student add localFlag char(1);
alter table bd_student add strongpoint varchar(200);
alter table bd_student add linkAddress varchar(60);
alter table bd_student add homePage varchar(60);
alter table bd_student add note varchar(200);


/*==============================================================*/
/* Table: bd_beadroll                                           */
/*==============================================================*/
create table bd_beadroll (
   id                   char(32)             not null,
   id_student           char(32)             null,
   inSchoolNum          varchar(10)          null,
   foundation           varchar(200)         null,
   proof                varchar(200)         null,
   createDate           char(10)             null,
   juniorNum            varchar(20)          null,
   seniorNum            varchar(20)          null,
   graduateNum          varchar(20)          null,
   note                 varchar(200)         null,
   status               char(1)              null,
   ft                   char(19)             null,
   lt                   char(19)             null,
   fu                   char(32)             null,
   lu                   char(32)             null
)
go

alter table bd_beadroll
   add constraint s_beadroll_PK primary key nonclustered (id)
go

/*==============================================================*/
/* Table: bd_studentfirstaid                                    */
/*==============================================================*/
create table bd_studentfirstaid (
   id                   char(32)             not null,
   id_student           char(32)             null,
   bloodKind            varchar(20)          null,
   allergicHistory      varchar(200)         null,
   medicalHistory       varchar(200)         null,
   urgentPhone          varchar(30)          null,
   linkMan              varchar(20)          null,
   note                 varchar(200)         null,
   ft                   char(19)             null,
   lt                   char(19)             null,
   fu                   char(32)             null,
   lu                   char(32)             null
)
go

alter table bd_studentfirstaid
   add constraint s_firstaid_PK primary key nonclustered (id)
go

/*==============================================================*/
/* Table: bd_studentparents                                     */
/*==============================================================*/
create table bd_studentparents (
   id                   char(32)             not null,
   id_student           char(32)             null,
   name                 varchar(30)          null,
   relationCode         varchar(20)          null,
   degree               varchar(20)          null,
   unitName             varchar(200)         null,
   occupation           varchar(20)          null,
   techniqueCode        varchar(20)          null,
   occupationCode       varchar(20)          null,
   polityCode           varchar(20)          null,
   telephone            varchar(30)          null,
   marryCode            varchar(20)          null,
   addressCode          varchar(20)          null,
   togetherFlag         char(1)              null,
   guardianFlag         char(1)              null,
   email                varchar(30)          null,
   note                 varchar(200)         null,
   ft                   char(19)             null,
   lt                   char(19)             null,
   fu                   char(32)             null,
   lu                   char(32)             null
)
go

alter table bd_studentparents
   add constraint s_familymemberinfo_PK primary key nonclustered (id)
go

/*==============================================================*/
/* Table: bd_studentsource                                      */
/*==============================================================*/
create table bd_studentsource (
   id                   char(32)             not null,
   id_student           char(32)             null,
   oldSchoolName        varchar(60)          null,
   inSchoolDate         char(10)             null,
   source               varchar(20)          null,
   examNum              varchar(30)          null,
   inSchoolMode         varchar(20)          null,
   areaCode             varchar(20)          null,
   placeCode            varchar(20)          null,
   ft                   char(19)             null,
   lt                   char(19)             null,
   fu                   char(32)             null,
   lu                   char(32)             null
)
go

alter table bd_studentsource
   add constraint PK_BD_STUDENTSOURCE primary key nonclustered (id)
go

alter table bd_beadroll
   add constraint FK_BEADROLL_STUDENT foreign key (id_student)
      references bd_student (id)
go

alter table bd_studentfirstaid
   add constraint FK_STUDENTFIRSTAID_STUDENT foreign key (id_student)
      references bd_student (id)
go

alter table bd_studentparents
   add constraint FK_STUDENTPARENTS_STUDENT foreign key (id_student)
      references bd_student (id)
go

alter table bd_studentsource
   add constraint FK_STUDENTSOURC_STUDENT foreign key (id_student)
      references bd_student (id)
go
/*tag1.0.1 end*/
/*tag1.1 start*/
/****/
delete from bd_dictionaryvalue where id in('20120530101805890071055527613810','20120530101811734385260371575549','20120530101954859582520759205093','20120530102022781361511479569474','20120530102015218745306748613375');
delete from bd_dictionaryvalue where id in('20120530135120015181711075864901','20120530135130859496001430513957','20120530135144406980185894923067');
delete from bd_dictionaryvalue where id in('20120530135825796498733398160073','20120913124238781650420610686680','20120530135755453592935345984378','20120530135803296845180486863227','20120530135810609713261684967963');

insert into bd_dictionaryvalue(id,id_dictionary,id_parent,code,value,enableFlag) values('402881002958443d0129586059690038','20120530101722890642334271289553',null,'8200001','','1');
insert into bd_dictionaryvalue(id,id_dictionary,id_parent,code,value,enableFlag) values('402881002958443d0129586059790039','20120530101722890642334271289553',null,'8200002','','1');
insert into bd_dictionaryvalue(id,id_dictionary,id_parent,code,value,enableFlag) values('402881002958443d012958605979003a','20120530101722890642334271289553',null,'8200003','','1');
insert into bd_dictionaryvalue(id,id_dictionary,id_parent,code,value,enableFlag) values('402881002958443d012958605988003b','20120530101722890642334271289553',null,'8200999','','1');
insert into bd_dictionaryvalue(id,id_dictionary,id_parent,code,value,enableFlag) values('4028810029634e470129634ec8d30001','20120530134957796052592993822928',null,'9002001','','1');
insert into bd_dictionaryvalue(id,id_dictionary,id_parent,code,value,enableFlag) values('4028810029634e470129634ec9120002','20120530134957796052592993822928',null,'9002002','','1');
insert into bd_dictionaryvalue(id,id_dictionary,id_parent,code,value,enableFlag) values('4028810029634e470129634ec9210003','20120530134957796052592993822928',null,'9002003','','1');
insert into bd_dictionaryvalue(id,id_dictionary,id_parent,code,value,enableFlag) values('4028810029634e470129634ec9310004','20120530134957796052592993822928',null,'9002004','','1');
insert into bd_dictionaryvalue(id,id_dictionary,id_parent,code,value,enableFlag) values('4028810029634e470129634ec9410005','20120530134957796052592993822928',null,'9002005','','1');
insert into bd_dictionaryvalue(id,id_dictionary,id_parent,code,value,enableFlag) values('4028810029634e470129634ec9500006','20120530134957796052592993822928',null,'9002006','','1');
insert into bd_dictionaryvalue(id,id_dictionary,id_parent,code,value,enableFlag) values('4028810029634e470129634ec9500007','20120530134957796052592993822928',null,'9002007','','1');
insert into bd_dictionaryvalue(id,id_dictionary,id_parent,code,value,enableFlag) values('4028810029634e470129634ec9600008','20120530134957796052592993822928',null,'9002008','','1');
insert into bd_dictionaryvalue(id,id_dictionary,id_parent,code,value,enableFlag) values('4028810029634e470129634ec96f0009','20120530134957796052592993822928',null,'9002009','','1');
insert into bd_dictionaryvalue(id,id_dictionary,id_parent,code,value,enableFlag) values('4028810029634e470129634ec96f000a','20120530134957796052592993822928',null,'9002010','','1');
insert into bd_dictionaryvalue(id,id_dictionary,id_parent,code,value,enableFlag) values('4028810029634e470129634ec97f000b','20120530134957796052592993822928',null,'9002011','','1');
insert into bd_dictionaryvalue(id,id_dictionary,id_parent,code,value,enableFlag) values('4028810029634e470129634ec98f000c','20120530134957796052592993822928',null,'9002012','','1');
insert into bd_dictionaryvalue(id,id_dictionary,id_parent,code,value,enableFlag) values('4028810029634e470129634ec99e000d','20120530134957796052592993822928',null,'9002013','','1');
insert into bd_dictionaryvalue(id,id_dictionary,id_parent,code,value,enableFlag) values('4028810029634e470129634ec9ae000e','20120530134957796052592993822928',null,'9002014','','1');
insert into bd_dictionaryvalue(id,id_dictionary,id_parent,code,value,enableFlag) values('4028810029634e470129634ec9be000f','20120530134957796052592993822928',null,'9002015','','1');
insert into bd_dictionaryvalue(id,id_dictionary,id_parent,code,value,enableFlag) values('4028810029634e470129634ec9be0010','20120530134957796052592993822928',null,'9002016','','1');
insert into bd_dictionaryvalue(id,id_dictionary,id_parent,code,value,enableFlag) values('4028810029634e470129634ec9cd0011','20120530134957796052592993822928',null,'9002017','','1');
insert into bd_dictionaryvalue(id,id_dictionary,id_parent,code,value,enableFlag) values('4028810029634e470129634ec9dd0012','20120530134957796052592993822928',null,'9002018','','1');
insert into bd_dictionaryvalue(id,id_dictionary,id_parent,code,value,enableFlag) values('4028810029634e470129634ec9ec0013','20120530134957796052592993822928',null,'9002019','','1');
insert into bd_dictionaryvalue(id,id_dictionary,id_parent,code,value,enableFlag) values('4028810029634e470129634ec9ec0014','20120530134957796052592993822928',null,'9002020','','1');
insert into bd_dictionaryvalue(id,id_dictionary,id_parent,code,value,enableFlag) values('4028810029634e470129634ec9fc0015','20120530134957796052592993822928',null,'9002021','','1');
insert into bd_dictionaryvalue(id,id_dictionary,id_parent,code,value,enableFlag) values('4028810029634e470129634eca0c0016','20120530134957796052592993822928',null,'9002022','','1');
insert into bd_dictionaryvalue(id,id_dictionary,id_parent,code,value,enableFlag) values('4028810029634e470129634eca1b0017','20120530134957796052592993822928',null,'9002023','','1');
insert into bd_dictionaryvalue(id,id_dictionary,id_parent,code,value,enableFlag) values('4028810029634e470129634eca1b0018','20120530134957796052592993822928',null,'9002024','','1');
insert into bd_dictionaryvalue(id,id_dictionary,id_parent,code,value,enableFlag) values('4028810029634e470129634eca2b0019','20120530134957796052592993822928',null,'9002025','','1');
insert into bd_dictionaryvalue(id,id_dictionary,id_parent,code,value,enableFlag) values('4028810029634e470129634eca3b001a','20120530134957796052592993822928',null,'9002026','','1');
insert into bd_dictionaryvalue(id,id_dictionary,id_parent,code,value,enableFlag) values('4028810029634e470129634eca3b001b','20120530134957796052592993822928',null,'9002027','','1');
insert into bd_dictionaryvalue(id,id_dictionary,id_parent,code,value,enableFlag) values('4028810029634e470129634eca4a001c','20120530134957796052592993822928',null,'9002028','','1');
insert into bd_dictionaryvalue(id,id_dictionary,id_parent,code,value,enableFlag) values('4028810029634e470129634eca5a001d','20120530134957796052592993822928',null,'9002029','','1');
insert into bd_dictionaryvalue(id,id_dictionary,id_parent,code,value,enableFlag) values('4028810029634e470129634eca69001e','20120530134957796052592993822928',null,'9002030','','1');
insert into bd_dictionaryvalue(id,id_dictionary,id_parent,code,value,enableFlag) values('4028810029634e470129634eca79001f','20120530134957796052592993822928',null,'9002031','','1');
insert into bd_dictionaryvalue(id,id_dictionary,id_parent,code,value,enableFlag) values('4028810029634e470129634eca890020','20120530134957796052592993822928',null,'9002032','','1');
insert into bd_dictionaryvalue(id,id_dictionary,id_parent,code,value,enableFlag) values('4028810029634e470129634eca980021','20120530134957796052592993822928',null,'9002033','','1');
insert into bd_dictionaryvalue(id,id_dictionary,id_parent,code,value,enableFlag) values('4028810029634e470129634ecaa80022','20120530134957796052592993822928',null,'9002034','','1');
insert into bd_dictionaryvalue(id,id_dictionary,id_parent,code,value,enableFlag) values('4028810029634e470129634ecaa80023','20120530134957796052592993822928',null,'9002035','','1');
insert into bd_dictionaryvalue(id,id_dictionary,id_parent,code,value,enableFlag) values('4028810029634e470129634ecab80024','20120530134957796052592993822928',null,'9002036','','1');
insert into bd_dictionaryvalue(id,id_dictionary,id_parent,code,value,enableFlag) values('4028810029634e470129634ecac70025','20120530134957796052592993822928',null,'9002037','','1');
insert into bd_dictionaryvalue(id,id_dictionary,id_parent,code,value,enableFlag) values('4028810029634e470129634ecac70026','20120530134957796052592993822928',null,'9002038','','1');
insert into bd_dictionaryvalue(id,id_dictionary,id_parent,code,value,enableFlag) values('4028810029634e470129634ecad70027','20120530134957796052592993822928',null,'9002039','','1');
insert into bd_dictionaryvalue(id,id_dictionary,id_parent,code,value,enableFlag) values('4028810029634e470129634ecae60028','20120530134957796052592993822928',null,'9002040','','1');
insert into bd_dictionaryvalue(id,id_dictionary,id_parent,code,value,enableFlag) values('4028810029634e470129634ecaf60029','20120530134957796052592993822928',null,'9002041','','1');
insert into bd_dictionaryvalue(id,id_dictionary,id_parent,code,value,enableFlag) values('4028810029634e470129634ecb06002a','20120530134957796052592993822928',null,'9002042','','1');
insert into bd_dictionaryvalue(id,id_dictionary,id_parent,code,value,enableFlag) values('4028810029634e470129634ecb06002b','20120530134957796052592993822928',null,'9002043','','1');
insert into bd_dictionaryvalue(id,id_dictionary,id_parent,code,value,enableFlag) values('4028810029634e470129634ecb15002c','20120530134957796052592993822928',null,'9002044','','1');
insert into bd_dictionaryvalue(id,id_dictionary,id_parent,code,value,enableFlag) values('4028810029634e470129634ecb25002d','20120530134957796052592993822928',null,'9002045','','1');
insert into bd_dictionaryvalue(id,id_dictionary,id_parent,code,value,enableFlag) values('4028810029634e470129634ecb35002e','20120530134957796052592993822928',null,'9002046','','1');
insert into bd_dictionaryvalue(id,id_dictionary,id_parent,code,value,enableFlag) values('4028810029634e470129634ecb35002f','20120530134957796052592993822928',null,'9002047','','1');
insert into bd_dictionaryvalue(id,id_dictionary,id_parent,code,value,enableFlag) values('4028810029634e470129634ecb440030','20120530134957796052592993822928',null,'9002048','','1');
insert into bd_dictionaryvalue(id,id_dictionary,id_parent,code,value,enableFlag) values('4028810029634e470129634ecb540031','20120530134957796052592993822928',null,'9002049','','1');
insert into bd_dictionaryvalue(id,id_dictionary,id_parent,code,value,enableFlag) values('4028810029634e470129634ecb630032','20120530134957796052592993822928',null,'9002050','','1');
insert into bd_dictionaryvalue(id,id_dictionary,id_parent,code,value,enableFlag) values('4028810029634e470129634ecb630033','20120530134957796052592993822928',null,'9002051','','1');
insert into bd_dictionaryvalue(id,id_dictionary,id_parent,code,value,enableFlag) values('4028810029634e470129634ecb730034','20120530134957796052592993822928',null,'9002052','','1');
insert into bd_dictionaryvalue(id,id_dictionary,id_parent,code,value,enableFlag) values('4028810029634e470129634ecb830035','20120530134957796052592993822928',null,'9002053','','1');
insert into bd_dictionaryvalue(id,id_dictionary,id_parent,code,value,enableFlag) values('4028810029634e470129634ecb830036','20120530134957796052592993822928',null,'9002054','','1');
insert into bd_dictionaryvalue(id,id_dictionary,id_parent,code,value,enableFlag) values('4028810029634e470129634ecb920037','20120530134957796052592993822928',null,'9002055','','1');
insert into bd_dictionaryvalue(id,id_dictionary,id_parent,code,value,enableFlag) values('4028810029634e470129634ecba20038','20120530134957796052592993822928',null,'9002056','','1');
insert into bd_dictionaryvalue(id,id_dictionary,id_parent,code,value,enableFlag) values('4028810029634e470129634ecbb20039','20120530134957796052592993822928',null,'9002999','','1');
insert into bd_dictionaryvalue(id,id_dictionary,id_parent,code,value,enableFlag) values('40288100295872de012958735db20001','20120530135054562736757983980338',null,'004','','1');
insert into bd_dictionaryvalue(id,id_dictionary,id_parent,code,value,enableFlag) values('40288100295872de012958735e010002','20120530135054562736757983980338',null,'008','','1');
insert into bd_dictionaryvalue(id,id_dictionary,id_parent,code,value,enableFlag) values('40288100295872de012958735e100003','20120530135054562736757983980338',null,'010','','1');
insert into bd_dictionaryvalue(id,id_dictionary,id_parent,code,value,enableFlag) values('40288100295872de012958735e100004','20120530135054562736757983980338',null,'012','','1');
insert into bd_dictionaryvalue(id,id_dictionary,id_parent,code,value,enableFlag) values('40288100295872de012958735e200005','20120530135054562736757983980338',null,'016','','1');
insert into bd_dictionaryvalue(id,id_dictionary,id_parent,code,value,enableFlag) values('40288100295872de012958735e2f0006','20120530135054562736757983980338',null,'020','','1');
insert into bd_dictionaryvalue(id,id_dictionary,id_parent,code,value,enableFlag) values('40288100295872de012958735e2f0007','20120530135054562736757983980338',null,'024','','1');
insert into bd_dictionaryvalue(id,id_dictionary,id_parent,code,value,enableFlag) values('40288100295872de012958735e3f0008','20120530135054562736757983980338',null,'660','','1');
insert into bd_dictionaryvalue(id,id_dictionary,id_parent,code,value,enableFlag) values('40288100295872de012958735e4f0009','20120530135054562736757983980338',null,'533','','1');
insert into bd_dictionaryvalue(id,id_dictionary,id_parent,code,value,enableFlag) values('40288100295872de012958735e4f000a','20120530135054562736757983980338',null,'028','','1');
insert into bd_dictionaryvalue(id,id_dictionary,id_parent,code,value,enableFlag) values('40288100295872de012958735e5e000b','20120530135054562736757983980338',null,'032','','1');
insert into bd_dictionaryvalue(id,id_dictionary,id_parent,code,value,enableFlag) values('40288100295872de012958735e6e000c','20120530135054562736757983980338',null,'036','','1');
insert into bd_dictionaryvalue(id,id_dictionary,id_parent,code,value,enableFlag) values('40288100295872de012958735e7e000d','20120530135054562736757983980338',null,'040','','1');
insert into bd_dictionaryvalue(id,id_dictionary,id_parent,code,value,enableFlag) values('40288100295872de012958735e7e000e','20120530135054562736757983980338',null,'031','','1');
insert into bd_dictionaryvalue(id,id_dictionary,id_parent,code,value,enableFlag) values('40288100295872de012958735e8d000f','20120530135054562736757983980338',null,'044','','1');
insert into bd_dictionaryvalue(id,id_dictionary,id_parent,code,value,enableFlag) values('40288100295872de012958735e9d0010','20120530135054562736757983980338',null,'048','','1');
insert into bd_dictionaryvalue(id,id_dictionary,id_parent,code,value,enableFlag) values('40288100295872de012958735e9d0011','20120530135054562736757983980338',null,'050','','1');
insert into bd_dictionaryvalue(id,id_dictionary,id_parent,code,value,enableFlag) values('40288100295872de012958735eac0012','20120530135054562736757983980338',null,'051','','1');
insert into bd_dictionaryvalue(id,id_dictionary,id_parent,code,value,enableFlag) values('40288100295872de012958735ebc0013','20120530135054562736757983980338',null,'052','','1');
insert into bd_dictionaryvalue(id,id_dictionary,id_parent,code,value,enableFlag) values('40288100295872de012958735ecc0014','20120530135054562736757983980338',null,'056','','1');
insert into bd_dictionaryvalue(id,id_dictionary,id_parent,code,value,enableFlag) values('40288100295872de012958735ecc0015','20120530135054562736757983980338',null,'060','','1');
insert into bd_dictionaryvalue(id,id_dictionary,id_parent,code,value,enableFlag) values('40288100295872de012958735edb0016','20120530135054562736757983980338',null,'064','','1');
insert into bd_dictionaryvalue(id,id_dictionary,id_parent,code,value,enableFlag) values('40288100295872de012958735eeb0017','20120530135054562736757983980338',null,'068','','1');
insert into bd_dictionaryvalue(id,id_dictionary,id_parent,code,value,enableFlag) values('40288100295872de012958735efb0018','20120530135054562736757983980338',null,'072','','1');
insert into bd_dictionaryvalue(id,id_dictionary,id_parent,code,value,enableFlag) values('40288100295872de012958735efb0019','20120530135054562736757983980338',null,'074','','1');
insert into bd_dictionaryvalue(id,id_dictionary,id_parent,code,value,enableFlag) values('40288100295872de012958735f0a001a','20120530135054562736757983980338',null,'076','','1');
insert into bd_dictionaryvalue(id,id_dictionary,id_parent,code,value,enableFlag) values('40288100295872de012958735f1a001b','20120530135054562736757983980338',null,'084','','1');
insert into bd_dictionaryvalue(id,id_dictionary,id_parent,code,value,enableFlag) values('40288100295872de012958735f39001c','20120530135054562736757983980338',null,'086','','1');
insert into bd_dictionaryvalue(id,id_dictionary,id_parent,code,value,enableFlag) values('40288100295872de012958735f39001d','20120530135054562736757983980338',null,'090','','1');
insert into bd_dictionaryvalue(id,id_dictionary,id_parent,code,value,enableFlag) values('40288100295872de012958735f49001e','20120530135054562736757983980338',null,'092','','1');
insert into bd_dictionaryvalue(id,id_dictionary,id_parent,code,value,enableFlag) values('40288100295872de012958735f58001f','20120530135054562736757983980338',null,'096','','1');
insert into bd_dictionaryvalue(id,id_dictionary,id_parent,code,value,enableFlag) values('40288100295872de012958735f580020','20120530135054562736757983980338',null,'100','','1');
insert into bd_dictionaryvalue(id,id_dictionary,id_parent,code,value,enableFlag) values('40288100295872de012958735f680021','20120530135054562736757983980338',null,'104','','1');
insert into bd_dictionaryvalue(id,id_dictionary,id_parent,code,value,enableFlag) values('40288100295872de012958735f780022','20120530135054562736757983980338',null,'108','','1');
insert into bd_dictionaryvalue(id,id_dictionary,id_parent,code,value,enableFlag) values('40288100295872de012958735f870023','20120530135054562736757983980338',null,'112','','1');
insert into bd_dictionaryvalue(id,id_dictionary,id_parent,code,value,enableFlag) values('40288100295872de012958735f970024','20120530135054562736757983980338',null,'116','','1');
insert into bd_dictionaryvalue(id,id_dictionary,id_parent,code,value,enableFlag) values('40288100295872de012958735f970025','20120530135054562736757983980338',null,'120','','1');
insert into bd_dictionaryvalue(id,id_dictionary,id_parent,code,value,enableFlag) values('40288100295872de012958735fa60026','20120530135054562736757983980338',null,'124','','1');
insert into bd_dictionaryvalue(id,id_dictionary,id_parent,code,value,enableFlag) values('40288100295872de012958735fb60027','20120530135054562736757983980338',null,'128','','1');
insert into bd_dictionaryvalue(id,id_dictionary,id_parent,code,value,enableFlag) values('40288100295872de012958735fb60028','20120530135054562736757983980338',null,'132','','1');
insert into bd_dictionaryvalue(id,id_dictionary,id_parent,code,value,enableFlag) values('40288100295872de012958735fc60029','20120530135054562736757983980338',null,'136','','1');
insert into bd_dictionaryvalue(id,id_dictionary,id_parent,code,value,enableFlag) values('40288100295872de012958735fd5002a','20120530135054562736757983980338',null,'140','','1');
insert into bd_dictionaryvalue(id,id_dictionary,id_parent,code,value,enableFlag) values('40288100295872de012958735fe5002b','20120530135054562736757983980338',null,'144','','1');
insert into bd_dictionaryvalue(id,id_dictionary,id_parent,code,value,enableFlag) values('40288100295872de012958735fe5002c','20120530135054562736757983980338',null,'148','','1');
insert into bd_dictionaryvalue(id,id_dictionary,id_parent,code,value,enableFlag) values('40288100295872de012958735ff5002d','20120530135054562736757983980338',null,'152','','1');
insert into bd_dictionaryvalue(id,id_dictionary,id_parent,code,value,enableFlag) values('40288100295872de012958736004002e','20120530135054562736757983980338',null,'156','','1');
insert into bd_dictionaryvalue(id,id_dictionary,id_parent,code,value,enableFlag) values('40288100295872de012958736004002f','20120530135054562736757983980338',null,'158','','1');
insert into bd_dictionaryvalue(id,id_dictionary,id_parent,code,value,enableFlag) values('40288100295872de0129587360140030','20120530135054562736757983980338',null,'162','','1');
insert into bd_dictionaryvalue(id,id_dictionary,id_parent,code,value,enableFlag) values('40288100295872de0129587360230031','20120530135054562736757983980338',null,'166','','1');
insert into bd_dictionaryvalue(id,id_dictionary,id_parent,code,value,enableFlag) values('40288100295872de0129587360330032','20120530135054562736757983980338',null,'170','','1');
insert into bd_dictionaryvalue(id,id_dictionary,id_parent,code,value,enableFlag) values('40288100295872de0129587360330033','20120530135054562736757983980338',null,'174','','1');
insert into bd_dictionaryvalue(id,id_dictionary,id_parent,code,value,enableFlag) values('40288100295872de0129587360430034','20120530135054562736757983980338',null,'175','','1');
insert into bd_dictionaryvalue(id,id_dictionary,id_parent,code,value,enableFlag) values('40288100295872de0129587360520035','20120530135054562736757983980338',null,'178','','1');
insert into bd_dictionaryvalue(id,id_dictionary,id_parent,code,value,enableFlag) values('40288100295872de0129587360620036','20120530135054562736757983980338',null,'180','','1');
insert into bd_dictionaryvalue(id,id_dictionary,id_parent,code,value,enableFlag) values('40288100295872de0129587360620037','20120530135054562736757983980338',null,'184','','1');
insert into bd_dictionaryvalue(id,id_dictionary,id_parent,code,value,enableFlag) values('40288100295872de0129587360720038','20120530135054562736757983980338',null,'188','','1');
insert into bd_dictionaryvalue(id,id_dictionary,id_parent,code,value,enableFlag) values('40288100295872de0129587360810039','20120530135054562736757983980338',null,'191','','1');
insert into bd_dictionaryvalue(id,id_dictionary,id_parent,code,value,enableFlag) values('40288100295872de012958736091003a','20120530135054562736757983980338',null,'192','','1');
insert into bd_dictionaryvalue(id,id_dictionary,id_parent,code,value,enableFlag) values('40288100295872de012958736091003b','20120530135054562736757983980338',null,'196','','1');
insert into bd_dictionaryvalue(id,id_dictionary,id_parent,code,value,enableFlag) values('40288100295872de0129587360a0003c','20120530135054562736757983980338',null,'204','','1');
insert into bd_dictionaryvalue(id,id_dictionary,id_parent,code,value,enableFlag) values('40288100295872de0129587360b0003d','20120530135054562736757983980338',null,'208','','1');
insert into bd_dictionaryvalue(id,id_dictionary,id_parent,code,value,enableFlag) values('40288100295872de0129587360c0003e','20120530135054562736757983980338',null,'212','','1');
insert into bd_dictionaryvalue(id,id_dictionary,id_parent,code,value,enableFlag) values('40288100295872de0129587360cf003f','20120530135054562736757983980338',null,'214','','1');
insert into bd_dictionaryvalue(id,id_dictionary,id_parent,code,value,enableFlag) values('40288100295872de0129587360cf0040','20120530135054562736757983980338',null,'216','','1');
insert into bd_dictionaryvalue(id,id_dictionary,id_parent,code,value,enableFlag) values('40288100295872de0129587360df0041','20120530135054562736757983980338',null,'218','','1');
insert into bd_dictionaryvalue(id,id_dictionary,id_parent,code,value,enableFlag) values('40288100295872de0129587360ef0042','20120530135054562736757983980338',null,'222','','1');
insert into bd_dictionaryvalue(id,id_dictionary,id_parent,code,value,enableFlag) values('40288100295872de0129587360ef0043','20120530135054562736757983980338',null,'226','','1');
insert into bd_dictionaryvalue(id,id_dictionary,id_parent,code,value,enableFlag) values('40288100295872de0129587360fe0044','20120530135054562736757983980338',null,'230','','1');
insert into bd_dictionaryvalue(id,id_dictionary,id_parent,code,value,enableFlag) values('40288100295872de01295873610e0045','20120530135054562736757983980338',null,'231','','1');
insert into bd_dictionaryvalue(id,id_dictionary,id_parent,code,value,enableFlag) values('40288100295872de01295873611d0046','20120530135054562736757983980338',null,'232','','1');
insert into bd_dictionaryvalue(id,id_dictionary,id_parent,code,value,enableFlag) values('40288100295872de01295873611d0047','20120530135054562736757983980338',null,'233','','1');
insert into bd_dictionaryvalue(id,id_dictionary,id_parent,code,value,enableFlag) values('40288100295872de01295873612d0048','20120530135054562736757983980338',null,'234','','1');
insert into bd_dictionaryvalue(id,id_dictionary,id_parent,code,value,enableFlag) values('40288100295872de01295873613d0049','20120530135054562736757983980338',null,'238','','1');
insert into bd_dictionaryvalue(id,id_dictionary,id_parent,code,value,enableFlag) values('40288100295872de01295873614c004a','20120530135054562736757983980338',null,'242','','1');
insert into bd_dictionaryvalue(id,id_dictionary,id_parent,code,value,enableFlag) values('40288100295872de01295873614c004b','20120530135054562736757983980338',null,'246','','1');
insert into bd_dictionaryvalue(id,id_dictionary,id_parent,code,value,enableFlag) values('40288100295872de01295873615c004c','20120530135054562736757983980338',null,'250','','1');
insert into bd_dictionaryvalue(id,id_dictionary,id_parent,code,value,enableFlag) values('40288100295872de01295873616c004d','20120530135054562736757983980338',null,'254','','1');
insert into bd_dictionaryvalue(id,id_dictionary,id_parent,code,value,enableFlag) values('40288100295872de01295873617b004e','20120530135054562736757983980338',null,'258','','1');
insert into bd_dictionaryvalue(id,id_dictionary,id_parent,code,value,enableFlag) values('40288100295872de01295873618b004f','20120530135054562736757983980338',null,'260','','1');
insert into bd_dictionaryvalue(id,id_dictionary,id_parent,code,value,enableFlag) values('40288100295872de01295873618b0050','20120530135054562736757983980338',null,'262','','1');
insert into bd_dictionaryvalue(id,id_dictionary,id_parent,code,value,enableFlag) values('40288100295872de01295873619a0051','20120530135054562736757983980338',null,'266','','1');
insert into bd_dictionaryvalue(id,id_dictionary,id_parent,code,value,enableFlag) values('40288100295872de0129587361aa0052','20120530135054562736757983980338',null,'268','','1');
insert into bd_dictionaryvalue(id,id_dictionary,id_parent,code,value,enableFlag) values('40288100295872de0129587361ba0053','20120530135054562736757983980338',null,'270','','1');
insert into bd_dictionaryvalue(id,id_dictionary,id_parent,code,value,enableFlag) values('40288100295872de0129587361ba0054','20120530135054562736757983980338',null,'276','','1');
insert into bd_dictionaryvalue(id,id_dictionary,id_parent,code,value,enableFlag) values('40288100295872de0129587361c90055','20120530135054562736757983980338',null,'288','','1');
insert into bd_dictionaryvalue(id,id_dictionary,id_parent,code,value,enableFlag) values('40288100295872de0129587361d90056','20120530135054562736757983980338',null,'292','','1');
insert into bd_dictionaryvalue(id,id_dictionary,id_parent,code,value,enableFlag) values('40288100295872de0129587361e90057','20120530135054562736757983980338',null,'296','','1');
insert into bd_dictionaryvalue(id,id_dictionary,id_parent,code,value,enableFlag) values('40288100295872de0129587361f80058','20120530135054562736757983980338',null,'300','','1');
insert into bd_dictionaryvalue(id,id_dictionary,id_parent,code,value,enableFlag) values('40288100295872de0129587362080059','20120530135054562736757983980338',null,'304','','1');
insert into bd_dictionaryvalue(id,id_dictionary,id_parent,code,value,enableFlag) values('40288100295872de012958736217005a','20120530135054562736757983980338',null,'308','','1');
insert into bd_dictionaryvalue(id,id_dictionary,id_parent,code,value,enableFlag) values('40288100295872de012958736227005b','20120530135054562736757983980338',null,'312','','1');
insert into bd_dictionaryvalue(id,id_dictionary,id_parent,code,value,enableFlag) values('40288100295872de012958736227005c','20120530135054562736757983980338',null,'316','','1');
insert into bd_dictionaryvalue(id,id_dictionary,id_parent,code,value,enableFlag) values('40288100295872de012958736237005d','20120530135054562736757983980338',null,'320','','1');
insert into bd_dictionaryvalue(id,id_dictionary,id_parent,code,value,enableFlag) values('40288100295872de012958736246005e','20120530135054562736757983980338',null,'324','','1');
insert into bd_dictionaryvalue(id,id_dictionary,id_parent,code,value,enableFlag) values('40288100295872de012958736256005f','20120530135054562736757983980338',null,'328','','1');
insert into bd_dictionaryvalue(id,id_dictionary,id_parent,code,value,enableFlag) values('40288100295872de0129587362660060','20120530135054562736757983980338',null,'332','','1');
insert into bd_dictionaryvalue(id,id_dictionary,id_parent,code,value,enableFlag) values('40288100295872de0129587362660061','20120530135054562736757983980338',null,'334','','1');
insert into bd_dictionaryvalue(id,id_dictionary,id_parent,code,value,enableFlag) values('40288100295872de0129587362750062','20120530135054562736757983980338',null,'336','','1');
insert into bd_dictionaryvalue(id,id_dictionary,id_parent,code,value,enableFlag) values('40288100295872de0129587362850063','20120530135054562736757983980338',null,'340','','1');
insert into bd_dictionaryvalue(id,id_dictionary,id_parent,code,value,enableFlag) values('40288100295872de0129587362940064','20120530135054562736757983980338',null,'344','','1');
insert into bd_dictionaryvalue(id,id_dictionary,id_parent,code,value,enableFlag) values('40288100295872de0129587362a40065','20120530135054562736757983980338',null,'348','','1');
insert into bd_dictionaryvalue(id,id_dictionary,id_parent,code,value,enableFlag) values('40288100295872de0129587362a40066','20120530135054562736757983980338',null,'352','','1');
insert into bd_dictionaryvalue(id,id_dictionary,id_parent,code,value,enableFlag) values('40288100295872de0129587362b40067','20120530135054562736757983980338',null,'356','','1');
insert into bd_dictionaryvalue(id,id_dictionary,id_parent,code,value,enableFlag) values('40288100295872de0129587362c30068','20120530135054562736757983980338',null,'360','','1');
insert into bd_dictionaryvalue(id,id_dictionary,id_parent,code,value,enableFlag) values('40288100295872de0129587362d30069','20120530135054562736757983980338',null,'364','','1');
insert into bd_dictionaryvalue(id,id_dictionary,id_parent,code,value,enableFlag) values('40288100295872de0129587362d3006a','20120530135054562736757983980338',null,'368','','1');
insert into bd_dictionaryvalue(id,id_dictionary,id_parent,code,value,enableFlag) values('40288100295872de0129587362e3006b','20120530135054562736757983980338',null,'372','','1');
insert into bd_dictionaryvalue(id,id_dictionary,id_parent,code,value,enableFlag) values('40288100295872de0129587362f2006c','20120530135054562736757983980338',null,'275','','1');
insert into bd_dictionaryvalue(id,id_dictionary,id_parent,code,value,enableFlag) values('40288100295872de012958736302006d','20120530135054562736757983980338',null,'376','','1');
insert into bd_dictionaryvalue(id,id_dictionary,id_parent,code,value,enableFlag) values('40288100295872de012958736311006e','20120530135054562736757983980338',null,'380','','1');
insert into bd_dictionaryvalue(id,id_dictionary,id_parent,code,value,enableFlag) values('40288100295872de012958736321006f','20120530135054562736757983980338',null,'384','','1');
insert into bd_dictionaryvalue(id,id_dictionary,id_parent,code,value,enableFlag) values('40288100295872de0129587363210070','20120530135054562736757983980338',null,'388','','1');
insert into bd_dictionaryvalue(id,id_dictionary,id_parent,code,value,enableFlag) values('40288100295872de0129587363310071','20120530135054562736757983980338',null,'392','','1');
insert into bd_dictionaryvalue(id,id_dictionary,id_parent,code,value,enableFlag) values('40288100295872de0129587363400072','20120530135054562736757983980338',null,'396','','1');
insert into bd_dictionaryvalue(id,id_dictionary,id_parent,code,value,enableFlag) values('40288100295872de0129587363500073','20120530135054562736757983980338',null,'400','','1');
insert into bd_dictionaryvalue(id,id_dictionary,id_parent,code,value,enableFlag) values('40288100295872de0129587363500074','20120530135054562736757983980338',null,'404','','1');
insert into bd_dictionaryvalue(id,id_dictionary,id_parent,code,value,enableFlag) values('40288100295872de0129587363600075','20120530135054562736757983980338',null,'408','','1');
insert into bd_dictionaryvalue(id,id_dictionary,id_parent,code,value,enableFlag) values('40288100295872de01295873636f0076','20120530135054562736757983980338',null,'410','','1');
insert into bd_dictionaryvalue(id,id_dictionary,id_parent,code,value,enableFlag) values('40288100295872de01295873637f0077','20120530135054562736757983980338',null,'414','','1');
insert into bd_dictionaryvalue(id,id_dictionary,id_parent,code,value,enableFlag) values('40288100295872de01295873638e0078','20120530135054562736757983980338',null,'417','','1');
insert into bd_dictionaryvalue(id,id_dictionary,id_parent,code,value,enableFlag) values('40288100295872de01295873639e0079','20120530135054562736757983980338',null,'418','','1');
insert into bd_dictionaryvalue(id,id_dictionary,id_parent,code,value,enableFlag) values('40288100295872de01295873639e007a','20120530135054562736757983980338',null,'422','','1');
insert into bd_dictionaryvalue(id,id_dictionary,id_parent,code,value,enableFlag) values('40288100295872de0129587363ae007b','20120530135054562736757983980338',null,'426','','1');
insert into bd_dictionaryvalue(id,id_dictionary,id_parent,code,value,enableFlag) values('40288100295872de0129587363bd007c','20120530135054562736757983980338',null,'430','','1');
insert into bd_dictionaryvalue(id,id_dictionary,id_parent,code,value,enableFlag) values('40288100295872de0129587363cd007d','20120530135054562736757983980338',null,'434','','1');
insert into bd_dictionaryvalue(id,id_dictionary,id_parent,code,value,enableFlag) values('40288100295872de0129587363dd007e','20120530135054562736757983980338',null,'438','','1');
insert into bd_dictionaryvalue(id,id_dictionary,id_parent,code,value,enableFlag) values('40288100295872de0129587363ec007f','20120530135054562736757983980338',null,'440','','1');
insert into bd_dictionaryvalue(id,id_dictionary,id_parent,code,value,enableFlag) values('40288100295872de0129587363ec0080','20120530135054562736757983980338',null,'442','','1');
insert into bd_dictionaryvalue(id,id_dictionary,id_parent,code,value,enableFlag) values('40288100295872de0129587363fc0081','20120530135054562736757983980338',null,'446','','1');
insert into bd_dictionaryvalue(id,id_dictionary,id_parent,code,value,enableFlag) values('40288100295872de01295873640b0082','20120530135054562736757983980338',null,'450','','1');
insert into bd_dictionaryvalue(id,id_dictionary,id_parent,code,value,enableFlag) values('40288100295872de01295873641b0083','20120530135054562736757983980338',null,'454','','1');
insert into bd_dictionaryvalue(id,id_dictionary,id_parent,code,value,enableFlag) values('40288100295872de01295873643a0084','20120530135054562736757983980338',null,'458','','1');
insert into bd_dictionaryvalue(id,id_dictionary,id_parent,code,value,enableFlag) values('40288100295872de01295873644a0085','20120530135054562736757983980338',null,'462','','1');
insert into bd_dictionaryvalue(id,id_dictionary,id_parent,code,value,enableFlag) values('40288100295872de01295873644a0086','20120530135054562736757983980338',null,'466','','1');
insert into bd_dictionaryvalue(id,id_dictionary,id_parent,code,value,enableFlag) values('40288100295872de01295873645a0087','20120530135054562736757983980338',null,'470','','1');
insert into bd_dictionaryvalue(id,id_dictionary,id_parent,code,value,enableFlag) values('40288100295872de0129587364690088','20120530135054562736757983980338',null,'474','','1');
insert into bd_dictionaryvalue(id,id_dictionary,id_parent,code,value,enableFlag) values('40288100295872de0129587364790089','20120530135054562736757983980338',null,'478','','1');
insert into bd_dictionaryvalue(id,id_dictionary,id_parent,code,value,enableFlag) values('40288100295872de012958736488008a','20120530135054562736757983980338',null,'480','','1');
insert into bd_dictionaryvalue(id,id_dictionary,id_parent,code,value,enableFlag) values('40288100295872de012958736488008b','20120530135054562736757983980338',null,'484','','1');
insert into bd_dictionaryvalue(id,id_dictionary,id_parent,code,value,enableFlag) values('40288100295872de012958736498008c','20120530135054562736757983980338',null,'488','','1');
insert into bd_dictionaryvalue(id,id_dictionary,id_parent,code,value,enableFlag) values('40288100295872de0129587364a8008d','20120530135054562736757983980338',null,'492','','1');
insert into bd_dictionaryvalue(id,id_dictionary,id_parent,code,value,enableFlag) values('40288100295872de0129587364b7008e','20120530135054562736757983980338',null,'496','','1');
insert into bd_dictionaryvalue(id,id_dictionary,id_parent,code,value,enableFlag) values('40288100295872de0129587364d7008f','20120530135054562736757983980338',null,'500','','1');
insert into bd_dictionaryvalue(id,id_dictionary,id_parent,code,value,enableFlag) values('40288100295872de0129587364e60090','20120530135054562736757983980338',null,'504','','1');
insert into bd_dictionaryvalue(id,id_dictionary,id_parent,code,value,enableFlag) values('40288100295872de0129587364e60091','20120530135054562736757983980338',null,'508','','1');
insert into bd_dictionaryvalue(id,id_dictionary,id_parent,code,value,enableFlag) values('40288100295872de0129587365050092','20120530135054562736757983980338',null,'512','','1');
insert into bd_dictionaryvalue(id,id_dictionary,id_parent,code,value,enableFlag) values('40288100295872de0129587365150093','20120530135054562736757983980338',null,'516','','1');
insert into bd_dictionaryvalue(id,id_dictionary,id_parent,code,value,enableFlag) values('40288100295872de0129587365150094','20120530135054562736757983980338',null,'520','','1');
insert into bd_dictionaryvalue(id,id_dictionary,id_parent,code,value,enableFlag) values('40288100295872de0129587365250095','20120530135054562736757983980338',null,'524','','1');
insert into bd_dictionaryvalue(id,id_dictionary,id_parent,code,value,enableFlag) values('40288100295872de0129587365340096','20120530135054562736757983980338',null,'528','','1');
insert into bd_dictionaryvalue(id,id_dictionary,id_parent,code,value,enableFlag) values('40288100295872de0129587365440097','20120530135054562736757983980338',null,'530','','1');
insert into bd_dictionaryvalue(id,id_dictionary,id_parent,code,value,enableFlag) values('40288100295872de0129587365540098','20120530135054562736757983980338',null,'536','','1');
insert into bd_dictionaryvalue(id,id_dictionary,id_parent,code,value,enableFlag) values('40288100295872de0129587365630099','20120530135054562736757983980338',null,'540','','1');
insert into bd_dictionaryvalue(id,id_dictionary,id_parent,code,value,enableFlag) values('40288100295872de012958736563009a','20120530135054562736757983980338',null,'548','','1');
insert into bd_dictionaryvalue(id,id_dictionary,id_parent,code,value,enableFlag) values('40288100295872de012958736582009b','20120530135054562736757983980338',null,'554','','1');
insert into bd_dictionaryvalue(id,id_dictionary,id_parent,code,value,enableFlag) values('40288100295872de012958736592009c','20120530135054562736757983980338',null,'558','','1');
insert into bd_dictionaryvalue(id,id_dictionary,id_parent,code,value,enableFlag) values('40288100295872de0129587365a2009d','20120530135054562736757983980338',null,'562','','1');
insert into bd_dictionaryvalue(id,id_dictionary,id_parent,code,value,enableFlag) values('40288100295872de0129587365b1009e','20120530135054562736757983980338',null,'566','','1');
insert into bd_dictionaryvalue(id,id_dictionary,id_parent,code,value,enableFlag) values('40288100295872de0129587365b1009f','20120530135054562736757983980338',null,'570','','1');
insert into bd_dictionaryvalue(id,id_dictionary,id_parent,code,value,enableFlag) values('40288100295872de0129587365d100a0','20120530135054562736757983980338',null,'574','','1');
insert into bd_dictionaryvalue(id,id_dictionary,id_parent,code,value,enableFlag) values('40288100295872de0129587365e000a1','20120530135054562736757983980338',null,'578','','1');
insert into bd_dictionaryvalue(id,id_dictionary,id_parent,code,value,enableFlag) values('40288100295872de0129587365f000a2','20120530135054562736757983980338',null,'580','','1');
insert into bd_dictionaryvalue(id,id_dictionary,id_parent,code,value,enableFlag) values('40288100295872de0129587365ff00a3','20120530135054562736757983980338',null,'582','','1');
insert into bd_dictionaryvalue(id,id_dictionary,id_parent,code,value,enableFlag) values('40288100295872de01295873660f00a4','20120530135054562736757983980338',null,'585','','1');
insert into bd_dictionaryvalue(id,id_dictionary,id_parent,code,value,enableFlag) values('40288100295872de01295873660f00a5','20120530135054562736757983980338',null,'586','','1');
insert into bd_dictionaryvalue(id,id_dictionary,id_parent,code,value,enableFlag) values('40288100295872de01295873661f00a6','20120530135054562736757983980338',null,'591','','1');
insert into bd_dictionaryvalue(id,id_dictionary,id_parent,code,value,enableFlag) values('40288100295872de01295873662e00a7','20120530135054562736757983980338',null,'598','','1');
insert into bd_dictionaryvalue(id,id_dictionary,id_parent,code,value,enableFlag) values('40288100295872de01295873663e00a8','20120530135054562736757983980338',null,'600','','1');
insert into bd_dictionaryvalue(id,id_dictionary,id_parent,code,value,enableFlag) values('40288100295872de01295873664e00a9','20120530135054562736757983980338',null,'604','','1');
insert into bd_dictionaryvalue(id,id_dictionary,id_parent,code,value,enableFlag) values('40288100295872de01295873665d00aa','20120530135054562736757983980338',null,'608','','1');
insert into bd_dictionaryvalue(id,id_dictionary,id_parent,code,value,enableFlag) values('40288100295872de01295873666d00ab','20120530135054562736757983980338',null,'612','','1');
insert into bd_dictionaryvalue(id,id_dictionary,id_parent,code,value,enableFlag) values('40288100295872de01295873666d00ac','20120530135054562736757983980338',null,'616','','1');
insert into bd_dictionaryvalue(id,id_dictionary,id_parent,code,value,enableFlag) values('40288100295872de01295873667c00ad','20120530135054562736757983980338',null,'620','','1');
insert into bd_dictionaryvalue(id,id_dictionary,id_parent,code,value,enableFlag) values('40288100295872de01295873668c00ae','20120530135054562736757983980338',null,'624','','1');
insert into bd_dictionaryvalue(id,id_dictionary,id_parent,code,value,enableFlag) values('40288100295872de01295873669c00af','20120530135054562736757983980338',null,'626','','1');
insert into bd_dictionaryvalue(id,id_dictionary,id_parent,code,value,enableFlag) values('40288100295872de0129587366ab00b0','20120530135054562736757983980338',null,'630','','1');
insert into bd_dictionaryvalue(id,id_dictionary,id_parent,code,value,enableFlag) values('40288100295872de0129587366bb00b1','20120530135054562736757983980338',null,'634','','1');
insert into bd_dictionaryvalue(id,id_dictionary,id_parent,code,value,enableFlag) values('40288100295872de0129587366cb00b2','20120530135054562736757983980338',null,'638','','1');
insert into bd_dictionaryvalue(id,id_dictionary,id_parent,code,value,enableFlag) values('40288100295872de0129587366cb00b3','20120530135054562736757983980338',null,'642','','1');
insert into bd_dictionaryvalue(id,id_dictionary,id_parent,code,value,enableFlag) values('40288100295872de0129587366da00b4','20120530135054562736757983980338',null,'643','','1');
insert into bd_dictionaryvalue(id,id_dictionary,id_parent,code,value,enableFlag) values('40288100295872de0129587366ea00b5','20120530135054562736757983980338',null,'646','','1');
insert into bd_dictionaryvalue(id,id_dictionary,id_parent,code,value,enableFlag) values('40288100295872de0129587366f900b6','20120530135054562736757983980338',null,'654','','1');
insert into bd_dictionaryvalue(id,id_dictionary,id_parent,code,value,enableFlag) values('40288100295872de01295873670900b7','20120530135054562736757983980338',null,'659','','1');
insert into bd_dictionaryvalue(id,id_dictionary,id_parent,code,value,enableFlag) values('40288100295872de01295873671900b8','20120530135054562736757983980338',null,'662','','1');
insert into bd_dictionaryvalue(id,id_dictionary,id_parent,code,value,enableFlag) values('40288100295872de01295873672800b9','20120530135054562736757983980338',null,'666','','1');
insert into bd_dictionaryvalue(id,id_dictionary,id_parent,code,value,enableFlag) values('40288100295872de01295873673800ba','20120530135054562736757983980338',null,'670','','1');
insert into bd_dictionaryvalue(id,id_dictionary,id_parent,code,value,enableFlag) values('40288100295872de01295873674800bb','20120530135054562736757983980338',null,'674','','1');
insert into bd_dictionaryvalue(id,id_dictionary,id_parent,code,value,enableFlag) values('40288100295872de01295873674800bc','20120530135054562736757983980338',null,'678','','1');
insert into bd_dictionaryvalue(id,id_dictionary,id_parent,code,value,enableFlag) values('40288100295872de01295873676700bd','20120530135054562736757983980338',null,'682','','1');
insert into bd_dictionaryvalue(id,id_dictionary,id_parent,code,value,enableFlag) values('40288100295872de01295873677600be','20120530135054562736757983980338',null,'686','','1');
insert into bd_dictionaryvalue(id,id_dictionary,id_parent,code,value,enableFlag) values('40288100295872de01295873678600bf','20120530135054562736757983980338',null,'690','','1');
insert into bd_dictionaryvalue(id,id_dictionary,id_parent,code,value,enableFlag) values('40288100295872de01295873679600c0','20120530135054562736757983980338',null,'694','','1');
insert into bd_dictionaryvalue(id,id_dictionary,id_parent,code,value,enableFlag) values('40288100295872de0129587367a500c1','20120530135054562736757983980338',null,'702','','1');
insert into bd_dictionaryvalue(id,id_dictionary,id_parent,code,value,enableFlag) values('40288100295872de0129587367b500c2','20120530135054562736757983980338',null,'703','','1');
insert into bd_dictionaryvalue(id,id_dictionary,id_parent,code,value,enableFlag) values('40288100295872de0129587367b500c3','20120530135054562736757983980338',null,'704','','1');
insert into bd_dictionaryvalue(id,id_dictionary,id_parent,code,value,enableFlag) values('40288100295872de0129587367c500c4','20120530135054562736757983980338',null,'705','','1');
insert into bd_dictionaryvalue(id,id_dictionary,id_parent,code,value,enableFlag) values('40288100295872de0129587367d400c5','20120530135054562736757983980338',null,'706','','1');
insert into bd_dictionaryvalue(id,id_dictionary,id_parent,code,value,enableFlag) values('40288100295872de0129587367e400c6','20120530135054562736757983980338',null,'710','','1');
insert into bd_dictionaryvalue(id,id_dictionary,id_parent,code,value,enableFlag) values('40288100295872de0129587367f300c7','20120530135054562736757983980338',null,'716','','1');
insert into bd_dictionaryvalue(id,id_dictionary,id_parent,code,value,enableFlag) values('40288100295872de01295873680300c8','20120530135054562736757983980338',null,'720','','1');
insert into bd_dictionaryvalue(id,id_dictionary,id_parent,code,value,enableFlag) values('40288100295872de01295873681300c9','20120530135054562736757983980338',null,'724','','1');
insert into bd_dictionaryvalue(id,id_dictionary,id_parent,code,value,enableFlag) values('40288100295872de01295873682200ca','20120530135054562736757983980338',null,'732','','1');
insert into bd_dictionaryvalue(id,id_dictionary,id_parent,code,value,enableFlag) values('40288100295872de01295873683200cb','20120530135054562736757983980338',null,'736','','1');
insert into bd_dictionaryvalue(id,id_dictionary,id_parent,code,value,enableFlag) values('40288100295872de01295873683200cc','20120530135054562736757983980338',null,'740','','1');
insert into bd_dictionaryvalue(id,id_dictionary,id_parent,code,value,enableFlag) values('40288100295872de01295873684200cd','20120530135054562736757983980338',null,'744','','1');
insert into bd_dictionaryvalue(id,id_dictionary,id_parent,code,value,enableFlag) values('40288100295872de01295873685100ce','20120530135054562736757983980338',null,'748','','1');
insert into bd_dictionaryvalue(id,id_dictionary,id_parent,code,value,enableFlag) values('40288100295872de01295873686100cf','20120530135054562736757983980338',null,'752','','1');
insert into bd_dictionaryvalue(id,id_dictionary,id_parent,code,value,enableFlag) values('40288100295872de01295873687000d0','20120530135054562736757983980338',null,'756','','1');
insert into bd_dictionaryvalue(id,id_dictionary,id_parent,code,value,enableFlag) values('40288100295872de01295873688000d1','20120530135054562736757983980338',null,'760','','1');
insert into bd_dictionaryvalue(id,id_dictionary,id_parent,code,value,enableFlag) values('40288100295872de01295873689000d2','20120530135054562736757983980338',null,'762','','1');
insert into bd_dictionaryvalue(id,id_dictionary,id_parent,code,value,enableFlag) values('40288100295872de01295873689f00d3','20120530135054562736757983980338',null,'764','','1');
insert into bd_dictionaryvalue(id,id_dictionary,id_parent,code,value,enableFlag) values('40288100295872de0129587368af00d4','20120530135054562736757983980338',null,'768','','1');
insert into bd_dictionaryvalue(id,id_dictionary,id_parent,code,value,enableFlag) values('40288100295872de0129587368bf00d5','20120530135054562736757983980338',null,'772','','1');
insert into bd_dictionaryvalue(id,id_dictionary,id_parent,code,value,enableFlag) values('40288100295872de0129587368ce00d6','20120530135054562736757983980338',null,'776','','1');
insert into bd_dictionaryvalue(id,id_dictionary,id_parent,code,value,enableFlag) values('40288100295872de0129587368de00d7','20120530135054562736757983980338',null,'780','','1');
insert into bd_dictionaryvalue(id,id_dictionary,id_parent,code,value,enableFlag) values('40288100295872de0129587368ed00d8','20120530135054562736757983980338',null,'784','','1');
insert into bd_dictionaryvalue(id,id_dictionary,id_parent,code,value,enableFlag) values('40288100295872de0129587368fd00d9','20120530135054562736757983980338',null,'788','','1');
insert into bd_dictionaryvalue(id,id_dictionary,id_parent,code,value,enableFlag) values('40288100295872de01295873690d00da','20120530135054562736757983980338',null,'792','','1');
insert into bd_dictionaryvalue(id,id_dictionary,id_parent,code,value,enableFlag) values('40288100295872de01295873691c00db','20120530135054562736757983980338',null,'795','','1');
insert into bd_dictionaryvalue(id,id_dictionary,id_parent,code,value,enableFlag) values('40288100295872de01295873692c00dc','20120530135054562736757983980338',null,'796','','1');
insert into bd_dictionaryvalue(id,id_dictionary,id_parent,code,value,enableFlag) values('40288100295872de01295873693c00dd','20120530135054562736757983980338',null,'798','','1');
insert into bd_dictionaryvalue(id,id_dictionary,id_parent,code,value,enableFlag) values('40288100295872de01295873694b00de','20120530135054562736757983980338',null,'800','','1');
insert into bd_dictionaryvalue(id,id_dictionary,id_parent,code,value,enableFlag) values('40288100295872de01295873695b00df','20120530135054562736757983980338',null,'804','','1');
insert into bd_dictionaryvalue(id,id_dictionary,id_parent,code,value,enableFlag) values('40288100295872de01295873696a00e0','20120530135054562736757983980338',null,'810','','1');
insert into bd_dictionaryvalue(id,id_dictionary,id_parent,code,value,enableFlag) values('40288100295872de01295873697a00e1','20120530135054562736757983980338',null,'818','','1');
insert into bd_dictionaryvalue(id,id_dictionary,id_parent,code,value,enableFlag) values('40288100295872de01295873698a00e2','20120530135054562736757983980338',null,'826','','1');
insert into bd_dictionaryvalue(id,id_dictionary,id_parent,code,value,enableFlag) values('40288100295872de01295873699900e3','20120530135054562736757983980338',null,'834','','1');
insert into bd_dictionaryvalue(id,id_dictionary,id_parent,code,value,enableFlag) values('40288100295872de0129587369b900e4','20120530135054562736757983980338',null,'840','','1');
insert into bd_dictionaryvalue(id,id_dictionary,id_parent,code,value,enableFlag) values('40288100295872de0129587369c800e5','20120530135054562736757983980338',null,'849','','1');
insert into bd_dictionaryvalue(id,id_dictionary,id_parent,code,value,enableFlag) values('40288100295872de0129587369d800e6','20120530135054562736757983980338',null,'850','','1');
insert into bd_dictionaryvalue(id,id_dictionary,id_parent,code,value,enableFlag) values('40288100295872de0129587369e700e7','20120530135054562736757983980338',null,'854','','1');
insert into bd_dictionaryvalue(id,id_dictionary,id_parent,code,value,enableFlag) values('40288100295872de0129587369f700e8','20120530135054562736757983980338',null,'858','','1');
insert into bd_dictionaryvalue(id,id_dictionary,id_parent,code,value,enableFlag) values('40288100295872de0129587369f700e9','20120530135054562736757983980338',null,'862','','1');
insert into bd_dictionaryvalue(id,id_dictionary,id_parent,code,value,enableFlag) values('40288100295872de012958736a0700ea','20120530135054562736757983980338',null,'872','','1');
insert into bd_dictionaryvalue(id,id_dictionary,id_parent,code,value,enableFlag) values('40288100295872de012958736a1600eb','20120530135054562736757983980338',null,'876','','1');
insert into bd_dictionaryvalue(id,id_dictionary,id_parent,code,value,enableFlag) values('40288100295872de012958736a2600ec','20120530135054562736757983980338',null,'882','','1');
insert into bd_dictionaryvalue(id,id_dictionary,id_parent,code,value,enableFlag) values('40288100295872de012958736a3600ed','20120530135054562736757983980338',null,'886','','1');
insert into bd_dictionaryvalue(id,id_dictionary,id_parent,code,value,enableFlag) values('40288100295872de012958736a4500ee','20120530135054562736757983980338',null,'890','','1');
insert into bd_dictionaryvalue(id,id_dictionary,id_parent,code,value,enableFlag) values('40288100295872de012958736a5500ef','20120530135054562736757983980338',null,'894','','1');
insert into bd_dictionaryvalue(id,id_dictionary,id_parent,code,value,enableFlag) values('40288100295872de012958736a6400f0','20120530135054562736757983980338',null,'398','','1');

insert into bd_dictionary(id,name,code,kind,editableFlag) values('402881002958443d0129585d6e09002e','','studentKind','1','1');
insert into bd_dictionaryvalue(id,id_dictionary,id_parent,code,value,enableFlag) values('402881002958443d0129585dcce2002f','402881002958443d0129585d6e09002e',null,'8091001','','1');
insert into bd_dictionaryvalue(id,id_dictionary,id_parent,code,value,enableFlag) values('402881002958443d0129585dccf20030','402881002958443d0129585d6e09002e',null,'8091002','','1');
insert into bd_dictionaryvalue(id,id_dictionary,id_parent,code,value,enableFlag) values('402881002958443d0129585dccf20031','402881002958443d0129585d6e09002e','402881002958443d0129585dccf20030','8091003','','1');
insert into bd_dictionaryvalue(id,id_dictionary,id_parent,code,value,enableFlag) values('402881002958443d0129585dcd020032','402881002958443d0129585d6e09002e','402881002958443d0129585dccf20030','8091004','','1');
insert into bd_dictionaryvalue(id,id_dictionary,id_parent,code,value,enableFlag) values('402881002958443d0129585dcd020033','402881002958443d0129585d6e09002e','402881002958443d0129585dccf20030','8091008','','1');
insert into bd_dictionaryvalue(id,id_dictionary,id_parent,code,value,enableFlag) values('402881002958443d0129585dcd020034','402881002958443d0129585d6e09002e','402881002958443d0129585dccf20030','8091009','','1');
insert into bd_dictionaryvalue(id,id_dictionary,id_parent,code,value,enableFlag) values('402881002958443d0129585dcd110035','402881002958443d0129585d6e09002e','402881002958443d0129585dccf20030','8091010','','1');
insert into bd_dictionaryvalue(id,id_dictionary,id_parent,code,value,enableFlag) values('402881002958443d0129585dcd110036','402881002958443d0129585d6e09002e','402881002958443d0129585dccf20030','8091014','','1');
insert into bd_dictionary(id,name,code,kind,editableFlag) values('40288100297c86c001297c9511190001','','polity','0','1');
insert into bd_dictionaryvalue(id,id_dictionary,id_parent,code,value,enableFlag) values('40288100297c979a01297c981be80001','40288100297c86c001297c9511190001',null,'9003001','','1');
insert into bd_dictionaryvalue(id,id_dictionary,id_parent,code,value,enableFlag) values('40288100297c979a01297c981c170002','40288100297c86c001297c9511190001',null,'9003002','','1');
insert into bd_dictionaryvalue(id,id_dictionary,id_parent,code,value,enableFlag) values('40288100297c979a01297c981c270003','40288100297c86c001297c9511190001',null,'9003003','','1');
insert into bd_dictionaryvalue(id,id_dictionary,id_parent,code,value,enableFlag) values('40288100297c979a01297c981c360004','40288100297c86c001297c9511190001',null,'9003004','','1');
insert into bd_dictionaryvalue(id,id_dictionary,id_parent,code,value,enableFlag) values('40288100297c979a01297c981c360005','40288100297c86c001297c9511190001',null,'9003005','','1');
insert into bd_dictionaryvalue(id,id_dictionary,id_parent,code,value,enableFlag) values('40288100297c979a01297c981c460006','40288100297c86c001297c9511190001',null,'9003006','','1');
insert into bd_dictionaryvalue(id,id_dictionary,id_parent,code,value,enableFlag) values('40288100297c979a01297c981c550007','40288100297c86c001297c9511190001',null,'9003007','','1');
insert into bd_dictionaryvalue(id,id_dictionary,id_parent,code,value,enableFlag) values('40288100297c979a01297c981c550008','40288100297c86c001297c9511190001',null,'9003008','','1');
insert into bd_dictionaryvalue(id,id_dictionary,id_parent,code,value,enableFlag) values('40288100297c979a01297c981c650009','40288100297c86c001297c9511190001',null,'9003009','','1');
insert into bd_dictionaryvalue(id,id_dictionary,id_parent,code,value,enableFlag) values('40288100297c979a01297c981c75000a','40288100297c86c001297c9511190001',null,'9003010','','1');
insert into bd_dictionaryvalue(id,id_dictionary,id_parent,code,value,enableFlag) values('40288100297c979a01297c981c84000b','40288100297c86c001297c9511190001',null,'9003011','','1');
insert into bd_dictionaryvalue(id,id_dictionary,id_parent,code,value,enableFlag) values('40288100297c979a01297c981c84000c','40288100297c86c001297c9511190001',null,'9003012','','1');
insert into bd_dictionaryvalue(id,id_dictionary,id_parent,code,value,enableFlag) values('40288100297c979a01297c981c94000d','40288100297c86c001297c9511190001',null,'9003013','','1');
insert into bd_dictionaryvalue(id,id_dictionary,id_parent,code,value,enableFlag) values('40288100297c979a01297c981ca4000e','40288100297c86c001297c9511190001',null,'9003014','','1');
insert into bd_dictionary(id,name,code,kind,editableFlag) values('402881002958443d0129584a7299001a','','colony','0','1');
insert into bd_dictionaryvalue(id,id_dictionary,id_parent,code,value,enableFlag) values('402881002958443d012958505187001b','402881002958443d0129584a7299001a',null,'9118001','','1');
insert into bd_dictionaryvalue(id,id_dictionary,id_parent,code,value,enableFlag) values('402881002958443d0129585051a7001c','402881002958443d0129584a7299001a',null,'9118002','','1');
insert into bd_dictionaryvalue(id,id_dictionary,id_parent,code,value,enableFlag) values('402881002958443d0129585051a7001d','402881002958443d0129584a7299001a',null,'9118003','','1');
insert into bd_dictionaryvalue(id,id_dictionary,id_parent,code,value,enableFlag) values('402881002958443d0129585051b6001e','402881002958443d0129584a7299001a',null,'9118004','','1');
insert into bd_dictionaryvalue(id,id_dictionary,id_parent,code,value,enableFlag) values('402881002958443d0129585051c6001f','402881002958443d0129584a7299001a',null,'9118005','','1');
insert into bd_dictionaryvalue(id,id_dictionary,id_parent,code,value,enableFlag) values('402881002958443d0129585051d60020','402881002958443d0129584a7299001a',null,'9118006','','1');
insert into bd_dictionaryvalue(id,id_dictionary,id_parent,code,value,enableFlag) values('402881002958443d0129585051e50021','402881002958443d0129584a7299001a',null,'9118007','','1');
insert into bd_dictionaryvalue(id,id_dictionary,id_parent,code,value,enableFlag) values('402881002958443d0129585051e50022','402881002958443d0129584a7299001a',null,'9118008','','1');
insert into bd_dictionaryvalue(id,id_dictionary,id_parent,code,value,enableFlag) values('402881002958443d0129585051f50023','402881002958443d0129584a7299001a',null,'9118009','','1');
insert into bd_dictionaryvalue(id,id_dictionary,id_parent,code,value,enableFlag) values('402881002958443d0129585052040024','402881002958443d0129584a7299001a',null,'9118999','','1');
insert into bd_dictionary(id,name,code,kind,editableFlag) values('40288100289036410128907df1250011','','citizenKind','0','1');
insert into bd_dictionaryvalue(id,id_dictionary,id_parent,code,value,enableFlag) values('40288100289036410128907e9c880012','40288100289036410128907df1250011',null,'9015001','','1');
insert into bd_dictionaryvalue(id,id_dictionary,id_parent,code,value,enableFlag) values('40288100289036410128907ed8d50013','40288100289036410128907df1250011',null,'9015002','','1');
insert into bd_dictionary(id,name,code,kind,editableFlag) values('40288100295872de0129587ae84d00f1','','studymode','0','1');
insert into bd_dictionaryvalue(id,id_dictionary,id_parent,code,value,enableFlag) values('40288100295872de0129587b2e5e00f2','40288100295872de0129587ae84d00f1',null,'1001001','','1');
insert into bd_dictionaryvalue(id,id_dictionary,id_parent,code,value,enableFlag) values('40288100295872de0129587b2e6e00f3','40288100295872de0129587ae84d00f1',null,'1001002','','1');
insert into bd_dictionaryvalue(id,id_dictionary,id_parent,code,value,enableFlag) values('40288100295872de0129587b2e7e00f4','40288100295872de0129587ae84d00f1',null,'1001003','','1');
insert into bd_dictionaryvalue(id,id_dictionary,id_parent,code,value,enableFlag) values('40288100295872de0129587b2e8d00f5','40288100295872de0129587ae84d00f1',null,'1001999','','1');
insert into bd_dictionary(id,name,code,kind,editableFlag) values('402881002957f9600129582985d40001','','health','1','1');
insert into bd_dictionaryvalue(id,id_dictionary,id_parent,code,value,enableFlag) values('402881002958443d01295846f3b40001','402881002957f9600129582985d40001',null,'8115001','','1');
insert into bd_dictionaryvalue(id,id_dictionary,id_parent,code,value,enableFlag) values('402881002958443d01295846f3f20002','402881002957f9600129582985d40001',null,'8115002','','1');
insert into bd_dictionaryvalue(id,id_dictionary,id_parent,code,value,enableFlag) values('402881002958443d01295846f3f20003','402881002957f9600129582985d40001',null,'8115003','','1');
insert into bd_dictionaryvalue(id,id_dictionary,id_parent,code,value,enableFlag) values('402881002958443d01295846f4020004','402881002957f9600129582985d40001','402881002958443d01295846f3f20003','8115004','','1');
insert into bd_dictionaryvalue(id,id_dictionary,id_parent,code,value,enableFlag) values('402881002958443d01295846f4110005','402881002957f9600129582985d40001','402881002958443d01295846f3f20003','8115005','','1');
insert into bd_dictionaryvalue(id,id_dictionary,id_parent,code,value,enableFlag) values('402881002958443d01295846f4110006','402881002957f9600129582985d40001','402881002958443d01295846f3f20003','8115006','','1');
insert into bd_dictionaryvalue(id,id_dictionary,id_parent,code,value,enableFlag) values('402881002958443d01295846f4110007','402881002957f9600129582985d40001','402881002958443d01295846f3f20003','8115007','','1');
insert into bd_dictionaryvalue(id,id_dictionary,id_parent,code,value,enableFlag) values('402881002958443d01295846f4310008','402881002957f9600129582985d40001','402881002958443d01295846f3f20003','8115008','','1');
insert into bd_dictionaryvalue(id,id_dictionary,id_parent,code,value,enableFlag) values('402881002958443d01295846f4310009','402881002957f9600129582985d40001','402881002958443d01295846f3f20003','8115009','','1');
insert into bd_dictionaryvalue(id,id_dictionary,id_parent,code,value,enableFlag) values('402881002958443d01295846f431000a','402881002957f9600129582985d40001','402881002958443d01295846f3f20003','8115010','','1');
insert into bd_dictionaryvalue(id,id_dictionary,id_parent,code,value,enableFlag) values('402881002958443d01295846f440000b','402881002957f9600129582985d40001','402881002958443d01295846f3f20003','8115011','','1');
insert into bd_dictionaryvalue(id,id_dictionary,id_parent,code,value,enableFlag) values('402881002958443d01295846f440000c','402881002957f9600129582985d40001','402881002958443d01295846f3f20003','8115012','','1');
insert into bd_dictionaryvalue(id,id_dictionary,id_parent,code,value,enableFlag) values('402881002958443d01295846f450000d','402881002957f9600129582985d40001',null,'8115013','','1');
insert into bd_dictionaryvalue(id,id_dictionary,id_parent,code,value,enableFlag) values('402881002958443d01295846f450000e','402881002957f9600129582985d40001','402881002958443d01295846f450000d','8115014','','1');
insert into bd_dictionaryvalue(id,id_dictionary,id_parent,code,value,enableFlag) values('402881002958443d01295846f450000f','402881002957f9600129582985d40001','402881002958443d01295846f450000d','8115015','','1');
insert into bd_dictionaryvalue(id,id_dictionary,id_parent,code,value,enableFlag) values('402881002958443d01295846f4600010','402881002957f9600129582985d40001','402881002958443d01295846f450000d','8115016','','1');
insert into bd_dictionaryvalue(id,id_dictionary,id_parent,code,value,enableFlag) values('402881002958443d01295846f4600011','402881002957f9600129582985d40001','402881002958443d01295846f450000d','8115017','','1');
insert into bd_dictionaryvalue(id,id_dictionary,id_parent,code,value,enableFlag) values('402881002958443d01295846f46f0012','402881002957f9600129582985d40001',null,'8115018','','1');
insert into bd_dictionaryvalue(id,id_dictionary,id_parent,code,value,enableFlag) values('402881002958443d01295846f46f0013','402881002957f9600129582985d40001','402881002958443d01295846f46f0012','8115019','','1');
insert into bd_dictionaryvalue(id,id_dictionary,id_parent,code,value,enableFlag) values('402881002958443d01295846f47f0014','402881002957f9600129582985d40001','402881002958443d01295846f46f0012','8115020','','1');
insert into bd_dictionaryvalue(id,id_dictionary,id_parent,code,value,enableFlag) values('402881002958443d01295846f47f0015','402881002957f9600129582985d40001','402881002958443d01295846f46f0012','8115021','','1');
insert into bd_dictionaryvalue(id,id_dictionary,id_parent,code,value,enableFlag) values('402881002958443d01295846f47f0016','402881002957f9600129582985d40001','402881002958443d01295846f46f0012','8115022','','1');
insert into bd_dictionaryvalue(id,id_dictionary,id_parent,code,value,enableFlag) values('402881002958443d01295846f48e0017','402881002957f9600129582985d40001','402881002958443d01295846f46f0012','8115023','','1');
insert into bd_dictionaryvalue(id,id_dictionary,id_parent,code,value,enableFlag) values('402881002958443d01295846f48e0018','402881002957f9600129582985d40001','402881002958443d01295846f46f0012','8115024','','1');
insert into bd_dictionaryvalue(id,id_dictionary,id_parent,code,value,enableFlag) values('402881002958443d01295846f49e0019','402881002957f9600129582985d40001','402881002958443d01295846f46f0012','8115999','','1');
insert into bd_dictionary(id,name,code,kind,editableFlag) values('4028810028955f1001289569e2ad0001','','cultureDegree','1','1');
insert into bd_dictionaryvalue(id,id_dictionary,id_parent,code,value,enableFlag) values('4028810028a90a570128a91b136a0026','4028810028955f1001289569e2ad0001',null,'9006001','','1');
insert into bd_dictionaryvalue(id,id_dictionary,id_parent,code,value,enableFlag) values('4028810028a90a570128a91b137a0027','4028810028955f1001289569e2ad0001','4028810028a90a570128a91b136a0026','9006002','','1');
insert into bd_dictionaryvalue(id,id_dictionary,id_parent,code,value,enableFlag) values('4028810028a90a570128a91b137a0028','4028810028955f1001289569e2ad0001','4028810028a90a570128a91b136a0026','9006003','','1');
insert into bd_dictionaryvalue(id,id_dictionary,id_parent,code,value,enableFlag) values('4028810028a90a570128a91b13890029','4028810028955f1001289569e2ad0001',null,'9006004','()','1');
insert into bd_dictionaryvalue(id,id_dictionary,id_parent,code,value,enableFlag) values('4028810028a90a570128a91b1399002a','4028810028955f1001289569e2ad0001','4028810028a90a570128a91b13890029','9006005','','1');
insert into bd_dictionaryvalue(id,id_dictionary,id_parent,code,value,enableFlag) values('4028810028a90a570128a91b1399002b','4028810028955f1001289569e2ad0001','4028810028a90a570128a91b13890029','9006006','','1');
insert into bd_dictionaryvalue(id,id_dictionary,id_parent,code,value,enableFlag) values('4028810028a90a570128a91b13a9002c','4028810028955f1001289569e2ad0001','4028810028a90a570128a91b13890029','9006007','','1');
insert into bd_dictionaryvalue(id,id_dictionary,id_parent,code,value,enableFlag) values('4028810028a90a570128a91b13a9002d','4028810028955f1001289569e2ad0001',null,'9006008','','1');
insert into bd_dictionaryvalue(id,id_dictionary,id_parent,code,value,enableFlag) values('4028810028a90a570128a91b13a9002e','4028810028955f1001289569e2ad0001','4028810028a90a570128a91b13a9002d','9006009','','1');
insert into bd_dictionaryvalue(id,id_dictionary,id_parent,code,value,enableFlag) values('4028810028a90a570128a91b13b8002f','4028810028955f1001289569e2ad0001','4028810028a90a570128a91b13a9002d','9006010','','1');
insert into bd_dictionaryvalue(id,id_dictionary,id_parent,code,value,enableFlag) values('4028810028a90a570128a91b13b80030','4028810028955f1001289569e2ad0001','4028810028a90a570128a91b13a9002d','9006011','','1');
insert into bd_dictionaryvalue(id,id_dictionary,id_parent,code,value,enableFlag) values('4028810028a90a570128a91b13b80031','4028810028955f1001289569e2ad0001',null,'9006012','()()','1');
insert into bd_dictionaryvalue(id,id_dictionary,id_parent,code,value,enableFlag) values('4028810028a90a570128a91b13c80032','4028810028955f1001289569e2ad0001','4028810028a90a570128a91b13b80031','9006013','','1');
insert into bd_dictionaryvalue(id,id_dictionary,id_parent,code,value,enableFlag) values('4028810028a90a570128a91b13d70033','4028810028955f1001289569e2ad0001','4028810028a90a570128a91b13b80031','9006014','','1');
insert into bd_dictionaryvalue(id,id_dictionary,id_parent,code,value,enableFlag) values('4028810028a90a570128a91b13e70034','4028810028955f1001289569e2ad0001','4028810028a90a570128a91b13b80031','9006015','','1');
insert into bd_dictionaryvalue(id,id_dictionary,id_parent,code,value,enableFlag) values('4028810028a90a570128a91b14060035','4028810028955f1001289569e2ad0001','4028810028a90a570128a91b13b80031','9006016','','1');
insert into bd_dictionaryvalue(id,id_dictionary,id_parent,code,value,enableFlag) values('4028810028a90a570128a91b14060036','4028810028955f1001289569e2ad0001',null,'9006017','','1');
insert into bd_dictionaryvalue(id,id_dictionary,id_parent,code,value,enableFlag) values('4028810028a90a570128a91b14160037','4028810028955f1001289569e2ad0001','4028810028a90a570128a91b14060036','9006018','','1');
insert into bd_dictionaryvalue(id,id_dictionary,id_parent,code,value,enableFlag) values('4028810028a90a570128a91b14160038','4028810028955f1001289569e2ad0001','4028810028a90a570128a91b14060036','9006019','','1');
insert into bd_dictionaryvalue(id,id_dictionary,id_parent,code,value,enableFlag) values('4028810028a90a570128a91b14260039','4028810028955f1001289569e2ad0001',null,'9006020','','1');
insert into bd_dictionaryvalue(id,id_dictionary,id_parent,code,value,enableFlag) values('4028810028a90a570128a91b1445003a','4028810028955f1001289569e2ad0001','4028810028a90a570128a91b14260039','9006021','','1');
insert into bd_dictionaryvalue(id,id_dictionary,id_parent,code,value,enableFlag) values('4028810028a90a570128a91b1445003b','4028810028955f1001289569e2ad0001','4028810028a90a570128a91b14260039','9006022','','1');
insert into bd_dictionaryvalue(id,id_dictionary,id_parent,code,value,enableFlag) values('4028810028a90a570128a91b1445003c','4028810028955f1001289569e2ad0001','4028810028a90a570128a91b14260039','9006023','','1');
insert into bd_dictionaryvalue(id,id_dictionary,id_parent,code,value,enableFlag) values('4028810028a90a570128a91b1454003d','4028810028955f1001289569e2ad0001','4028810028a90a570128a91b14260039','9006024','','1');
insert into bd_dictionaryvalue(id,id_dictionary,id_parent,code,value,enableFlag) values('4028810028a90a570128a91b1454003e','4028810028955f1001289569e2ad0001','4028810028a90a570128a91b14260039','9006025','','1');
insert into bd_dictionaryvalue(id,id_dictionary,id_parent,code,value,enableFlag) values('4028810028a90a570128a91b1464003f','4028810028955f1001289569e2ad0001',null,'9006026','','1');
insert into bd_dictionaryvalue(id,id_dictionary,id_parent,code,value,enableFlag) values('4028810028a90a570128a91b14640040','4028810028955f1001289569e2ad0001','4028810028a90a570128a91b1464003f','9006027','','1');
insert into bd_dictionaryvalue(id,id_dictionary,id_parent,code,value,enableFlag) values('4028810028a90a570128a91b14640041','4028810028955f1001289569e2ad0001','4028810028a90a570128a91b1464003f','9006028','','1');
insert into bd_dictionaryvalue(id,id_dictionary,id_parent,code,value,enableFlag) values('4028810028a90a570128a91b14740042','4028810028955f1001289569e2ad0001','4028810028a90a570128a91b1464003f','9006029','','1');
insert into bd_dictionaryvalue(id,id_dictionary,id_parent,code,value,enableFlag) values('4028810028a90a570128a91b14740043','4028810028955f1001289569e2ad0001','4028810028a90a570128a91b1464003f','9006030','','1');
insert into bd_dictionaryvalue(id,id_dictionary,id_parent,code,value,enableFlag) values('4028810028a90a570128a91b14830044','4028810028955f1001289569e2ad0001','4028810028a90a570128a91b1464003f','9006031','','1');
insert into bd_dictionaryvalue(id,id_dictionary,id_parent,code,value,enableFlag) values('4028810028a90a570128a91b14830045','4028810028955f1001289569e2ad0001',null,'9006032','','1');
insert into bd_dictionaryvalue(id,id_dictionary,id_parent,code,value,enableFlag) values('4028810028a90a570128a91b14830046','4028810028955f1001289569e2ad0001','4028810028a90a570128a91b14830045','9006033','','1');
insert into bd_dictionaryvalue(id,id_dictionary,id_parent,code,value,enableFlag) values('4028810028a90a570128a91b14930047','4028810028955f1001289569e2ad0001','4028810028a90a570128a91b14830045','9006034','','1');
insert into bd_dictionaryvalue(id,id_dictionary,id_parent,code,value,enableFlag) values('4028810028a90a570128a91b14930048','4028810028955f1001289569e2ad0001','4028810028a90a570128a91b14830045','9006035','','1');
insert into bd_dictionaryvalue(id,id_dictionary,id_parent,code,value,enableFlag) values('4028810028a90a570128a91b14930049','4028810028955f1001289569e2ad0001',null,'9006036','','1');
insert into bd_dictionaryvalue(id,id_dictionary,id_parent,code,value,enableFlag) values('4028810028a90a570128a91b14a3004a','4028810028955f1001289569e2ad0001',null,'9006999','','1');
insert into bd_dictionary(id,name,code,kind,editableFlag) values('40288100295872de012958947d300109','','relation','1','1');
insert into bd_dictionaryvalue(id,id_dictionary,id_parent,code,value,enableFlag) values('40288100295872de0129589cea7a010a','40288100295872de012958947d300109',null,'3015001','','1');
insert into bd_dictionaryvalue(id,id_dictionary,id_parent,code,value,enableFlag) values('40288100295872de0129589cea8a010b','40288100295872de012958947d300109','40288100295872de0129589cea7a010a','3015002','','1');
insert into bd_dictionaryvalue(id,id_dictionary,id_parent,code,value,enableFlag) values('40288100295872de0129589cea99010c','40288100295872de012958947d300109','40288100295872de0129589cea7a010a','3015003','','1');
insert into bd_dictionaryvalue(id,id_dictionary,id_parent,code,value,enableFlag) values('40288100295872de0129589ceaa9010d','40288100295872de012958947d300109','40288100295872de0129589cea7a010a','3015004','','1');
insert into bd_dictionaryvalue(id,id_dictionary,id_parent,code,value,enableFlag) values('40288100295872de0129589ceab9010e','40288100295872de012958947d300109',null,'3015005','','1');
insert into bd_dictionaryvalue(id,id_dictionary,id_parent,code,value,enableFlag) values('40288100295872de0129589ceac8010f','40288100295872de012958947d300109','40288100295872de0129589ceab9010e','3015006','','1');
insert into bd_dictionaryvalue(id,id_dictionary,id_parent,code,value,enableFlag) values('40288100295872de0129589ceac80110','40288100295872de012958947d300109','40288100295872de0129589ceab9010e','3015007','','1');
insert into bd_dictionaryvalue(id,id_dictionary,id_parent,code,value,enableFlag) values('40288100295872de0129589cead80111','40288100295872de012958947d300109',null,'3015008','','1');
insert into bd_dictionaryvalue(id,id_dictionary,id_parent,code,value,enableFlag) values('40288100295872de0129589cead80112','40288100295872de012958947d300109','40288100295872de0129589cead80111','3015009','','1');
insert into bd_dictionaryvalue(id,id_dictionary,id_parent,code,value,enableFlag) values('40288100295872de0129589ceae70113','40288100295872de012958947d300109','40288100295872de0129589cead80111','3015010','','1');
insert into bd_dictionaryvalue(id,id_dictionary,id_parent,code,value,enableFlag) values('40288100295872de0129589ceae70114','40288100295872de012958947d300109','40288100295872de0129589cead80111','3015011','','1');
insert into bd_dictionaryvalue(id,id_dictionary,id_parent,code,value,enableFlag) values('40288100295872de0129589ceae70115','40288100295872de012958947d300109','40288100295872de0129589cead80111','3015012','','1');
insert into bd_dictionaryvalue(id,id_dictionary,id_parent,code,value,enableFlag) values('40288100295872de0129589ceaf70116','40288100295872de012958947d300109','40288100295872de0129589cead80111','3015013','','1');
insert into bd_dictionaryvalue(id,id_dictionary,id_parent,code,value,enableFlag) values('40288100295872de0129589ceaf70117','40288100295872de012958947d300109','40288100295872de0129589cead80111','3015014','','1');
insert into bd_dictionaryvalue(id,id_dictionary,id_parent,code,value,enableFlag) values('40288100295872de0129589ceb070118','40288100295872de012958947d300109','40288100295872de0129589cead80111','3015015','','1');
insert into bd_dictionaryvalue(id,id_dictionary,id_parent,code,value,enableFlag) values('40288100295872de0129589ceb070119','40288100295872de012958947d300109','40288100295872de0129589cead80111','3015016','','1');
insert into bd_dictionaryvalue(id,id_dictionary,id_parent,code,value,enableFlag) values('40288100295872de0129589ceb07011a','40288100295872de012958947d300109','40288100295872de0129589cead80111','3015017','','1');
insert into bd_dictionaryvalue(id,id_dictionary,id_parent,code,value,enableFlag) values('40288100295872de0129589ceb16011b','40288100295872de012958947d300109',null,'3015018','','1');
insert into bd_dictionaryvalue(id,id_dictionary,id_parent,code,value,enableFlag) values('40288100295872de0129589ceb16011c','40288100295872de012958947d300109','40288100295872de0129589ceb16011b','3015019','','1');
insert into bd_dictionaryvalue(id,id_dictionary,id_parent,code,value,enableFlag) values('40288100295872de0129589ceb26011d','40288100295872de012958947d300109','40288100295872de0129589ceb16011b','3015020','','1');
insert into bd_dictionaryvalue(id,id_dictionary,id_parent,code,value,enableFlag) values('40288100295872de0129589ceb26011e','40288100295872de012958947d300109','40288100295872de0129589ceb16011b','3015021','','1');
insert into bd_dictionaryvalue(id,id_dictionary,id_parent,code,value,enableFlag) values('40288100295872de0129589ceb26011f','40288100295872de012958947d300109','40288100295872de0129589ceb16011b','3015022','','1');
insert into bd_dictionaryvalue(id,id_dictionary,id_parent,code,value,enableFlag) values('40288100295872de0129589ceb360120','40288100295872de012958947d300109','40288100295872de0129589ceb16011b','3015023','','1');
insert into bd_dictionaryvalue(id,id_dictionary,id_parent,code,value,enableFlag) values('40288100295872de0129589ceb360121','40288100295872de012958947d300109','40288100295872de0129589ceb16011b','3015024','','1');
insert into bd_dictionaryvalue(id,id_dictionary,id_parent,code,value,enableFlag) values('40288100295872de0129589ceb450122','40288100295872de012958947d300109','40288100295872de0129589ceb16011b','3015025','','1');
insert into bd_dictionaryvalue(id,id_dictionary,id_parent,code,value,enableFlag) values('40288100295872de0129589ceb450123','40288100295872de012958947d300109','40288100295872de0129589ceb16011b','3015026','','1');
insert into bd_dictionaryvalue(id,id_dictionary,id_parent,code,value,enableFlag) values('40288100295872de0129589ceb550124','40288100295872de012958947d300109','40288100295872de0129589ceb16011b','3015027','','1');
insert into bd_dictionaryvalue(id,id_dictionary,id_parent,code,value,enableFlag) values('40288100295872de0129589ceb550125','40288100295872de012958947d300109',null,'3015028','','1');
insert into bd_dictionaryvalue(id,id_dictionary,id_parent,code,value,enableFlag) values('40288100295872de0129589ceb640126','40288100295872de012958947d300109','40288100295872de0129589ceb550125','3015029','','1');
insert into bd_dictionaryvalue(id,id_dictionary,id_parent,code,value,enableFlag) values('40288100295872de0129589ceb640127','40288100295872de012958947d300109','40288100295872de0129589ceb550125','3015030','','1');
insert into bd_dictionaryvalue(id,id_dictionary,id_parent,code,value,enableFlag) values('40288100295872de0129589ceb740128','40288100295872de012958947d300109','40288100295872de0129589ceb550125','3015031','','1');
insert into bd_dictionaryvalue(id,id_dictionary,id_parent,code,value,enableFlag) values('40288100295872de0129589ceb740129','40288100295872de012958947d300109','40288100295872de0129589ceb550125','3015032','','1');
insert into bd_dictionaryvalue(id,id_dictionary,id_parent,code,value,enableFlag) values('40288100295872de0129589ceb84012a','40288100295872de012958947d300109','40288100295872de0129589ceb550125','3015033','','1');
insert into bd_dictionaryvalue(id,id_dictionary,id_parent,code,value,enableFlag) values('40288100295872de0129589ceb84012b','40288100295872de012958947d300109','40288100295872de0129589ceb550125','3015034','','1');
insert into bd_dictionaryvalue(id,id_dictionary,id_parent,code,value,enableFlag) values('40288100295872de0129589ceb84012c','40288100295872de012958947d300109','40288100295872de0129589ceb550125','3015035','','1');
insert into bd_dictionaryvalue(id,id_dictionary,id_parent,code,value,enableFlag) values('40288100295872de0129589ceb93012d','40288100295872de012958947d300109','40288100295872de0129589ceb550125','3015036','','1');
insert into bd_dictionaryvalue(id,id_dictionary,id_parent,code,value,enableFlag) values('40288100295872de0129589ceb93012e','40288100295872de012958947d300109','40288100295872de0129589ceb550125','3015037','','1');
insert into bd_dictionaryvalue(id,id_dictionary,id_parent,code,value,enableFlag) values('40288100295872de0129589ceba3012f','40288100295872de012958947d300109',null,'3015038','','1');
insert into bd_dictionaryvalue(id,id_dictionary,id_parent,code,value,enableFlag) values('40288100295872de0129589ceba30130','40288100295872de012958947d300109','40288100295872de0129589ceba3012f','3015039','','1');
insert into bd_dictionaryvalue(id,id_dictionary,id_parent,code,value,enableFlag) values('40288100295872de0129589cebb30131','40288100295872de012958947d300109','40288100295872de0129589ceba3012f','3015040','','1');
insert into bd_dictionaryvalue(id,id_dictionary,id_parent,code,value,enableFlag) values('40288100295872de0129589cebb30132','40288100295872de012958947d300109','40288100295872de0129589ceba3012f','3015041','','1');
insert into bd_dictionaryvalue(id,id_dictionary,id_parent,code,value,enableFlag) values('40288100295872de0129589cebb30133','40288100295872de012958947d300109','40288100295872de0129589ceba3012f','3015042','','1');
insert into bd_dictionaryvalue(id,id_dictionary,id_parent,code,value,enableFlag) values('40288100295872de0129589cebc20134','40288100295872de012958947d300109','40288100295872de0129589ceba3012f','3015043','','1');
insert into bd_dictionaryvalue(id,id_dictionary,id_parent,code,value,enableFlag) values('40288100295872de0129589cebc20135','40288100295872de012958947d300109','40288100295872de0129589ceba3012f','3015044','','1');
insert into bd_dictionaryvalue(id,id_dictionary,id_parent,code,value,enableFlag) values('40288100295872de0129589cebd20136','40288100295872de012958947d300109','40288100295872de0129589ceba3012f','3015045','','1');
insert into bd_dictionaryvalue(id,id_dictionary,id_parent,code,value,enableFlag) values('40288100295872de0129589cebd20137','40288100295872de012958947d300109','40288100295872de0129589ceba3012f','3015046','','1');
insert into bd_dictionaryvalue(id,id_dictionary,id_parent,code,value,enableFlag) values('40288100295872de0129589cebe10138','40288100295872de012958947d300109','40288100295872de0129589ceba3012f','3015047','','1');
insert into bd_dictionaryvalue(id,id_dictionary,id_parent,code,value,enableFlag) values('40288100295872de0129589cebe10139','40288100295872de012958947d300109',null,'3015048','','1');
insert into bd_dictionaryvalue(id,id_dictionary,id_parent,code,value,enableFlag) values('40288100295872de0129589cebf1013a','40288100295872de012958947d300109','40288100295872de0129589cebe10139','3015049','','1');
insert into bd_dictionaryvalue(id,id_dictionary,id_parent,code,value,enableFlag) values('40288100295872de0129589cebf1013b','40288100295872de012958947d300109','40288100295872de0129589cebe10139','3015050','','1');
insert into bd_dictionaryvalue(id,id_dictionary,id_parent,code,value,enableFlag) values('40288100295872de0129589cec01013c','40288100295872de012958947d300109','40288100295872de0129589cebe10139','3015051','','1');
insert into bd_dictionaryvalue(id,id_dictionary,id_parent,code,value,enableFlag) values('40288100295872de0129589cec01013d','40288100295872de012958947d300109','40288100295872de0129589cebe10139','3015052','','1');
insert into bd_dictionaryvalue(id,id_dictionary,id_parent,code,value,enableFlag) values('40288100295872de0129589cec10013e','40288100295872de012958947d300109','40288100295872de0129589cebe10139','3015053','','1');
insert into bd_dictionaryvalue(id,id_dictionary,id_parent,code,value,enableFlag) values('40288100295872de0129589cec10013f','40288100295872de012958947d300109','40288100295872de0129589cebe10139','3015054','','1');
insert into bd_dictionaryvalue(id,id_dictionary,id_parent,code,value,enableFlag) values('40288100295872de0129589cec100140','40288100295872de012958947d300109','40288100295872de0129589cebe10139','3015055','','1');
insert into bd_dictionaryvalue(id,id_dictionary,id_parent,code,value,enableFlag) values('40288100295872de0129589cec200141','40288100295872de012958947d300109','40288100295872de0129589cebe10139','3015056','','1');
insert into bd_dictionaryvalue(id,id_dictionary,id_parent,code,value,enableFlag) values('40288100295872de0129589cec200142','40288100295872de012958947d300109','40288100295872de0129589cebe10139','3015057','','1');
insert into bd_dictionaryvalue(id,id_dictionary,id_parent,code,value,enableFlag) values('40288100295872de0129589cec300143','40288100295872de012958947d300109',null,'3015058','','1');
insert into bd_dictionaryvalue(id,id_dictionary,id_parent,code,value,enableFlag) values('40288100295872de0129589cec300144','40288100295872de012958947d300109','40288100295872de0129589cec300143','3015059','','1');
insert into bd_dictionaryvalue(id,id_dictionary,id_parent,code,value,enableFlag) values('40288100295872de0129589cec3f0145','40288100295872de012958947d300109','40288100295872de0129589cec300143','3015060','','1');
insert into bd_dictionaryvalue(id,id_dictionary,id_parent,code,value,enableFlag) values('40288100295872de0129589cec3f0146','40288100295872de012958947d300109','40288100295872de0129589cec300143','3015061','','1');
insert into bd_dictionaryvalue(id,id_dictionary,id_parent,code,value,enableFlag) values('40288100295872de0129589cec4f0147','40288100295872de012958947d300109','40288100295872de0129589cec300143','3015062','','1');
insert into bd_dictionaryvalue(id,id_dictionary,id_parent,code,value,enableFlag) values('40288100295872de0129589cec4f0148','40288100295872de012958947d300109','40288100295872de0129589cec300143','3015063','','1');
insert into bd_dictionaryvalue(id,id_dictionary,id_parent,code,value,enableFlag) values('40288100295872de0129589cec4f0149','40288100295872de012958947d300109','40288100295872de0129589cec300143','3015064','','1');
insert into bd_dictionaryvalue(id,id_dictionary,id_parent,code,value,enableFlag) values('40288100295872de0129589cec5e014a','40288100295872de012958947d300109','40288100295872de0129589cec300143','3015065','','1');
insert into bd_dictionaryvalue(id,id_dictionary,id_parent,code,value,enableFlag) values('40288100295872de0129589cec5e014b','40288100295872de012958947d300109','40288100295872de0129589cec300143','3015066','','1');
insert into bd_dictionaryvalue(id,id_dictionary,id_parent,code,value,enableFlag) values('40288100295872de0129589cec6e014c','40288100295872de012958947d300109','40288100295872de0129589cec300143','3015067','','1');
insert into bd_dictionaryvalue(id,id_dictionary,id_parent,code,value,enableFlag) values('40288100295872de0129589cec7e014d','40288100295872de012958947d300109',null,'3015087','','1');
insert into bd_dictionaryvalue(id,id_dictionary,id_parent,code,value,enableFlag) values('40288100295872de0129589cec8d014e','40288100295872de012958947d300109',null,'3015999','','1');
insert into bd_dictionaryvalue(id,id_dictionary,id_parent,code,value,enableFlag) values('40288100295872de0129589cec8d014f','40288100295872de012958947d300109','40288100295872de0129589cec8d014e','3015069','','1');
insert into bd_dictionaryvalue(id,id_dictionary,id_parent,code,value,enableFlag) values('40288100295872de0129589cec9d0150','40288100295872de012958947d300109','40288100295872de0129589cec8d014e','3015070','','1');
insert into bd_dictionaryvalue(id,id_dictionary,id_parent,code,value,enableFlag) values('40288100295872de0129589cec9d0151','40288100295872de012958947d300109','40288100295872de0129589cec8d014e','3015071','','1');
insert into bd_dictionaryvalue(id,id_dictionary,id_parent,code,value,enableFlag) values('40288100295872de0129589cec9d0152','40288100295872de012958947d300109','40288100295872de0129589cec8d014e','3015072','','1');
insert into bd_dictionaryvalue(id,id_dictionary,id_parent,code,value,enableFlag) values('40288100295872de0129589cecad0153','40288100295872de012958947d300109','40288100295872de0129589cec8d014e','3015073','','1');
insert into bd_dictionaryvalue(id,id_dictionary,id_parent,code,value,enableFlag) values('40288100295872de0129589cecbc0154','40288100295872de012958947d300109','40288100295872de0129589cec8d014e','3015074','','1');
insert into bd_dictionaryvalue(id,id_dictionary,id_parent,code,value,enableFlag) values('40288100295872de0129589cecbc0155','40288100295872de012958947d300109','40288100295872de0129589cec8d014e','3015075','','1');
insert into bd_dictionaryvalue(id,id_dictionary,id_parent,code,value,enableFlag) values('40288100295872de0129589cecbc0156','40288100295872de012958947d300109','40288100295872de0129589cec8d014e','3015076','','1');
insert into bd_dictionaryvalue(id,id_dictionary,id_parent,code,value,enableFlag) values('40288100295872de0129589ceccc0157','40288100295872de012958947d300109','40288100295872de0129589cec8d014e','3015077','','1');
insert into bd_dictionaryvalue(id,id_dictionary,id_parent,code,value,enableFlag) values('40288100295872de0129589ceccc0158','40288100295872de012958947d300109','40288100295872de0129589cec8d014e','3015078','','1');
insert into bd_dictionaryvalue(id,id_dictionary,id_parent,code,value,enableFlag) values('40288100295872de0129589cecdb0159','40288100295872de012958947d300109','40288100295872de0129589cec8d014e','3015079','','1');
insert into bd_dictionaryvalue(id,id_dictionary,id_parent,code,value,enableFlag) values('40288100295872de0129589cecdb015a','40288100295872de012958947d300109','40288100295872de0129589cec8d014e','3015080','','1');
insert into bd_dictionaryvalue(id,id_dictionary,id_parent,code,value,enableFlag) values('40288100295872de0129589cecdb015b','40288100295872de012958947d300109','40288100295872de0129589cec8d014e','3015081','','1');
insert into bd_dictionaryvalue(id,id_dictionary,id_parent,code,value,enableFlag) values('40288100295872de0129589ceceb015c','40288100295872de012958947d300109','40288100295872de0129589cec8d014e','3015082','','1');
insert into bd_dictionaryvalue(id,id_dictionary,id_parent,code,value,enableFlag) values('40288100295872de0129589cecfb015d','40288100295872de012958947d300109','40288100295872de0129589cec8d014e','3015083','','1');
insert into bd_dictionaryvalue(id,id_dictionary,id_parent,code,value,enableFlag) values('40288100295872de0129589cecfb015e','40288100295872de012958947d300109','40288100295872de0129589cec8d014e','3015084','','1');
insert into bd_dictionaryvalue(id,id_dictionary,id_parent,code,value,enableFlag) values('40288100295872de0129589cecfb015f','40288100295872de012958947d300109','40288100295872de0129589cec8d014e','3015085','','1');
insert into bd_dictionaryvalue(id,id_dictionary,id_parent,code,value,enableFlag) values('40288100295872de0129589ced0a0160','40288100295872de012958947d300109','40288100295872de0129589cec8d014e','3015086','','1');
insert into bd_dictionary(id,name,code,kind,editableFlag) values('40288100295872de0129588f3ea90105','','studentplace','0','1');
insert into bd_dictionaryvalue(id,id_dictionary,id_parent,code,value,enableFlag) values('40288100295872de01295891a8b40106','40288100295872de0129588f3ea90105',null,'1007001','','1');
insert into bd_dictionaryvalue(id,id_dictionary,id_parent,code,value,enableFlag) values('40288100295872de01295891a8c30107','40288100295872de0129588f3ea90105',null,'1007002','','1');
insert into bd_dictionaryvalue(id,id_dictionary,id_parent,code,value,enableFlag) values('40288100295872de01295891a8c30108','40288100295872de0129588f3ea90105',null,'1007003','','1');

insert into bd_dictionary(id,name,code,kind,editableFlag) values('40288100295872de01295888f6a100fe','','inschoolMode','0','1');
insert into bd_dictionaryvalue(id,id_dictionary,id_parent,code,value,enableFlag) values('40288100295872de0129588abaf600ff','40288100295872de01295888f6a100fe',null,'8068001','','1');
insert into bd_dictionaryvalue(id,id_dictionary,id_parent,code,value,enableFlag) values('40288100295872de0129588abb050100','40288100295872de01295888f6a100fe',null,'8068002','','1');
insert into bd_dictionaryvalue(id,id_dictionary,id_parent,code,value,enableFlag) values('40288100295872de0129588abb150101','40288100295872de01295888f6a100fe',null,'8068003','','1');
insert into bd_dictionaryvalue(id,id_dictionary,id_parent,code,value,enableFlag) values('40288100295872de0129588abb150102','40288100295872de01295888f6a100fe',null,'8068004','','1');
insert into bd_dictionaryvalue(id,id_dictionary,id_parent,code,value,enableFlag) values('40288100295872de0129588abb240103','40288100295872de01295888f6a100fe',null,'8068005','','1');
insert into bd_dictionaryvalue(id,id_dictionary,id_parent,code,value,enableFlag) values('40288100295872de0129588abb340104','40288100295872de01295888f6a100fe',null,'8068999','','1');
insert into bd_dictionary(id,name,code,kind,editableFlag) values('40288100295872de012958818fbb00f6','','bloodKind','0','1');
insert into bd_dictionaryvalue(id,id_dictionary,id_parent,code,value,enableFlag) values('40288100295872de012958821e3f00f7','40288100295872de012958818fbb00f6',null,'9013001','A','1');
insert into bd_dictionaryvalue(id,id_dictionary,id_parent,code,value,enableFlag) values('40288100295872de012958821e4f00f8','40288100295872de012958818fbb00f6',null,'9013002','B','1');
insert into bd_dictionaryvalue(id,id_dictionary,id_parent,code,value,enableFlag) values('40288100295872de012958821e4f00f9','40288100295872de012958818fbb00f6',null,'9013003','O','1');
insert into bd_dictionaryvalue(id,id_dictionary,id_parent,code,value,enableFlag) values('40288100295872de012958821e5f00fa','40288100295872de012958818fbb00f6',null,'9013004','AB','1');
insert into bd_dictionaryvalue(id,id_dictionary,id_parent,code,value,enableFlag) values('40288100295872de012958821e5f00fb','40288100295872de012958818fbb00f6',null,'9013005','','1');
insert into bd_dictionaryvalue(id,id_dictionary,id_parent,code,value,enableFlag) values('40288100295872de012958821e6e00fc','40288100295872de012958818fbb00f6',null,'9013006','','1');
insert into bd_dictionaryvalue(id,id_dictionary,id_parent,code,value,enableFlag) values('40288100295872de012958821e7e00fd','40288100295872de012958818fbb00f6',null,'9013007','','1');
insert into bd_dictionary(id,name,code,kind,editableFlag) values('40288100289036410128906a77da0001','','studentSource','0','1');
insert into bd_dictionaryvalue(id,id_dictionary,id_parent,code,value,enableFlag) values('40288100289036410128906f33090004','40288100289036410128906a77da0001',null,'8092001','','1');
insert into bd_dictionaryvalue(id,id_dictionary,id_parent,code,value,enableFlag) values('40288100289036410128907045920005','40288100289036410128906a77da0001',null,'8092002','','1');
insert into bd_dictionaryvalue(id,id_dictionary,id_parent,code,value,enableFlag) values('4028810028903641012890707fdc0006','40288100289036410128906a77da0001',null,'8092003','','1');
insert into bd_dictionaryvalue(id,id_dictionary,id_parent,code,value,enableFlag) values('402881002890364101289070d2bf0007','40288100289036410128906a77da0001',null,'8092004','','1');
insert into bd_dictionaryvalue(id,id_dictionary,id_parent,code,value,enableFlag) values('40288100289036410128907234810008','40288100289036410128906a77da0001',null,'8092005','','1');
insert into bd_dictionaryvalue(id,id_dictionary,id_parent,code,value,enableFlag) values('40288100289036410128907277850009','40288100289036410128906a77da0001',null,'8092006','','1');
insert into bd_dictionaryvalue(id,id_dictionary,id_parent,code,value,enableFlag) values('402881002890364101289072b181000a','40288100289036410128906a77da0001',null,'8092007','','1');
insert into bd_dictionaryvalue(id,id_dictionary,id_parent,code,value,enableFlag) values('402881002890364101289072e9b8000b','40288100289036410128906a77da0001',null,'8092008','','1');
insert into bd_dictionaryvalue(id,id_dictionary,id_parent,code,value,enableFlag) values('40288100289036410128907322c9000c','40288100289036410128906a77da0001',null,'8092009','','1');
insert into bd_dictionaryvalue(id,id_dictionary,id_parent,code,value,enableFlag) values('4028810028903641012890735459000d','40288100289036410128906a77da0001',null,'8092010','','1');
insert into bd_dictionaryvalue(id,id_dictionary,id_parent,code,value,enableFlag) values('4028810028903641012890739385000e','40288100289036410128906a77da0001',null,'8092999','','1');

/**/
insert into bd_operation(id,id_module,id_parent,name,nameI18n,code,operationDict,customTypeDict,url,openMode,datascopeFlag,num,icon,winHeight,winWidth,description,ft,lt,fu,lu) values('20130322141732698307759010844463','20120517154526218931722289396740',null,'','bd_operation_ur','ur','0',null,'/bd/userecord!index.action','0','0',16,'app-userecord','100%','100%','','2013-03-22 14:17:32','2013-03-25 08:45:24','20120507134700000110225236178825','20120507134700000110225236178825');
insert into bd_operation(id,id_module,id_parent,name,nameI18n,code,operationDict,customTypeDict,url,openMode,datascopeFlag,num,icon,winHeight,winWidth,description,ft,lt,fu,lu) values('20130322154250542781088156114140','20120517154526218931722289396740','20130322141732698307759010844463','','bd_singleStatistics','bd_singleStatstics','2',null,'','0','0',1,'','','','','2013-03-22 15:42:50','2013-03-22 15:45:25','20120507134700000110225236178825','20120507134700000110225236178825');

INSERT [dbo].[bd_dictionary] ([id], [name], [code], [description], [kind], [enableFlag], [editableFlag], [systemFlag], [ft], [lt], [fu], [lu]) VALUES (N'20130325191038222741788749418279', N'', N'messageKind', NULL, N'0', NULL, N'1', NULL, N'2013-03-25 19:10:38', NULL, N'20120507134700000110225236178825', NULL);
INSERT [dbo].[bd_dictionaryvalue] ([id], [id_dictionary], [id_parent], [code], [value], [valueI18n], [num], [description], [enableFlag], [editableFlag], [systemFlag], [ft], [lt], [fu], [lu]) VALUES (N'20130325191113726017795451468969', N'20130325191038222741788749418279', NULL, N'1', N'', N'', 1, NULL, N'1', NULL, NULL, N'2013-03-25 19:11:13', NULL, N'20120507134700000110225236178825', NULL);
/*tag1.1 end*/

/*tag1.3 start*/
insert into bd_configuration(id,id_module,kind,configurationMode,name,code,description,visibleFlag,ft,lt,fu,lu) values('20130412114514839888490068494245',null,'2','0','','product_title_zh','','0','2013-04-12 11:45:14','2013-04-12 11:54:49','20120507134700000110225236178825','20120507134700000110225236178825');
insert into bd_configuration(id,id_module,kind,configurationMode,name,code,description,visibleFlag,ft,lt,fu,lu) values('20130412115636544475684732905962',null,'2','0','','product_title_en','','0','2013-04-12 11:56:36',null,'20120507134700000110225236178825',null);
insert into bd_configuration(id,id_module,kind,configurationMode,name,code,description,visibleFlag,ft,lt,fu,lu) values('20130412143352021747481514367749',null,'2','1','','auto_fix_default_password','','0','2013-04-12 14:33:52',null,'20120507134700000110225236178825',null);
insert into bd_configurationitem(id,id_configuration,name,value,defaultFlag,ft,lt,fu,lu) values('20130412114514835576019178925446','20130412114514839888490068494245','','','1',null,'2013-04-12 11:54:49',null,'20120507134700000110225236178825');
insert into bd_configurationitem(id,id_configuration,name,value,defaultFlag,ft,lt,fu,lu) values('20130412115636544694354418916259','20130412115636544475684732905962','','Digital campus','1',null,null,null,null);
insert into bd_configurationitem(id,id_configuration,name,value,defaultFlag,ft,lt,fu,lu) values('20130412143352004934643022942426','20130412143352021747481514367749','','0',null,null,null,null,null);
insert into bd_configurationitem(id,id_configuration,name,value,defaultFlag,ft,lt,fu,lu) values('20130412143352004699640649271029','20130412143352021747481514367749','','1','1',null,null,null,null);
/*tag1.3 end*/
/*tag1.4 start*/
/*==============================================================*/
/* Table: bd_contract                                           */
/*==============================================================*/
create table bd_contract (
   id                   char(32)             not null,
   id_teacher           char(32)             null,
   id_course            char(32)             null,
   contractCode         varchar(50)          null,
   contractKindDict     varchar(20)          null,
   signDate             char(10)             null,
   positionKindDict     varchar(20)          null,
   classstandards       int                  null,
   positionName         varchar(100)         null,
   startDate            char(10)             null,
   endDate              char(10)             null,
   currentContractFlag  char(1)              null,
   ft                   char(19)             null,
   fu                   char(32)             null,
   lt                   char(19)             null,
   lu                   char(32)             null
)
go

alter table bd_contract
   add constraint PK_BD_CONTRACT primary key nonclustered (id)
go

/*==============================================================*/
/* Table: bd_dimission                                          */
/*==============================================================*/
create table bd_dimission (
   id                   char(32)             not null,
   id_teacher           char(32)             null,
   leaveDate            char(10)             null,
   leaveReason          varchar(200)         null,
   goUnit               varchar(100)         null,
   description          varchar(500)         null,
   ft                   char(19)             null,
   fu                   char(32)             null,
   lt                   char(19)             null,
   lu                   char(32)             null
)
go

alter table bd_dimission
   add constraint PK_BD_DIMISSION primary key nonclustered (id)
go

/*==============================================================*/
/* Table: bd_endwarning                                         */
/*==============================================================*/
create table bd_endwarning (
   id                   char(32)             not null,
   name                 varchar(50)          null,
   warningTime          int                  null,
   kind                 char(1)              null,
   status               char(1)              null,
   ft                   char(19)             null,
   fu                   char(32)             null,
   lt                   char(19)             null,
   lu                   char(32)             null
)
go

alter table bd_endwarning
   add constraint PK_BD_ENDWARNING primary key nonclustered (id)
go

/*==============================================================*/
/* Table: bd_learningresume                                     */
/*==============================================================*/
create table bd_learningresume (
   id                   char(32)             not null,
   id_teacher           char(32)             null,
   nameDict             varchar(20)          null,
   graduateSchool       varchar(100)         null,
   specialty            varchar(100)         null,
   startDate            char(10)             null,
   endDate              char(10)             null,
   degreeDict           varchar(20)          null,
   firstEducationFlag   char(1)              null,
   currentEducationFlag char(1)              null,
   ft                   char(19)             null,
   fu                   char(32)             null,
   lt                   char(19)             null,
   lu                   char(32)             null,
   reference            varchar(50)          null,
   description          varchar(500)         null
)
go

alter table bd_learningresume
   add constraint PK_BD_LEARNINGRESUME primary key nonclustered (id)
go

/*==============================================================*/
/* Table: bd_professionaltitle                                  */
/*==============================================================*/
create table bd_professionaltitle (
   id                   char(32)             not null,
   id_teacher           char(32)             null,
   nameDict             varchar(20)          null,
   certificateCode      varchar(50)          null,
   reviewUnit           varchar(100)         null,
   passDate             char(10)             null,
   currentTitleFlag     char(1)              null,
   ft                   char(19)             null,
   fu                   char(32)             null,
   lt                   char(19)             null,
   lu                   char(32)             null
)
go

alter table bd_professionaltitle
   add constraint PK_BD_PROFESSIONALTITLE primary key nonclustered (id)
go

/*==============================================================*/
/* Table: bd_rehire                                             */
/*==============================================================*/
create table bd_rehire (
   id                   char(32)             not null,
   id_teacher           char(32)             null,
   rehireDate           char(10)             null,
   description          varchar(500)         null,
   ft                   char(19)             null,
   fu                   char(32)             null,
   lt                   char(19)             null,
   lu                   char(32)             null
)
go

alter table bd_rehire
   add constraint PK_BD_REHIRE primary key nonclustered (id)
go

/*==============================================================*/
/* Table: bd_retired                                            */
/*==============================================================*/
create table bd_retired (
   id                   char(32)             not null,
   id_teacher           char(32)             null,
   retiredDate          char(10)             null,
   retiredKindDict      varchar(20)          null,
   description          varchar(500)         null,
   ft                   char(19)             null,
   fu                   char(32)             null,
   lt                   char(19)             null,
   lu                   char(32)             null
)
go

alter table bd_retired
   add constraint PK_BD_RETIRED primary key nonclustered (id)
go

/*==============================================================*/
/* Table: bd_visa                                               */
/*==============================================================*/
create table bd_visa (
   id                   char(32)             not null,
   id_teacher           char(32)             null,
   visaKindDict         varchar(20)          null,
   signDate             char(10)             null,
   endDate              char(10)             null,
   currentVisaFlag      char(1)              null,
   ft                   char(19)             null,
   fu                   char(32)             null,
   lt                   char(19)             null,
   lu                   char(32)             null
)
go

alter table bd_visa
   add constraint PK_BD_VISA primary key nonclustered (id)
go

/*==============================================================*/
/* Table: bd_workingresume                                      */
/*==============================================================*/
create table bd_workingresume (
   id                   char(32)             not null,
   id_teacher           char(32)             null,
   workingUnit          varchar(100)         null,
   startDate            char(10)             null,
   endDate              char(10)             null,
   positionKindDict     varchar(20)          null,
   teachingGrade        varchar(50)          null,
   teachingCourse       varchar(50)          null,
   currentJobFlag       char(1)              null,
   reference            varchar(50)          null,
   description          varchar(500)         null,
   ft                   char(19)             null,
   fu                   char(32)             null,
   lt                   char(19)             null,
   lu                   char(32)             null
)
go

alter table bd_workingresume
   add constraint PK_BD_WORKINGRESUME primary key nonclustered (id)
go

alter table bd_contract
   add constraint FK_BD_CONTR_REFERENCE_BD_TEACH foreign key (id_teacher)
      references bd_teacher (id)
go

alter table bd_contract
   add constraint FK_BD_CONTR_REFERENCE_BD_COURS foreign key (id_course)
      references bd_course (id)
go

alter table bd_dimission
   add constraint FK_BD_DIMIS_REFERENCE_BD_TEACH foreign key (id_teacher)
      references bd_teacher (id)
go

alter table bd_learningresume
   add constraint FK_BD_LEARN_REFERENCE_BD_TEACH foreign key (id_teacher)
      references bd_teacher (id)
go

alter table bd_professionaltitle
   add constraint FK_BD_PROFE_REFERENCE_BD_TEACH foreign key (id_teacher)
      references bd_teacher (id)
go

alter table bd_rehire
   add constraint FK_BD_REHIR_REFERENCE_BD_TEACH foreign key (id_teacher)
      references bd_teacher (id)
go

alter table bd_retired
   add constraint FK_BD_RETIR_REFERENCE_BD_TEACH foreign key (id_teacher)
      references bd_teacher (id)
go

alter table bd_visa
   add constraint FK_BD_VISA_REFERENCE_BD_TEACH foreign key (id_teacher)
      references bd_teacher (id)
go

alter table bd_workingresume
   add constraint FK_BD_WORKI_REFERENCE_BD_TEACH foreign key (id_teacher)
      references bd_teacher (id)
go


insert into bd_configuration(id,id_module,kind,configurationMode,name,code,description,visibleFlag,ft,lt,fu,lu) values('20130413132609044327815577649698','20120517154526218931722289396740','1','1','','bd_teacherInfoUpdate','','0','2013-04-13 13:26:09','2013-04-13 14:29:54','20120507134700000110225236178825','20120507134700000110225236178825');
insert into bd_configurationitem(id,id_configuration,name,value,defaultFlag,ft,lt,fu,lu) values('20130413132609039142511802583532','20130413132609044327815577649698','','0','1',null,'2013-04-13 14:29:54',null,'20120507134700000110225236178825');
insert into bd_configurationitem(id,id_configuration,name,value,defaultFlag,ft,lt,fu,lu) values('20130413132609039016397819318567','20130413132609044327815577649698','','1',null,null,'2013-04-13 14:29:54',null,'20120507134700000110225236178825');
insert into fw_attachmentconfig(id,code,saveDir,dirLevel,fileSize,fileCount,extension,description,ft,lt,fu,lu) values('20130401161145452157365689227659','teacherPic','E:\temp','1','5','1','jpg;gif;jpeg;bmp','','2013-04-01 16:11:45',null,'20120507134700000110225236178825',null);
insert into fw_attachmentconfig(id,code,saveDir,dirLevel,fileSize,fileCount,extension,description,ft,lt,fu,lu) values('20130327160354631126404591094645','personnelManageFile','d:\temp','3',null,'1','','','2013-03-27 16:03:54','2013-04-09 10:10:00','20120507134700000110225236178825','20120507134700000110225236178825');

insert into bd_operation(id,id_module,id_parent,name,nameI18n,code,operationDict,customTypeDict,url,openMode,datascopeFlag,num,icon,winHeight,winWidth,description,ft,lt,fu,lu) values('20130408103542297253432555220174','20120517154526218931722289396740','20120528121615296125560009058636','','bd_jlgl','bd_jlgl','2','','/bd/learningResume!index.action','0','0','3','','','','','2013-04-08 10:35:42','2013-04-16 17:34:12','20120507134700000110225236178825','20120507134700000110225236178825');
insert into bd_operation(id,id_module,id_parent,name,nameI18n,code,operationDict,customTypeDict,url,openMode,datascopeFlag,num,icon,winHeight,winWidth,description,ft,lt,fu,lu) values('20130408103627380110542227408325','20120517154526218931722289396740','20120528121615296125560009058636','','bd_htgl','bd_htgl','2','','/bd/contract!list.action','0','0','4','','','','','2013-04-08 10:36:27','2013-04-16 17:34:26','20120507134700000110225236178825','20120507134700000110225236178825');
insert into bd_operation(id,id_module,id_parent,name,nameI18n,code,operationDict,customTypeDict,url,openMode,datascopeFlag,num,icon,winHeight,winWidth,description,ft,lt,fu,lu) values('20130408103706694190217684055508','20120517154526218931722289396740','20120528121615296125560009058636','','bd_qzgl','bd_qzgl','2','','/bd/visa!list.action','0','0','5','','','','','2013-04-08 10:37:06','2013-04-16 17:34:39','20120507134700000110225236178825','20120507134700000110225236178825');
insert into bd_operation(id,id_module,id_parent,name,nameI18n,code,operationDict,customTypeDict,url,openMode,datascopeFlag,num,icon,winHeight,winWidth,description,ft,lt,fu,lu) values('20130408103752038675823133085405','20120517154526218931722289396740','20120528121615296125560009058636','','bd_lzgl','bd_lzgl','2','','/bd/dimission!index.action','0','0','6','','','','','2013-04-08 10:37:52','2013-04-16 17:34:54','20120507134700000110225236178825','20120507134700000110225236178825');
insert into bd_operation(id,id_module,id_parent,name,nameI18n,code,operationDict,customTypeDict,url,openMode,datascopeFlag,num,icon,winHeight,winWidth,description,ft,lt,fu,lu) values('20130407174507118597365711379603','20120517154526218931722289396740','20120528121615296125560009058636','','bd_dqsz','bd_dqsz','2','','/bd/endWarning!list.action','0','0','2','','','','','2013-04-07 17:45:07','2013-04-16 17:33:56','20120507134700000110225236178825','20120507134700000110225236178825');
insert into bd_operation(id,id_module,id_parent,name,nameI18n,code,operationDict,customTypeDict,url,openMode,datascopeFlag,num,icon,winHeight,winWidth,description,ft,lt,fu,lu) values('20130413133532464253262363466861','20120517154526218931722289396740','20120528121615296125560009058636','','bd_gx','bd_gx','2','','','0','0','1','','','','','2013-04-13 13:35:32','2013-04-16 17:33:23','20120507134700000110225236178825','20120507134700000110225236178825');
insert into bd_operation(id,id_module,id_parent,name,nameI18n,code,operationDict,customTypeDict,url,openMode,datascopeFlag,num,icon,winHeight,winWidth,description,ft,lt,fu,lu) values('20130408103836175863294310267836','20120517154526218931722289396740','20120528121615296125560009058636','','bd_zhcx','bd_zhcx','2','','/bd/count!toInquiry.action','0','0','7','','','','','2013-04-08 10:38:36','2013-04-16 17:35:07','20120507134700000110225236178825','20120507134700000110225236178825');
insert into bd_operation(id,id_module,id_parent,name,nameI18n,code,operationDict,customTypeDict,url,openMode,datascopeFlag,num,icon,winHeight,winWidth,description,ft,lt,fu,lu) values('20130408103922987210307487501163','20120517154526218931722289396740','20120528121615296125560009058636','','bd_zhtj','bd_zhtj','2','','/bd/count!toCount.action','0','0','8','','','','','2013-04-08 10:39:22','2013-04-16 17:35:20','20120507134700000110225236178825','20120507134700000110225236178825');

update bd_operation set name = '',nameI18n = 'bd_operation_pm' where id = '20120528121615296125560009058636';

insert into bd_dictionary(id,name,code,description,kind,enableFlag,editableFlag,systemFlag,ft,lt,fu,lu) values('20130401142529050020356894868175','','maritalStatus',null,'0',null,'1',null,'2013-04-01 14:25:29',null,'20120507134700000110225236178825',null);
insert into bd_dictionary(id,name,code,description,kind,enableFlag,editableFlag,systemFlag,ft,lt,fu,lu) values('20130401142749421585075637150059','','religionDict',null,'0',null,'1',null,'2013-04-01 14:27:49',null,'20120507134700000110225236178825',null);
insert into bd_dictionary(id,name,code,description,kind,enableFlag,editableFlag,systemFlag,ft,lt,fu,lu) values('20130401153056372271165444581242','','healthDict',null,'0',null,'1',null,'2013-04-01 15:30:56',null,'20120507134700000110225236178825',null);
insert into bd_dictionary(id,name,code,description,kind,enableFlag,editableFlag,systemFlag,ft,lt,fu,lu) values('20130327142247553972798367337170','','learningResumeDict',null,'0',null,'1',null,'2013-03-27 14:22:47',null,'20120507134700000110225236178825',null);
insert into bd_dictionary(id,name,code,description,kind,enableFlag,editableFlag,systemFlag,ft,lt,fu,lu) values('20130327143440145539772850320944','','degreeDict',null,'0',null,'1',null,'2013-03-27 14:34:40',null,'20120507134700000110225236178825',null);
insert into bd_dictionary(id,name,code,description,kind,enableFlag,editableFlag,systemFlag,ft,lt,fu,lu) values('20130329102505308953772643062970','','positionKindDict',null,'0',null,'1',null,'2013-03-29 10:25:05',null,'20120507134700000110225236178825',null);
insert into bd_dictionary(id,name,code,description,kind,enableFlag,editableFlag,systemFlag,ft,lt,fu,lu) values('20130329144318151914964980796650','','professionalDict',null,'0',null,'1',null,'2013-03-29 14:43:18','2013-03-29 14:49:28','20120507134700000110225236178825','20120507134700000110225236178825');
insert into bd_dictionary(id,name,code,description,kind,enableFlag,editableFlag,systemFlag,ft,lt,fu,lu) values('20130329172045470936970266139795','','contractKindDict',null,'0',null,'1',null,'2013-03-29 17:20:45',null,'20120507134700000110225236178825',null);
insert into bd_dictionary(id,name,code,description,kind,enableFlag,editableFlag,systemFlag,ft,lt,fu,lu) values('20130402142327690873626904043718','','visaKindDict',null,'0',null,'1',null,'2013-04-02 14:23:27',null,'20120507134700000110225236178825',null);
insert into bd_dictionary(id,name,code,description,kind,enableFlag,editableFlag,systemFlag,ft,lt,fu,lu) values('20130407160240609791674086794919','','agePeriodDict',null,'0',null,'1',null,'2013-04-07 16:02:40',null,'20120507134700000110225236178825',null);
insert into bd_dictionary(id,name,code,description,kind,enableFlag,editableFlag,systemFlag,ft,lt,fu,lu) values('20130401171111503674990650557959','','hometownDict',null,'0',null,'1',null,'2013-04-01 17:11:11',null,'20120507134700000110225236178825',null);
insert into bd_dictionary(id,name,code,description,kind,enableFlag,editableFlag,systemFlag,ft,lt,fu,lu) values('20130403180542702279855947534800','','retiredKindDict',null,'0',null,'1',null,'2013-04-03 18:05:42',null,'20120507134700000110225236178825',null);

delete from bd_dictionaryvalue where id in ('20130118153308671257402853421406','20130118153317125485401142393427','20130118153323968099178523079963','20130118153401343711282566515041');

insert into bd_dictionaryvalue(id,id_dictionary,id_parent,code,value,valueI18n,num,description,enableFlag,editableFlag,systemFlag,ft,lt,fu,lu) values('20130401142553019605275326085490','20130118153210703667519054825449',null,'00','','','1',null,'1',null,null,'2013-04-01 14:25:53',null,'20120507134700000110225236178825',null);
insert into bd_dictionaryvalue(id,id_dictionary,id_parent,code,value,valueI18n,num,description,enableFlag,editableFlag,systemFlag,ft,lt,fu,lu) values('20130401142600385061598418580169','20130118153210703667519054825449',null,'01','','','2',null,'1',null,null,'2013-04-01 14:26:00',null,'20120507134700000110225236178825',null);
insert into bd_dictionaryvalue(id,id_dictionary,id_parent,code,value,valueI18n,num,description,enableFlag,editableFlag,systemFlag,ft,lt,fu,lu) values('20130401142610069041121769757403','20130118153210703667519054825449',null,'02','','','3',null,'1',null,null,'2013-04-01 14:26:10',null,'20120507134700000110225236178825',null);
insert into bd_dictionaryvalue(id,id_dictionary,id_parent,code,value,valueI18n,num,description,enableFlag,editableFlag,systemFlag,ft,lt,fu,lu) values('20130401142617128721597214316079','20130118153210703667519054825449',null,'03','','','4',null,'1',null,null,'2013-04-01 14:26:17',null,'20120507134700000110225236178825',null);
insert into bd_dictionaryvalue(id,id_dictionary,id_parent,code,value,valueI18n,num,description,enableFlag,editableFlag,systemFlag,ft,lt,fu,lu) values('20130401142624062561165270455836','20130118153210703667519054825449',null,'04','','','5',null,'1',null,null,'2013-04-01 14:26:24',null,'20120507134700000110225236178825',null);
insert into bd_dictionaryvalue(id,id_dictionary,id_parent,code,value,valueI18n,num,description,enableFlag,editableFlag,systemFlag,ft,lt,fu,lu) values('20130401142636387697405517576695','20130118153210703667519054825449',null,'05','','','6',null,'1',null,null,'2013-04-01 14:26:36',null,'20120507134700000110225236178825',null);
insert into bd_dictionaryvalue(id,id_dictionary,id_parent,code,value,valueI18n,num,description,enableFlag,editableFlag,systemFlag,ft,lt,fu,lu) values('20130401142645727078834913010809','20130118153210703667519054825449',null,'06','','','7',null,'1',null,null,'2013-04-01 14:26:45',null,'20120507134700000110225236178825',null);
insert into bd_dictionaryvalue(id,id_dictionary,id_parent,code,value,valueI18n,num,description,enableFlag,editableFlag,systemFlag,ft,lt,fu,lu) values('20130401142659966033104110540965','20130118153210703667519054825449',null,'07','','','8',null,'1',null,null,'2013-04-01 14:26:59',null,'20120507134700000110225236178825',null);

insert into bd_dictionaryvalue(id,id_dictionary,id_parent,code,value,valueI18n,num,description,enableFlag,editableFlag,systemFlag,ft,lt,fu,lu) values('20130401142810622217913552991865','20130401142749421585075637150059',null,'0','','','1',null,'1',null,null,'2013-04-01 14:28:10',null,'20120507134700000110225236178825',null);
insert into bd_dictionaryvalue(id,id_dictionary,id_parent,code,value,valueI18n,num,description,enableFlag,editableFlag,systemFlag,ft,lt,fu,lu) values('20130401142827514990377975035138','20130401142749421585075637150059',null,'2','','','3',null,'1',null,null,'2013-04-01 14:28:27',null,'20120507134700000110225236178825',null);
insert into bd_dictionaryvalue(id,id_dictionary,id_parent,code,value,valueI18n,num,description,enableFlag,editableFlag,systemFlag,ft,lt,fu,lu) values('20130401142819059635068812696423','20130401142749421585075637150059',null,'1','','','2',null,'1',null,null,'2013-04-01 14:28:19',null,'20120507134700000110225236178825',null);
insert into bd_dictionaryvalue(id,id_dictionary,id_parent,code,value,valueI18n,num,description,enableFlag,editableFlag,systemFlag,ft,lt,fu,lu) values('20130401142834385910424916403223','20130401142749421585075637150059',null,'3','','','4',null,'1',null,null,'2013-04-01 14:28:34',null,'20120507134700000110225236178825',null);
insert into bd_dictionaryvalue(id,id_dictionary,id_parent,code,value,valueI18n,num,description,enableFlag,editableFlag,systemFlag,ft,lt,fu,lu) values('20130401142850704074970993021599','20130401142749421585075637150059',null,'5','','','6',null,'1',null,null,'2013-04-01 14:28:50',null,'20120507134700000110225236178825',null);
insert into bd_dictionaryvalue(id,id_dictionary,id_parent,code,value,valueI18n,num,description,enableFlag,editableFlag,systemFlag,ft,lt,fu,lu) values('20130401142911687158298830339470','20130401142749421585075637150059',null,'7','','','8',null,'1',null,null,'2013-04-01 14:29:11',null,'20120507134700000110225236178825',null);
insert into bd_dictionaryvalue(id,id_dictionary,id_parent,code,value,valueI18n,num,description,enableFlag,editableFlag,systemFlag,ft,lt,fu,lu) values('20130401153128232399598380025582','20130401153056372271165444581242',null,'1','','','2',null,'1',null,null,'2013-04-01 15:31:28',null,'20120507134700000110225236178825',null);
insert into bd_dictionaryvalue(id,id_dictionary,id_parent,code,value,valueI18n,num,description,enableFlag,editableFlag,systemFlag,ft,lt,fu,lu) values('20130401153144641138194587927341','20130401153056372271165444581242',null,'3','','','4',null,'1',null,null,'2013-04-01 15:31:44',null,'20120507134700000110225236178825',null);
insert into bd_dictionaryvalue(id,id_dictionary,id_parent,code,value,valueI18n,num,description,enableFlag,editableFlag,systemFlag,ft,lt,fu,lu) values('20130401171734689816032962214281','20130401171111503674990650557959',null,'03','','','3',null,'1',null,null,'2013-04-01 17:17:34',null,'20120507134700000110225236178825',null);
insert into bd_dictionaryvalue(id,id_dictionary,id_parent,code,value,valueI18n,num,description,enableFlag,editableFlag,systemFlag,ft,lt,fu,lu) values('20130401171814860923968299131375','20130401171111503674990650557959',null,'06','','','6',null,'1',null,null,'2013-04-01 17:18:14',null,'20120507134700000110225236178825',null);
insert into bd_dictionaryvalue(id,id_dictionary,id_parent,code,value,valueI18n,num,description,enableFlag,editableFlag,systemFlag,ft,lt,fu,lu) values('20130401171822944357318157535333','20130401171111503674990650557959',null,'07','','','7',null,'1',null,null,'2013-04-01 17:18:22',null,'20120507134700000110225236178825',null);
insert into bd_dictionaryvalue(id,id_dictionary,id_parent,code,value,valueI18n,num,description,enableFlag,editableFlag,systemFlag,ft,lt,fu,lu) values('20130401171832367960440679168353','20130401171111503674990650557959',null,'08','','','8',null,'1',null,null,'2013-04-01 17:18:32',null,'20120507134700000110225236178825',null);
insert into bd_dictionaryvalue(id,id_dictionary,id_parent,code,value,valueI18n,num,description,enableFlag,editableFlag,systemFlag,ft,lt,fu,lu) values('20130401171858620229875504650143','20130401171111503674990650557959',null,'11','','','11',null,'1',null,null,'2013-04-01 17:18:58',null,'20120507134700000110225236178825',null);
insert into bd_dictionaryvalue(id,id_dictionary,id_parent,code,value,valueI18n,num,description,enableFlag,editableFlag,systemFlag,ft,lt,fu,lu) values('20130401171919303858831785046918','20130401171111503674990650557959',null,'13','','','13',null,'1',null,null,'2013-04-01 17:19:19',null,'20120507134700000110225236178825',null);
insert into bd_dictionaryvalue(id,id_dictionary,id_parent,code,value,valueI18n,num,description,enableFlag,editableFlag,systemFlag,ft,lt,fu,lu) values('20130401171945564496204967563422','20130401171111503674990650557959',null,'16','','','16',null,'1',null,null,'2013-04-01 17:19:45',null,'20120507134700000110225236178825',null);
insert into bd_dictionaryvalue(id,id_dictionary,id_parent,code,value,valueI18n,num,description,enableFlag,editableFlag,systemFlag,ft,lt,fu,lu) values('20130401172013786568889067058808','20130401171111503674990650557959',null,'19','','','19',null,'1',null,null,'2013-04-01 17:20:13',null,'20120507134700000110225236178825',null);
insert into bd_dictionaryvalue(id,id_dictionary,id_parent,code,value,valueI18n,num,description,enableFlag,editableFlag,systemFlag,ft,lt,fu,lu) values('20130401172048816434221082746213','20130401171111503674990650557959',null,'22','','','22',null,'1',null,null,'2013-04-01 17:20:48',null,'20120507134700000110225236178825',null);
insert into bd_dictionaryvalue(id,id_dictionary,id_parent,code,value,valueI18n,num,description,enableFlag,editableFlag,systemFlag,ft,lt,fu,lu) values('20130401172057200431258478223563','20130401171111503674990650557959',null,'23','','','23',null,'1',null,null,'2013-04-01 17:20:57',null,'20120507134700000110225236178825',null);
insert into bd_dictionaryvalue(id,id_dictionary,id_parent,code,value,valueI18n,num,description,enableFlag,editableFlag,systemFlag,ft,lt,fu,lu) values('20130401172105332176300229533767','20130401171111503674990650557959',null,'24','','','24',null,'1',null,null,'2013-04-01 17:21:05',null,'20120507134700000110225236178825',null);
insert into bd_dictionaryvalue(id,id_dictionary,id_parent,code,value,valueI18n,num,description,enableFlag,editableFlag,systemFlag,ft,lt,fu,lu) values('20130401172114130643515067659264','20130401171111503674990650557959',null,'25','','','25',null,'1',null,null,'2013-04-01 17:21:14',null,'20120507134700000110225236178825',null);
insert into bd_dictionaryvalue(id,id_dictionary,id_parent,code,value,valueI18n,num,description,enableFlag,editableFlag,systemFlag,ft,lt,fu,lu) values('20130401172148878027491185550246','20130401171111503674990650557959',null,'28','','','28',null,'1',null,null,'2013-04-01 17:21:48',null,'20120507134700000110225236178825',null);
insert into bd_dictionaryvalue(id,id_dictionary,id_parent,code,value,valueI18n,num,description,enableFlag,editableFlag,systemFlag,ft,lt,fu,lu) values('20130401172227610999267662063349','20130401171111503674990650557959',null,'31','','','31',null,'1',null,null,'2013-04-01 17:22:27',null,'20120507134700000110225236178825',null);
insert into bd_dictionaryvalue(id,id_dictionary,id_parent,code,value,valueI18n,num,description,enableFlag,editableFlag,systemFlag,ft,lt,fu,lu) values('20130401172304448808013628763289','20130401171111503674990650557959',null,'34','','','34',null,'1',null,null,'2013-04-01 17:23:04',null,'20120507134700000110225236178825',null);
insert into bd_dictionaryvalue(id,id_dictionary,id_parent,code,value,valueI18n,num,description,enableFlag,editableFlag,systemFlag,ft,lt,fu,lu) values('20130403110158070594704440933218','20130327143440145539772850320944',null,'0','','','1',null,'1',null,null,'2013-04-03 11:01:58',null,'20120507134700000110225236178825',null);
insert into bd_dictionaryvalue(id,id_dictionary,id_parent,code,value,valueI18n,num,description,enableFlag,editableFlag,systemFlag,ft,lt,fu,lu) values('20130403110211829970554372552682','20130327143440145539772850320944',null,'2','','','3',null,'1',null,null,'2013-04-03 11:02:11',null,'20120507134700000110225236178825',null);
insert into bd_dictionaryvalue(id,id_dictionary,id_parent,code,value,valueI18n,num,description,enableFlag,editableFlag,systemFlag,ft,lt,fu,lu) values('20130403110556309245498768598716','20130329172045470936970266139795',null,'1','','','2',null,'1',null,null,'2013-04-03 11:05:56',null,'20120507134700000110225236178825',null);
insert into bd_dictionaryvalue(id,id_dictionary,id_parent,code,value,valueI18n,num,description,enableFlag,editableFlag,systemFlag,ft,lt,fu,lu) values('20130403180614838432750856566463','20130403180542702279855947534800',null,'1','','','2',null,'1',null,null,'2013-04-03 18:06:14',null,'20120507134700000110225236178825',null);
insert into bd_dictionaryvalue(id,id_dictionary,id_parent,code,value,valueI18n,num,description,enableFlag,editableFlag,systemFlag,ft,lt,fu,lu) values('20130403180633801570809654201419','20130403180542702279855947534800',null,'3','','','4',null,'1',null,null,'2013-04-03 18:06:33',null,'20120507134700000110225236178825',null);
insert into bd_dictionaryvalue(id,id_dictionary,id_parent,code,value,valueI18n,num,description,enableFlag,editableFlag,systemFlag,ft,lt,fu,lu) values('20130407160320063155784132606942','20130407160240609791674086794919',null,'0','20','','1',null,'1',null,null,'2013-04-07 16:03:20','2013-04-09 17:40:28','20120507134700000110225236178825','20120507134700000110225236178825');
insert into bd_dictionaryvalue(id,id_dictionary,id_parent,code,value,valueI18n,num,description,enableFlag,editableFlag,systemFlag,ft,lt,fu,lu) values('20130407160334214733767877080416','20130407160240609791674086794919',null,'1','20-30','','2',null,'1',null,null,'2013-04-07 16:03:34',null,'20120507134700000110225236178825',null);
insert into bd_dictionaryvalue(id,id_dictionary,id_parent,code,value,valueI18n,num,description,enableFlag,editableFlag,systemFlag,ft,lt,fu,lu) values('20130407160342050342212792856249','20130407160240609791674086794919',null,'2','30-40','','3',null,'1',null,null,'2013-04-07 16:03:42',null,'20120507134700000110225236178825',null);
insert into bd_dictionaryvalue(id,id_dictionary,id_parent,code,value,valueI18n,num,description,enableFlag,editableFlag,systemFlag,ft,lt,fu,lu) values('20130407160400618115350691631870','20130407160240609791674086794919',null,'4','45-50','','5',null,'1',null,null,'2013-04-07 16:04:00',null,'20120507134700000110225236178825',null);
insert into bd_dictionaryvalue(id,id_dictionary,id_parent,code,value,valueI18n,num,description,enableFlag,editableFlag,systemFlag,ft,lt,fu,lu) values('20130407160407850558795020033132','20130407160240609791674086794919',null,'5','50-60','','6',null,'1',null,null,'2013-04-07 16:04:07',null,'20120507134700000110225236178825',null);
insert into bd_dictionaryvalue(id,id_dictionary,id_parent,code,value,valueI18n,num,description,enableFlag,editableFlag,systemFlag,ft,lt,fu,lu) values('20130407160423442897370940892032','20130407160240609791674086794919',null,'6','60','','7',null,'1',null,null,'2013-04-07 16:04:23',null,'20120507134700000110225236178825',null);
insert into bd_dictionaryvalue(id,id_dictionary,id_parent,code,value,valueI18n,num,description,enableFlag,editableFlag,systemFlag,ft,lt,fu,lu) values('20130401142841881375261542410579','20130401142749421585075637150059',null,'4','','','5',null,'1',null,null,'2013-04-01 14:28:41',null,'20120507134700000110225236178825',null);
insert into bd_dictionaryvalue(id,id_dictionary,id_parent,code,value,valueI18n,num,description,enableFlag,editableFlag,systemFlag,ft,lt,fu,lu) values('20130401142900195213316335426473','20130401142749421585075637150059',null,'6','','','7',null,'1',null,null,'2013-04-01 14:29:00',null,'20120507134700000110225236178825',null);
insert into bd_dictionaryvalue(id,id_dictionary,id_parent,code,value,valueI18n,num,description,enableFlag,editableFlag,systemFlag,ft,lt,fu,lu) values('20130401142917894460370924892830','20130401142749421585075637150059',null,'8','','','9',null,'1',null,null,'2013-04-01 14:29:17',null,'20120507134700000110225236178825',null);
insert into bd_dictionaryvalue(id,id_dictionary,id_parent,code,value,valueI18n,num,description,enableFlag,editableFlag,systemFlag,ft,lt,fu,lu) values('20130401153114962250077274847777','20130401153056372271165444581242',null,'0','','','1',null,'1',null,null,'2013-04-01 15:31:14',null,'20120507134700000110225236178825',null);
insert into bd_dictionaryvalue(id,id_dictionary,id_parent,code,value,valueI18n,num,description,enableFlag,editableFlag,systemFlag,ft,lt,fu,lu) values('20130401153137282613587032263051','20130401153056372271165444581242',null,'2','','','3',null,'1',null,null,'2013-04-01 15:31:37',null,'20120507134700000110225236178825',null);
insert into bd_dictionaryvalue(id,id_dictionary,id_parent,code,value,valueI18n,num,description,enableFlag,editableFlag,systemFlag,ft,lt,fu,lu) values('20130401171717289258935012778218','20130401171111503674990650557959',null,'01','','','1',null,'1',null,null,'2013-04-01 17:17:17',null,'20120507134700000110225236178825',null);
insert into bd_dictionaryvalue(id,id_dictionary,id_parent,code,value,valueI18n,num,description,enableFlag,editableFlag,systemFlag,ft,lt,fu,lu) values('20130401171725792904684303004194','20130401171111503674990650557959',null,'02','','','2',null,'1',null,null,'2013-04-01 17:17:25',null,'20120507134700000110225236178825',null);
insert into bd_dictionaryvalue(id,id_dictionary,id_parent,code,value,valueI18n,num,description,enableFlag,editableFlag,systemFlag,ft,lt,fu,lu) values('20130401171754224903214336068511','20130401171111503674990650557959',null,'04','','','4',null,'1',null,null,'2013-04-01 17:17:54',null,'20120507134700000110225236178825',null);
insert into bd_dictionaryvalue(id,id_dictionary,id_parent,code,value,valueI18n,num,description,enableFlag,editableFlag,systemFlag,ft,lt,fu,lu) values('20130401171840224725804662903320','20130401171111503674990650557959',null,'09','','','9',null,'1',null,null,'2013-04-01 17:18:40',null,'20120507134700000110225236178825',null);
insert into bd_dictionaryvalue(id,id_dictionary,id_parent,code,value,valueI18n,num,description,enableFlag,editableFlag,systemFlag,ft,lt,fu,lu) values('20130401171906207062142661024045','20130401171111503674990650557959',null,'12','','','12',null,'1',null,null,'2013-04-01 17:19:06',null,'20120507134700000110225236178825',null);
insert into bd_dictionaryvalue(id,id_dictionary,id_parent,code,value,valueI18n,num,description,enableFlag,editableFlag,systemFlag,ft,lt,fu,lu) values('20130401171955226044627679481860','20130401171111503674990650557959',null,'17','','','17',null,'1',null,null,'2013-04-01 17:19:55',null,'20120507134700000110225236178825',null);
insert into bd_dictionaryvalue(id,id_dictionary,id_parent,code,value,valueI18n,num,description,enableFlag,editableFlag,systemFlag,ft,lt,fu,lu) values('20130401172004150766945595806147','20130401171111503674990650557959',null,'18','','','18',null,'1',null,null,'2013-04-01 17:20:04',null,'20120507134700000110225236178825',null);
insert into bd_dictionaryvalue(id,id_dictionary,id_parent,code,value,valueI18n,num,description,enableFlag,editableFlag,systemFlag,ft,lt,fu,lu) values('20130401172029763501319830306991','20130401171111503674990650557959',null,'20','','','20',null,'1',null,null,'2013-04-01 17:20:29',null,'20120507134700000110225236178825',null);
insert into bd_dictionaryvalue(id,id_dictionary,id_parent,code,value,valueI18n,num,description,enableFlag,editableFlag,systemFlag,ft,lt,fu,lu) values('20130401172202265955901357904470','20130401171111503674990650557959',null,'29','','','29',null,'1',null,null,'2013-04-01 17:22:02',null,'20120507134700000110225236178825',null);
insert into bd_dictionaryvalue(id,id_dictionary,id_parent,code,value,valueI18n,num,description,enableFlag,editableFlag,systemFlag,ft,lt,fu,lu) values('20130401172214220385436896450984','20130401171111503674990650557959',null,'30','','','30',null,'1',null,null,'2013-04-01 17:22:14',null,'20120507134700000110225236178825',null);
insert into bd_dictionaryvalue(id,id_dictionary,id_parent,code,value,valueI18n,num,description,enableFlag,editableFlag,systemFlag,ft,lt,fu,lu) values('20130401172241563856095997612718','20130401171111503674990650557959',null,'32','','','32',null,'1',null,null,'2013-04-01 17:22:41',null,'20120507134700000110225236178825',null);
insert into bd_dictionaryvalue(id,id_dictionary,id_parent,code,value,valueI18n,num,description,enableFlag,editableFlag,systemFlag,ft,lt,fu,lu) values('20130411171100619325825706703016','20130327142247553972798367337170',null,'29','',null,null,null,'1',null,null,null,null,null,null);
insert into bd_dictionaryvalue(id,id_dictionary,id_parent,code,value,valueI18n,num,description,enableFlag,editableFlag,systemFlag,ft,lt,fu,lu) values('20130411171100619759862574160891','20130327142247553972798367337170',null,'30','',null,null,null,'1',null,null,null,null,null,null);
insert into bd_dictionaryvalue(id,id_dictionary,id_parent,code,value,valueI18n,num,description,enableFlag,editableFlag,systemFlag,ft,lt,fu,lu) values('20130411171100619731722048102946','20130327142247553972798367337170',null,'31','',null,null,null,'1',null,null,null,null,null,null);
insert into bd_dictionaryvalue(id,id_dictionary,id_parent,code,value,valueI18n,num,description,enableFlag,editableFlag,systemFlag,ft,lt,fu,lu) values('20130411171100619389454086444275','20130327142247553972798367337170',null,'32','',null,null,null,'1',null,null,null,null,null,null);
insert into bd_dictionaryvalue(id,id_dictionary,id_parent,code,value,valueI18n,num,description,enableFlag,editableFlag,systemFlag,ft,lt,fu,lu) values('20130411171100619009850312515971','20130327142247553972798367337170',null,'33','',null,null,null,'1',null,null,null,null,null,null);
insert into bd_dictionaryvalue(id,id_dictionary,id_parent,code,value,valueI18n,num,description,enableFlag,editableFlag,systemFlag,ft,lt,fu,lu) values('20130411171100619858391635344420','20130327142247553972798367337170',null,'34','',null,null,null,'1',null,null,null,null,null,null);
insert into bd_dictionaryvalue(id,id_dictionary,id_parent,code,value,valueI18n,num,description,enableFlag,editableFlag,systemFlag,ft,lt,fu,lu) values('20130411171100619760223176188718','20130327142247553972798367337170',null,'35','',null,null,null,'1',null,null,null,null,null,null);
insert into bd_dictionaryvalue(id,id_dictionary,id_parent,code,value,valueI18n,num,description,enableFlag,editableFlag,systemFlag,ft,lt,fu,lu) values('20130403110205271855838918466217','20130327143440145539772850320944',null,'1','','','2',null,'1',null,null,'2013-04-03 11:02:05',null,'20120507134700000110225236178825',null);
insert into bd_dictionaryvalue(id,id_dictionary,id_parent,code,value,valueI18n,num,description,enableFlag,editableFlag,systemFlag,ft,lt,fu,lu) values('20130403110217412968323591057740','20130327143440145539772850320944',null,'3','','','4',null,'1',null,null,'2013-04-03 11:02:17',null,'20120507134700000110225236178825',null);
insert into bd_dictionaryvalue(id,id_dictionary,id_parent,code,value,valueI18n,num,description,enableFlag,editableFlag,systemFlag,ft,lt,fu,lu) values('20130403110232459552760577945839','20130329102505308953772643062970',null,'0','','','1',null,'1',null,null,'2013-04-03 11:02:32',null,'20120507134700000110225236178825',null);
insert into bd_dictionaryvalue(id,id_dictionary,id_parent,code,value,valueI18n,num,description,enableFlag,editableFlag,systemFlag,ft,lt,fu,lu) values('20130403110239156858603658707465','20130329102505308953772643062970',null,'1','','','2',null,'1',null,null,'2013-04-03 11:02:39',null,'20120507134700000110225236178825',null);
insert into bd_dictionaryvalue(id,id_dictionary,id_parent,code,value,valueI18n,num,description,enableFlag,editableFlag,systemFlag,ft,lt,fu,lu) values('20130403110246438650271799689284','20130329102505308953772643062970',null,'2','','','3',null,'1',null,null,'2013-04-03 11:02:46',null,'20120507134700000110225236178825',null);
insert into bd_dictionaryvalue(id,id_dictionary,id_parent,code,value,valueI18n,num,description,enableFlag,editableFlag,systemFlag,ft,lt,fu,lu) values('20130403110254680777851341350693','20130329102505308953772643062970',null,'3','','','4',null,'1',null,null,'2013-04-03 11:02:54',null,'20120507134700000110225236178825',null);
insert into bd_dictionaryvalue(id,id_dictionary,id_parent,code,value,valueI18n,num,description,enableFlag,editableFlag,systemFlag,ft,lt,fu,lu) values('20130403110302330504773520833803','20130329102505308953772643062970',null,'4','','','5',null,'1',null,null,'2013-04-03 11:03:02',null,'20120507134700000110225236178825',null);
insert into bd_dictionaryvalue(id,id_dictionary,id_parent,code,value,valueI18n,num,description,enableFlag,editableFlag,systemFlag,ft,lt,fu,lu) values('20130403110311970394018642532266','20130329102505308953772643062970',null,'5','','','6',null,'1',null,null,'2013-04-03 11:03:11',null,'20120507134700000110225236178825',null);
insert into bd_dictionaryvalue(id,id_dictionary,id_parent,code,value,valueI18n,num,description,enableFlag,editableFlag,systemFlag,ft,lt,fu,lu) values('20130403110319465250833698529491','20130329102505308953772643062970',null,'6','','','7',null,'1',null,null,'2013-04-03 11:03:19',null,'20120507134700000110225236178825',null);
insert into bd_dictionaryvalue(id,id_dictionary,id_parent,code,value,valueI18n,num,description,enableFlag,editableFlag,systemFlag,ft,lt,fu,lu) values('20130403110326092732857083048169','20130329102505308953772643062970',null,'7','','','8',null,'1',null,null,'2013-04-03 11:03:26',null,'20120507134700000110225236178825',null);
insert into bd_dictionaryvalue(id,id_dictionary,id_parent,code,value,valueI18n,num,description,enableFlag,editableFlag,systemFlag,ft,lt,fu,lu) values('20130403110547715475365445904489','20130329172045470936970266139795',null,'0','','','1',null,'1',null,null,'2013-04-03 11:05:47',null,'20120507134700000110225236178825',null);
insert into bd_dictionaryvalue(id,id_dictionary,id_parent,code,value,valueI18n,num,description,enableFlag,editableFlag,systemFlag,ft,lt,fu,lu) values('20130401171804620905882655056516','20130401171111503674990650557959',null,'05','','','5',null,'1',null,null,'2013-04-01 17:18:04',null,'20120507134700000110225236178825',null);
insert into bd_dictionaryvalue(id,id_dictionary,id_parent,code,value,valueI18n,num,description,enableFlag,editableFlag,systemFlag,ft,lt,fu,lu) values('20130401171850150540236101409182','20130401171111503674990650557959',null,'10','','','10',null,'1',null,null,'2013-04-01 17:18:50',null,'20120507134700000110225236178825',null);
insert into bd_dictionaryvalue(id,id_dictionary,id_parent,code,value,valueI18n,num,description,enableFlag,editableFlag,systemFlag,ft,lt,fu,lu) values('20130401171927595666701503503217','20130401171111503674990650557959',null,'14','','','14',null,'1',null,null,'2013-04-01 17:19:27',null,'20120507134700000110225236178825',null);
insert into bd_dictionaryvalue(id,id_dictionary,id_parent,code,value,valueI18n,num,description,enableFlag,editableFlag,systemFlag,ft,lt,fu,lu) values('20130401172040688218721458918245','20130401171111503674990650557959',null,'21','','','21',null,'1',null,null,'2013-04-01 17:20:40',null,'20120507134700000110225236178825',null);
insert into bd_dictionaryvalue(id,id_dictionary,id_parent,code,value,valueI18n,num,description,enableFlag,editableFlag,systemFlag,ft,lt,fu,lu) values('20130401172127116378024535573943','20130401171111503674990650557959',null,'26','','','26',null,'1',null,null,'2013-04-01 17:21:27',null,'20120507134700000110225236178825',null);
insert into bd_dictionaryvalue(id,id_dictionary,id_parent,code,value,valueI18n,num,description,enableFlag,editableFlag,systemFlag,ft,lt,fu,lu) values('20130401172253505017402787619142','20130401171111503674990650557959',null,'33','','','33',null,'1',null,null,'2013-04-01 17:22:53',null,'20120507134700000110225236178825',null);
insert into bd_dictionaryvalue(id,id_dictionary,id_parent,code,value,valueI18n,num,description,enableFlag,editableFlag,systemFlag,ft,lt,fu,lu) values('20130403110346053689184408093200','20130329144318151914964980796650',null,'0','','','1',null,'1',null,null,'2013-04-03 11:03:46',null,'20120507134700000110225236178825',null);
insert into bd_dictionaryvalue(id,id_dictionary,id_parent,code,value,valueI18n,num,description,enableFlag,editableFlag,systemFlag,ft,lt,fu,lu) values('20130403110403291352059511638041','20130329144318151914964980796650',null,'2','','','3',null,'1',null,null,'2013-04-03 11:04:03',null,'20120507134700000110225236178825',null);
insert into bd_dictionaryvalue(id,id_dictionary,id_parent,code,value,valueI18n,num,description,enableFlag,editableFlag,systemFlag,ft,lt,fu,lu) values('20130403110421062036176217688219','20130329144318151914964980796650',null,'4','','','5',null,'1',null,null,'2013-04-03 11:04:21',null,'20120507134700000110225236178825',null);
insert into bd_dictionaryvalue(id,id_dictionary,id_parent,code,value,valueI18n,num,description,enableFlag,editableFlag,systemFlag,ft,lt,fu,lu) values('20130403110604078065608581926887','20130329172045470936970266139795',null,'2','','','3',null,'1',null,null,'2013-04-03 11:06:04',null,'20120507134700000110225236178825',null);
insert into bd_dictionaryvalue(id,id_dictionary,id_parent,code,value,valueI18n,num,description,enableFlag,editableFlag,systemFlag,ft,lt,fu,lu) values('20130403110640714696980281222894','20130402142327690873626904043718',null,'0','','','1',null,'1',null,null,'2013-04-03 11:06:40',null,'20120507134700000110225236178825',null);
insert into bd_dictionaryvalue(id,id_dictionary,id_parent,code,value,valueI18n,num,description,enableFlag,editableFlag,systemFlag,ft,lt,fu,lu) values('20130403110648893312105691425368','20130402142327690873626904043718',null,'1','','','2',null,'1',null,null,'2013-04-03 11:06:48',null,'20120507134700000110225236178825',null);
insert into bd_dictionaryvalue(id,id_dictionary,id_parent,code,value,valueI18n,num,description,enableFlag,editableFlag,systemFlag,ft,lt,fu,lu) values('20130403180608522421828886253497','20130403180542702279855947534800',null,'0','','','1',null,'1',null,null,'2013-04-03 18:06:08',null,'20120507134700000110225236178825',null);
insert into bd_dictionaryvalue(id,id_dictionary,id_parent,code,value,valueI18n,num,description,enableFlag,editableFlag,systemFlag,ft,lt,fu,lu) values('20130403180623355495149364525225','20130403180542702279855947534800',null,'2','','','3',null,'1',null,null,'2013-04-03 18:06:23',null,'20120507134700000110225236178825',null);
insert into bd_dictionaryvalue(id,id_dictionary,id_parent,code,value,valueI18n,num,description,enableFlag,editableFlag,systemFlag,ft,lt,fu,lu) values('20130403180701890936998420526908','20130403180542702279855947534800',null,'4','','','5',null,'1',null,null,'2013-04-03 18:07:01',null,'20120507134700000110225236178825',null);
insert into bd_dictionaryvalue(id,id_dictionary,id_parent,code,value,valueI18n,num,description,enableFlag,editableFlag,systemFlag,ft,lt,fu,lu) values('20130401171935795164134737803111','20130401171111503674990650557959',null,'15','','','15',null,'1',null,null,'2013-04-01 17:19:35',null,'20120507134700000110225236178825',null);
insert into bd_dictionaryvalue(id,id_dictionary,id_parent,code,value,valueI18n,num,description,enableFlag,editableFlag,systemFlag,ft,lt,fu,lu) values('20130401172136695393918968289550','20130401171111503674990650557959',null,'27','','','27',null,'1',null,null,'2013-04-01 17:21:36',null,'20120507134700000110225236178825',null);
insert into bd_dictionaryvalue(id,id_dictionary,id_parent,code,value,valueI18n,num,description,enableFlag,editableFlag,systemFlag,ft,lt,fu,lu) values('20130411171100612797426904535470','20130327142247553972798367337170',null,'01','',null,null,null,'1',null,null,null,null,null,null);
insert into bd_dictionaryvalue(id,id_dictionary,id_parent,code,value,valueI18n,num,description,enableFlag,editableFlag,systemFlag,ft,lt,fu,lu) values('20130403110353353304962022468339','20130329144318151914964980796650',null,'1','','','2',null,'1',null,null,'2013-04-03 11:03:53',null,'20120507134700000110225236178825',null);
insert into bd_dictionaryvalue(id,id_dictionary,id_parent,code,value,valueI18n,num,description,enableFlag,editableFlag,systemFlag,ft,lt,fu,lu) values('20130403110413421230687110521839','20130329144318151914964980796650',null,'3','','','4',null,'1',null,null,'2013-04-03 11:04:13',null,'20120507134700000110225236178825',null);
insert into bd_dictionaryvalue(id,id_dictionary,id_parent,code,value,valueI18n,num,description,enableFlag,editableFlag,systemFlag,ft,lt,fu,lu) values('20130407160352081827834275275792','20130407160240609791674086794919',null,'3','40-45','','4',null,'1',null,null,'2013-04-07 16:03:52',null,'20120507134700000110225236178825',null);
insert into bd_dictionaryvalue(id,id_dictionary,id_parent,code,value,valueI18n,num,description,enableFlag,editableFlag,systemFlag,ft,lt,fu,lu) values('20130411171100613290779922331655','20130327142247553972798367337170',null,'02','',null,null,null,'1',null,null,null,null,null,null);
insert into bd_dictionaryvalue(id,id_dictionary,id_parent,code,value,valueI18n,num,description,enableFlag,editableFlag,systemFlag,ft,lt,fu,lu) values('20130411171100613529607842700608','20130327142247553972798367337170',null,'03','',null,null,null,'1',null,null,null,null,null,null);
insert into bd_dictionaryvalue(id,id_dictionary,id_parent,code,value,valueI18n,num,description,enableFlag,editableFlag,systemFlag,ft,lt,fu,lu) values('20130411171100613615447604382973','20130327142247553972798367337170',null,'04','()',null,null,null,'1',null,null,null,null,null,null);
insert into bd_dictionaryvalue(id,id_dictionary,id_parent,code,value,valueI18n,num,description,enableFlag,editableFlag,systemFlag,ft,lt,fu,lu) values('20130411171100614586280808382506','20130327142247553972798367337170',null,'05','',null,null,null,'1',null,null,null,null,null,null);
insert into bd_dictionaryvalue(id,id_dictionary,id_parent,code,value,valueI18n,num,description,enableFlag,editableFlag,systemFlag,ft,lt,fu,lu) values('20130411171100614598819189426964','20130327142247553972798367337170',null,'06','',null,null,null,'1',null,null,null,null,null,null);
insert into bd_dictionaryvalue(id,id_dictionary,id_parent,code,value,valueI18n,num,description,enableFlag,editableFlag,systemFlag,ft,lt,fu,lu) values('20130411171100614451248701253614','20130327142247553972798367337170',null,'07','',null,null,null,'1',null,null,null,null,null,null);
insert into bd_dictionaryvalue(id,id_dictionary,id_parent,code,value,valueI18n,num,description,enableFlag,editableFlag,systemFlag,ft,lt,fu,lu) values('20130411171100615467795705528572','20130327142247553972798367337170',null,'08','',null,null,null,'1',null,null,null,null,null,null);
insert into bd_dictionaryvalue(id,id_dictionary,id_parent,code,value,valueI18n,num,description,enableFlag,editableFlag,systemFlag,ft,lt,fu,lu) values('20130411171100615665314650713408','20130327142247553972798367337170',null,'09','',null,null,null,'1',null,null,null,null,null,null);
insert into bd_dictionaryvalue(id,id_dictionary,id_parent,code,value,valueI18n,num,description,enableFlag,editableFlag,systemFlag,ft,lt,fu,lu) values('20130411171100615953802472564991','20130327142247553972798367337170',null,'10','',null,null,null,'1',null,null,null,null,null,null);
insert into bd_dictionaryvalue(id,id_dictionary,id_parent,code,value,valueI18n,num,description,enableFlag,editableFlag,systemFlag,ft,lt,fu,lu) values('20130411171100615148875184551478','20130327142247553972798367337170',null,'11','',null,null,null,'1',null,null,null,null,null,null);
insert into bd_dictionaryvalue(id,id_dictionary,id_parent,code,value,valueI18n,num,description,enableFlag,editableFlag,systemFlag,ft,lt,fu,lu) values('20130411171100615112075280990648','20130327142247553972798367337170',null,'12','()()',null,null,null,'1',null,null,null,null,null,null);
insert into bd_dictionaryvalue(id,id_dictionary,id_parent,code,value,valueI18n,num,description,enableFlag,editableFlag,systemFlag,ft,lt,fu,lu) values('20130411171100616198836036207854','20130327142247553972798367337170',null,'13','',null,null,null,'1',null,null,null,null,null,null);
insert into bd_dictionaryvalue(id,id_dictionary,id_parent,code,value,valueI18n,num,description,enableFlag,editableFlag,systemFlag,ft,lt,fu,lu) values('20130411171100616394311191151367','20130327142247553972798367337170',null,'14','',null,null,null,'1',null,null,null,null,null,null);
insert into bd_dictionaryvalue(id,id_dictionary,id_parent,code,value,valueI18n,num,description,enableFlag,editableFlag,systemFlag,ft,lt,fu,lu) values('20130411171100616332841179275611','20130327142247553972798367337170',null,'15','',null,null,null,'1',null,null,null,null,null,null);
insert into bd_dictionaryvalue(id,id_dictionary,id_parent,code,value,valueI18n,num,description,enableFlag,editableFlag,systemFlag,ft,lt,fu,lu) values('20130411171100616713365092066166','20130327142247553972798367337170',null,'16','',null,null,null,'1',null,null,null,null,null,null);
insert into bd_dictionaryvalue(id,id_dictionary,id_parent,code,value,valueI18n,num,description,enableFlag,editableFlag,systemFlag,ft,lt,fu,lu) values('20130411171100616556594282018990','20130327142247553972798367337170',null,'17','',null,null,null,'1',null,null,null,null,null,null);
insert into bd_dictionaryvalue(id,id_dictionary,id_parent,code,value,valueI18n,num,description,enableFlag,editableFlag,systemFlag,ft,lt,fu,lu) values('20130411171100616023884766611155','20130327142247553972798367337170',null,'18','',null,null,null,'1',null,null,null,null,null,null);
insert into bd_dictionaryvalue(id,id_dictionary,id_parent,code,value,valueI18n,num,description,enableFlag,editableFlag,systemFlag,ft,lt,fu,lu) values('20130411171100617575762635017124','20130327142247553972798367337170',null,'19','',null,null,null,'1',null,null,null,null,null,null);
insert into bd_dictionaryvalue(id,id_dictionary,id_parent,code,value,valueI18n,num,description,enableFlag,editableFlag,systemFlag,ft,lt,fu,lu) values('20130411171100617167061004831136','20130327142247553972798367337170',null,'20','',null,null,null,'1',null,null,null,null,null,null);
insert into bd_dictionaryvalue(id,id_dictionary,id_parent,code,value,valueI18n,num,description,enableFlag,editableFlag,systemFlag,ft,lt,fu,lu) values('20130411171100617617895066593065','20130327142247553972798367337170',null,'21','',null,null,null,'1',null,null,null,null,null,null);
insert into bd_dictionaryvalue(id,id_dictionary,id_parent,code,value,valueI18n,num,description,enableFlag,editableFlag,systemFlag,ft,lt,fu,lu) values('20130411171100617892885577747225','20130327142247553972798367337170',null,'22','',null,null,null,'1',null,null,null,null,null,null);
insert into bd_dictionaryvalue(id,id_dictionary,id_parent,code,value,valueI18n,num,description,enableFlag,editableFlag,systemFlag,ft,lt,fu,lu) values('20130411171100618827826850735537','20130327142247553972798367337170',null,'23','',null,null,null,'1',null,null,null,null,null,null);
insert into bd_dictionaryvalue(id,id_dictionary,id_parent,code,value,valueI18n,num,description,enableFlag,editableFlag,systemFlag,ft,lt,fu,lu) values('20130411171100618997734958849246','20130327142247553972798367337170',null,'24','',null,null,null,'1',null,null,null,null,null,null);
insert into bd_dictionaryvalue(id,id_dictionary,id_parent,code,value,valueI18n,num,description,enableFlag,editableFlag,systemFlag,ft,lt,fu,lu) values('20130411171100618045001115042796','20130327142247553972798367337170',null,'25','',null,null,null,'1',null,null,null,null,null,null);
insert into bd_dictionaryvalue(id,id_dictionary,id_parent,code,value,valueI18n,num,description,enableFlag,editableFlag,systemFlag,ft,lt,fu,lu) values('20130411171100618525456113874437','20130327142247553972798367337170',null,'26','',null,null,null,'1',null,null,null,null,null,null);
insert into bd_dictionaryvalue(id,id_dictionary,id_parent,code,value,valueI18n,num,description,enableFlag,editableFlag,systemFlag,ft,lt,fu,lu) values('20130411171100618193627103747714','20130327142247553972798367337170',null,'27','',null,null,null,'1',null,null,null,null,null,null);
insert into bd_dictionaryvalue(id,id_dictionary,id_parent,code,value,valueI18n,num,description,enableFlag,editableFlag,systemFlag,ft,lt,fu,lu) values('20130411171100618542701220035508','20130327142247553972798367337170',null,'28','',null,null,null,'1',null,null,null,null,null,null);
insert into bd_dictionaryvalue(id,id_dictionary,id_parent,code,value,valueI18n,num,description,enableFlag,editableFlag,systemFlag,ft,lt,fu,lu) values('20130411171100620258896493354574','20130327142247553972798367337170',null,'36','',null,null,null,'1',null,null,null,null,null,null);
insert into bd_dictionaryvalue(id,id_dictionary,id_parent,code,value,valueI18n,num,description,enableFlag,editableFlag,systemFlag,ft,lt,fu,lu) values('20130411171100620637019774797271','20130327142247553972798367337170',null,'37','',null,null,null,'1',null,null,null,null,null,null);

insert into bd_endwarning(id,name,warningTime,kind,status,ft,fu,lt,lu) values('20130326094714406862059813730179','','1','0','1','2013-03-26 09:47:14','20120507134700000110225236178825','2013-04-16 17:42:32','20120507134700000110225236178825');
insert into bd_endwarning(id,name,warningTime,kind,status,ft,fu,lt,lu) values('20130326094818562644680342395593','','1','1','1','2013-03-26 09:48:18','20120507134700000110225236178825','2013-04-16 17:42:09','20120507134700000110225236178825');

/*tag1.4 end*/
/*tag1.4.2 start*/
alter table bd_operation alter column url varchar(1000);
/*tag1.4.2 end*/
/*tag1.5 start*/
create table bd_software (
   id                   char(32)             not null,
   name                 varchar(50)          null,
   icon                 varchar(200)         null,
   description          varchar(200)         null,
   num                  int                  null,
   ft                   char(19)             null,
   lt                   char(19)             null,
   fu                   char(32)             null,
   lu                   char(32)             null
)
go

alter table bd_software
   add constraint PK_BD_SOFTWARE primary key nonclustered (id)
go

insert into fw_attachmentconfig(id,code,saveDir,dirLevel,fileSize,fileCount,extension,description,ft,lt,fu,lu) values('20130515175800062054357844354346','software','D:/temp','1',null,null,'','','2013-05-15 17:58:00',null,'20120507134700000110225236178825',null);
insert into bd_operation(id,id_module,id_parent,name,nameI18n,code,operationDict,url,openMode,datascopeFlag,num,icon,winHeight,winWidth,description,ft,lt,fu,lu,customTypeDict) values('20130515155843109029854620444393','20120517154526218931722289396740',null,'','bd_operation_sw','softwareDownload','0','/bd/software!list.action','0','0',16,'app-SoftwareDownload','100%','100%','','2013-05-15 15:58:43','2013-05-16 17:10:56','20120507134700000110225236178825','20120507134700000110225236178825',null);

insert into bd_operation(id,id_module,id_parent,name,nameI18n,code,operationDict,customTypeDict,url,openMode,datascopeFlag,num,icon,winHeight,winWidth,description,ft,lt,fu,lu) values('20130531092002862086751145090711','20120517154526218931722289396740','20120517154751281606503236707887','','bd_course_index_notArrangeCourseTeacher','bd_notArrangeCourseTeacher','2',null,'/bd/teacherCourse!queryNotArrangedTeacher.action','0','0',8,'','','','','2013-05-31 09:20:02','2013-05-31 09:25:18','20120507134700000110225236178825','20120507134700000110225236178825');
insert into bd_operation(id,id_module,id_parent,name,nameI18n,code,operationDict,customTypeDict,url,openMode,datascopeFlag,num,icon,winHeight,winWidth,description,ft,lt,fu,lu) values('20130531091428504848149143881784','20120517154526218931722289396740','20120517154751281606503236707887','','bd_course_index_integration','bd_integrationCourse','2',null,'/bd/integrationCourse!list.action','0','0',7,'','','','','2013-05-31 09:14:28','2013-05-31 09:17:29','20120507134700000110225236178825','20120507134700000110225236178825');
insert into bd_operation(id,id_module,id_parent,name,nameI18n,code,operationDict,customTypeDict,url,openMode,datascopeFlag,num,icon,winHeight,winWidth,description,ft,lt,fu,lu) values('20130530170614444281887050284130','20120517154526218931722289396740','20120806182024470164504329336621','','bd_teachercourse_query','bd_teachercourse_query','2',null,'','0','0',2,'','','','','2013-05-30 17:06:14',null,'20120507134700000110225236178825',null);
insert into bd_operation(id,id_module,id_parent,name,nameI18n,code,operationDict,customTypeDict,url,openMode,datascopeFlag,num,icon,winHeight,winWidth,description,ft,lt,fu,lu) values('20130530170532981763400000512757','20120517154526218931722289396740','20120806182024470164504329336621','','bd_teachercourse_edit','bd_teachercourse_edit','2',null,'','0','0',1,'','','','','2013-05-30 17:05:33',null,'20120507134700000110225236178825',null);
insert into bd_operation(id,id_module,id_parent,name,nameI18n,code,operationDict,customTypeDict,url,openMode,datascopeFlag,num,icon,winHeight,winWidth,description,ft,lt,fu,lu) values('20130530162940956339045597458484','20120517154526218931722289396740','20120519113145828545904973476299','','bd_editSchedule','bd_editSchedule','2',null,'','0','0',1,'','','','','2013-05-30 16:29:40','2013-05-30 16:31:01','20120507134700000110225236178825','20120507134700000110225236178825');

--
INSERT [dbo].[bd_configuration] ([id], [id_module], [kind], [configurationMode], [name], [code], [description], [visibleFlag], [ft], [lt], [fu], [lu]) VALUES (N'20130520180816076347847593054146', NULL, N'2', N'1', N'', N'productType', N'', N'0', N'2013-05-20 18:08:16', N'2013-05-21 08:44:53', N'20120507134700000110225236178825', N'20120507134700000110225236178825');
INSERT [dbo].[bd_configurationitem] ([id], [id_configuration], [name], [value], [defaultFlag], [ft], [lt], [fu], [lu]) VALUES (N'20130520180816076398927787342307', N'20130520180816076347847593054146', N'', N'0', NULL, NULL, N'2013-05-21 08:44:53', NULL, N'20120507134700000110225236178825');
INSERT [dbo].[bd_configurationitem] ([id], [id_configuration], [name], [value], [defaultFlag], [ft], [lt], [fu], [lu]) VALUES (N'20130520180816076270759401609030', N'20130520180816076347847593054146', N'', N'1', N'1', NULL, N'2013-05-21 08:44:53', NULL, N'20120507134700000110225236178825');

--
alter table bd_receiver add sendToOcsFlag char(1);
alter table bd_receiver add timingMsgFlag char(1);
alter table bd_receiver add timingTime char(19);
/*tag1.5 end*/
/*tag1.0 start*/
/*==============================================================*/
/* Table: af_classification                                     */
/*==============================================================*/
create table af_classification (
   id                   char(32)             not null,
   id_parent            char(32)             null,
   name                 varchar(100)         null,
   description          varchar(200)         null,
   num                  int                  null,
   ft                   char(19)             null,
   lt                   char(19)             null,
   fu                   char(32)             null,
   lu                   char(32)             null
)
go

alter table af_classification
   add constraint PK_AF_CLASSIFICATION primary key nonclustered (id)
go

/*==============================================================*/
/* Table: af_collectionrecord                                   */
/*==============================================================*/
create table af_collectionrecord (
   id                   char(32)             not null,
   id_resourcepackage   char(32)             null,
   id_collector         char(32)             null,
   collectionTime       char(19)             null,
   ft                   char(19)             null,
   lt                   char(19)             null,
   fu                   char(32)             null,
   lu                   char(32)             null
)
go

alter table af_collectionrecord
   add constraint PK_AF_COLLECTIONRECORD primary key nonclustered (id)
go

/*==============================================================*/
/* Table: af_evaluation                                         */
/*==============================================================*/
create table af_evaluation (
   id                   char(32)             not null,
   id_resourcepackage   char(32)             null,
   id_valuator          char(32)             null,
   evaluateTime         char(19)             null,
   updateTime           char(19)             null,
   score                int                  null,
   description          varchar(200)         null,
   ft                   char(19)             null,
   lt                   char(19)             null,
   fu                   char(32)             null,
   lu                   char(32)             null
)
go

alter table af_evaluation
   add constraint PK_AF_EVALUATION primary key nonclustered (id)
go

/*==============================================================*/
/* Table: af_filefolder                                         */
/*==============================================================*/
create table af_filefolder (
   id                   char(32)             not null,
   id_parent            char(32)             null,
   id_creater           char(32)             null,
   name                 varchar(100)         null,
   createTIme           char(19)             null,
   updateTime           char(19)             null,
   deleteMarker         char(1)              null,
   ft                   char(19)             null,
   lt                   char(19)             null,
   fu                   char(32)             null,
   lu                   char(32)             null
)
go

alter table af_filefolder
   add constraint PK_AF_FILEFOLDER primary key nonclustered (id)
go

/*==============================================================*/
/* Table: af_filerecord                                         */
/*==============================================================*/
create table af_filerecord (
   id                   char(32)             not null,
   id_uploaduser        char(32)             null,
   name                 varchar(200)         null,
   description          varchar(200)         null,
   uploadTime           char(19)             null,
   updateTime           char(19)             null,
   mediaFormat          char(1)              null,
   sourcefile           char(32)             null,
   icon                 char(32)             null,
   preview              char(32)             null,
   uploadMode           char(1)              null,
   externalVideo        varchar(500)         null,
   id_filefolder        char(32)             null,
   deleteMarker         char(1)              null,
   ft                   char(19)             null,
   lt                   char(19)             null,
   fu                   char(32)             null,
   lu                   char(32)             null,
   extion               varchar(100)         null,
   filesize             varchar(100)         null
)
go

alter table af_filerecord
   add constraint PK_AF_FILERECORD primary key nonclustered (id)
go

/*==============================================================*/
/* Table: af_filerecord_resourcepackage                         */
/*==============================================================*/
create table af_filerecord_resourcepackage (
   id_filerecord        char(32)             null,
   id_resourcepackage   char(32)             null
)
go

/*==============================================================*/
/* Table: af_resourcepackage                                    */
/*==============================================================*/
create table af_resourcepackage (
   id                   char(32)             not null,
   id_course            char(32)             null,
   id_classification    char(32)             null,
   id_contributor       char(32)             null,
   contributeTime       char(19)             null,
   updateTime           char(19)             null,
   title                varchar(100)         null,
   briefIntroduction    varchar(200)         null,
   keywords             varchar(100)         null,
   shareRange           char(1)              null,
   browseNum            int                  null,
   downloadNum          int                  null,
   collectionNum        int                  null,
   mediaFormat          varchar(20)          null,
   checkStatus          char(1)              null,
   checkView            varchar(200)         null,
   resourcekind         varchar(20)          null,
   gradeLevel           varchar(20)          null,
   ft                   char(19)             null,
   lt                   char(19)             null,
   fu                   char(32)             null,
   lu                   char(32)             null
)
go

alter table af_resourcepackage
   add constraint PK_AF_RESOURCEPACKAGE primary key nonclustered (id)
go

alter table af_classification
   add constraint FK_AF_CLASS_REFERENCE_AF_CLASS foreign key (id_parent)
      references af_classification (id)
go

alter table af_collectionrecord
   add constraint FK_AF_COLLE_REFERENCE_AF_RESOU foreign key (id_resourcepackage)
      references af_resourcepackage (id)
go

alter table af_collectionrecord
   add constraint FK_AF_COLLE_REFERENCE_BD_USER foreign key (id_collector)
      references bd_user (id)
go

alter table af_evaluation
   add constraint FK_AF_EVALU_REFERENCE_AF_RESOU foreign key (id_resourcepackage)
      references af_resourcepackage (id)
go

alter table af_evaluation
   add constraint FK_AF_EVALU_REFERENCE_BD_USER foreign key (id_valuator)
      references bd_user (id)
go

alter table af_filefolder
   add constraint FK_AF_FILEF_REFERENCE_AF_FILEF foreign key (id_parent)
      references af_filefolder (id)
go

alter table af_filefolder
   add constraint FK_AF_FILEF_REFERENCE_BD_USER foreign key (id_creater)
      references bd_user (id)
go

alter table af_filerecord
   add constraint FK_AF_FILER_REFERENCE_AF_FILEF foreign key (id_filefolder)
      references af_filefolder (id)
go

alter table af_filerecord
   add constraint FK_AF_FILER_REFERENCE_BD_USER foreign key (id_uploaduser)
      references bd_user (id)
go

alter table af_filerecord_resourcepackage
   add constraint FK_AF_FILER_REFERENCE_AF_RESOU foreign key (id_resourcepackage)
      references af_resourcepackage (id)
go

alter table af_filerecord_resourcepackage
   add constraint FK_AF_FILER_REFERENCE_AF_FILER foreign key (id_filerecord)
      references af_filerecord (id)
go

alter table af_resourcepackage
   add constraint FK_AF_RESOU_REFERENCE_AF_CLASS foreign key (id_classification)
      references af_classification (id)
go

alter table af_resourcepackage
   add constraint FK_AF_RESOU_REFERENCE_BD_COURS foreign key (id_course)
      references bd_course (id)
go

alter table af_resourcepackage
   add constraint FK_AF_RESOU_REFERENCE_BD_USER foreign key (id_contributor)
      references bd_user (id)
go

--
INSERT [dbo].[fw_attachmentconfig] ([id], [code], [saveDir], [dirLevel], [fileSize], [fileCount], [extension], [description], [ft], [lt], [fu], [lu]) VALUES (N'20130117144054250156243408700523', N'accessfile', N'd:\temp', 3, NULL, NULL, N'', N'', N'2013-01-17 14:40:54', N'2013-02-28 16:42:10', N'20120507134700000110225236178825', N'20120507134700000110225236178825')
--
INSERT [dbo].[bd_dictionary] ([id], [name], [code], [description], [kind], [enableFlag], [editableFlag], [systemFlag], [ft], [lt], [fu], [lu]) VALUES (N'20130122092725875268852875883373', N'', N'resourcekindDict', NULL, N'0', NULL, N'1', NULL, N'2013-01-22 09:27:25', NULL, N'20120507134700000110225236178825', NULL)
INSERT [dbo].[bd_dictionaryvalue] ([id], [id_dictionary], [id_parent], [code], [value], [num], [description], [enableFlag], [editableFlag], [systemFlag], [ft], [lt], [fu], [lu]) VALUES (N'20130122092756109240926892105239', N'20130122092725875268852875883373', NULL, N'0', N'', 1, NULL, N'1', NULL, NULL, N'2013-01-22 09:27:56', NULL, N'20120507134700000110225236178825', NULL)
INSERT [dbo].[bd_dictionaryvalue] ([id], [id_dictionary], [id_parent], [code], [value], [num], [description], [enableFlag], [editableFlag], [systemFlag], [ft], [lt], [fu], [lu]) VALUES (N'20130122092805531804319969011790', N'20130122092725875268852875883373', NULL, N'1', N'', 2, NULL, N'1', NULL, NULL, N'2013-01-22 09:28:05', NULL, N'20120507134700000110225236178825', NULL)
INSERT [dbo].[bd_dictionaryvalue] ([id], [id_dictionary], [id_parent], [code], [value], [num], [description], [enableFlag], [editableFlag], [systemFlag], [ft], [lt], [fu], [lu]) VALUES (N'20130122092814406246511427874517', N'20130122092725875268852875883373', NULL, N'2', N'', 3, NULL, N'1', NULL, NULL, N'2013-01-22 09:28:14', NULL, N'20120507134700000110225236178825', NULL)
--
INSERT [dbo].[bd_module] ([id], [name], [nameI18n], [code], [num], [deployFlag], [ft], [lt], [fu], [lu]) VALUES (N'20130115103450437162088868334225', N'', N'bd_module_af', N'af', NULL, N'1', N'2013-01-15 10:34:50', N'2013-01-15 16:17:37', N'20120507134700000110225236178825', N'20120507134700000110225236178825')
--
INSERT [dbo].[bd_operation] ([id], [id_module], [id_parent], [name], [nameI18n], [code], [operationDict], [url], [openMode], [datascopeFlag], [num], [icon], [winHeight], [winWidth], [description], [ft], [lt], [fu], [lu]) VALUES (N'20130115103746203026860839080496', N'20130115103450437162088868334225', NULL, N'', N'bd_operation_accessfile', N'af', N'0', N'/af/fileRecord!index.action', N'0', N'1', 1, N'app-fileRecord', N'100%', N'100%', N'', N'2013-01-15 10:37:46', N'2013-01-15 10:38:15', N'20120507134700000110225236178825', N'20120507134700000110225236178825')
INSERT [dbo].[bd_operation] ([id], [id_module], [id_parent], [name], [nameI18n], [code], [operationDict], [url], [openMode], [datascopeFlag], [num], [icon], [winHeight], [winWidth], [description], [ft], [lt], [fu], [lu]) VALUES (N'20130301094218734243927248540335', N'20130115103450437162088868334225', N'20130115103746203026860839080496', N'', N'af_check', N'af_check', N'2', N'/af/resourcePackage!checkResource.action', N'0', N'1', 3, N'', N'', N'', N'', N'2013-03-01 09:42:18', NULL, N'20120507134700000110225236178825', NULL)
INSERT [dbo].[bd_operation] ([id], [id_module], [id_parent], [name], [nameI18n], [code], [operationDict], [url], [openMode], [datascopeFlag], [num], [icon], [winHeight], [winWidth], [description], [ft], [lt], [fu], [lu]) VALUES (N'20130301093846500864785314706122', N'20130115103450437162088868334225', N'20130115103746203026860839080496', N'', N'af_filelibrary', N'af_filelibrary', N'2', N'/af/fileRecord!filelibrary.action', N'0', N'1', 2, N'', N'', N'', N'', N'2013-03-01 09:38:46', N'2013-03-01 09:40:17', N'20120507134700000110225236178825', N'20120507134700000110225236178825')
INSERT [dbo].[bd_operation] ([id], [id_module], [id_parent], [name], [nameI18n], [code], [operationDict], [url], [openMode], [datascopeFlag], [num], [icon], [winHeight], [winWidth], [description], [ft], [lt], [fu], [lu]) VALUES (N'20130301094358890912918062503412', N'20130115103450437162088868334225', N'20130115103746203026860839080496', N'', N'af_classifi', N'af_classifi', N'2', N'/af/classification!classificationIndex.action', N'0', N'1', 4, N'', N'', N'', N'', N'2013-03-01 09:43:58', NULL, N'20120507134700000110225236178825', NULL)
/*tag1.0 end*/
/*tag1.0.1 start*/
alter table af_resourcepackage add evalueScore int;
alter table af_resourcepackage alter column gradeLevel varchar(500);
/*tag1.0.1 end*/
/*tag1.0 start*/
/*==============================================================*/
/* Table: al_classbook                                          */
/*==============================================================*/
create table al_classbook (
   id                   char(32)             not null,
   id_eclass            char(32)             null,
   name                 varchar(50)          null,
   unit                 varchar(50)          null,
   position             varchar(50)          null,
   phone                varchar(50)          null,
   note                 varchar(200)         null,
   lu                   char(32)             null,
   fu                   char(32)             null,
   lt                   char(19)             null,
   ft                   char(19)             null
)
go

alter table al_classbook
   add constraint PK_AL_CLASSBOOK primary key (id)
go

alter table al_classbook
   add constraint FK_AL_CLASS_REFERENCE_BD_ECLAS foreign key (id_eclass)
      references bd_eclass (id)
go

insert into bd_module(id,name,nameI18n,code,num,deployFlag,ft,lt,fu,lu) values('20130418150028919620989016565881','','bd_module_al','al',null,'1','2013-04-18 15:00:28',null,'20120507134700000110225236178825',null);
insert into bd_operation(id,id_module,id_parent,name,nameI18n,code,operationDict,customTypeDict,url,openMode,datascopeFlag,num,icon,winHeight,winWidth,description,ft,lt,fu,lu) values('20130418150331399984772805225577','20130418150028919620989016565881',null,'','bd_operation_al','al','0',null,'/al/classBook!index.action','0','0',1,'app-Addresslist','100%','100%','','2013-04-18 15:03:31','2013-04-20 15:35:59','20120507134700000110225236178825','20120507134700000110225236178825');
insert into bd_operation(id,id_module,id_parent,name,nameI18n,code,operationDict,customTypeDict,url,openMode,datascopeFlag,num,icon,winHeight,winWidth,description,ft,lt,fu,lu) values('20130418150608189456080366691323','20130418150028919620989016565881','20130418150331399984772805225577','','al_addressList_index_classBook','al_classbook','2',null,'/al/classBook!list.action','0','0',1,'','','','','2013-04-18 15:06:08','2013-04-20 11:38:20','20120507134700000110225236178825','20120507134700000110225236178825');
insert into fw_attachmentconfig(id,code,saveDir,dirLevel,fileSize,fileCount,extension,description,ft,lt,fu,lu) values('20130418152359042568678138735132','al_classBookPic','d:\temp','3',null,'1','jpg;gif;jpeg;bmp','','2013-04-18 15:23:59',null,'20120507134700000110225236178825',null);

/*tag1.0 end*/
/*tag1.0 start*/
/*==============================================================*/
/* Table: ac_acresultteachingweek                               */
/*==============================================================*/
create table ac_acresultteachingweek (
   id                   char(32)             not null,
   id_arrangecourseactivity char(32)             null,
   weekNumber           int                  null,
   ft                   char(19)             null,
   lt                   char(19)             null,
   fu                   char(32)             null,
   lu                   char(32)             null
)
go

alter table ac_acresultteachingweek
   add constraint PK_AC_ACRESULTTEACHINGWEEK primary key nonclustered (id)
go

/*==============================================================*/
/* Table: ac_arrangecourseactivity                              */
/*==============================================================*/
create table ac_arrangecourseactivity (
   id                   char(32)             not null,
   id_parent            char(32)             null,
   id_schoolterm        char(32)             null,
   id_teacher           char(32)             null,
   name                 varchar(50)          null,
   applyDate            char(10)             null,
   description          varchar(200)         null,
   ft                   char(19)             null,
   lt                   char(19)             null,
   fu                   char(32)             null,
   lu                   char(32)             null
)
go

alter table ac_arrangecourseactivity
   add constraint PK_AC_ARRANGECOURSEACTIVITY primary key nonclustered (id)
go

/*==============================================================*/
/* Table: ac_arrangecoursegrade                                 */
/*==============================================================*/
create table ac_arrangecoursegrade (
   id                   char(32)             not null,
   id_arrangecourseactivity char(32)             null,
   id_school            char(32)             null,
   id_grade             char(32)             null,
   pmQuantity2          int                  null,
   pmQuantity           int                  null,
   amQuantity           int                  null,
   teachingDays         int                  null,
   ft                   char(19)             null,
   lt                   char(19)             null,
   fu                   char(32)             null,
   lu                   char(32)             null
)
go

alter table ac_arrangecoursegrade
   add constraint PK_AC_ARRANGECOURSEGRADE primary key nonclustered (id)
go

/*==============================================================*/
/* Table: ac_arrangecourseresult                                */
/*==============================================================*/
create table ac_arrangecourseresult (
   id                   char(32)             not null,
   id_arrangecourseactivity char(32)             null,
   id_eclass            char(32)             null,
   id_course            char(32)             null,
   id_teacher           char(32)             null,
   dayOfWeek            int                  null,
   lessonNumber         int                  null,
   startTime            char(5)              null,
   endTime              char(5)              null,
   advanceFlag          char(1)              null,
   ft                   char(19)             null,
   lt                   char(19)             null,
   fu                   char(32)             null,
   lu                   char(32)             null
)
go

alter table ac_arrangecourseresult
   add constraint PK_AC_ARRANGECOURSERESULT primary key nonclustered (id)
go

/*==============================================================*/
/* Table: ac_rule                                               */
/*==============================================================*/
create table ac_rule (
   id                   char(32)             not null,
   name                 varchar(100)         null,
   code                 varchar(50)          null,
   priorOrder           int                  null,
   showType             char(1)              null,
   enableFlag           char(1)              null,
   mustMeetFlag         char(1)              null,
   ruleType             char(1)              null,
   ft                   char(19)             null,
   lt                   char(19)             null,
   fu                   char(32)             null,
   lu                   char(32)             null
)
go

alter table ac_rule
   add constraint PK_AC_RULE primary key (id)
go

/*==============================================================*/
/* Table: ac_ruleitem                                           */
/*==============================================================*/
create table ac_ruleitem (
   id                   char(32)             not null,
   id_rule              char(32)             null,
   displayName          varchar(100)         null,
   value                varchar(20)          null,
   defaultFlag          char(1)              null,
   ft                   char(19)             null,
   lt                   char(19)             null,
   fu                   char(32)             null,
   lu                   char(32)             null
)
go

alter table ac_ruleitem
   add constraint PK_AC_RULEITEM primary key (id)
go

/*==============================================================*/
/* Table: ac_rulevalue                                          */
/*==============================================================*/
create table ac_rulevalue (
   id                   char(32)             not null,
   id_schoolterm        char(32)             null,
   id_school            char(32)             null,
   id_grade             char(32)             null,
   id_eclass            char(32)             null,
   id_teacher           char(32)             null,
   id_course            char(32)             null,
   id_rule              char(32)             null,
   ruleValue            varchar(100)         null,
   ft                   char(19)             null,
   lt                   char(19)             null,
   fu                   char(32)             null,
   lu                   char(32)             null
)
go

alter table ac_rulevalue
   add constraint PK_AC_RULEVALUE primary key (id)
go

alter table ac_acresultteachingweek
   add constraint FK_AC_ACRES_REFERENCE_AC_ARRAN foreign key (id_arrangecourseactivity)
      references ac_arrangecourseactivity (id)
go

alter table ac_arrangecourseactivity
   add constraint FK_AC_ARRAN_REFERENCE_AC_ARRA2 foreign key (id_parent)
      references ac_arrangecourseactivity (id)
go

alter table ac_arrangecourseactivity
   add constraint FK_AC_ARRAN_REFERENCE_BD_SCHOO foreign key (id_schoolterm)
      references bd_schoolterm (id)
go

alter table ac_arrangecourseactivity
   add constraint FK_AC_ARRAN_REFERENCE_BD_TEAC1 foreign key (id_teacher)
      references bd_teacher (id)
go

alter table ac_arrangecoursegrade
   add constraint FK_AC_ARRAN_RELATIONS_AC_ARRAN foreign key (id_arrangecourseactivity)
      references ac_arrangecourseactivity (id)
go

alter table ac_arrangecoursegrade
   add constraint FK_AC_ARRAN_RELATIONS_BD_GRADE foreign key (id_grade)
      references bd_grade (id)
go

alter table ac_arrangecoursegrade
   add constraint FK_AC_ARRAN_RELATIONS_BD_SCHOO foreign key (id_school)
      references bd_school (id)
go

alter table ac_arrangecourseresult
   add constraint FK_AC_ARRAN_REFERENCE_AC_ARRA1 foreign key (id_arrangecourseactivity)
      references ac_arrangecourseactivity (id)
go

alter table ac_arrangecourseresult
   add constraint FK_AC_ARRAN_REFERENCE_BD_ECLAS foreign key (id_eclass)
      references bd_eclass (id)
go

alter table ac_arrangecourseresult
   add constraint FK_AC_ARRAN_REFERENCE_BD_COURS foreign key (id_course)
      references bd_course (id)
go

alter table ac_arrangecourseresult
   add constraint FK_AC_ARRAN_REFERENCE_BD_TEAC2 foreign key (id_teacher)
      references bd_teacher (id)
go

alter table ac_ruleitem
   add constraint FK_RULEVALUE_RULE foreign key (id_rule)
      references ac_rule (id)
go

alter table ac_rulevalue
   add constraint FK_COURSERULE_RULE foreign key (id_rule)
      references ac_rule (id)
go

alter table ac_rulevalue
   add constraint FK_RULEVALUE_COURS2 foreign key (id_course)
      references bd_course (id)
go

alter table ac_rulevalue
   add constraint FK_RULEVALUE_ECLAS2 foreign key (id_eclass)
      references bd_eclass (id)
go

alter table ac_rulevalue
   add constraint FK_RULEVALUE_GRAD2 foreign key (id_grade)
      references bd_grade (id)
go

alter table ac_rulevalue
   add constraint FK_RULEVALUE_SCHOOL foreign key (id_school)
      references bd_school (id)
go

alter table ac_rulevalue
   add constraint FK_RULEVALUE_SCHOOLTERM foreign key (id_schoolterm)
      references bd_schoolterm (id)
go

alter table ac_rulevalue
   add constraint FK_RULEVALUE_TEACHER foreign key (id_teacher)
      references bd_teacher (id)
go


insert into bd_module(id,name,nameI18n,code,num,deployFlag,ft,lt,fu,lu) values('20120519112713500574590261769889','','bd_module_ac','ac',null,'1','2012-05-19 11:27:13',null,'20120508122027812617823674001112',null);
insert into bd_operation(id,id_module,id_parent,name,nameI18n,code,operationDict,url,openMode,datascopeFlag,num,icon,winHeight,winWidth,description,ft,lt,fu,lu) values('20120519112951328046608622451390','20120519112713500574590261769889',null,'','bd_operation_ac','pk','0','/ac/acActivity!index.action','0','0',null,'app-CoursesArranging','100%','100%','','2012-05-19 11:29:51','2012-05-31 18:33:18','20120508122027812617823674001112','20120507134700000110225236178825');
insert into bd_operation(id,id_module,id_parent,name,nameI18n,code,operationDict,url,openMode,datascopeFlag,num,icon,winHeight,winWidth,description,ft,lt,fu,lu) values('20120806172633577700138947303706','20120519112713500574590261769889','20120519112951328046608622451390','','ac_arrangeCourse_index_adjustschedule','ac_adjustschedule','2','/bd/adjustschedule!index.action','0','0',2,'','','','','2012-08-06 17:26:33','2012-08-06 18:25:06','20120507134700000110225236178825','20120507134700000110225236178825');
insert into bd_operation(id,id_module,id_parent,name,nameI18n,code,operationDict,url,openMode,datascopeFlag,num,icon,winHeight,winWidth,description,ft,lt,fu,lu) values('20120806171945390555747085943229','20120519112713500574590261769889','20120519112951328046608622451390','','ac_arrangeCourse_index_arrangecourse','ac_arrangecourse','2','/ac/acActivity!list.action','0','0',1,'','','','','2012-08-06 17:19:45','2012-08-06 18:24:50','20120507134700000110225236178825','20120507134700000110225236178825');

/****** Object:  Table [dbo].[ac_rule]    Script Date: 02/27/2013 14:43:15 ******/
INSERT [dbo].[ac_rule] ([id], [name], [code], [priorOrder], [showType], [enableFlag], [mustMeetFlag], [ruleType], [ft], [lt], [fu], [lu]) VALUES (N'20130123162536526209143953422510', N'', N'fixedCourse', NULL, N'3', N'1', N'1', NULL, N'2013-01-23 16:50:48', N'2013-02-27 10:55:19', NULL, N'20120507134700000110225236178825')
INSERT [dbo].[ac_rule] ([id], [name], [code], [priorOrder], [showType], [enableFlag], [mustMeetFlag], [ruleType], [ft], [lt], [fu], [lu]) VALUES (N'20130123162536536408124537629647', N'', N'noCourseTime', NULL, N'3', N'1', N'1', NULL, N'2013-01-23 16:50:48', NULL, NULL, NULL)
INSERT [dbo].[ac_rule] ([id], [name], [code], [priorOrder], [showType], [enableFlag], [mustMeetFlag], [ruleType], [ft], [lt], [fu], [lu]) VALUES (N'20130123162536546079554009019246', N'', N'continuousCourse', 6, N'2', N'1', N'0', N'1', N'2013-01-23 16:50:48', N'2013-02-27 11:55:57', NULL, N'20120507134700000110225236178825')
INSERT [dbo].[ac_rule] ([id], [name], [code], [priorOrder], [showType], [enableFlag], [mustMeetFlag], [ruleType], [ft], [lt], [fu], [lu]) VALUES (N'20130123162536556524574387835042', N'', N'soonerOrLater', 8, N'2', N'1', N'0', N'1', N'2013-01-23 16:50:48', N'2013-02-27 11:55:57', NULL, N'20120507134700000110225236178825')
INSERT [dbo].[ac_rule] ([id], [name], [code], [priorOrder], [showType], [enableFlag], [mustMeetFlag], [ruleType], [ft], [lt], [fu], [lu]) VALUES (N'20130123162536566866905202810658', N'', N'coursePrior', 5, N'0', N'1', N'0', N'1', N'2013-01-23 16:50:48', N'2013-02-27 11:55:57', NULL, N'20120507134700000110225236178825')
INSERT [dbo].[ac_rule] ([id], [name], [code], [priorOrder], [showType], [enableFlag], [mustMeetFlag], [ruleType], [ft], [lt], [fu], [lu]) VALUES (N'20130123162536576542059456220816', N'', N'weekendLessonNum', NULL, N'2', N'1', N'0', N'1', N'2013-01-23 16:50:48', NULL, NULL, NULL)
INSERT [dbo].[ac_rule] ([id], [name], [code], [priorOrder], [showType], [enableFlag], [mustMeetFlag], [ruleType], [ft], [lt], [fu], [lu]) VALUES (N'20130123162536586151509219893190', N'', N'weekendContinuousNum', 4, N'2', N'1', N'0', N'1', N'2013-01-23 16:50:48', N'2013-02-27 11:55:57', NULL, N'20120507134700000110225236178825')
INSERT [dbo].[ac_rule] ([id], [name], [code], [priorOrder], [showType], [enableFlag], [mustMeetFlag], [ruleType], [ft], [lt], [fu], [lu]) VALUES (N'20130123162536666788592842757756', N'', N'weekLesson', 2, N'2', N'1', N'0', N'0', N'2013-01-23 16:50:48', N'2013-02-27 11:55:57', NULL, N'20120507134700000110225236178825')
INSERT [dbo].[ac_rule] ([id], [name], [code], [priorOrder], [showType], [enableFlag], [mustMeetFlag], [ruleType], [ft], [lt], [fu], [lu]) VALUES (N'20130123162536676594021994188972', N'', N'dayLesson', 9, N'2', N'1', N'0', N'0', N'2013-01-23 16:50:48', N'2013-02-27 11:55:57', NULL, N'20120507134700000110225236178825')
INSERT [dbo].[ac_rule] ([id], [name], [code], [priorOrder], [showType], [enableFlag], [mustMeetFlag], [ruleType], [ft], [lt], [fu], [lu]) VALUES (N'20130123162536686704712811956075', N'', N'teachingPlan', 3, N'0', N'1', N'0', N'0', N'2013-01-23 16:50:48', N'2013-02-27 11:55:57', NULL, N'20120507134700000110225236178825')
INSERT [dbo].[ac_rule] ([id], [name], [code], [priorOrder], [showType], [enableFlag], [mustMeetFlag], [ruleType], [ft], [lt], [fu], [lu]) VALUES (N'20130123162536696503070248861300', N'', N'ampmContinuous', 1, N'0', N'1', N'0', N'0', N'2013-01-23 16:50:48', N'2013-02-27 11:55:57', NULL, N'20120507134700000110225236178825')
INSERT [dbo].[ac_rule] ([id], [name], [code], [priorOrder], [showType], [enableFlag], [mustMeetFlag], [ruleType], [ft], [lt], [fu], [lu]) VALUES (N'20130123162536766742892807742765', N'', N'teacherPrior', 7, N'0', N'1', N'0', N'0', N'2013-01-23 16:50:48', N'2013-02-27 11:55:57', NULL, N'20120507134700000110225236178825')
/****** Object:  Table [dbo].[ac_ruleitem]    Script Date: 02/27/2013 14:43:15 ******/
INSERT [dbo].[ac_ruleitem] ([id], [id_rule], [displayName], [value], [defaultFlag], [ft], [lt], [fu], [lu]) VALUES (N'20130123174834187569589818697140', N'20130123162536546079554009019246', N'', N'0', N'1', NULL, NULL, NULL, NULL)
INSERT [dbo].[ac_ruleitem] ([id], [id_rule], [displayName], [value], [defaultFlag], [ft], [lt], [fu], [lu]) VALUES (N'20130123174834287435032577568518', N'20130123162536546079554009019246', N'1', N'1', N'0', NULL, NULL, NULL, NULL)
INSERT [dbo].[ac_ruleitem] ([id], [id_rule], [displayName], [value], [defaultFlag], [ft], [lt], [fu], [lu]) VALUES (N'20130123174834387931307182915394', N'20130123162536546079554009019246', N'2', N'2', N'0', NULL, NULL, NULL, NULL)
INSERT [dbo].[ac_ruleitem] ([id], [id_rule], [displayName], [value], [defaultFlag], [ft], [lt], [fu], [lu]) VALUES (N'20130123174834487107112345711399', N'20130123162536546079554009019246', N'3', N'3', N'0', NULL, NULL, NULL, NULL)
INSERT [dbo].[ac_ruleitem] ([id], [id_rule], [displayName], [value], [defaultFlag], [ft], [lt], [fu], [lu]) VALUES (N'20130123174834587454756822495542', N'20130123162536556524574387835042', N'', N'0', N'1', NULL, NULL, NULL, NULL)
INSERT [dbo].[ac_ruleitem] ([id], [id_rule], [displayName], [value], [defaultFlag], [ft], [lt], [fu], [lu]) VALUES (N'20130123174834687301431980490063', N'20130123162536556524574387835042', N'', N'1', N'0', NULL, NULL, NULL, NULL)
INSERT [dbo].[ac_ruleitem] ([id], [id_rule], [displayName], [value], [defaultFlag], [ft], [lt], [fu], [lu]) VALUES (N'20130123174834787081910870336074', N'20130123162536556524574387835042', N'', N'2', N'0', NULL, NULL, NULL, NULL)
INSERT [dbo].[ac_ruleitem] ([id], [id_rule], [displayName], [value], [defaultFlag], [ft], [lt], [fu], [lu]) VALUES (N'20130123174834887045156125393025', N'20130123162536566866905202810658', N'', N'0', N'1', NULL, NULL, NULL, NULL)
INSERT [dbo].[ac_ruleitem] ([id], [id_rule], [displayName], [value], [defaultFlag], [ft], [lt], [fu], [lu]) VALUES (N'20130123174834987693851079679961', N'20130123162536566866905202810658', N'', N'1', N'0', NULL, NULL, NULL, NULL)
INSERT [dbo].[ac_ruleitem] ([id], [id_rule], [displayName], [value], [defaultFlag], [ft], [lt], [fu], [lu]) VALUES (N'20130123174835187254895959737445', N'20130123162536576542059456220816', N'', N'0', N'1', NULL, NULL, NULL, NULL)
INSERT [dbo].[ac_ruleitem] ([id], [id_rule], [displayName], [value], [defaultFlag], [ft], [lt], [fu], [lu]) VALUES (N'20130123174835287595822254862340', N'20130123162536576542059456220816', N'1', N'1', N'0', NULL, NULL, NULL, NULL)
INSERT [dbo].[ac_ruleitem] ([id], [id_rule], [displayName], [value], [defaultFlag], [ft], [lt], [fu], [lu]) VALUES (N'20130123174835387022847575446063', N'20130123162536576542059456220816', N'2', N'2', N'0', NULL, NULL, NULL, NULL)
INSERT [dbo].[ac_ruleitem] ([id], [id_rule], [displayName], [value], [defaultFlag], [ft], [lt], [fu], [lu]) VALUES (N'20130123174835487685111290500448', N'20130123162536576542059456220816', N'3', N'3', N'0', NULL, NULL, NULL, NULL)
INSERT [dbo].[ac_ruleitem] ([id], [id_rule], [displayName], [value], [defaultFlag], [ft], [lt], [fu], [lu]) VALUES (N'20130123174835497685111290500448', N'20130123162536576542059456220816', N'4', N'4', N'0', NULL, NULL, NULL, NULL)
INSERT [dbo].[ac_ruleitem] ([id], [id_rule], [displayName], [value], [defaultFlag], [ft], [lt], [fu], [lu]) VALUES (N'20130123174835587081622763470631', N'20130123162536586151509219893190', N'', N'0', N'1', NULL, NULL, NULL, NULL)
INSERT [dbo].[ac_ruleitem] ([id], [id_rule], [displayName], [value], [defaultFlag], [ft], [lt], [fu], [lu]) VALUES (N'20130123174835687611325451761822', N'20130123162536586151509219893190', N'1', N'1', N'0', NULL, NULL, NULL, NULL)
INSERT [dbo].[ac_ruleitem] ([id], [id_rule], [displayName], [value], [defaultFlag], [ft], [lt], [fu], [lu]) VALUES (N'20130123174835787088363610350417', N'20130123162536586151509219893190', N'2', N'2', N'0', NULL, NULL, NULL, NULL)
INSERT [dbo].[ac_ruleitem] ([id], [id_rule], [displayName], [value], [defaultFlag], [ft], [lt], [fu], [lu]) VALUES (N'20130123174835887549337501428991', N'20130123162536666788592842757756', N'', N'0', N'1', NULL, NULL, NULL, NULL)
INSERT [dbo].[ac_ruleitem] ([id], [id_rule], [displayName], [value], [defaultFlag], [ft], [lt], [fu], [lu]) VALUES (N'20130123174835987053147954671014', N'20130123162536666788592842757756', N'', N'1', N'0', NULL, NULL, NULL, NULL)
INSERT [dbo].[ac_ruleitem] ([id], [id_rule], [displayName], [value], [defaultFlag], [ft], [lt], [fu], [lu]) VALUES (N'20130123174836187855165916807314', N'20130123162536666788592842757756', N'', N'2', N'0', NULL, NULL, NULL, NULL)
INSERT [dbo].[ac_ruleitem] ([id], [id_rule], [displayName], [value], [defaultFlag], [ft], [lt], [fu], [lu]) VALUES (N'20130123174836287691028688504333', N'20130123162536676594021994188972', N'', N'0', N'1', NULL, NULL, NULL, NULL)
INSERT [dbo].[ac_ruleitem] ([id], [id_rule], [displayName], [value], [defaultFlag], [ft], [lt], [fu], [lu]) VALUES (N'20130123174836387921055994565948', N'20130123162536676594021994188972', N'', N'1', N'0', NULL, NULL, NULL, NULL)
INSERT [dbo].[ac_ruleitem] ([id], [id_rule], [displayName], [value], [defaultFlag], [ft], [lt], [fu], [lu]) VALUES (N'20130123174836487460431722157989', N'20130123162536676594021994188972', N'', N'2', N'0', NULL, NULL, NULL, NULL)
INSERT [dbo].[ac_ruleitem] ([id], [id_rule], [displayName], [value], [defaultFlag], [ft], [lt], [fu], [lu]) VALUES (N'20130123174836587531010473295694', N'20130123162536686704712811956075', N'', N'0', N'1', NULL, NULL, NULL, NULL)
INSERT [dbo].[ac_ruleitem] ([id], [id_rule], [displayName], [value], [defaultFlag], [ft], [lt], [fu], [lu]) VALUES (N'20130123174836687606111582117633', N'20130123162536686704712811956075', N'', N'1', N'0', NULL, NULL, NULL, NULL)
INSERT [dbo].[ac_ruleitem] ([id], [id_rule], [displayName], [value], [defaultFlag], [ft], [lt], [fu], [lu]) VALUES (N'20130123174836787333390581528960', N'20130123162536696503070248861300', N'', N'0', N'1', NULL, NULL, NULL, NULL)
INSERT [dbo].[ac_ruleitem] ([id], [id_rule], [displayName], [value], [defaultFlag], [ft], [lt], [fu], [lu]) VALUES (N'20130123174836887889581935823771', N'20130123162536696503070248861300', N'', N'1', N'0', NULL, NULL, NULL, NULL)
INSERT [dbo].[ac_ruleitem] ([id], [id_rule], [displayName], [value], [defaultFlag], [ft], [lt], [fu], [lu]) VALUES (N'20130123174836987998880166528729', N'20130123162536766742892807742765', N'', N'0', N'1', NULL, NULL, NULL, NULL)
INSERT [dbo].[ac_ruleitem] ([id], [id_rule], [displayName], [value], [defaultFlag], [ft], [lt], [fu], [lu]) VALUES (N'20130123174837187876855786430385', N'20130123162536766742892807742765', N'', N'1', N'0', NULL, NULL, NULL, NULL)
INSERT [dbo].[ac_rule] ([id], [name], [code], [priorOrder], [showType], [enableFlag], [mustMeetFlag], [ruleType], [ft], [lt], [fu], [lu]) VALUES (N'20130123162536537712624008623541', N'', N'eclassNoCourseTime', NULL, N'3', N'1', N'1', NULL, N'2013-01-23 16:50:48', N'2013-03-06 15:26:24', NULL, N'20120507134700000110225236178825');

/**alter table ac_rulevalue drop constraint FK_RULEVALUE_SCHOOLTERM;**/
/**alter table ac_rulevalue add constraint FK_RULEVALUE_SCHOOLTERM foreign key (id_schoolterm) references bd_schoolterm (id);**/

/******  ******/
/****** Object:  Table [dbo].[bd_operation]    Script Date: 03/28/2013 11:00:47 ******/
INSERT [dbo].[bd_operation] ([id], [id_module], [id_parent], [name], [nameI18n], [code], [operationDict], [url], [openMode], [datascopeFlag], [num], [icon], [winHeight], [winWidth], [description], [ft], [lt], [fu], [lu], [customTypeDict]) VALUES (N'20130125113733722495385117157017', N'20120519112713500574590261769889', N'20120519112951328046608622451390', N'', N'ac_arrangeCourse_index_noCourseTime', N'ac_rule_noCourseTime', N'2', N'/ac/noCourseTimeRule!list.action', N'0', N'0', 3, N'', N'', N'', N'', N'2013-01-25 11:37:33', N'2013-03-28 10:57:25', N'20120507134700000110225236178825', N'20120507134700000110225236178825', N'');
INSERT [dbo].[bd_operation] ([id], [id_module], [id_parent], [name], [nameI18n], [code], [operationDict], [url], [openMode], [datascopeFlag], [num], [icon], [winHeight], [winWidth], [description], [ft], [lt], [fu], [lu], [customTypeDict]) VALUES (N'20130221160423543134446956792702', N'20120519112713500574590261769889', N'20120519112951328046608622451390', N'', N'ac_arrangeCourse_index_courseRule', N'ac_rule_courseRule', N'2', N'/ac/courseRule!list.action?${operationCode}=ac_rule_courseRule', N'0', N'0', 5, N'', N'', N'', N'', N'2013-02-21 16:04:23', N'2013-03-28 10:57:53', N'20120507134700000110225236178825', N'20120507134700000110225236178825', N'');
INSERT [dbo].[bd_operation] ([id], [id_module], [id_parent], [name], [nameI18n], [code], [operationDict], [url], [openMode], [datascopeFlag], [num], [icon], [winHeight], [winWidth], [description], [ft], [lt], [fu], [lu], [customTypeDict]) VALUES (N'20130221160454119463759147245063', N'20120519112713500574590261769889', N'20120519112951328046608622451390', N'', N'ac_arrangeCourse_index_teacherRule', N'ac_rule_teacherRule', N'2', N'/ac/teacherRule!list.action?${operationCode}=ac_rule_teacherRule', N'0', N'0', 6, N'', N'', N'', N'', N'2013-02-21 16:04:54', N'2013-03-28 10:58:46', N'20120507134700000110225236178825', N'20120507134700000110225236178825', N'');
INSERT [dbo].[bd_operation] ([id], [id_module], [id_parent], [name], [nameI18n], [code], [operationDict], [url], [openMode], [datascopeFlag], [num], [icon], [winHeight], [winWidth], [description], [ft], [lt], [fu], [lu], [customTypeDict]) VALUES (N'20130221160536115809300247944953', N'20120519112713500574590261769889', N'20120519112951328046608622451390', N'', N'ac_arrangeCourse_index_ruleOrder', N'ac_rule_ruleOrder', N'2', N'/ac/ruleOrder!list.action?${operationCode}=ac_rule_ruleOrder', N'0', N'0', 7, N'', N'', N'', N'', N'2013-02-21 16:05:36', N'2013-03-28 10:59:01', N'20120507134700000110225236178825', N'20120507134700000110225236178825', N'');

/******  ******/
/****** Object:  Table [dbo].[bd_configuration]    Script Date: 03/28/2013 10:41:44 ******/
INSERT [dbo].[bd_configuration] ([id], [id_module], [kind], [configurationMode], [name], [code], [description], [visibleFlag], [ft], [lt], [fu], [lu]) VALUES (N'20130326161634526121966226837542', N'20120519112713500574590261769889', N'1', N'1', N'', N'ac_autoArrangeCourse', N'', N'0', N'2013-03-26 16:16:34', NULL, N'20120507134700000110225236178825', NULL);
/****** Object:  Table [dbo].[bd_configurationitem]    Script Date: 03/28/2013 10:41:44 ******/
INSERT [dbo].[bd_configurationitem] ([id], [id_configuration], [name], [value], [defaultFlag], [ft], [lt], [fu], [lu]) VALUES (N'20130326161634526058247537133592', N'20130326161634526121966226837542', N'', N'0', NULL, NULL, NULL, NULL, NULL);
INSERT [dbo].[bd_configurationitem] ([id], [id_configuration], [name], [value], [defaultFlag], [ft], [lt], [fu], [lu]) VALUES (N'20130326161634526601276468855205', N'20130326161634526121966226837542', N'', N'1', N'1', NULL, NULL, NULL, NULL);

/*tag1.0 end*/
/*tag1.0 start*/
/*==============================================================*/
/* Table: wc_wcrecord                                           */
/*==============================================================*/
create table wc_wcrecord (
   id                   char(32)             not null,
   id_weekcalendar      char(32)             null,
   id_user              char(32)             null,
   dayOfWeek            int                  null,
   content              varchar(500)         null,
   occurTime            varchar(50)          null,
   place                varchar(50)          null,
   header               varchar(50)          null,
   description          varchar(200)         null,
   num                  int                  null,
   ft                   char(19)             null,
   lt                   char(19)             null,
   fu                   char(32)             null,
   lu                   char(32)             null
)
go

alter table wc_wcrecord
   add constraint PK_WC_WCRECORD primary key nonclustered (id)
go

/*==============================================================*/
/* Table: wc_weekcalendar                                       */
/*==============================================================*/
create table wc_weekcalendar (
   id                   char(32)             not null,
   id_school            char(32)             null,
   id_schoolterm        char(32)             null,
   weekNumber           int                  null,
   status               char(1)              null,
   ft                   char(19)             null,
   lt                   char(19)             null,
   fu                   char(32)             null,
   lu                   char(32)             null
)
go

alter table wc_weekcalendar
   add constraint PK_WC_WEEKCALENDAR primary key nonclustered (id)
go

alter table wc_wcrecord
   add constraint FK_CW_WEEKRECORD_BD_USER foreign key (id_user)
      references bd_user (id)
go

alter table wc_wcrecord
   add constraint FK_CW_WEEKRECORD_CW_TEACHERWEEK foreign key (id_weekcalendar)
      references wc_weekcalendar (id)
go

alter table wc_weekcalendar
   add constraint FK_CW_TEACHERWEEK_BD_SCHOOL foreign key (id_school)
      references bd_school (id)
go

alter table wc_weekcalendar
   add constraint FK_CW_TEACHERWEEK_BD_SCHOOLTERM foreign key (id_schoolterm)
      references bd_schoolterm (id)
go


INSERT [dbo].[bd_module] ([id], [name], [nameI18n], [code], [num], [deployFlag], [ft], [lt], [fu], [lu]) VALUES (N'20121123104909041768952714457220', N'', N'bd_module_wc', N'wc', NULL, N'1', N'2012-11-23 10:49:09', NULL, N'20120507134700000110225236178825', NULL)

go

INSERT [dbo].[bd_operation] ([id], [id_module], [id_parent], [name], [nameI18n], [code], [operationDict], [url], [openMode], [datascopeFlag], [num], [icon], [winHeight], [winWidth], [description], [ft], [lt], [fu], [lu]) VALUES (N'20121123105707437495866397248963', N'20121123104909041768952714457220', NULL, N'', N'bd_operation_wc', N'wc', N'0', N'/wc/weekCalendar!index.action', N'0', N'0', 1, N'app-weekCalendar', N'100%', N'100%', N'', N'2012-11-23 10:57:07', NULL, N'20120507134700000110225236178825', NULL)
INSERT [dbo].[bd_operation] ([id], [id_module], [id_parent], [name], [nameI18n], [code], [operationDict], [url], [openMode], [datascopeFlag], [num], [icon], [winHeight], [winWidth], [description], [ft], [lt], [fu], [lu]) VALUES (N'20121123110031130567729888515617', N'20121123104909041768952714457220', N'20121123105707437495866397248963', N'', N'wc_ckzl', N'wc_ckzl', N'2', N'', N'0', N'0', 2, N'', N'', N'', N'', N'2012-11-23 11:00:31', NULL, N'20120507134700000110225236178825', NULL)
INSERT [dbo].[bd_operation] ([id], [id_module], [id_parent], [name], [nameI18n], [code], [operationDict], [url], [openMode], [datascopeFlag], [num], [icon], [winHeight], [winWidth], [description], [ft], [lt], [fu], [lu]) VALUES (N'20121123105911711921506753516455', N'20121123104909041768952714457220', N'20121123105707437495866397248963', N'', N'wc_bjzl', N'wc_bjzl', N'2', N'/wc/weekCalendar!editList.action', N'0', N'0', 1, N'', N'', N'', N'', N'2012-11-23 10:59:11', NULL, N'20120507134700000110225236178825', NULL)
INSERT [dbo].[bd_operation] ([id], [id_module], [id_parent], [name], [nameI18n], [code], [operationDict], [url], [openMode], [datascopeFlag], [num], [icon], [winHeight], [winWidth], [description], [ft], [lt], [fu], [lu]) VALUES (N'20121123110108169296185913398053', N'20121123104909041768952714457220', N'20121123105707437495866397248963', N'', N'wc_fbpxzl', N'wc_fbpxzl', N'2', N'', N'0', N'0', 3, N'', N'', N'', N'', N'2012-11-23 11:01:08', NULL, N'20120507134700000110225236178825', NULL)
go
/*tag1.0 end*/
/*tag1.1 start*/
/*==============================================================*/
/* Table: wc_warning                                            */
/*==============================================================*/
create table wc_warning (
   id                   char(32)             not null,
   id_user              char(32)             null,
   id_wcrecord          char(32)             null,
   warningTime          char(19)             null,
   warningFlag          char(1)              null,
   ft                   char(19)             null,
   lt                   char(19)             null,
   fu                   char(32)             null,
   lu                   char(32)             null
)
go

alter table wc_warning
   add constraint PK_WC_WARNING primary key nonclustered (id)
go

alter table wc_warning
   add constraint FK_WC_WARNI_REFERENCE_WC_WCREC foreign key (id_wcrecord)
      references wc_wcrecord (id)
go

alter table wc_warning
   add constraint FK_WC_WARNI_REFERENCE_BD_USER foreign key (id_user)
      references bd_user (id)
go

insert into bd_dictionaryvalue(id,id_dictionary,id_parent,code,value,valueI18n,num,description,enableFlag,editableFlag,systemFlag,ft,lt,fu,lu) values('20130509092038692868869621079073','20130325191038222741788749418279',null,'3','','',2,null,'1',null,null,'2013-05-09 09:20:38',null,'20120507134700000110225236178825',null);
/*tag1.1 end*/
/*tag1.0 start*/
/*==============================================================*/
/* Table: cm_assigncar                                          */
/*==============================================================*/
create table cm_assigncar (
   id                   char(32)             not null,
   id_user              char(32)             null,
   id_driver            char(32)             null,
   id_car               char(32)             null,
   leaveDate            char(10)             null,
   leaveTime            char(5)              null,
   supplementFlag       char(1)              null,
   realCount            int                  null,
   realAddress          varchar(100)         null,
   realTime             char(19)             null,
   note                 varchar(200)         null,
   ft                   char(19)             null,
   fu                   char(32)             null,
   lt                   char(19)             null,
   lu                   char(32)             null
)
go

alter table cm_assigncar
   add constraint PK_CM_ASSIGNCAR primary key nonclustered (id)
go

/*==============================================================*/
/* Table: cm_car                                                */
/*==============================================================*/
create table cm_car (
   id                   char(32)             not null,
   name                 varchar(100)         null,
   carNum               varchar(100)         null,
   status               char(1)              null,
   limitCount           int                  null,
   ft                   char(19)             null,
   fu                   char(32)             null,
   lt                   char(19)             null,
   lu                   char(32)             null
)
go

alter table cm_car
   add constraint PK_CM_CAR primary key nonclustered (id)
go

/*==============================================================*/
/* Table: cm_driver                                             */
/*==============================================================*/
create table cm_driver (
   id                   char(32)             not null,
   id_user              char(32)             null,
   contact              varchar(20)          null,
   driveAge             int                  null,
   status               char(1)              null,
   ft                   char(19)             null,
   fu                   char(32)             null,
   lt                   char(19)             null,
   lu                   char(32)             null
)
go

alter table cm_driver
   add constraint PK_CM_DRIVER primary key nonclustered (id)
go

/*==============================================================*/
/* Table: cm_orderassigncar                                     */
/*==============================================================*/
create table cm_orderassigncar (
   id                   char(32)             not null,
   id_assigncar         char(32)             null,
   id_ordercar          char(32)             null,
   count                int                  null,
   ft                   char(19)             null,
   fu                   char(32)             null,
   lt                   char(19)             null,
   lu                   char(32)             null
)
go

alter table cm_orderassigncar
   add constraint PK_CM_ORDERASSIGNCAR primary key nonclustered (id)
go

/*==============================================================*/
/* Table: cm_ordercar                                           */
/*==============================================================*/
create table cm_ordercar (
   id                   char(32)             not null,
   id_carUser           char(32)             null,
   id_orderUser         char(32)             null,
   orderTime            char(19)             null,
   userDate             char(10)             null,
   arriveTime           char(5)              null,
   address              varchar(100)         null,
   userCount            int                  null,
   personList           varchar(400)         null,
   reason               varchar(500)         null,
   instruction          varchar(500)         null,
   backDate             char(10)             null,
   backCount            int                  null,
   backAddress          varchar(100)         null,
   backTime             char(5)              null,
   supplementFlag       char(1)              null,
   id_deptChecker       char(32)             null,
   id_checker           char(32)             null,
   deptCheckStatus      char(1)              null,
   checkStatus          char(1)              null,
   deptAdvice           varchar(200)         null,
   advice               varchar(200)         null,
   useTime              char(5)              null,
   useAddress           varchar(100)         null,
   satisfaction         int                  null,
   feedback             varchar(200)         null,
   ft                   char(19)             null,
   fu                   char(32)             null,
   lt                   char(19)             null,
   lu                   char(32)             null
)
go

alter table cm_ordercar
   add constraint PK_CM_ORDERCAR primary key nonclustered (id)
go

alter table cm_assigncar
   add constraint FK_CM_ASSIGNCAR_USER foreign key (id_user)
      references bd_user (id)
go

alter table cm_assigncar
   add constraint FK_CM_ASSIGNCAR_CAR foreign key (id_car)
      references cm_car (id)
go

alter table cm_assigncar
   add constraint FK_CM_ASSIGNCAR_DRIVER foreign key (id_driver)
      references cm_driver (id)
go

alter table cm_driver
   add constraint FK_CM_DRIVER_USER foreign key (id_user)
      references bd_user (id)
go

alter table cm_orderassigncar
   add constraint FK_CM_ORDERRASSIGN_RASSIGN foreign key (id_assigncar)
      references cm_assigncar (id)
go

alter table cm_orderassigncar
   add constraint FK_CM_ORDERRASSIGN_ORDER foreign key (id_ordercar)
      references cm_ordercar (id)
go

alter table cm_ordercar
   add constraint FK_CM_ORDERCAR_CARUSER_USER foreign key (id_carUser)
      references bd_user (id)
go

alter table cm_ordercar
   add constraint FK_CM_ORDERCAR_ORDERUSER_USER foreign key (id_orderUser)
      references bd_user (id)
go

--
INSERT [dbo].[bd_module] ([id], [name], [nameI18n], [code], [num], [deployFlag], [ft], [lt], [fu], [lu]) VALUES (N'20130225105239890738248348122577', N'', N'bd_module_cm', N'cm', NULL, N'1', N'2013-02-25 10:52:39', NULL, N'20120507134700000110225236178825', NULL)

--
INSERT [dbo].[bd_operation] ([id], [id_module], [id_parent], [name], [nameI18n], [code], [operationDict], [url], [openMode], [datascopeFlag], [num], [icon], [winHeight], [winWidth], [description], [ft], [lt], [fu], [lu]) VALUES (N'20130225105845234048709087630990', N'20130225105239890738248348122577', NULL, N'', N'bd_module_cm', N'carmanage', N'0', N'/cm/index!index.action', N'0', N'0', 1, N'app-CarManage', N'100%', N'100%', N'', N'2013-02-25 10:58:45', N'2013-02-25 10:59:40', N'20120507134700000110225236178825', N'20120507134700000110225236178825')
INSERT [dbo].[bd_operation] ([id], [id_module], [id_parent], [name], [nameI18n], [code], [operationDict], [url], [openMode], [datascopeFlag], [num], [icon], [winHeight], [winWidth], [description], [ft], [lt], [fu], [lu]) VALUES (N'20130225110204250228597931058116', N'20130225105239890738248348122577', N'20130225105845234048709087630990', N'', N'cm_carmanage_carAndDriver', N'carAndDriver', N'2', N'', N'0', N'0', 1, N'', N'', N'', N'', N'2013-02-25 11:02:04', NULL, N'20120507134700000110225236178825', NULL)
INSERT [dbo].[bd_operation] ([id], [id_module], [id_parent], [name], [nameI18n], [code], [operationDict], [url], [openMode], [datascopeFlag], [num], [icon], [winHeight], [winWidth], [description], [ft], [lt], [fu], [lu]) VALUES (N'20130226150845109829066891367274', N'20130225105239890738248348122577', N'20130225105845234048709087630990', N'', N'cm_carmanage_myAssigncar', N'myAssigncar', N'2', N'', N'0', N'0', 3, N'', N'', N'', N'', N'2013-02-26 15:08:45', NULL, N'20120507134700000110225236178825', NULL)
INSERT [dbo].[bd_operation] ([id], [id_module], [id_parent], [name], [nameI18n], [code], [operationDict], [url], [openMode], [datascopeFlag], [num], [icon], [winHeight], [winWidth], [description], [ft], [lt], [fu], [lu]) VALUES (N'20130227135357328495878282642746', N'20130225105239890738248348122577', N'20130225105845234048709087630990', N'', N'cm_carmanage_orderCarManage', N'orderCarManage', N'2', N'', N'0', N'0', 4, N'', N'', N'', N'', N'2013-02-27 13:53:57', NULL, N'20120507134700000110225236178825', NULL)
INSERT [dbo].[bd_operation] ([id], [id_module], [id_parent], [name], [nameI18n], [code], [operationDict], [url], [openMode], [datascopeFlag], [num], [icon], [winHeight], [winWidth], [description], [ft], [lt], [fu], [lu]) VALUES (N'20130226171450777155366550613633', N'20130225105239890738248348122577', N'20130225105845234048709087630990', N'', N'cm_orderCar', N'cm_orderCar', N'2', N'/cm/orderCar!list.action', N'0', N'0', 2, N'', N'', N'', N'', N'2013-02-26 17:14:50', NULL, N'20120507134700000110225236178825', NULL)
INSERT [dbo].[bd_operation] ([id], [id_module], [id_parent], [name], [nameI18n], [code], [operationDict], [url], [openMode], [datascopeFlag], [num], [icon], [winHeight], [winWidth], [description], [ft], [lt], [fu], [lu]) VALUES (N'20130304095015639081426943920585', N'20130225105239890738248348122577', N'20130225105845234048709087630990', N'', N'ca_carmanage_assigncar', N'assigncar', N'2', N'', N'0', N'0', 3, N'', N'', N'', N'', N'2013-03-04 09:50:15', NULL, N'20120507134700000110225236178825', NULL)
INSERT [dbo].[bd_operation] ([id], [id_module], [id_parent], [name], [nameI18n], [code], [operationDict], [url], [openMode], [datascopeFlag], [num], [icon], [winHeight], [winWidth], [description], [ft], [lt], [fu], [lu]) VALUES (N'20130305101023868637689662215481', N'20130225105239890738248348122577', N'20130225105845234048709087630990', N'', N'cm_carmanageCount', N'cm_carmanageCount', N'2', N'', N'0', N'0', 4, N'', N'', N'', N'', N'2013-03-05 10:10:23', NULL, N'20120507134700000110225236178825', NULL)
INSERT [dbo].[bd_operation] ([id], [id_module], [id_parent], [name], [nameI18n], [code], [operationDict], [url], [openMode], [datascopeFlag], [num], [icon], [winHeight], [winWidth], [description], [ft], [lt], [fu], [lu]) VALUES (N'20130306091252090877289366280541', N'20130225105239890738248348122577', N'20130225105845234048709087630990', N'', N'cm_carmanage_assign', N'assign', N'2', N'', N'0', N'0', 5, N'', N'', N'', N'', N'2013-03-06 09:12:52', NULL, N'20120507134700000110225236178825', NULL)
INSERT [dbo].[bd_operation] ([id], [id_module], [id_parent], [name], [nameI18n], [code], [operationDict], [url], [openMode], [datascopeFlag], [num], [icon], [winHeight], [winWidth], [description], [ft], [lt], [fu], [lu]) VALUES (N'20130306091332053726354626236336', N'20130225105239890738248348122577', N'20130225105845234048709087630990', N'', N'cm_carmanage_supplement', N'supplement', N'2', N'', N'0', N'0', 6, N'', N'', N'', N'', N'2013-03-06 09:13:32', NULL, N'20120507134700000110225236178825', NULL)

--
INSERT [dbo].[fw_attachmentconfig] ([id], [code], [saveDir], [dirLevel], [fileSize], [fileCount], [extension], [description], [ft], [lt], [fu], [lu]) VALUES (N'20130225145109312697071374237293', N'carManagePic', N'e:/temp', 3, 10, 1, N'jpg;gif;jpeg;bmp', N'', N'2013-02-26 09:33:39', N'2013-03-08 15:45:25', N'20120507134700000110225236178825', N'20120507134700000110225236178825')
/*tag1.0 end*/

/*tag1.1 start*/
/*==============================================================*/
/* Table: cm_privatecar                                         */
/*==============================================================*/
create table cm_privatecar (
   id                   char(32)             not null,
   id_user              char(32)             null,
   carNum               varchar(50)          null,
   brand                varchar(50)          null,
   color                varchar(20)          null,
   engineNum            varchar(50)          null,
   kind                 varchar(20)          null,
   date                 char(10)             null,
   ft                   char(19)             null,
   fu                   char(32)             null,
   lt                   char(19)             null,
   lu                   char(32)             null
)
go

alter table cm_privatecar
   add constraint PK_CM_PRIVATECAR primary key (id)
go

alter table cm_privatecar
   add constraint FK_CM_PRIVA_REFERENCE_BD_USER foreign key (id_user)
      references bd_user (id)
go

insert into fw_attachmentconfig(id,code,saveDir,dirLevel,fileSize,fileCount,extension,description,ft,lt,fu,lu) values('20130403135921732681649760348934','privateCarPic','d:/pic','1','10','1','jpg;jpeg;gif','','2013-04-03 13:59:21','2013-04-03 16:32:56','20120507134700000110225236178825','20120507134700000110225236178825');
insert into bd_operation(id,id_module,id_parent,name,nameI18n,code,operationDict,customTypeDict,url,openMode,datascopeFlag,num,icon,winHeight,winWidth,description,ft,lt,fu,lu) values('20130403105807767656573845647320','20130225105239890738248348122577','20130225105845234048709087630990','','cm_privateCar','cm_privateCar','2',null,'/cm/privateCar!toPrivateCar.action','0','0',7,'','','','','2013-04-03 10:58:07','2013-04-03 10:58:48','20120507134700000110225236178825','20120507134700000110225236178825');
insert into bd_dictionary(id,name,code,kind,editableFlag) values('20130403144640050137343551039807','','privateCarType','0','1');

/*tag1.1 end*/
/*tag1.2 start*/
alter table cm_ordercar add useDept varchar(20);
alter table cm_ordercar add backPersonList varchar(400);

insert into bd_configuration(id,id_module,kind,configurationMode,name,code,description,visibleFlag,ft,lt,fu,lu) values('20130514182851720883324002699423','20130225105239890738248348122577','1','1','','cm_phoneNotice','','0','2013-05-14 18:28:51',null,'20120507134700000110225236178825',null);
insert into bd_configurationitem(id,id_configuration,name,value,defaultFlag,ft,lt,fu,lu) values('20130514182851719996285168489463','20130514182851720883324002699423','','1',null,null,null,null,null);
insert into bd_configurationitem(id,id_configuration,name,value,defaultFlag,ft,lt,fu,lu) values('20130514182851719254091625206502','20130514182851720883324002699423','','0','1',null,null,null,null);

/*tag1.2 end*/

/*tag1.0 start*/
/*==============================================================*/
/* Table: ca_attendanceitem                                     */
/*==============================================================*/
create table ca_attendanceitem (
   id                   char(32)             not null,
   name                 varchar(500)         null,
   englishName          varchar(500)         null,
   code                 varchar(50)          null,
   warningFlag          char(1)              null,
   dayValue             int                  null,
   weekValue            int                  null,
   monthValue           int                  null,
   schooltermValue      int                  null,
   absenceFlag          char(1)              null,
   absenceValue         int                  null,
   num                  int                  null,
   status               char(1)              null,
   ft                   char(19)             null,
   lt                   char(19)             null,
   fu                   char(32)             null,
   lu                   char(32)             null
)
go

alter table ca_attendanceitem
   add constraint PK_CA_ATTENDANCEITEM primary key nonclustered (id)
go

/*==============================================================*/
/* Table: ca_attendancerecord                                   */
/*==============================================================*/
create table ca_attendancerecord (
   id                   char(32)             not null,
   id_classroomattendance char(32)             null,
   id_student           char(32)             null,
   id_attendanceitem    char(32)             null,
   ft                   char(19)             null,
   lt                   char(19)             null,
   fu                   char(32)             null,
   lu                   char(32)             null
)
go

alter table ca_attendancerecord
   add constraint PK_CA_ATTENDANCERECORD primary key nonclustered (id)
go

/*==============================================================*/
/* Table: ca_classroomattendance                                */
/*==============================================================*/
create table ca_classroomattendance (
   id                   char(32)             not null,
   id_teacher           char(32)             null,
   tweek                int                  null,
   weekday              int                  null,
   lessonNumber         int                  null,
   id_eclass            char(32)             null,
   id_course            char(32)             null,
   attendanceTime       char(19)             null,
   kind                 char(1)              null,
   status               char(1)              null,
   ft                   char(19)             null,
   lt                   char(19)             null,
   fu                   char(32)             null,
   lu                   char(32)             null
)
go

alter table ca_classroomattendance
   add constraint PK_CA_CLASSROOMATTENDANCE primary key nonclustered (id)
go

/*==============================================================*/
/* Table: ca_leaverecord                                        */
/*==============================================================*/
create table ca_leaverecord (
   id                   char(32)             not null,
   id_teacher           char(32)             null,
   id_student           char(32)             null,
   id_schoolterm        char(32)             null,
   kind                 char(1)              null,
   reason               varchar(500)         null,
   startTime            char(10)             null,
   startSection         int                  null,
   endTime              char(10)             null,
   endSection           int                  null,
   ft                   char(19)             null,
   lt                   char(19)             null,
   fu                   char(32)             null,
   lu                   char(32)             null
)
go

alter table ca_leaverecord
   add constraint PK_CA_LEAVERECORD primary key nonclustered (id)
go

/*==============================================================*/
/* Table: ca_performanceitem                                    */
/*==============================================================*/
create table ca_performanceitem (
   id                   char(32)             not null,
   id_performancekind   char(32)             null,
   name                 varchar(500)         null,
   englishName          varchar(500)         null,
   defaultScore         int                  null,
   num                  int                  null,
   status               char(1)              null,
   ft                   char(19)             null,
   lt                   char(19)             null,
   fu                   char(32)             null,
   lu                   char(32)             null
)
go

alter table ca_performanceitem
   add constraint PK_CA_PERFORMANCEITEM primary key nonclustered (id)
go

/*==============================================================*/
/* Table: ca_performancekind                                    */
/*==============================================================*/
create table ca_performancekind (
   id                   char(32)             not null,
   name                 varchar(500)         null,
   englishName          varchar(500)         null,
   kind                 char(1)              null,
   minScore             int                  null,
   maxScore             int                  null,
   warningFlag          char(1)              null,
   dayValue             int                  null,
   weekValue            int                  null,
   monthValue           int                  null,
   schooltermValue      int                  null,
   num                  int                  null,
   status               char(1)              null,
   ft                   char(19)             null,
   lt                   char(19)             null,
   fu                   char(32)             null,
   lu                   char(32)             null
)
go

alter table ca_performancekind
   add constraint PK_CA_PERFORMANCEKIND primary key nonclustered (id)
go

/*==============================================================*/
/* Table: ca_performancerecord                                  */
/*==============================================================*/
create table ca_performancerecord (
   id                   char(32)             not null,
   id_classroomattendance char(32)             null,
   id_student           char(32)             null,
   id_performanceitem   char(32)             null,
   score                int                  null,
   description          varchar(500)         null,
   ft                   char(19)             null,
   lt                   char(19)             null,
   fu                   char(32)             null,
   lu                   char(32)             null
)
go

alter table ca_performancerecord
   add constraint PK_CA_PERFORMANCERECORD primary key nonclustered (id)
go

alter table ca_attendancerecord
   add constraint FK_CA_ATTEN_REFERENCE_BD_STUDE foreign key (id_student)
      references bd_student (id)
go

alter table ca_attendancerecord
   add constraint FK_CA_ATTEN_REFERENCE_CA_CLASS foreign key (id_classroomattendance)
      references ca_classroomattendance (id)
go

alter table ca_attendancerecord
   add constraint FK_CA_ATTEN_REFERENCE_CA_ATTEN foreign key (id_attendanceitem)
      references ca_attendanceitem (id)
go

alter table ca_classroomattendance
   add constraint FK_CA_CLASS_REFERENCE_BD_TEACH foreign key (id_teacher)
      references bd_teacher (id)
go

alter table ca_leaverecord
   add constraint FK_CA_LEAVE_REFERENCE_BD_STUDE foreign key (id_student)
      references bd_student (id)
go

alter table ca_leaverecord
   add constraint FK_CA_LEAVE_REFERENCE_BD_TEACH foreign key (id_teacher)
      references bd_teacher (id)
go

alter table ca_leaverecord
   add constraint FK_CA_LEAVE_REFERENCE_BD_SCHOO foreign key (id_schoolterm)
      references bd_schoolterm (id)
go

alter table ca_performanceitem
   add constraint FK_CA_PERFO_REFERENCE_CA_PERFO foreign key (id_performancekind)
      references ca_performancekind (id)
go

alter table ca_performancerecord
   add constraint FK_CA_PERFO_REFERENCE_BD_STUDE foreign key (id_student)
      references bd_student (id)
go

alter table ca_performancerecord
   add constraint FK_CA_PERFO_REFERENCE_CA_CLASS foreign key (id_classroomattendance)
      references ca_classroomattendance (id)
go

alter table ca_performancerecord
   add constraint FK_CA_PERFO_REFERENCE_CA_PERF2 foreign key (id_performanceitem)
      references ca_performanceitem (id)
go




insert into bd_module(id,name,nameI18n,code,num,deployFlag,ft,lt,fu,lu) values('20120716141433062243814708850288','','bd_module_ca','ca',9,'1','2012-07-16 14:14:33',null,'20120507134700000110225236178825',null);
insert into bd_operation(id,id_module,id_parent,name,nameI18n,code,operationDict,url,openMode,datascopeFlag,num,icon,winHeight,winWidth,description,ft,lt,fu,lu) values('20120716141756375701362515451384','20120716141433062243814708850288',null,'','bd_operation_ca','ca','0','/classroomattendance/module/index.jsp','0','0',1,'app-Attendance','500','800','','2012-07-16 14:17:56','2012-07-16 15:50:01','20120507134700000110225236178825','20120507134700000110225236178825');
insert into bd_operation(id,id_module,id_parent,name,nameI18n,code,operationDict,url,openMode,datascopeFlag,num,icon,winHeight,winWidth,description,ft,lt,fu,lu) values('20120725091654468191546790576170','20120716141433062243814708850288','20120716141756375701362515451384','','ca_ktbxbz','ca_ktbxbz','2','/ca/performanceKind!list.action','0','0',3,'','','','','2012-07-25 09:16:54',null,'20120507134700000110225236178825',null);
insert into bd_operation(id,id_module,id_parent,name,nameI18n,code,operationDict,url,openMode,datascopeFlag,num,icon,winHeight,winWidth,description,ft,lt,fu,lu) values('20120725091829921614552773983774','20120716141433062243814708850288','20120716141756375701362515451384','','ca_ktkq','ca_ktkq','2','/ca/classroomAttendance!navigation.action','0','0',4,'','','','','2012-07-25 09:18:29',null,'20120507134700000110225236178825',null);
insert into bd_operation(id,id_module,id_parent,name,nameI18n,code,operationDict,url,openMode,datascopeFlag,num,icon,winHeight,winWidth,description,ft,lt,fu,lu) values('20120725091525656015503528199027','20120716141433062243814708850288','20120716141756375701362515451384','','ca_kqbz','ca_kqbz','2','/ca/attendanceSetting!list.action','0','0',2,'','','','','2012-07-25 09:15:25',null,'20120507134700000110225236178825',null);
insert into bd_operation(id,id_module,id_parent,name,nameI18n,code,operationDict,url,openMode,datascopeFlag,num,icon,winHeight,winWidth,description,ft,lt,fu,lu) values('20120725091306234562714191527838','20120716141433062243814708850288','20120716141756375701362515451384','','ca_qj','ca_qj','2','/ca/leave!list.action','0','0',1,'','','','','2012-07-25 09:13:06',null,'20120507134700000110225236178825',null);
insert into bd_operation(id,id_module,id_parent,name,nameI18n,code,operationDict,url,openMode,datascopeFlag,num,icon,winHeight,winWidth,description,ft,lt,fu,lu) values('20120725093620843067520973307689','20120716141433062243814708850288','20120716141756375701362515451384','','ca_kqtjindex','ca_kqtjindex','2','/ca/classroomAttendance!toCountIndex.action','0','0',5,'','','','','2012-07-25 09:36:20',null,'20120507134700000110225236178825',null);
insert into bd_operation(id,id_module,id_parent,name,nameI18n,code,operationDict,url,openMode,datascopeFlag,num,icon,winHeight,winWidth,description,ft,lt,fu,lu) values('20120725093854671469875488048987','20120716141433062243814708850288','20120725093620843067520973307689','','ca_qqtj','ca_qqtj','2','/ca/classroomAttendance!absenceCount.action','0','0',2,'','','','','2012-07-25 09:38:54',null,'20120507134700000110225236178825',null);
insert into bd_operation(id,id_module,id_parent,name,nameI18n,code,operationDict,url,openMode,datascopeFlag,num,icon,winHeight,winWidth,description,ft,lt,fu,lu) values('20120725093727125640519618818459','20120716141433062243814708850288','20120725093620843067520973307689','','ca_kqtj','ca_kqtj','2','/ca/classroomAttendance!count.action','0','0',1,'','','','','2012-07-25 09:37:27',null,'20120507134700000110225236178825',null);
insert into bd_operation(id,id_module,id_parent,name,nameI18n,code,operationDict,url,openMode,datascopeFlag,num,icon,winHeight,winWidth,description,ft,lt,fu,lu) values('20120811153834468139723422031325','20120716141433062243814708850288','20120725093620843067520973307689','','ca_qqjstj','ca_qqjstj','2','/ca/attendanceManage!list.action','0','0',3,'','','','','2012-08-11 15:38:34','2012-08-11 15:53:57','20120507134700000110225236178825','20120507134700000110225236178825');
insert into bd_operation(id,id_module,id_parent,name,nameI18n,code,operationDict,url,openMode,datascopeFlag,num,icon,winHeight,winWidth,description,ft,lt,fu,lu) values('20120820090314709734458891597664','20120716141433062243814708850288','20120725093727125640519618818459','','ca_kqmxck','ca_kqmxck','2','','0','0',1,'','','','','2012-08-20 09:03:14',null,'20120507134700000110225236178825',null);
insert into bd_operation(id,id_module,id_parent,name,nameI18n,code,operationDict,url,openMode,datascopeFlag,num,icon,winHeight,winWidth,description,ft,lt,fu,lu) values('20120919090826563159003978072096','20120716141433062243814708850288','20120725093620843067520973307689','','ca_xskqtj','ca_xskqtj','2','','0','0',4,'','','','','2012-09-19 09:08:26',null,'20120507134700000110225236178825',null);
insert into bd_operation(id,id_module,id_parent,name,nameI18n,code,operationDict,url,openMode,datascopeFlag,num,icon,winHeight,winWidth,description,ft,lt,fu,lu) values('20121116092328210991143530509673','20120716141433062243814708850288','20120725093620843067520973307689','','ca_yjxstj','ca_yjxstj','2','/ca/classroomAttendance!warningStudentCount.action','0','0',5,'','','','','2012-11-16 09:23:28','2012-11-16 09:26:30','20120507134700000110225236178825','20120507134700000110225236178825');

insert into ca_attendanceitem(id,name,englishName,code,warningFlag,dayValue,weekValue,monthValue,schooltermValue,absenceFlag,absenceValue,num,status,ft,lt,fu,lu) values('20120717174438500457710446138207','','truancy','003','1','1','1','1','1','1','1','3','1','2012-07-17 17:44:38','2012-07-27 13:54:10','20120507134700000110225236178825','20120507134700000110225236178825');
insert into ca_attendanceitem(id,name,englishName,code,warningFlag,dayValue,weekValue,monthValue,schooltermValue,absenceFlag,absenceValue,num,status,ft,lt,fu,lu) values('20120718102129750421203580751330','','late','001','1','2','4','5','6','1','1','1','1','2012-07-18 10:21:29','2012-07-30 10:14:53','20120507134700000110225236178825','20120529173459906914742441019681');
insert into ca_attendanceitem(id,name,englishName,code,warningFlag,dayValue,weekValue,monthValue,schooltermValue,absenceFlag,absenceValue,num,status,ft,lt,fu,lu) values('20120718151755968990616262937977','','leaveEarly','002','1','2','2','3','4','1','2','2','1','2012-07-18 15:17:55','2012-07-27 13:54:04','20120507134700000110225236178825','20120507134700000110225236178825');
insert into ca_attendanceitem(id,name,englishName,code,warningFlag,dayValue,weekValue,monthValue,schooltermValue,absenceFlag,absenceValue,num,status,ft,lt,fu,lu) values('20120718170320000764688112969994','','takeLeave','004','1','1','1','1','1','1','1','4','1','2012-07-18 17:03:20','2012-07-27 13:54:14','20120507134700000110225236178825','20120507134700000110225236178825');

insert into ca_performancekind(id,name,englishName,kind,minScore,maxScore,warningFlag,dayValue,weekValue,monthValue,schooltermValue,num,status,ft,lt,fu,lu) values('20120720094714406862059813730179','','plusScore','1','2','6','0',null,null,null,null,'1','1','2012-07-20 09:47:14','2012-07-31 16:26:38','20120507134700000110225236178825','20120529173459906914742441019681');
insert into ca_performancekind(id,name,englishName,kind,minScore,maxScore,warningFlag,dayValue,weekValue,monthValue,schooltermValue,num,status,ft,lt,fu,lu) values('20120720094818562644680342395593','','cutscore','0','1','5','1','2','5','20','100','2','1','2012-07-20 09:48:18','2012-07-20 16:04:25','20120507134700000110225236178825','20120507134700000110225236178825');
/*tag1.0 end*/
/*tag1.0 start*/
/*==============================================================*/
/* Table: ct_answerresult                                       */
/*==============================================================*/
create table ct_answerresult (
   id                   char(32)             not null,
   id_teacher           char(32)             null,
   id_trainingactivity  char(32)             null,
   id_trainingcourse    char(32)             null,
   id_trainingsubject   char(32)             null,
   score                int                  null,
   commitFlag           char(1)              null,
   ft                   char(19)             null,
   lt                   char(19)             null,
   fu                   char(32)             null,
   lu                   char(32)             null
)
go

alter table ct_answerresult
   add constraint PK_CT_ANSWERRESULT primary key nonclustered (id)
go

/*==============================================================*/
/* Table: ct_answerresultoption                                 */
/*==============================================================*/
create table ct_answerresultoption (
   id_answerresult      char(32)             null,
   id_ctoption          char(32)             null
)
go

/*==============================================================*/
/* Table: ct_ctoption                                           */
/*==============================================================*/
create table ct_ctoption (
   id                   char(32)             not null,
   id_trainingsubject   char(32)             null,
   content              varchar(100)         null,
   num                  int                  null,
   rightFlag            char(1)              null,
   ft                   char(19)             null,
   lt                   char(19)             null,
   fu                   char(32)             null,
   lu                   char(32)             null
)
go

alter table ct_ctoption
   add constraint PK_CT_CTOPTION primary key nonclustered (id)
go

/*==============================================================*/
/* Table: ct_studyscore                                         */
/*==============================================================*/
create table ct_studyscore (
   id                   char(32)             not null,
   id_teacher           char(32)             null,
   id_trainingactivity  char(32)             null,
   id_trainingcourse    char(32)             null,
   score                int                  null,
   ft                   char(19)             null,
   lt                   char(19)             null,
   fu                   char(32)             null,
   lu                   char(32)             null
)
go

alter table ct_studyscore
   add constraint PK_CT_STUDYSCORE primary key nonclustered (id)
go

/*==============================================================*/
/* Table: ct_trainingactivity                                   */
/*==============================================================*/
create table ct_trainingactivity (
   id                   char(32)             not null,
   name                 varchar(50)          null,
   startTime            char(16)             null,
   endTime              char(16)             null,
   releaseFlag          char(1)              null,
   ft                   char(19)             null,
   lt                   char(19)             null,
   fu                   char(32)             null,
   lu                   char(32)             null
)
go

alter table ct_trainingactivity
   add constraint PK_CT_TRAININGACTIVITY primary key nonclustered (id)
go

/*==============================================================*/
/* Table: ct_trainingactivitycourse                             */
/*==============================================================*/
create table ct_trainingactivitycourse (
   id_trainingactivity  char(32)             null,
   id_trainingcourse    char(32)             null
)
go

/*==============================================================*/
/* Table: ct_trainingactivityteacher                            */
/*==============================================================*/
create table ct_trainingactivityteacher (
   id_trainingactivity  char(32)             null,
   id_teacher           char(32)             null
)
go

/*==============================================================*/
/* Table: ct_trainingcourse                                     */
/*==============================================================*/
create table ct_trainingcourse (
   id                   char(32)             not null,
   name                 varchar(50)          null,
   learningTime         int                  null,
   score                int                  null,
   lecture              varchar(1000)        null,
   attachmentId         char(32)             null,
   previewId            char(32)             null,
   id_teacher           char(32)             null,
   uploadDate           char(10)             null,
   releaseStatue        char(1)              null,
   releaseDate          char(10)             null,
   type                 char(1)              null,
   ft                   char(19)             null,
   lt                   char(19)             null,
   fu                   char(32)             null,
   lu                   char(32)             null
)
go

alter table ct_trainingcourse
   add constraint PK_CT_TRAININGCOURSE primary key nonclustered (id)
go

/*==============================================================*/
/* Table: ct_trainingsubject                                    */
/*==============================================================*/
create table ct_trainingsubject (
   id                   char(32)             not null,
   id_trainingcourse    char(32)             null,
   question             varchar(100)         null,
   score                int                  null,
   type                 char(1)              null,
   num                  int                  null,
   ft                   char(19)             null,
   lt                   char(19)             null,
   fu                   char(32)             null,
   lu                   char(32)             null
)
go

alter table ct_trainingsubject
   add constraint PK_CT_TRAININGSUBJECT primary key nonclustered (id)
go

alter table ct_answerresult
   add constraint Reference_323 foreign key (id_trainingactivity)
      references ct_trainingactivity (id)
go

alter table ct_answerresult
   add constraint Reference_324 foreign key (id_trainingcourse)
      references ct_trainingcourse (id)
go

alter table ct_answerresult
   add constraint Reference_325 foreign key (id_trainingsubject)
      references ct_trainingsubject (id)
go

alter table ct_answerresult
   add constraint FK_CT_ANSWE_REFERENCE_BD_TEACH foreign key (id_teacher)
      references bd_teacher (id)
go

alter table ct_answerresultoption
   add constraint FK_CT_ANSWE_REFERENCE_CT_CTOPT foreign key (id_ctoption)
      references ct_ctoption (id)
go

alter table ct_answerresultoption
   add constraint FK_CT_ANSWE_REFERENCE_CT_ANSWE foreign key (id_answerresult)
      references ct_answerresult (id)
go

alter table ct_ctoption
   add constraint FK_CT_CTOPT_REFERENCE_CT_TRAIN foreign key (id_trainingsubject)
      references ct_trainingsubject (id)
go

alter table ct_studyscore
   add constraint Reference_630 foreign key (id_trainingactivity)
      references ct_trainingactivity (id)
go

alter table ct_studyscore
   add constraint FK_CT_STUDY_REFERENCE_CT_TRAIN foreign key (id_trainingcourse)
      references ct_trainingcourse (id)
go

alter table ct_studyscore
   add constraint FK_CT_STUDY_REFERENCE_BD_TEACH foreign key (id_teacher)
      references bd_teacher (id)
go

alter table ct_trainingactivitycourse
   add constraint Reference_319 foreign key (id_trainingactivity)
      references ct_trainingactivity (id)
go

alter table ct_trainingactivitycourse
   add constraint Reference_320 foreign key (id_trainingcourse)
      references ct_trainingcourse (id)
go

alter table ct_trainingactivityteacher
   add constraint Reference_321 foreign key (id_trainingactivity)
      references ct_trainingactivity (id)
go

alter table ct_trainingactivityteacher
   add constraint Reference_620 foreign key (id_teacher)
      references bd_teacher (id)
go

alter table ct_trainingcourse
   add constraint Reference_618 foreign key (id_teacher)
      references bd_teacher (id)
go

alter table ct_trainingsubject
   add constraint Reference_317 foreign key (id_trainingcourse)
      references ct_trainingcourse (id)
go

insert into bd_module(id,name,nameI18n,code,num,deployFlag,ft,lt,fu,lu) values('20130413093216235490813925129329','','bd_module_ct','ct',null,'1','2013-04-13 09:32:16',null,'20120507134700000110225236178825',null);
insert into bd_operation(id,id_module,id_parent,name,nameI18n,code,operationDict,customTypeDict,url,openMode,datascopeFlag,num,icon,winHeight,winWidth,description,ft,lt,fu,lu) values('20130413093602975928084741212662','20130413093216235490813925129329',null,'','bd_operation_ct','ct','0',null,'/ct/trainingCourse!navigation.action','0','0',1,'app-training','100%','100%','','2013-04-13 09:36:02','2013-04-13 10:34:09','20120507134700000110225236178825','20120507134700000110225236178825');
insert into bd_operation(id,id_module,id_parent,name,nameI18n,code,operationDict,customTypeDict,url,openMode,datascopeFlag,num,icon,winHeight,winWidth,description,ft,lt,fu,lu) values('20130416165949369498315792325235','20130413093216235490813925129329','20130413093602975928084741212662','','ct_trainingCourse','ct_trainingCourse','2',null,'/ct/trainingCourse!tolist.action','0','0',1,'','','','','2013-04-16 16:59:49',null,'20120507134700000110225236178825',null);
insert into bd_operation(id,id_module,id_parent,name,nameI18n,code,operationDict,customTypeDict,url,openMode,datascopeFlag,num,icon,winHeight,winWidth,description,ft,lt,fu,lu) values('20130416170343399896147911883860','20130413093216235490813925129329','20130413093602975928084741212662','','ct_trainingActivity','ct_trainingActivity','2',null,'/ct/trainingActivity!tolist.action','0','0',2,'','','','','2013-04-16 17:03:43',null,'20120507134700000110225236178825',null);
insert into bd_operation(id,id_module,id_parent,name,nameI18n,code,operationDict,customTypeDict,url,openMode,datascopeFlag,num,icon,winHeight,winWidth,description,ft,lt,fu,lu) values('20130416170435769109560893989149','20130413093216235490813925129329','20130413093602975928084741212662','','ct_studyScore','ct_studyScore','2',null,'/ct/studyScore!toIndex.action','0','0',3,'','','','','2013-04-16 17:04:35',null,'20120507134700000110225236178825',null);
insert into bd_operation(id,id_module,id_parent,name,nameI18n,code,operationDict,customTypeDict,url,openMode,datascopeFlag,num,icon,winHeight,winWidth,description,ft,lt,fu,lu) values('20130416170528949032988595165635','20130413093216235490813925129329','20130413093602975928084741212662','','ct_scoreCount','ct_scoreCount','2',null,'/ct/studyScore!toCount.action','0','0',4,'','','','','2013-04-16 17:05:28',null,'20120507134700000110225236178825',null);
insert into fw_attachmentconfig(id,code,saveDir,dirLevel,fileSize,fileCount,extension,description,ft,lt,fu,lu) values('20130413143159381145379857458886','ct_video','f:/temp','1',null,'1','flv','','2013-04-13 14:31:59',null,'20120507134700000110225236178825',null);
insert into fw_attachmentconfig(id,code,saveDir,dirLevel,fileSize,fileCount,extension,description,ft,lt,fu,lu) values('20130413143315081244859624431366','ct_doc','f:/temp','1',null,'1','doc;docx','','2013-04-13 14:33:15',null,'20120507134700000110225236178825',null);
insert into fw_attachmentconfig(id,code,saveDir,dirLevel,fileSize,fileCount,extension,description,ft,lt,fu,lu) values('20130413143416257473632078172981','ct_voice','f:/temp','1',null,'1','mp3;wma','','2013-04-13 14:34:16',null,'20120507134700000110225236178825',null);

/*tag1.0 end*/
/*tag1.0 start*/
/*==============================================================*/
/* Table: od_documentauditor                                    */
/*==============================================================*/
create table od_documentauditor (
   id                   char(32)             not null,
   id_auditor           char(32)             null,
   id_officialdocument  char(32)             null,
   examineStatus        char(1)              null,
   examineSuggestion    varchar(500)         null,
   examineTime          char(19)             null,
   examineOrder         varchar(1)           null,
   lt                   char(19)             null,
   lu                   char(32)             null,
   ft                   char(19)             null,
   fu                   char(32)             null
)
go

alter table od_documentauditor
   add constraint PK_OD_DOCUMENTAUDITOR primary key nonclustered (id)
go

/*==============================================================*/
/* Table: od_documentreceive                                    */
/*==============================================================*/
create table od_documentreceive (
   id                   char(32)             not null,
   id_officialdocument  char(32)             null,
   id_receiver          char(32)             null,
   id_retransmitor      char(32)             null,
   status               char(1)              null,
   fu                   char(32)             null,
   ft                   char(19)             null,
   lu                   char(32)             null,
   lt                   char(19)             null
)
go

alter table od_documentreceive
   add constraint PK_OD_DOCUMENTRECEIVE primary key nonclustered (id)
go

/*==============================================================*/
/* Table: od_officialdocument                                   */
/*==============================================================*/
create table od_officialdocument (
   id                   char(32)             not null,
   id_registrant        char(32)             null,
   documentAttachment   char(32)             null,
   name                 varchar(100)         null,
   documentNum          varchar(50)          null,
   sendUnit             varchar(50)          null,
   receiveUnit          varchar(50)          null,
   unitMail             varchar(100)         null,
   sendTime             char(10)             null,
   registrationTime     char(19)             null,
   status               char(1)              null,
   documentKind         varchar(20)          null,
   type                 char(1)              null,
   remindTime           char(19)             null,
   remindContent        varchar(200)         null,
   note                 varchar(500)         null,
   directorExamine      char(1)              null,
   ft                   char(19)             null,
   fu                   char(32)             null,
   lt                   char(19)             null,
   lu                   char(32)             null
)
go

alter table od_officialdocument
   add constraint PK_OD_OFFICIALDOCUMENT primary key nonclustered (id)
go

alter table od_documentauditor
   add constraint FK_OD_DOCUM_REFERENCE_BD_USER foreign key (id_auditor)
      references bd_user (id)
go

alter table od_documentauditor
   add constraint FK_OD_DOCUM_REFERENCE_OD_OFFI2 foreign key (id_officialdocument)
      references od_officialdocument (id)
go

alter table od_documentreceive
   add constraint FK_OD_DOCUM_REFERENCE_BD_USE1 foreign key (id_retransmitor)
      references bd_user (id)
go

alter table od_documentreceive
   add constraint FK_OD_DOCUM_REFERENCE_BD_USE2 foreign key (id_receiver)
      references bd_user (id)
go

alter table od_documentreceive
   add constraint FK_OD_DOCUM_REFERENCE_OD_OFFIC foreign key (id_officialdocument)
      references od_officialdocument (id)
go

alter table od_officialdocument
   add constraint FK_OD_OFFIC_REFERENCE_BD_USER foreign key (id_registrant)
      references bd_user (id)
go


INSERT [dbo].[bd_module] ([id], [name], [nameI18n], [code], [num], [deployFlag], [ft], [lt], [fu], [lu]) VALUES (N'20130221154848249306868951799177', N'', N'bd_module_od', N'od', NULL, N'1', N'2013-02-21 15:48:48', NULL, N'20120507134700000110225236178825', NULL)    
INSERT [dbo].[bd_operation] ([id], [id_module], [id_parent], [name], [nameI18n], [code], [operationDict], [url], [openMode], [datascopeFlag], [num], [icon], [winHeight], [winWidth], [description], [ft], [lt], [fu], [lu]) VALUES (N'20130221155012011896329847912386', N'20130221154848249306868951799177', NULL, N'', N'bd_operation_od', N'od', N'0', N'/od/index!documentIndex.action', N'0', N'0', 1, N'app-document', N'100%', N'100%', N'', N'2013-02-21 15:50:12', N'2013-03-08 14:03:23', N'20120507134700000110225236178825', N'20120507134700000110225236178825')
INSERT [dbo].[bd_operation] ([id], [id_module], [id_parent], [name], [nameI18n], [code], [operationDict], [url], [openMode], [datascopeFlag], [num], [icon], [winHeight], [winWidth], [description], [ft], [lt], [fu], [lu]) VALUES (N'20130228160444678551062125377097', N'20130221154848249306868951799177', N'20130221155012011896329847912386', N'', N'od_mydocument', N'od_mydocument', N'2', N'', N'0', N'0', 1, N'', N'', N'', N'', N'2013-02-28 16:04:44', N'2013-02-28 16:09:26', N'20120507134700000110225236178825', N'20120507134700000110225236178825')
INSERT [dbo].[bd_operation] ([id], [id_module], [id_parent], [name], [nameI18n], [code], [operationDict], [url], [openMode], [datascopeFlag], [num], [icon], [winHeight], [winWidth], [description], [ft], [lt], [fu], [lu]) VALUES (N'20130228160756880919695015237764', N'20130221154848249306868951799177', N'20130221155012011896329847912386', N'', N'od_searchingdocument', N'od_searchingdocument', N'2', N'', N'0', N'0', 4, N'', N'', N'', N'', N'2013-02-28 16:07:56', N'2013-02-28 16:10:03', N'20120507134700000110225236178825', N'20120507134700000110225236178825')
INSERT [dbo].[bd_operation] ([id], [id_module], [id_parent], [name], [nameI18n], [code], [operationDict], [url], [openMode], [datascopeFlag], [num], [icon], [winHeight], [winWidth], [description], [ft], [lt], [fu], [lu]) VALUES (N'20130228161059012428699483820938', N'20130221154848249306868951799177', N'20130228160444678551062125377097', N'', N'od_mydocument_receivedtable', N'od_mydocument_receivedtable', N'2', N'', N'0', N'0', 1, N'', N'', N'', N'', N'2013-02-28 16:10:59', NULL, N'20120507134700000110225236178825', NULL)
INSERT [dbo].[bd_operation] ([id], [id_module], [id_parent], [name], [nameI18n], [code], [operationDict], [url], [openMode], [datascopeFlag], [num], [icon], [winHeight], [winWidth], [description], [ft], [lt], [fu], [lu]) VALUES (N'20130228161229703064031109180903', N'20130221154848249306868951799177', N'20130228160444678551062125377097', N'', N'od_mydocument_send', N'od_mydocument_send', N'2', N'', N'0', N'0', 2, N'', N'', N'', N'', N'2013-02-28 16:12:29', NULL, N'20120507134700000110225236178825', NULL)
INSERT [dbo].[bd_operation] ([id], [id_module], [id_parent], [name], [nameI18n], [code], [operationDict], [url], [openMode], [datascopeFlag], [num], [icon], [winHeight], [winWidth], [description], [ft], [lt], [fu], [lu]) VALUES (N'20130228160619438890250372134977', N'20130221154848249306868951799177', N'20130221155012011896329847912386', N'', N'od_pendingdocument', N'od_pendingdocument', N'2', N'', N'0', N'0', 2, N'', N'', N'', N'', N'2013-02-28 16:06:19', N'2013-02-28 16:09:38', N'20120507134700000110225236178825', N'20120507134700000110225236178825')
INSERT [dbo].[bd_operation] ([id], [id_module], [id_parent], [name], [nameI18n], [code], [operationDict], [url], [openMode], [datascopeFlag], [num], [icon], [winHeight], [winWidth], [description], [ft], [lt], [fu], [lu]) VALUES (N'20130228160709428920484540334312', N'20130221154848249306868951799177', N'20130221155012011896329847912386', N'', N'od_receivingdocument', N'od_receivingdocument', N'2', N'', N'0', N'0', 3, N'', N'', N'', N'', N'2013-02-28 16:07:09', N'2013-02-28 16:09:51', N'20120507134700000110225236178825', N'20120507134700000110225236178825')
INSERT [dbo].[bd_operation] ([id], [id_module], [id_parent], [name], [nameI18n], [code], [operationDict], [url], [openMode], [datascopeFlag], [num], [icon], [winHeight], [winWidth], [description], [ft], [lt], [fu], [lu]) VALUES (N'20130301141602290328369707114736', N'20130221154848249306868951799177', N'20130228160619438890250372134977', N'', N'od_pendingdocument_insend', N'od_pendingdocument_insend', N'2', N'', N'0', N'0', 6, N'', N'', N'', N'', N'2013-03-01 14:16:02', NULL, N'20120507134700000110225236178825', NULL)
INSERT [dbo].[bd_operation] ([id], [id_module], [id_parent], [name], [nameI18n], [code], [operationDict], [url], [openMode], [datascopeFlag], [num], [icon], [winHeight], [winWidth], [description], [ft], [lt], [fu], [lu]) VALUES (N'20130228161750774016880165479032', N'20130221154848249306868951799177', N'20130301141602290328369707114736', N'', N'od_pendingdocument_save', N'od_pendingdocument_save', N'2', N'', N'0', N'0', 2, N'', N'', N'', N'', N'2013-02-28 16:17:50', N'2013-03-01 14:17:26', N'20120507134700000110225236178825', N'20120507134700000110225236178825')
INSERT [dbo].[bd_operation] ([id], [id_module], [id_parent], [name], [nameI18n], [code], [operationDict], [url], [openMode], [datascopeFlag], [num], [icon], [winHeight], [winWidth], [description], [ft], [lt], [fu], [lu]) VALUES (N'20130301141440658178446264497560', N'20130221154848249306868951799177', N'20130228160619438890250372134977', N'', N'od_pendingdocument_outsend', N'od_pendingdocument_outsend', N'2', N'', N'0', N'0', 5, N'', N'', N'', N'', N'2013-03-01 14:14:40', NULL, N'20120507134700000110225236178825', NULL)
INSERT [dbo].[bd_operation] ([id], [id_module], [id_parent], [name], [nameI18n], [code], [operationDict], [url], [openMode], [datascopeFlag], [num], [icon], [winHeight], [winWidth], [description], [ft], [lt], [fu], [lu]) VALUES (N'20130228162039965725373082078131', N'20130221154848249306868951799177', N'20130301141440658178446264497560', N'', N'od_pendingdocument_batchsettle', N'od_pendingdocument_batchsettle', N'2', N'', N'0', N'0', 3, N'', N'', N'', N'', N'2013-02-28 16:20:39', N'2013-03-01 14:16:39', N'20120507134700000110225236178825', N'20120507134700000110225236178825')
INSERT [dbo].[bd_operation] ([id], [id_module], [id_parent], [name], [nameI18n], [code], [operationDict], [url], [openMode], [datascopeFlag], [num], [icon], [winHeight], [winWidth], [description], [ft], [lt], [fu], [lu]) VALUES (N'20130301141324504040035437898023', N'20130221154848249306868951799177', N'20130228160619438890250372134977', N'', N'od_pendingdocument_outcome', N'od_pendingdocument_outcome', N'2', N'', N'0', N'0', 4, N'', N'', N'', N'', N'2013-03-01 14:13:24', NULL, N'20120507134700000110225236178825', NULL)
INSERT [dbo].[bd_operation] ([id], [id_module], [id_parent], [name], [nameI18n], [code], [operationDict], [url], [openMode], [datascopeFlag], [num], [icon], [winHeight], [winWidth], [description], [ft], [lt], [fu], [lu]) VALUES (N'20130301141949712558319923040574', N'20130221154848249306868951799177', N'20130301141440658178446264497560', N'_', N'od_pendingdocument_outsend_examine', N'od_pendingdocument_outsend_examine', N'2', N'', N'0', N'0', 4, N'', N'', N'', N'', N'2013-03-01 14:19:49', NULL, N'20120507134700000110225236178825', NULL)
INSERT [dbo].[bd_operation] ([id], [id_module], [id_parent], [name], [nameI18n], [code], [operationDict], [url], [openMode], [datascopeFlag], [num], [icon], [winHeight], [winWidth], [description], [ft], [lt], [fu], [lu]) VALUES (N'20130228161355219986545144252098', N'20130221154848249306868951799177', N'20130301141324504040035437898023', N'_', N'od_pendingdocument_outcome_examine', N'od_pendingdocument_outcome_examine', N'2', N'', N'0', N'0', 1, N'', N'', N'', N'', N'2013-02-28 16:13:55', N'2013-03-01 15:42:20', N'20120507134700000110225236178825', N'20120507134700000110225236178825')
INSERT [dbo].[bd_operation] ([id], [id_module], [id_parent], [name], [nameI18n], [code], [operationDict], [url], [openMode], [datascopeFlag], [num], [icon], [winHeight], [winWidth], [description], [ft], [lt], [fu], [lu]) VALUES (N'20130301142107311680420405303386', N'20130221154848249306868951799177', N'20130301141602290328369707114736', N'_', N'od_pendingdocument_insend_examine', N'od_pendingdocument_insend_examine', N'2', N'', N'0', N'0', 3, N'', N'', N'', N'', N'2013-03-01 14:21:07', NULL, N'20120507134700000110225236178825', NULL)
INSERT [dbo].[bd_operation] ([id], [id_module], [id_parent], [name], [nameI18n], [code], [operationDict], [url], [openMode], [datascopeFlag], [num], [icon], [winHeight], [winWidth], [description], [ft], [lt], [fu], [lu]) VALUES (N'20130301142330550849572501732339', N'20130221154848249306868951799177', N'20130301141440658178446264497560', N'_', N'od_pendingdocument_outsend_sign', N'od_pendingdocument_outsend_sign', N'2', N'', N'0', N'0', 5, N'', N'', N'', N'', N'2013-03-01 14:23:30', NULL, N'20120507134700000110225236178825', NULL)
INSERT [dbo].[bd_operation] ([id], [id_module], [id_parent], [name], [nameI18n], [code], [operationDict], [url], [openMode], [datascopeFlag], [num], [icon], [winHeight], [winWidth], [description], [ft], [lt], [fu], [lu]) VALUES (N'20130301142505542151152674758047', N'20130221154848249306868951799177', N'20130301141602290328369707114736', N'_', N'od_pendingdocument_insend_sign', N'od_pendingdocument_insend_sign', N'2', N'', N'0', N'0', 4, N'', N'', N'', N'', N'2013-03-01 14:25:05', NULL, N'20120507134700000110225236178825', NULL)
INSERT [dbo].[bd_dictionary] ([id], [name], [code], [description], [kind], [enableFlag], [editableFlag], [systemFlag], [ft], [lt], [fu], [lu]) VALUES (N'20130225091823644478175327910165', N'', N'documentKind', NULL, N'0', NULL, N'1', NULL, N'2013-02-25 09:18:23', NULL, N'20120507134700000110225236178825', NULL)

INSERT [dbo].[fw_attachmentconfig] ([id], [code], [saveDir], [dirLevel], [fileSize], [fileCount], [extension], [description], [ft], [lt], [fu], [lu]) VALUES (N'20130319183443558733346236559842', N'document', N'd:/temp/', 1, NULL, NULL, N'docx;doc;xls;xlsx', N'WordExcel', N'2013-03-19 18:34:43', N'2013-03-25 14:23:01', N'20120507134700000110225236178825', N'20120507134700000110225236178825');
/*tag1.0 end*/
/*tag1.0 start*/
/*==============================================================*/
/* Table: ec_ecactivity                                         */
/*==============================================================*/
create table ec_ecactivity (
   id                   char(32)             not null,
   id_schoolterm        char(32)             null,
   id_teacher           char(32)             null,
   name                 varchar(50)          null,
   startTime            char(19)             null,
   endTime              char(19)             null,
   status               char(1)              null,
   note                 text                 null,
   ft                   char(19)             null,
   lt                   char(19)             null,
   fu                   char(32)             null,
   lu                   char(32)             null
)
go

alter table ec_ecactivity
   add constraint PK_EC_ECACTIVITY primary key nonclustered (id)
go

/*==============================================================*/
/* Table: ec_ecactivitycourse                                   */
/*==============================================================*/
create table ec_ecactivitycourse (
   id                   char(32)             not null,
   id_ecactivity        char(32)             null,
   id_course            char(32)             null,
   status               char(1)              null,
   minCount             int                  null,
   maxCount             int                  null,
   ft                   char(19)             null,
   lt                   char(19)             null,
   fu                   char(32)             null,
   lu                   char(32)             null
)
go

alter table ec_ecactivitycourse
   add constraint PK_EC_ECACTIVITYCOURSE primary key nonclustered (id)
go

/*==============================================================*/
/* Table: ec_ecactivityeclass                                   */
/*==============================================================*/
create table ec_ecactivityeclass (
   id                   char(32)             not null,
   id_ecactivity        char(32)             null,
   id_eclass            char(32)             null,
   ft                   char(19)             null,
   lt                   char(19)             null,
   fu                   char(32)             null,
   lu                   char(32)             null
)
go

alter table ec_ecactivityeclass
   add constraint PK_EC_ECACTIVITYECLASS primary key nonclustered (id)
go

/*==============================================================*/
/* Table: ec_eccourse                                           */
/*==============================================================*/
create table ec_eccourse (
   id                   char(32)             not null,
   id_applyUser         char(32)             null,
   id_checkUser         char(32)             null,
   id_course            char(32)             null,
   id_subject           char(32)             null,
   name                 varchar(50)          null,
   minCount             int                  null,
   maxCount             int                  null,
   courseKind           varchar(100)         null,
   address              varchar(25)          null,
   video                varchar(200)         null,
   courseIntroduce      text                 null,
   coursePicture        varchar(200)         null,
   tbaseinfoIntroduce   text                 null,
   picture              varchar(200)         null,
   academicHour         int                  null,
   applyTime            char(19)             null,
   disable              char(1)              null,
   status               char(1)              null,
   checkAdvice          varchar(500)         null,
   modifyAdvice         varchar(500)         null,
   checkTime            char(19)             null,
   teacherCase          varchar(100)         null,
   ft                   char(19)             null,
   lt                   char(19)             null,
   fu                   char(32)             null,
   lu                   char(32)             null
)
go

alter table ec_eccourse
   add constraint PK_EC_ECCOURSE primary key nonclustered (id)
go

/*==============================================================*/
/* Table: ec_ececlass                                           */
/*==============================================================*/
create table ec_ececlass (
   id                   char(32)             not null,
   id_eclass            char(32)             null,
   id_ecactivitycourse  char(32)             null,
   ft                   char(19)             null,
   lt                   char(19)             null,
   fu                   char(32)             null,
   lu                   char(32)             null
)
go

alter table ec_ececlass
   add constraint PK_EC_ECECLASS primary key nonclustered (id)
go

/*==============================================================*/
/* Table: ec_ecrule                                             */
/*==============================================================*/
create table ec_ecrule (
   id                   char(32)             not null,
   id_ecactivity        char(32)             null,
   name                 varchar(40)          null,
   ecQuantity           int                  null,
   minQuantity          int                  null,
   num                  int                  null,
   ft                   char(19)             null,
   lt                   char(19)             null,
   fu                   char(32)             null,
   lu                   char(32)             null
)
go

alter table ec_ecrule
   add constraint PK_EC_ECRULE primary key nonclustered (id)
go

/*==============================================================*/
/* Table: ec_ecruleclass                                        */
/*==============================================================*/
create table ec_ecruleclass (
   id                   char(32)             not null,
   id_ecrule            char(32)             null,
   id_eclass            char(32)             null,
   ft                   char(19)             null,
   lt                   char(19)             null,
   fu                   char(32)             null,
   lu                   char(32)             null
)
go

alter table ec_ecruleclass
   add constraint PK_EC_ECRULECLASS primary key nonclustered (id)
go

/*==============================================================*/
/* Table: ec_ecrulecourse                                       */
/*==============================================================*/
create table ec_ecrulecourse (
   id                   char(32)             not null,
   id_ecerule           char(32)             null,
   id_course            char(32)             null,
   ft                   char(19)             null,
   lt                   char(19)             null,
   fu                   char(32)             null,
   lu                   char(32)             null
)
go

alter table ec_ecrulecourse
   add constraint PK_EC_ECRULECOURSE primary key nonclustered (id)
go

/*==============================================================*/
/* Table: ec_ecstudentcourse                                    */
/*==============================================================*/
create table ec_ecstudentcourse (
   id                   char(32)             not null,
   id_ecactivity        char(32)             null,
   id_schoolterm        char(32)             null,
   id_student           char(32)             null,
   id_course            char(32)             null,
   id_ecclass           char(32)             null,
   evaluate             varchar(20)          null,
   comment              varchar(500)         null,
   unit                 int                  null,
   ft                   char(19)             null,
   lt                   char(19)             null,
   fu                   char(32)             null,
   lu                   char(32)             null
)
go

alter table ec_ecstudentcourse
   add constraint PK_EC_ECSTUDENTCOURSE primary key nonclustered (id)
go

/*==============================================================*/
/* Table: ec_ecstudentcoursechange                              */
/*==============================================================*/
create table ec_ecstudentcoursechange (
   id                   char(32)             null,
   id_student           char(32)             null,
   id_ecactivity        char(32)             null,
   id_fromcourse        char(32)             null,
   id_tocourse          char(32)             null,
   changeTime           char(19)             null,
   ft                   char(19)             null,
   lt                   char(19)             null,
   fu                   char(32)             null,
   lu                   char(32)             null
)
go

alter table ec_ecactivitycourse
   add constraint FK_EC_ECACT_REFERENCE_BD_COURS foreign key (id_course)
      references bd_course (id)
go

alter table ec_ecactivitycourse
   add constraint FK_EC_ECACT_RELATIONS_EC_ECAC2 foreign key (id_ecactivity)
      references ec_ecactivity (id)
go

alter table ec_ecactivityeclass
   add constraint FK_EC_ECACT_REFERENCE_BD_ECLAS foreign key (id_eclass)
      references bd_eclass (id)
go

alter table ec_ecactivityeclass
   add constraint FK_EC_ECACT_RELATIONS_EC_ECACT foreign key (id_ecactivity)
      references ec_ecactivity (id)
go

alter table ec_eccourse
   add constraint FK_EC_ECCOU_REFERENCE_BD_USER foreign key (id_checkUser)
      references bd_user (id)
go

alter table ec_eccourse
   add constraint FK_EC_ECCOU_REFERENCE_BD_USE2 foreign key (id_applyUser)
      references bd_user (id)
go

alter table ec_eccourse
   add constraint FK_EC_ECCOU_REFERENCE_BD_SUBJE foreign key (id_subject)
      references bd_subject (id)
go

alter table ec_eccourse
   add constraint FK_EC_ECCOU_REFERENCE_BD_COURS foreign key (id_course)
      references bd_course (id)
go

alter table ec_ececlass
   add constraint FK_EC_ECECL_REFERENCE_EC_ECACT foreign key (id_ecactivitycourse)
      references ec_ecactivitycourse (id)
go

alter table ec_ececlass
   add constraint FK_EC_ECECL_RELATIONS_BD_ECLAS foreign key (id_eclass)
      references bd_eclass (id)
go

alter table ec_ecrule
   add constraint FK_EC_ECRUL_RELATIONS_EC_ECACT foreign key (id_ecactivity)
      references ec_ecactivity (id)
go

alter table ec_ecruleclass
   add constraint FK_EC_ECRUL_REFERENCE_BD_ECLAS foreign key (id_eclass)
      references bd_eclass (id)
go

alter table ec_ecruleclass
   add constraint FK_EC_ECRUL_RELATIONS_EC_ECRUL foreign key (id_ecrule)
      references ec_ecrule (id)
go

alter table ec_ecrulecourse
   add constraint FK_EC_ECRUL_RELATIONS_BD_COURS foreign key (id_course)
      references bd_course (id)
go

alter table ec_ecrulecourse
   add constraint FK_EC_ECRUL_RELATIONS_EC_ECRU2 foreign key (id_ecerule)
      references ec_ecrule (id)
go

alter table ec_ecstudentcourse
   add constraint FK_EC_ECSTU_REFERENCE_BD_STUDE foreign key (id_student)
      references bd_student (id)
go

alter table ec_ecstudentcourse
   add constraint FK_EC_ECSTU_REFERENCE_BD_SCHOO foreign key (id_schoolterm)
      references bd_schoolterm (id)
go

alter table ec_ecstudentcourse
   add constraint FK_EC_ECSTU_REFERENCE_BD_COURS foreign key (id_course)
      references bd_course (id)
go

alter table ec_ecstudentcourse
   add constraint FK_EC_ECSTU_REFERENCE_EC_ECECL foreign key (id_ecclass)
      references ec_ececlass (id)
go

alter table ec_ecstudentcourse
   add constraint FK_EC_ECSTU_RELATIONS_EC_ECACT foreign key (id_ecactivity)
      references ec_ecactivity (id)
go

insert into bd_module(id,name,nameI18n,code,num,deployFlag,ft,lt,fu,lu) values('20120519112704750048565957749371','','bd_module_ec','ec',null,'1','2012-05-19 11:27:04',null,'20120508122027812617823674001112',null);
insert into bd_operation(id,id_module,id_parent,name,nameI18n,code,operationDict,url,openMode,datascopeFlag,num,icon,winHeight,winWidth,description,ft,lt,fu,lu) values('20120519112916171161301269734320','20120519112704750048565957749371',null,'','bd_operation_ec','xk','0','/ec/ecIndex!index.action','0','0',null,'app-CurriculaVariable','100%','100%','','2012-05-19 11:29:16','2012-05-31 18:32:58','20120508122027812617823674001112','20120507134700000110225236178825');
insert into bd_operation(id,id_module,id_parent,name,nameI18n,code,operationDict,url,openMode,datascopeFlag,num,icon,winHeight,winWidth,description,ft,lt,fu,lu) values('20120605172307609465052486952767','20120519112704750048565957749371',null,'','ec_student','ec_student','2','',null,'1',null,'','','','','2012-06-05 17:23:07',null,'20120507134700000110225236178825',null);
insert into bd_operation(id,id_module,id_parent,name,nameI18n,code,operationDict,url,openMode,datascopeFlag,num,icon,winHeight,winWidth,description,ft,lt,fu,lu) values('20120605172239000882074248073370','20120519112704750048565957749371',null,'','ec_manage','ec_manage','2','',null,'1',null,'','','','','2012-06-05 17:22:39',null,'20120507134700000110225236178825',null);
insert into bd_operation(id,id_module,id_parent,name,nameI18n,code,operationDict,url,openMode,datascopeFlag,num,icon,winHeight,winWidth,description,ft,lt,fu,lu) values('20120806181028991927236182050149','20120519112704750048565957749371','20120519112916171161301269734320','','ec_resultmanage','ec_resultmanage','2','/ec/ecStudentCourse!resultIndex.action','0','0',2,'','','','','2012-08-06 18:10:28','2012-08-06 18:30:02','20120507134700000110225236178825','20120507134700000110225236178825');
insert into bd_operation(id,id_module,id_parent,name,nameI18n,code,operationDict,url,openMode,datascopeFlag,num,icon,winHeight,winWidth,description,ft,lt,fu,lu) values('20120806181403724619588205985895','20120519112704750048565957749371','20120806181028991927236182050149','','ec_studentmanage','ec_studentmanage','2','/ec/ecStudentCourse!list.action','0','0',2,'','','','','2012-08-06 18:14:03','2012-08-06 18:33:46','20120507134700000110225236178825','20120507134700000110225236178825');
insert into bd_operation(id,id_module,id_parent,name,nameI18n,code,operationDict,url,openMode,datascopeFlag,num,icon,winHeight,winWidth,description,ft,lt,fu,lu) values('20120806183255781496489830082767','20120519112704750048565957749371','20120806181028991927236182050149','','ec_resultlist','ec_resultlist','2','/ec/ecStudentCourse!inputIndex.action','0','0',1,'','','','','2012-08-06 18:32:55','2012-08-06 18:33:02','20120507134700000110225236178825','20120507134700000110225236178825');
insert into bd_operation(id,id_module,id_parent,name,nameI18n,code,operationDict,url,openMode,datascopeFlag,num,icon,winHeight,winWidth,description,ft,lt,fu,lu) values('20120911121142000974787385252871','20120519112704750048565957749371','20120519112916171161301269734320','','ec_eccourse','ec_eccourse','2','','0','1',3,'','','','','2012-09-11 12:11:42',null,'20120507134700000110225236178825',null);
insert into bd_operation(id,id_module,id_parent,name,nameI18n,code,operationDict,url,openMode,datascopeFlag,num,icon,winHeight,winWidth,description,ft,lt,fu,lu) values('20120911121221234012014142576225','20120519112704750048565957749371','20120519112916171161301269734320','','ec_coursemanage','ec_coursemanage','2','','0','1',4,'','','','','2012-09-11 12:12:21',null,'20120507134700000110225236178825',null);

--
INSERT [dbo].[bd_operation] ([id], [id_module], [id_parent], [name], [nameI18n], [code], [operationDict], [url], [openMode], [datascopeFlag], [num], [icon], [winHeight], [winWidth], [description], [ft], [lt], [fu], [lu]) VALUES (N'20120911121142000974787386962871', N'20120519112704750048565957749371', N'20120519112916171161301269734320', N'', N'ec_resultsearch', N'ec_resultsearch', N'2', N'', N'0', N'1', 3, N'', N'', N'', N'', N'2012-09-11 12:11:42', NULL, N'20120507134700000110225236178825', NULL)
go
--
INSERT INTO [dbo].[bd_configuration] ([id],[id_module] ,[kind],[configurationMode],[name],[code],[description],[visibleFlag],[ft],[lt],[fu],[lu]) VALUES('20130223125332586099364229435739','20120519112704750048565957749371' ,'1','1','','ec_xklx','','0','2013-02-23 12:53:32','2013-02-23 12:54:12','20120507134700000110225236178825','20120507134700000110225236178825')
GO
INSERT INTO [dbo].[bd_configurationitem]([id],[id_configuration],[name],[value],[defaultFlag],[ft],[lt],[fu],[lu]) VALUES('20130223125332586670440801791412','20130223125332586099364229435739','','pj','1',NULL,NULL,NULL,NULL)
INSERT INTO [dbo].[bd_configurationitem]([id],[id_configuration],[name],[value],[defaultFlag],[ft],[lt],[fu],[lu]) VALUES('20130223125332586813765979387139','20130223125332586099364229435739','','sl','1',NULL,NULL,NULL,NULL)
--
INSERT [dbo].[fw_attachmentconfig] ([id], [code], [saveDir], [dirLevel], [fileSize], [fileCount], [extension], [description], [ft], [lt], [fu], [lu]) VALUES (N'20120730175623754060541848122714', N'ecCoursePic', N'd:\temp', 3, 1, 1, N'jpg;gif;jpeg;bmp', N'', N'2012-07-30 17:56:23', N'2012-08-30 08:56:40', N'20120507134700000110225236178825', N'20120507134700000110225236178825')
GO
INSERT [dbo].[fw_attachmentconfig] ([id], [code], [saveDir], [dirLevel], [fileSize], [fileCount], [extension], [description], [ft], [lt], [fu], [lu]) VALUES (N'20120730175623754060541848122987', N'ecTeacherPic', N'd:\temp', 3, 1, 1, N'jpg;gif;jpeg;bmp', N'', N'2012-07-30 17:56:23', N'2012-08-30 08:56:40', N'20120507134700000110225236178825', N'20120507134700000110225236178825')
GO
/*tag1.0 end*/
/*tag1.1 start*/
alter table ec_ececlass add hierarchical varchar(50);
alter table ec_eccourse add hierarchical varchar(50);
alter table ec_eccourse add classTime varchar(200);
alter table ec_eccourse add id_grade char(32);
alter table ec_eccourse add id_classroom char(32);

alter table ec_eccourse
   add constraint FK_EC_ECCOU_REFERENCE_BD_GRADE foreign key (id_grade)
      references bd_grade (id)
go

alter table ec_eccourse
   add constraint FK_EC_ECCOU_REFERENCE_BD_CLASS foreign key (id_classroom)
      references bd_classroom (id)
go

create table ec_subjectlevel (
   id                   char(32)             not null,
   id_subject           char(32)             not null,
   hierarchical         varchar(50)          null,
   ft                   char(19)             null,
   lt                   char(19)             null,
   fu                   char(32)             null,
   lu                   char(32)             null
)
go

alter table ec_subjectlevel
   add constraint FK_EC_SUBJE_REFERENCE_BD_SUBJE foreign key (id_subject)
      references bd_subject (id)
go

insert into bd_operation(id,id_module,id_parent,name,nameI18n,code,operationDict,url,openMode,datascopeFlag,num,icon,winHeight,winWidth,description,ft,lt,fu,lu,customtypedict) values('20130511105538983295706796218258','20120519112704750048565957749371',null,'','bd_operation_ec_schoolBaseCourse','schoolbasecourse','0','/ec/scIndex!index.action','0','1',1,'app-SchoolBaseCourse','100%','100%','','2013-05-11 10:55:39','2013-05-13 18:09:36','20120507134700000110225236178825','20120507134700000110225236178825',null);
insert into bd_operation(id,id_module,id_parent,name,nameI18n,code,operationDict,url,openMode,datascopeFlag,num,icon,winHeight,winWidth,description,ft,lt,fu,lu,customtypedict) values('20130511114112158830777166484050','20120519112704750048565957749371','20130511105538983295706796218258','','ec_sc_index_setSubjectLevel','ec_scSubjectLevel','2','/ec/scSubjectLevel!list.action','0','0',1,'','','','','2013-05-11 11:41:12','2013-05-13 18:02:16','20120507134700000110225236178825','20120507134700000110225236178825',null);
insert into bd_operation(id,id_module,id_parent,name,nameI18n,code,operationDict,url,openMode,datascopeFlag,num,icon,winHeight,winWidth,description,ft,lt,fu,lu,customtypedict) values('20130511114146462828113550327991','20120519112704750048565957749371','20130511105538983295706796218258','','ec_sc_index_applicationCourse','ec_scApplicationCourse','2','/ec/scApplicationCourse!myList.action','0','0',2,'','','','','2013-05-11 11:41:46','2013-05-13 18:02:29','20120507134700000110225236178825','20120507134700000110225236178825',null);
insert into bd_operation(id,id_module,id_parent,name,nameI18n,code,operationDict,url,openMode,datascopeFlag,num,icon,winHeight,winWidth,description,ft,lt,fu,lu,customtypedict) values('20130511114212053106574421389326','20120519112704750048565957749371','20130511105538983295706796218258','','ec_sc_index_checkCourse','ec_scCheckCourse','2','/ec/scApplicationCourse!list.action','0','0',3,'','','','','2013-05-11 11:42:12','2013-05-13 18:02:49','20120507134700000110225236178825','20120507134700000110225236178825',null);
insert into bd_operation(id,id_module,id_parent,name,nameI18n,code,operationDict,url,openMode,datascopeFlag,num,icon,winHeight,winWidth,description,ft,lt,fu,lu,customtypedict) values('20130511114233024970230422881044','20120519112704750048565957749371','20130511105538983295706796218258','','ec_sc_index_createActivity','ec_scActivity','2','/ec/scActivity!list.action','0','0',4,'','','','','2013-05-11 11:42:33','2013-05-13 18:03:12','20120507134700000110225236178825','20120507134700000110225236178825',null);
insert into bd_operation(id,id_module,id_parent,name,nameI18n,code,operationDict,url,openMode,datascopeFlag,num,icon,winHeight,winWidth,description,ft,lt,fu,lu,customtypedict) values('20130511114254727299371882246804','20120519112704750048565957749371','20130511105538983295706796218258','','ec_sc_index_studentCourse','ec_scStudent','2','/ec/scStudentCourse!index.action','0','0',5,'','','','','2013-05-11 11:42:54','2013-05-13 18:03:34','20120507134700000110225236178825','20120507134700000110225236178825',null);
insert into bd_operation(id,id_module,id_parent,name,nameI18n,code,operationDict,url,openMode,datascopeFlag,num,icon,winHeight,winWidth,description,ft,lt,fu,lu,customtypedict) values('20130511114316025386981943066341','20120519112704750048565957749371','20130511105538983295706796218258','','ec_sc_index_electiveResult','ec_scResult','2','/ec/scStudentCourse!resultList.action','0','0',6,'','','','','2013-05-11 11:43:16','2013-05-13 18:03:53','20120507134700000110225236178825','20120507134700000110225236178825',null);
/*tag1.1 end*/
/*tag1.0 start*/
/*==============================================================*/
/* Table: ex_coursestandard                                     */
/*==============================================================*/
create table ex_coursestandard (
   id                   char(32)             not null,
   id_examdetail        char(32)             null,
   id_course            char(32)             null,
   id_scoresegment      char(32)             null,
   fullScore            int                  null,
   excelRate            int                  null,
   wellRate             int                  null,
   passRate             int                  null,
   lowRate              int                  null,
   firstBatchLine       int                  null,
   secondBatchLine      int                  null,
   thirdBatchLine       int                  null,
   collegeLine          int                  null,
   areaLine             int                  null,
   cityLine             int                  null,
   provinceLine         int                  null,
   lu                   char(32)             null,
   fu                   char(32)             null,
   lt                   char(19)             null,
   ft                   char(19)             null
)
go

alter table ex_coursestandard
   add constraint PK_EX_COURSESTANDARD primary key nonclustered (id)
go

/*==============================================================*/
/* Table: ex_coursestandardtemplate                             */
/*==============================================================*/
create table ex_coursestandardtemplate (
   id                   char(32)             not null,
   id_standardtemplate  char(32)             null,
   id_grade             char(32)             null,
   id_course            char(32)             null,
   id_scoresegment      char(32)             null,
   excelRate            int                  null,
   wellRate             int                  null,
   passRate             int                  null,
   lowRate              int                  null,
   fullScore            int                  null,
   firstBatchLine       int                  null,
   secondBatchLine      int                  null,
   thirdBatchLine       int                  null,
   collegeLine          int                  null,
   areaLine             int                  null,
   cityLine             int                  null,
   provinceLine         int                  null,
   ft                   char(19)             null,
   lt                   char(19)             null,
   fu                   char(32)             null,
   lu                   char(32)             null
)
go

alter table ex_coursestandardtemplate
   add constraint PK_EX_COURSESTANDARDTEMPLATE primary key nonclustered (id)
go

/*==============================================================*/
/* Table: ex_defaultcoursestandard                              */
/*==============================================================*/
create table ex_defaultcoursestandard (
   id                   char(32)             not null,
   id_exam              char(32)             null,
   id_scoresegment      char(32)             null,
   id_course            char(32)             null,
   id_grade             char(32)             null,
   provinceLine         int                  null,
   cityLine             int                  null,
   areaLine             int                  null,
   collegeLine          int                  null,
   lowRate              int                  null,
   passRate             int                  null,
   wellRate             int                  null,
   thirdBatchLine       int                  null,
   secondBatchLine      int                  null,
   firstBatchLine       int                  null,
   fullScore            int                  null,
   excelRate            int                  null,
   lu                   char(32)             null,
   fu                   char(32)             null,
   lt                   char(19)             null,
   ft                   char(19)             null
)
go

alter table ex_defaultcoursestandard
   add constraint PK_EX_DEFAULTCOURSESTANDARD primary key nonclustered (id)
go

/*==============================================================*/
/* Table: ex_entryscorecharger                                  */
/*==============================================================*/
create table ex_entryscorecharger (
   id                   char(32)             not null,
   id_examgrade         char(32)             null,
   id_teacher           char(32)             null,
   lu                   char(32)             null,
   fu                   char(32)             null,
   lt                   char(19)             null,
   ft                   char(19)             null
)
go

alter table ex_entryscorecharger
   add constraint PK_EX_ENTRYSCORECHARGER primary key nonclustered (id)
go

/*==============================================================*/
/* Table: ex_entryscoreteacher                                  */
/*==============================================================*/
create table ex_entryscoreteacher (
   id                   char(32)             not null,
   id_teacher           char(32)             null,
   id_examdetail        char(32)             null,
   id_eclass            char(32)             null,
   id_examroom          char(32)             null,
   lu                   char(32)             null,
   fu                   char(32)             null,
   lt                   char(19)             null,
   ft                   char(19)             null
)
go

alter table ex_entryscoreteacher
   add constraint PK_EX_ENTRYSCORETEACHER primary key nonclustered (id)
go

/*==============================================================*/
/* Table: ex_exam                                               */
/*==============================================================*/
create table ex_exam (
   id                   char(32)             not null,
   id_schoolterm        char(32)             null,
   name                 varchar(50)          null,
   startDate            char(10)             null,
   kindDict             varchar(20)          null,
   description          text                 null,
   lu                   char(32)             null,
   fu                   char(32)             null,
   lt                   char(19)             null,
   ft                   char(19)             null
)
go

alter table ex_exam
   add constraint PK_EX_EXAM primary key nonclustered (id)
go

/*==============================================================*/
/* Table: ex_examdetail                                         */
/*==============================================================*/
create table ex_examdetail (
   id                   char(32)             not null,
   id_examgrade         char(32)             null,
   name                 varchar(200)         null,
   startTime            char(16)             null,
   endTime              char(16)             null,
   entryMode            char(1)              null,
   entryType            char(1)              null,
   lu                   char(32)             null,
   fu                   char(32)             null,
   lt                   char(19)             null,
   ft                   char(19)             null
)
go

alter table ex_examdetail
   add constraint PK_EX_EXAMDETAIL primary key nonclustered (id)
go

/*==============================================================*/
/* Table: ex_examdetailcourse                                   */
/*==============================================================*/
create table ex_examdetailcourse (
   id_course            char(32)             null,
   id_examdetail        char(32)             null
)
go

/*==============================================================*/
/* Table: ex_examdetaileclass                                   */
/*==============================================================*/
create table ex_examdetaileclass (
   id_eclass            char(32)             null,
   id_examdetail        char(32)             null
)
go

/*==============================================================*/
/* Table: ex_examgrade                                          */
/*==============================================================*/
create table ex_examgrade (
   id                   char(32)             not null,
   id_exam              char(32)             null,
   id_grade             char(32)             null,
   releaseFlag          char(1)              null,
   lu                   char(32)             null,
   fu                   char(32)             null,
   lt                   char(19)             null,
   ft                   char(19)             null
)
go

alter table ex_examgrade
   add constraint PK_EX_EXAMGRADE primary key nonclustered (id)
go

/*==============================================================*/
/* Table: ex_examroom                                           */
/*==============================================================*/
create table ex_examroom (
   id                   char(32)             not null,
   id_exam              char(32)             null,
   id_school            char(32)             null,
   id_grade             char(32)             null,
   name                 varchar(50)          null,
   num                  int                  null,
   location             varchar(200)         null,
   capacity             int                  null,
   characterDict        varchar(20)          null,
   lu                   char(32)             null,
   fu                   char(32)             null,
   lt                   char(19)             null,
   ft                   char(19)             null
)
go

alter table ex_examroom
   add constraint PK_EX_EXAMROOM primary key nonclustered (id)
go

/*==============================================================*/
/* Table: ex_examstudent                                        */
/*==============================================================*/
create table ex_examstudent (
   id                   char(32)             not null,
   id_student           char(32)             null,
   id_exam              char(32)             null,
   id_examroom          char(32)             null,
   id_eclass            char(32)             null,
   id_grade             char(32)             null,
   characterDict        varchar(20)          null,
   seatNum              int                  null,
   ft                   char(19)             null,
   lu                   char(32)             null,
   fu                   char(32)             null,
   lt                   char(19)             null
)
go

alter table ex_examstudent
   add constraint PK_EX_EXAMSTUDENT primary key nonclustered (id)
go

/*==============================================================*/
/* Table: ex_examstudentexamdetail                              */
/*==============================================================*/
create table ex_examstudentexamdetail (
   id                   char(32)             not null,
   id_examdetail        char(32)             null,
   id_examstudent       char(32)             null,
   id_eclass            char(32)             null,
   id_course            char(32)             null,
   fu                   char(32)             null,
   lt                   char(19)             null,
   ft                   char(19)             null,
   lu                   char(32)             null
)
go

alter table ex_examstudentexamdetail
   add constraint PK_EX_EXAMSTUDENTEXAMDETAIL primary key nonclustered (id)
go

/*==============================================================*/
/* Table: ex_examsubject                                        */
/*==============================================================*/
create table ex_examsubject (
   id                   char(32)             not null,
   id_parent            char(32)             null,
   id_examdetail        char(32)             null,
   id_course            char(32)             null,
   name                 varchar(200)         null,
   num                  int                  null,
   childMode            char(1)              null,
   score                int                  null,
   level                int                  null,
   leafFlag             char(1)              null,
   acknowledgeDict      varchar(20)          null,
   lu                   char(32)             null,
   fu                   char(32)             null,
   lt                   char(19)             null,
   ft                   char(19)             null
)
go

alter table ex_examsubject
   add constraint PK_EX_EXAMSUBJECT primary key nonclustered (id)
go

/*==============================================================*/
/* Table: ex_examsubjectknowledgepoint                          */
/*==============================================================*/
create table ex_examsubjectknowledgepoint (
   id_examsubject       char(32)             null,
   id_knowledgepoint    char(32)             null
)
go

/*==============================================================*/
/* Table: ex_excludedstudent                                    */
/*==============================================================*/
create table ex_excludedstudent (
   id                   char(32)             not null,
   id_exam              char(32)             null,
   id_student           char(32)             null,
   id_eclass            char(32)             null,
   id_grade             char(32)             null,
   description          varchar(200)         null,
   fu                   char(32)             null,
   lt                   char(19)             null,
   ft                   char(19)             null,
   lu                   char(32)             null
)
go

alter table ex_excludedstudent
   add constraint PK_EX_EXCLUDEDSTUDENT primary key nonclustered (id)
go

/*==============================================================*/
/* Table: ex_extendschoolgroup                                  */
/*==============================================================*/
create table ex_extendschoolgroup (
   id                   char(32)             not null,
   id_exam              char(32)             null,
   name                 varchar(50)          null,
   lu                   char(32)             null,
   fu                   char(32)             null,
   lt                   char(19)             null,
   ft                   char(19)             null
)
go

alter table ex_extendschoolgroup
   add constraint PK_EX_EXTENDSCHOOLGROUP primary key nonclustered (id)
go

/*==============================================================*/
/* Table: ex_extendschoolitem                                   */
/*==============================================================*/
create table ex_extendschoolitem (
   id                   char(32)             not null,
   id_extendschoolgroup char(32)             null,
   id_grade             char(32)             null,
   id_course            char(32)             null,
   schoolName           varchar(100)         null,
   excelRate            int                  null,
   passRate             int                  null,
   avgScore             int                  null,
   type                 char(1)              null,
   lu                   char(32)             null,
   fu                   char(32)             null,
   lt                   char(19)             null,
   ft                   char(19)             null
)
go

alter table ex_extendschoolitem
   add constraint PK_EX_EXTENDSCHOOLITEM primary key nonclustered (id)
go

/*==============================================================*/
/* Table: ex_extendschoolscore                                  */
/*==============================================================*/
create table ex_extendschoolscore (
   id                   char(32)             not null,
   id_extendschoolgroup char(32)             null,
   id_grade             char(32)             null,
   id_course            char(32)             null,
   name                 varchar(50)          null,
   score                int                  null,
   schoolName           varchar(100)         null,
   enrollmentCode       varchar(100)         null,
   type                 char(1)              null,
   lu                   char(32)             null,
   fu                   char(32)             null,
   lt                   char(19)             null,
   ft                   char(19)             null
)
go

alter table ex_extendschoolscore
   add constraint PK_EX_EXTENDSCHOOLSCORE primary key nonclustered (id)
go

/*==============================================================*/
/* Table: ex_invigilator                                        */
/*==============================================================*/
create table ex_invigilator (
   id                   char(32)             not null,
   id_examroom          char(32)             null,
   id_examdetail        char(32)             null,
   id_teacher           char(32)             null,
   typeFlag             char(1)              null,
   num                  int                  null,
   lu                   char(32)             null,
   fu                   char(32)             null,
   lt                   char(19)             null,
   ft                   char(19)             null
)
go

alter table ex_invigilator
   add constraint PK_EX_INVIGILATOR primary key nonclustered (id)
go

/*==============================================================*/
/* Table: ex_multischoolscore                                   */
/*==============================================================*/
create table ex_multischoolscore (
   id                   char(32)             not null,
   id_multischoolstudent char(32)             null,
   courseName           varchar(20)          null,
   score                int                  null,
   rank                 int                  null,
   lu                   char(32)             null,
   fu                   char(32)             null,
   lt                   char(19)             null,
   ft                   char(19)             null
)
go

alter table ex_multischoolscore
   add constraint PK_EX_MULTISCHOOLSCORE primary key nonclustered (id)
go

/*==============================================================*/
/* Table: ex_multischoolsource                                  */
/*==============================================================*/
create table ex_multischoolsource (
   id                   char(32)             not null,
   id_exam              char(32)             null,
   id_grade             char(32)             null,
   name                 varchar(20)          null,
   lu                   char(32)             null,
   fu                   char(32)             null,
   lt                   char(19)             null,
   ft                   char(19)             null
)
go

alter table ex_multischoolsource
   add constraint PK_EX_MULTISCHOOLSOURCE primary key nonclustered (id)
go

/*==============================================================*/
/* Table: ex_multischoolstandard                                */
/*==============================================================*/
create table ex_multischoolstandard (
   id                   char(32)             not null,
   id_multischoolsource char(32)             null,
   courseName           varchar(20)          null,
   id_coursestandard    char(32)             null,
   id_totalscore        char(32)             null,
   lu                   char(32)             null,
   fu                   char(32)             null,
   lt                   char(19)             null,
   ft                   char(19)             null
)
go

alter table ex_multischoolstandard
   add constraint PK_EX_MULTISCHOOLSTANDARD primary key nonclustered (id)
go

/*==============================================================*/
/* Table: ex_multischoolstudent                                 */
/*==============================================================*/
create table ex_multischoolstudent (
   id                   char(32)             not null,
   id_multischoolsource char(32)             null,
   studentCode          varchar(50)          null,
   school               varchar(50)          null,
   name                 varchar(20)          null,
   eclass               varchar(20)          null,
   num                  int                  null,
   lu                   char(32)             null,
   fu                   char(32)             null,
   lt                   char(19)             null,
   ft                   char(19)             null
)
go

alter table ex_multischoolstudent
   add constraint PK_EX_MULTISCHOOLSTUDENT primary key nonclustered (id)
go

/*==============================================================*/
/* Table: ex_ranksegment                                        */
/*==============================================================*/
create table ex_ranksegment (
   id                   char(32)             not null,
   name                 varchar(20)          null,
   content              varchar(500)         null,
   lu                   char(32)             null,
   fu                   char(32)             null,
   lt                   char(19)             null,
   ft                   char(19)             null
)
go

alter table ex_ranksegment
   add constraint PK_EX_RANKSEGMENT primary key nonclustered (id)
go

/*==============================================================*/
/* Table: ex_rankstandard                                       */
/*==============================================================*/
create table ex_rankstandard (
   id                   char(32)             not null,
   id_extendschoolgroup char(32)             null,
   id_grade             char(32)             null,
   id_course            char(32)             null,
   passRankStd          int                  null,
   excelRankStd         int                  null,
   avgRankStd           int                  null,
   type                 char(1)              null,
   lu                   char(32)             null,
   fu                   char(32)             null,
   lt                   char(19)             null,
   ft                   char(19)             null
)
go

alter table ex_rankstandard
   add constraint PK_EX_RANKSTANDARD primary key nonclustered (id)
go

/*==============================================================*/
/* Table: ex_reportsegment                                      */
/*==============================================================*/
create table ex_reportsegment (
   id                   char(32)             not null,
   id_course            char(32)             null,
   id_scoresegment      char(32)             null,
   id_studentscorereport char(32)             null,
   type                 char(1)              null,
   scoreSegmentType     char(1)              null,
   ft                   char(19)             null,
   lt                   char(19)             null,
   fu                   char(32)             null,
   lu                   char(32)             null
)
go

alter table ex_reportsegment
   add constraint PK_EX_REPORTSEGMENT primary key nonclustered (id)
go

/*==============================================================*/
/* Table: ex_scoresegment                                       */
/*==============================================================*/
create table ex_scoresegment (
   id                   char(32)             not null,
   id_course            char(32)             null,
   id_grade             char(32)             null,
   name                 varchar(100)         null,
   status               char(1)              null,
   description          text                 null,
   type                 char(1)              null,
   lu                   char(32)             null,
   fu                   char(32)             null,
   lt                   char(19)             null,
   ft                   char(19)             null
)
go

alter table ex_scoresegment
   add constraint PK_EX_SCORESEGMENT primary key nonclustered (id)
go

/*==============================================================*/
/* Table: ex_scoresegmentitem                                   */
/*==============================================================*/
create table ex_scoresegmentitem (
   id                   char(32)             not null,
   id_scoresegment      char(32)             null,
   name                 varchar(100)         null,
   upperLimit           int                  null,
   lowerLimit           int                  null,
   num                  int                  null,
   lu                   char(32)             null,
   fu                   char(32)             null,
   lt                   char(19)             null,
   ft                   char(19)             null
)
go

alter table ex_scoresegmentitem
   add constraint PK_EX_SCORESEGMENTITEM primary key nonclustered (id)
go

/*==============================================================*/
/* Table: ex_standardtemplate                                   */
/*==============================================================*/
create table ex_standardtemplate (
   id                   char(32)             not null,
   name                 varchar(100)         null,
   status               char(1)              null,
   lt                   char(19)             null,
   ft                   char(19)             null,
   lu                   char(32)             null,
   fu                   char(32)             null
)
go

alter table ex_standardtemplate
   add constraint PK_EX_STANDARDTEMPLATE primary key nonclustered (id)
go

/*==============================================================*/
/* Table: ex_studentscore                                       */
/*==============================================================*/
create table ex_studentscore (
   id                   char(32)             not null,
   id_school            char(32)             null,
   id_grade             char(32)             null,
   id_normaleclass      char(32)             null,
   id_leveleclass       char(32)             null,
   id_course            char(32)             null,
   id_teacher           char(32)             null,
   id_student           char(32)             null,
   id_exam              char(32)             null,
   id_examdetail        char(32)             null,
   id_examstudent       char(32)             null,
   score                int                  null,
   status               char(1)              null,
   absentFlag           char(1)              null,
   excludedFlag         char(1)              null,
   scoreOriginFlag      char(1)              null,
   lu                   char(32)             null,
   fu                   char(32)             null,
   lt                   char(19)             null,
   ft                   char(19)             null
)
go

alter table ex_studentscore
   add constraint PK_EX_STUDENTSCORE primary key nonclustered (id)
go

/*==============================================================*/
/* Table: ex_studentscorereport                                 */
/*==============================================================*/
create table ex_studentscorereport (
   id                   char(32)             not null,
   id_grade             char(32)             null,
   classAvgFlag         char(1)              null,
   gradeAvgFlag         char(1)              null,
   classMaxFlag         char(1)              null,
   gradeMaxFlag         char(1)              null,
   classRankFlag        char(1)              null,
   gradeRankFlag        char(1)              null,
   classChartFlag       char(1)              null,
   gradeChartFlag       char(1)              null,
   classTrendFlag       char(1)              null,
   gradeTrendFlag       char(1)              null,
   lt                   char(19)             null,
   ft                   char(19)             null,
   fu                   char(32)             null,
   lu                   char(32)             null
)
go

alter table ex_studentscorereport
   add constraint PK_EX_STUDENTSCOREREPORT primary key nonclustered (id)
go

/*==============================================================*/
/* Table: ex_subjectscore                                       */
/*==============================================================*/
create table ex_subjectscore (
   id                   char(32)             not null,
   id_examsubject       char(32)             null,
   id_student           char(32)             null,
   id_normaleclass      char(32)             null,
   id_leveleclass       char(32)             null,
   id_school            char(32)             null,
   id_grade             char(32)             null,
   id_teacher           char(32)             null,
   id_examdetail        char(32)             null,
   id_examstudent       char(32)             null,
   score                int                  null,
   status               char(1)              null,
   lu                   char(32)             null,
   fu                   char(32)             null,
   lt                   char(19)             null,
   ft                   char(19)             null
)
go

alter table ex_subjectscore
   add constraint PK_EX_SUBJECTSCORE primary key nonclustered (id)
go

/*==============================================================*/
/* Table: ex_totalscore                                         */
/*==============================================================*/
create table ex_totalscore (
   id                   char(32)             not null,
   id_exam              char(32)             null,
   id_grade             char(32)             null,
   id_scoresegment      char(32)             null,
   name                 varchar(50)          null,
   characterDict        varchar(20)          null,
   excelRate            int                  null,
   wellRate             int                  null,
   passRate             int                  null,
   lowRate              int                  null,
   firstBatchLine       int                  null,
   secondBatchLine      int                  null,
   thirdBatchLine       int                  null,
   collegeLine          int                  null,
   areaLine             int                  null,
   cityLine             int                  null,
   provinceLine         int                  null,
   lu                   char(32)             null,
   fu                   char(32)             null,
   lt                   char(19)             null,
   ft                   char(19)             null
)
go

alter table ex_totalscore
   add constraint PK_EX_TOTALSCORE primary key nonclustered (id)
go

/*==============================================================*/
/* Table: ex_totalscorecourse                                   */
/*==============================================================*/
create table ex_totalscorecourse (
   id_totalscore        char(32)             null,
   id_course            char(32)             null
)
go

/*==============================================================*/
/* Table: ex_totalscoretemplate                                 */
/*==============================================================*/
create table ex_totalscoretemplate (
   id                   char(32)             not null,
   id_standardtemplate  char(32)             null,
   id_grade             char(32)             null,
   id_scoresegment      char(32)             null,
   name                 varchar(50)          null,
   characterDict        varchar(20)          null,
   excelRate            int                  null,
   wellRate             int                  null,
   passRate             int                  null,
   lowRate              int                  null,
   firstBatchLine       int                  null,
   secondBatchLine      int                  null,
   thirdBatchLine       int                  null,
   collegeLine          int                  null,
   areaLine             int                  null,
   cityLine             int                  null,
   provinceLine         int                  null,
   lu                   char(32)             null,
   fu                   char(32)             null,
   lt                   char(19)             null,
   ft                   char(19)             null
)
go

alter table ex_totalscoretemplate
   add constraint PK_EX_TOTALSCORETEMPLATE primary key nonclustered (id)
go

/*==============================================================*/
/* Table: ex_totalscoretemplatecourse                           */
/*==============================================================*/
create table ex_totalscoretemplatecourse (
   id_totalscoretemplate char(32)             null,
   id_course            char(32)             null
)
go

alter table ex_coursestandard
   add constraint FK_EX_COURS_REFERENCE_BD_COUR2 foreign key (id_course)
      references bd_course (id)
go

alter table ex_coursestandard
   add constraint FK_EX_COURS_REFERENCE_EX_SCOR2 foreign key (id_scoresegment)
      references ex_scoresegment (id)
go

alter table ex_coursestandard
   add constraint FK_EX_COURS_REFERENCE_EX_EXAMD foreign key (id_examdetail)
      references ex_examdetail (id)
go

alter table ex_coursestandardtemplate
   add constraint FK_EX_COURS_REFERENCE_BD_COURS foreign key (id_course)
      references bd_course (id)
go

alter table ex_coursestandardtemplate
   add constraint FK_EX_COURS_REFERENCE_BD_GRADE foreign key (id_grade)
      references bd_grade (id)
go

alter table ex_coursestandardtemplate
   add constraint FK_EX_COURS_REFERENCE_EX_STAND foreign key (id_standardtemplate)
      references ex_standardtemplate (id)
go

alter table ex_coursestandardtemplate
   add constraint FK_EX_COURS_REFERENCE_EX_SCORE foreign key (id_scoresegment)
      references ex_scoresegment (id)
go

alter table ex_defaultcoursestandard
   add constraint FK_EX_DEFAU_REFERENCE_EX_SCORE foreign key (id_scoresegment)
      references ex_scoresegment (id)
go

alter table ex_defaultcoursestandard
   add constraint FK_EX_DEFAU_REFERENCE_BD_COURS foreign key (id_course)
      references bd_course (id)
go

alter table ex_defaultcoursestandard
   add constraint FK_EX_DEFAU_REFERENCE_BD_GRADE foreign key (id_grade)
      references bd_grade (id)
go

alter table ex_defaultcoursestandard
   add constraint FK_EX_DEFAU_REFERENCE_EX_EXAM foreign key (id_exam)
      references ex_exam (id)
go

alter table ex_entryscorecharger
   add constraint FK_EX_ENTRY_REFERENCE_BD_TEAC3 foreign key (id_teacher)
      references bd_teacher (id)
go

alter table ex_entryscorecharger
   add constraint FK_EX_ENTRY_REFERENCE_EX_EXAMG foreign key (id_examgrade)
      references ex_examgrade (id)
go

alter table ex_entryscoreteacher
   add constraint FK_EX_ENTRY_REFERENCE_BD_TEAC2 foreign key (id_teacher)
      references bd_teacher (id)
go

alter table ex_entryscoreteacher
   add constraint FK_EX_ENTRY_REFERENCE_BD_ECLAS foreign key (id_eclass)
      references bd_eclass (id)
go

alter table ex_entryscoreteacher
   add constraint FK_EX_ENTRY_REFERENCE_EX_EXAMD foreign key (id_examdetail)
      references ex_examdetail (id)
go

alter table ex_entryscoreteacher
   add constraint FK_EX_ENTRY_REFERENCE_EX_EXAMR foreign key (id_examroom)
      references ex_examroom (id)
go

alter table ex_exam
   add constraint FK_EX_EXAM_REFERENCE_BD_SCHOO foreign key (id_schoolterm)
      references bd_schoolterm (id)
go

alter table ex_examdetail
   add constraint FK_EX_EXAMD_REFERENCE_EX_EXAMG foreign key (id_examgrade)
      references ex_examgrade (id)
go

alter table ex_examdetailcourse
   add constraint FK_EX_EXAMD_REFERENCE_BD_COURS foreign key (id_course)
      references bd_course (id)
go

alter table ex_examdetailcourse
   add constraint FK_EX_EXAMD_REFERENCE_EX_EXAMD foreign key (id_examdetail)
      references ex_examdetail (id)
go

alter table ex_examdetaileclass
   add constraint FK_EX_EXAMD_REFERENCE_BD_ECLAS foreign key (id_eclass)
      references bd_eclass (id)
go

alter table ex_examdetaileclass
   add constraint FK_EX_EXAMD_REFERENCE_EX_EXAM0 foreign key (id_examdetail)
      references ex_examdetail (id)
go

alter table ex_examgrade
   add constraint FK_EX_EXAMG_REFERENCE_BD_GRADE foreign key (id_grade)
      references bd_grade (id)
go

alter table ex_examgrade
   add constraint FK_EX_EXAMG_REFERENCE_EX_EXAM foreign key (id_exam)
      references ex_exam (id)
go

alter table ex_examroom
   add constraint FK_EX_EXAMR_REFERENCE_BD_SCHOO foreign key (id_school)
      references bd_school (id)
go

alter table ex_examroom
   add constraint FK_EX_EXAMR_REFERENCE_BD_GRADE foreign key (id_grade)
      references bd_grade (id)
go

alter table ex_examroom
   add constraint FK_EX_EXAMR_REFERENCE_EX_EXAM foreign key (id_exam)
      references ex_exam (id)
go

alter table ex_examstudent
   add constraint FK_EX_EXAMS_REFERENCE_BD_GRADE foreign key (id_grade)
      references bd_grade (id)
go

alter table ex_examstudent
   add constraint FK_EX_EXAMS_REFERENCE_BD_ECLA2 foreign key (id_eclass)
      references bd_eclass (id)
go

alter table ex_examstudent
   add constraint FK_EX_EXAMS_REFERENCE_BD_STUDE foreign key (id_student)
      references bd_student (id)
go

alter table ex_examstudent
   add constraint FK_EX_EXAMS_REFERENCE_EX_EXAMR foreign key (id_examroom)
      references ex_examroom (id)
go

alter table ex_examstudent
   add constraint FK_EX_EXAMS_REFERENCE_EX_EXAM foreign key (id_exam)
      references ex_exam (id)
go

alter table ex_examstudentexamdetail
   add constraint FK_EX_EXAMS_REFERENCE_BD_COURS foreign key (id_course)
      references bd_course (id)
go

alter table ex_examstudentexamdetail
   add constraint FK_EX_EXAMS_REFERENCE_BD_ECLAS foreign key (id_eclass)
      references bd_eclass (id)
go

alter table ex_examstudentexamdetail
   add constraint FK_EX_EXAMS_REFERENCE_EX_EXAM3 foreign key (id_examdetail)
      references ex_examdetail (id)
go

alter table ex_examstudentexamdetail
   add constraint FK_EX_EXAMS_REFERENCE_EX_EXAM5 foreign key (id_examstudent)
      references ex_examstudent (id)
go

alter table ex_examsubject
   add constraint FK_EX_EXAMS_REFERENCE_BD_COUR6 foreign key (id_course)
      references bd_course (id)
go

alter table ex_examsubject
   add constraint FK_EX_EXAMS_REFERENCE_EX_EXAMD foreign key (id_examdetail)
      references ex_examdetail (id)
go

alter table ex_examsubject
   add constraint FK_EX_EXAMS_REFERENCE_EX_EXAM2 foreign key (id_parent)
      references ex_examsubject (id)
go

alter table ex_examsubjectknowledgepoint
   add constraint FK_EX_EXAMS_REFERENCE_EX_EXAMS foreign key (id_examsubject)
      references ex_examsubject (id)
go

alter table ex_examsubjectknowledgepoint
   add constraint FK_EX_EXAMS_REFERENCE_BD_KNOWL foreign key (id_knowledgepoint)
      references bd_knowledgepoint (id)
go

alter table ex_excludedstudent
   add constraint FK_EX_EXCLU_REFERENCE_BD_GRADE foreign key (id_grade)
      references bd_grade (id)
go

alter table ex_excludedstudent
   add constraint FK_EX_EXCLU_REFERENCE_BD_ECLAS foreign key (id_eclass)
      references bd_eclass (id)
go

alter table ex_excludedstudent
   add constraint FK_EX_EXCLU_REFERENCE_BD_STUDE foreign key (id_student)
      references bd_student (id)
go

alter table ex_excludedstudent
   add constraint FK_EX_EXCLU_REFERENCE_EX_EXAM foreign key (id_exam)
      references ex_exam (id)
go

alter table ex_extendschoolgroup
   add constraint FK_EX_EXTEN_REFERENCE_EX_EXAM foreign key (id_exam)
      references ex_exam (id)
go

alter table ex_extendschoolitem
   add constraint FK_EX_EXTEN_REFERENCE_BD_COUR2 foreign key (id_course)
      references bd_course (id)
go

alter table ex_extendschoolitem
   add constraint FK_EX_EXTEN_REFERENCE_BD_GRAD3 foreign key (id_grade)
      references bd_grade (id)
go

alter table ex_extendschoolitem
   add constraint FK_EX_EXTEN_REFERENCE_EX_EXTE2 foreign key (id_extendschoolgroup)
      references ex_extendschoolgroup (id)
go

alter table ex_extendschoolscore
   add constraint FK_EX_EXTEN_REFERENCE_BD_COUR5 foreign key (id_course)
      references bd_course (id)
go

alter table ex_extendschoolscore
   add constraint FK_EX_EXTEN_REFERENCE_BD_GRAD5 foreign key (id_grade)
      references bd_grade (id)
go

alter table ex_extendschoolscore
   add constraint FK_EX_EXTEN_REFERENCE_EX_EXTE3 foreign key (id_extendschoolgroup)
      references ex_extendschoolgroup (id)
go

alter table ex_invigilator
   add constraint FK_EX_INVIG_REFERENCE_BD_TEACH foreign key (id_teacher)
      references bd_teacher (id)
go

alter table ex_invigilator
   add constraint FK_EX_INVIG_REFERENCE_EX_EXAMR foreign key (id_examroom)
      references ex_examroom (id)
go

alter table ex_invigilator
   add constraint FK_EX_INVIG_REFERENCE_EX_EXAMD foreign key (id_examdetail)
      references ex_examdetail (id)
go

alter table ex_multischoolscore
   add constraint FK_EX_MULTI_REFERENCE_EX_MULT3 foreign key (id_multischoolstudent)
      references ex_multischoolstudent (id)
go

alter table ex_multischoolsource
   add constraint FK_EX_MULTI_REFERENCE_EX_EXAM foreign key (id_exam)
      references ex_exam (id)
go

alter table ex_multischoolsource
   add constraint FK_EX_MULTI_REFERENCE_BD_GRADE foreign key (id_grade)
      references bd_grade (id)
go

alter table ex_multischoolstandard
   add constraint FK_EX_MULTI_REFERENCE_EX_MULTI foreign key (id_multischoolsource)
      references ex_multischoolsource (id)
go

alter table ex_multischoolstandard
   add constraint FK_EX_MULTI_REFERENCE_EX_TOTAL foreign key (id_totalscore)
      references ex_totalscore (id)
go

alter table ex_multischoolstandard
   add constraint FK_EX_MULTI_REFERENCE_EX_COURS foreign key (id_coursestandard)
      references ex_coursestandard (id)
go

alter table ex_multischoolstudent
   add constraint FK_EX_MULTI_REFERENCE_EX_MULT2 foreign key (id_multischoolsource)
      references ex_multischoolsource (id)
go

alter table ex_rankstandard
   add constraint FK_EX_RANKS_REFERENCE_BD_COURS foreign key (id_course)
      references bd_course (id)
go

alter table ex_rankstandard
   add constraint FK_EX_RANKS_REFERENCE_BD_GRADE foreign key (id_grade)
      references bd_grade (id)
go

alter table ex_rankstandard
   add constraint FK_EX_RANKS_REFERENCE_EX_EXTEN foreign key (id_extendschoolgroup)
      references ex_extendschoolgroup (id)
go

alter table ex_reportsegment
   add constraint FK_EX_REPOR_REFERENCE_BD_COURS foreign key (id_course)
      references bd_course (id)
go

alter table ex_reportsegment
   add constraint FK_EX_REPOR_REFERENCE_EX_STUDE foreign key (id_studentscorereport)
      references ex_studentscorereport (id)
go

alter table ex_reportsegment
   add constraint FK_EX_REPOR_REFERENCE_EX_SCORE foreign key (id_scoresegment)
      references ex_scoresegment (id)
go

alter table ex_scoresegment
   add constraint FK_EX_SCORE_REFERENCE_BD_COURS foreign key (id_course)
      references bd_course (id)
go

alter table ex_scoresegment
   add constraint FK_EX_SCORE_REFERENCE_BD_GRADE foreign key (id_grade)
      references bd_grade (id)
go

alter table ex_scoresegmentitem
   add constraint FK_EX_SCORE_REFERENCE_EX_SCORE foreign key (id_scoresegment)
      references ex_scoresegment (id)
go

alter table ex_studentscore
   add constraint FK_EX_STUDE_REFERENCE_BD_COURS foreign key (id_course)
      references bd_course (id)
go

alter table ex_studentscore
   add constraint FK_EX_STUDE_REFERENCE_BD_TEACH foreign key (id_teacher)
      references bd_teacher (id)
go

alter table ex_studentscore
   add constraint FK_EX_STUDE_REFERENCE_BD_GRAD2 foreign key (id_grade)
      references bd_grade (id)
go

alter table ex_studentscore
   add constraint FK_EX_STUDE_REFERENCE_BD_STUDE foreign key (id_student)
      references bd_student (id)
go

alter table ex_studentscore
   add constraint FK_EX_STUDE_REFERENCE_BD_ECLA5 foreign key (id_normaleclass)
      references bd_eclass (id)
go

alter table ex_studentscore
   add constraint FK_EX_STUDE_REFERENCE_BD_ECLAS foreign key (id_leveleclass)
      references bd_eclass (id)
go

alter table ex_studentscore
   add constraint FK_EX_STUDE_REFERENCE_EX_EXAMS foreign key (id_examstudent)
      references ex_examstudent (id)
go

alter table ex_studentscore
   add constraint FK_EX_STUDE_REFERENCE_BD_SCHOO foreign key (id_school)
      references bd_school (id)
go

alter table ex_studentscore
   add constraint FK_EX_STUDE_REFERENCE_EX_EXAM foreign key (id_exam)
      references ex_exam (id)
go

alter table ex_studentscore
   add constraint FK_EX_STUDE_REFERENCE_EX_EXAMD foreign key (id_examdetail)
      references ex_examdetail (id)
go

alter table ex_studentscorereport
   add constraint FK_EX_STUDE_REFERENCE_BD_GRADE foreign key (id_grade)
      references bd_grade (id)
go

alter table ex_subjectscore
   add constraint FK_EX_SUBJE_REFERENCE_EX_EXAMD foreign key (id_examdetail)
      references ex_examdetail (id)
go

alter table ex_subjectscore
   add constraint FK_EX_SUBJE_REFERENCE_EX_EXAM4 foreign key (id_examstudent)
      references ex_examstudent (id)
go

alter table ex_subjectscore
   add constraint FK_EX_SUBJE_REFERENCE_BD_ECLA3 foreign key (id_normaleclass)
      references bd_eclass (id)
go

alter table ex_subjectscore
   add constraint FK_EX_SUBJE_REFERENCE_BD_ECLA2 foreign key (id_leveleclass)
      references bd_eclass (id)
go

alter table ex_subjectscore
   add constraint FK_EX_SUBJE_REFERENCE_BD_STUDE foreign key (id_student)
      references bd_student (id)
go

alter table ex_subjectscore
   add constraint FK_EX_SUBJE_REFERENCE_BD_TEACH foreign key (id_teacher)
      references bd_teacher (id)
go

alter table ex_subjectscore
   add constraint FK_EX_SUBJE_REFERENCE_BD_GRADE foreign key (id_grade)
      references bd_grade (id)
go

alter table ex_subjectscore
   add constraint FK_EX_SUBJE_REFERENCE_BD_SCHOO foreign key (id_school)
      references bd_school (id)
go

alter table ex_subjectscore
   add constraint FK_EX_SUBJE_REFERENCE_EX_EXAM5 foreign key (id_examsubject)
      references ex_examsubject (id)
go

alter table ex_totalscore
   add constraint FK_EX_TOTAL_REFERENCE_BD_GRAD7 foreign key (id_grade)
      references bd_grade (id)
go

alter table ex_totalscore
   add constraint FK_EX_TOTAL_REFERENCE_EX_SCORE foreign key (id_scoresegment)
      references ex_scoresegment (id)
go

alter table ex_totalscore
   add constraint FK_EX_TOTAL_REFERENCE_EX_EXAM foreign key (id_exam)
      references ex_exam (id)
go

alter table ex_totalscorecourse
   add constraint FK_EX_TOTAL_REFERENCE_BD_COUR9 foreign key (id_course)
      references bd_course (id)
go

alter table ex_totalscorecourse
   add constraint FK_EX_TOTAL_REFERENCE_EX_TOTAL foreign key (id_totalscore)
      references ex_totalscore (id)
go

alter table ex_totalscoretemplate
   add constraint FK_EX_TOTAL_REFERENCE_BD_GRAD6 foreign key (id_grade)
      references bd_grade (id)
go

alter table ex_totalscoretemplate
   add constraint FK_EX_TOTAL_REFERENCE_EX_STAND foreign key (id_standardtemplate)
      references ex_standardtemplate (id)
go

alter table ex_totalscoretemplate
   add constraint FK_EX_TOTAL_REFERENCE_EX_SCOR2 foreign key (id_scoresegment)
      references ex_scoresegment (id)
go

alter table ex_totalscoretemplatecourse
   add constraint FK_EX_TOTAL_REFERENCE_BD_COUR7 foreign key (id_course)
      references bd_course (id)
go

alter table ex_totalscoretemplatecourse
   add constraint FK_EX_TOTAL_REFERENCE_EX_TOTA2 foreign key (id_totalscoretemplate)
      references ex_totalscoretemplate (id)
go

--
insert into bd_dictionary(id,name,code,kind,editableFlag) values('20121207104146767001009618341132','','examKind','0','1');
insert into bd_dictionaryvalue(id,id_dictionary,code,value,num,enableFlag) values('20121207104221564593208137178580','20121207104146767001009618341132','1','',1,'1');
insert into bd_dictionaryvalue(id,id_dictionary,code,value,num,enableFlag) values('20121207104238585436957886447352','20121207104146767001009618341132','2','',2,'1');
insert into bd_dictionaryvalue(id,id_dictionary,code,value,num,enableFlag) values('20121207104245264484361618135673','20121207104146767001009618341132','3','',3,'1');
insert into bd_dictionaryvalue(id,id_dictionary,code,value,num,enableFlag) values('20121207104245264484361618135674','20121207104146767001009618341132','4','',4,'1');

--
insert into fw_attachmentconfig(id,code,saveDir,dirLevel,fileCount,extension,description) values('20121220091938140503257797148795','excelFile','c:/temp/',1,1,'xls;xlsx','Excel');

--
insert into bd_module(id,name,nameI18n,code,deployFlag) values('20121217095310156774106831288143','','bd_module_ex','ex','1');

--
insert into bd_operation(id,id_module,id_parent,name,nameI18n,code,operationDict,url,openMode,datascopeFlag,icon,winHeight,winWidth) values('20121203114905319129579168112425','20121217095310156774106831288143',null,'','ex_exam','ex_exam','0','/ex/exam!index.action','0','0','app-examArrangement','100%','100%');
insert into bd_operation(id,id_module,id_parent,name,nameI18n,code,operationDict,url,openMode,datascopeFlag,icon,winHeight,winWidth) values('20121203114905319129579168112427','20121217095310156774106831288143','20121203114905319129579168112425','','ex_exam_manage','ex_exam_manage','2','/ex/exam!list.action','0','0','','','');
insert into bd_operation(id,id_module,id_parent,name,nameI18n,code,operationDict,url,openMode,datascopeFlag,icon,winHeight,winWidth) values('20121203114905319129579168112428','20121217095310156774106831288143','20121203114905319129579168112425','','ex_examroom_show','ex_examroom_show','2','/ex/exam!list.action','0','0','','','');
insert into bd_operation(id,id_module,id_parent,name,nameI18n,code,operationDict,url,openMode,datascopeFlag,icon,winHeight,winWidth) values('20121203114905319129579168112429','20121217095310156774106831288143','20121203114905319129579168112425','','ex_invigilator_show','ex_invigilator_show','2','/ex/exam!list.action','0','0','','','');
insert into bd_operation(id,id_module,id_parent,name,nameI18n,code,operationDict,url,openMode,datascopeFlag,icon,winHeight,winWidth) values('20121203114905319129579168112430','20121217095310156774106831288143','20121203114905319129579168112425','','ex_examstudent_show','ex_examstudent_show','2','/ex/exam!list.action','0','0','','','');
insert into bd_operation(id,id_module,id_parent,name,nameI18n,code,operationDict,url,openMode,datascopeFlag,icon,winHeight,winWidth) values('20121203114905319129579168112431','20121217095310156774106831288143','20121203114905319129579168112425','','ex_release_show','ex_release_show','2','/ex/exam!list.action','0','0','','','');
insert into bd_operation(id,id_module,id_parent,name,nameI18n,code,operationDict,url,openMode,datascopeFlag,icon,winHeight,winWidth) values('20121203114905319129579168112432','20121217095310156774106831288143','20121203114905319129579168112425','','ex_entryscore_show','ex_entryscore_show','2','/ex/exam!list.action','0','0','','','');
insert into bd_operation(id,id_module,id_parent,name,nameI18n,code,operationDict,url,openMode,datascopeFlag,icon,winHeight,winWidth) values('20121203114905319129579168112433','20121217095310156774106831288143','20121203114905319129579168112425','','ex_examstudent_show_personal','ex_examstudent_show_personal','2','/ex/exam!list.action','0','0','','','');

--
insert into bd_operation(id,id_module,id_parent,name,nameI18n,code,operationDict,url,openMode,datascopeFlag,icon,winHeight,winWidth) values('20130111135419562680676365349818','20121217095310156774106831288143',null,'','ex_setting','ex_setting','0','/ex/scoreIndex!settingIndex.action','0','0','app-examSet','100%','100%');
insert into bd_operation(id,id_module,id_parent,name,nameI18n,code,operationDict,url,openMode,datascopeFlag,icon,winHeight,winWidth) values('20130111140428728818210117431914','20121217095310156774106831288143','20130111135419562680676365349818','','ex_studentScoreReport','ex_studentScoreReport','2','/ex/studentScoreReport!list.action','0','0','','','');
insert into bd_operation(id,id_module,id_parent,name,nameI18n,code,operationDict,url,openMode,datascopeFlag,icon,winHeight,winWidth) values('20130111140213233133091130152181','20121217095310156774106831288143','20130111135419562680676365349818','','ex_standardTemplate','ex_standardTemplate','2','/ex/standardTemplate!list.action','0','0','','','');
insert into bd_operation(id,id_module,id_parent,name,nameI18n,code,operationDict,url,openMode,datascopeFlag,icon,winHeight,winWidth) values('20130111140330996240947621278459','20121217095310156774106831288143','20130111135419562680676365349818','','ex_scoreSegment','ex_scoreSegment','2','/ex/scoreSegmentSetting!list.action','0','0','','','');

--
insert into bd_operation(id,id_module,id_parent,name,nameI18n,code,operationDict,url,openMode,datascopeFlag,icon,winHeight,winWidth) values('20130111141638069699150312666123','20121217095310156774106831288143',null,'','ex_studentScore','ex_studentScore','0','/ex/scoreIndex!scoreIndex.action','0','0','app-examScore','100%','100%');
insert into bd_operation(id,id_module,id_parent,name,nameI18n,code,operationDict,url,openMode,datascopeFlag,icon,winHeight,winWidth) values('20130111141831543683970868156866','20121217095310156774106831288143','20130111141638069699150312666123','','ex_scoreCount','ex_scoreCount','2','/ex/scoreIndex!listExam.action','0','0','','','');
insert into bd_operation(id,id_module,id_parent,name,nameI18n,code,operationDict,url,openMode,datascopeFlag,icon,winHeight,winWidth) values('20130111142000969735151301631302','20121217095310156774106831288143','20130111141638069699150312666123','()','ex_myselfScore','ex_myselfScore','2','/ex/scoreCount!myselfScoreIndex.action','0','0','','','');
insert into bd_operation(id,id_module,id_parent,name,nameI18n,code,operationDict,url,openMode,datascopeFlag,icon,winHeight,winWidth) values('20130111152133078486874666511660','20121217095310156774106831288143','20130111141831543683970868156866','','ex_entrystudentscore','ex_entrystudentscore','2','/ex/studentScore!inputScoreIndex.action','0','0','','','');
insert into bd_operation(id,id_module,id_parent,name,nameI18n,code,operationDict,url,openMode,datascopeFlag,icon,winHeight,winWidth) values('20130111152242627673411877189791','20121217095310156774106831288143','20130111141831543683970868156866','','ex_editstudentscore','ex_editstudentscore','2','/ex/studentScore!tolistEditScore.action','0','0','','','');
insert into bd_operation(id,id_module,id_parent,name,nameI18n,code,operationDict,url,openMode,datascopeFlag,icon,winHeight,winWidth) values('20130111152355904531636290765690','20121217095310156774106831288143','20130111141831543683970868156866','','ex_commitinfo','ex_commitinfo','2','/ex/studentScore!listCommit.action','0','0','','','');
insert into bd_operation(id,id_module,id_parent,name,nameI18n,code,operationDict,url,openMode,datascopeFlag,icon,winHeight,winWidth) values('20130111152617862327377455216974','20121217095310156774106831288143','20130111141831543683970868156866','','ex_coursestandardset','ex_coursestandardset','2','/ex/courseStandard!toIndex.action','0','0','','','');
insert into bd_operation(id,id_module,id_parent,name,nameI18n,code,operationDict,url,openMode,datascopeFlag,icon,winHeight,winWidth) values('20130111152852563549280040377380','20121217095310156774106831288143','20130111141831543683970868156866','','ex_excludedstudentset','ex_excludedstudentset','2','/ex/excludedStudent!list.action','0','0','','','');
insert into bd_operation(id,id_module,id_parent,name,nameI18n,code,operationDict,url,openMode,datascopeFlag,icon,winHeight,winWidth) values('20130111153002027330034039585894','20121217095310156774106831288143','20130111141831543683970868156866','','ex_countreport','ex_countreport','2','/ex/scoreCount!scoreCountIndex.action','0','0','','','');

--
insert into bd_operation(id,id_module,id_parent,name,nameI18n,code,operationDict,url,openMode,datascopeFlag,icon,winHeight,winWidth) values('20130111142512111955112422873057','20121217095310156774106831288143',null,'','ex_paper','ex_paper','0','/ex/examSubject!paperIndex.action','0','0','app-examPaper','100%','100%');
insert into bd_operation(id,id_module,id_parent,name,nameI18n,code,operationDict,url,openMode,datascopeFlag,icon,winHeight,winWidth) values('20130111143231075895524159135387','20121217095310156774106831288143','20130111142512111955112422873057','','ex_paperIndex','ex_paperIndex','2','/ex/examSubject!listExam.action','0','0','','','');

--
insert into bd_dictionary(id,name,code,kind,editableFlag) values('20130304113641439466373080048175','','StudentScoreTrend','0','1');
insert into bd_dictionaryvalue(id,id_dictionary,code,value,num,enableFlag) values('20130304113918480377927275627889','20130304113641439466373080048175','2','2',1,'1');
insert into bd_dictionaryvalue(id,id_dictionary,code,value,num,enableFlag) values('20130304113918480377927275627888','20130304113641439466373080048175','3','3',2,'1');
insert into bd_dictionaryvalue(id,id_dictionary,code,value,num,enableFlag) values('20130304113918480377927275627887','20130304113641439466373080048175','4','4',3,'1');
insert into bd_dictionaryvalue(id,id_dictionary,code,value,num,enableFlag) values('20130304113918480377927275627886','20130304113641439466373080048175','5','5',4,'1');
insert into bd_dictionaryvalue(id,id_dictionary,code,value,num,enableFlag) values('20130304113918480377927275627885','20130304113641439466373080048175','10','10',5,'1');

--
insert into bd_dictionary(id,name,code,kind,editableFlag) values('20130304113641439466373080048176','','PaperAcknowledge','0','1');
insert into bd_dictionaryvalue(id,id_dictionary,code,value,num,enableFlag) values('20130304113918480377927275627899','20130304113641439466373080048176','01','',1,'1');
insert into bd_dictionaryvalue(id,id_dictionary,code,value,num,enableFlag) values('20130304113918480377927275627898','20130304113641439466373080048176','02','',2,'1');
insert into bd_dictionaryvalue(id,id_dictionary,code,value,num,enableFlag) values('20130304113918480377927275627897','20130304113641439466373080048176','03','',3,'1');
insert into bd_dictionaryvalue(id,id_dictionary,code,value,num,enableFlag) values('20130304113918480377927275627896','20130304113641439466373080048176','04','',4,'1');

--
insert into bd_operation(id,id_module,id_parent,name,nameI18n,code,operationDict,url,openMode,datascopeFlag,num,icon,winHeight,winWidth) values('20130307092136847346650134953370','20121217095310156774106831288143','20130111153002027330034039585894','/','ex_scorecount_eclassScore','ex_scorecount_eclassScore','2','/ex/scoreCount!eclassScoreIndex.action','0','0',1,'','','');
insert into bd_operation(id,id_module,id_parent,name,nameI18n,code,operationDict,url,openMode,datascopeFlag,num,icon,winHeight,winWidth) values('20130307092136847346650134953371','20121217095310156774106831288143','20130111153002027330034039585894','','ex_scorecount_teachingAnalyse','ex_scorecount_teachingAnalyse','2','/ex/scoreCount!teachingAnalyseIndex.action','0','0',2,'','','');
insert into bd_operation(id,id_module,id_parent,name,nameI18n,code,operationDict,url,openMode,datascopeFlag,num,icon,winHeight,winWidth) values('20130307092136847346650134953372','20121217095310156774106831288143','20130111153002027330034039585894','','ex_scorecount_courseScore','ex_scorecount_courseScore','2','/ex/scoreCount!courseScoreIndex.action','0','0',3,'','','');
insert into bd_operation(id,id_module,id_parent,name,nameI18n,code,operationDict,url,openMode,datascopeFlag,num,icon,winHeight,winWidth) values('20130307092136847346650134953373','20121217095310156774106831288143','20130111153002027330034039585894','','ex_scorecount_courseCount','ex_scorecount_courseCount','2','/ex/scoreCount!courseCountIndex.action','0','0',4,'','','');
insert into bd_operation(id,id_module,id_parent,name,nameI18n,code,operationDict,url,openMode,datascopeFlag,num,icon,winHeight,winWidth) values('20130307092136847346650134953374','20121217095310156774106831288143','20130111153002027330034039585894','','ex_scorecount_totalScoreCount','ex_scorecount_totalScoreCount','2','/ex/scoreCount!totalScoreCountIndex.action','0','0',5,'','','');
insert into bd_operation(id,id_module,id_parent,name,nameI18n,code,operationDict,url,openMode,datascopeFlag,num,icon,winHeight,winWidth) values('20130307092136847346650134953375','20121217095310156774106831288143','20130111153002027330034039585894','N','ex_scorecount_scoreRankSegmentCount','ex_scorecount_scoreRankSegmentCount','2','/ex/scoreCount!toScoreRankSegmentCount.action','0','0',6,'','','');
insert into bd_operation(id,id_module,id_parent,name,nameI18n,code,operationDict,url,openMode,datascopeFlag,num,icon,winHeight,winWidth) values('20130307092136847346650134953376','20121217095310156774106831288143','20130111153002027330034039585894','N','ex_scorecount_ecoreRankSegmentAvgScore','ex_scorecount_ecoreRankSegmentAvgScore','2','/ex/scoreCount!toScoreRankSegmentAvgScore.action','0','0',7,'','','');
go
insert into bd_operation(id,id_module,id_parent,name,nameI18n,code,operationDict,url,openMode,datascopeFlag,icon,winHeight,winWidth) values('20130111152852563549280040377381','20121217095310156774106831288143','20130111141831543683970868156866','','ex_extendSchool','ex_extendSchool','2','/ex/extendSchool!list.action','0','0','','','');
insert into bd_operation(id,id_module,id_parent,name,nameI18n,code,operationDict,url,openMode,datascopeFlag,icon,winHeight,winWidth) values('20130111152852563549280040377382','20121217095310156774106831288143','20130111141831543683970868156866','','ex_multiSchoolSource','ex_multiSchoolSource','2','/ex/multiSchoolSource!toIndex.action','0','0','','','');
insert into bd_operation(id,id_module,id_parent,name,nameI18n,code,operationDict,url,openMode,datascopeFlag,num,icon,winHeight,winWidth) values('20130307092136847346650134953380','20121217095310156774106831288143','20130111152852563549280040377382','','ex_multiSchoolSourceList','ex_multiSchoolSourceList','2','/ex/multiSchoolSource!list.action','0','0',1,'','','');
insert into bd_operation(id,id_module,id_parent,name,nameI18n,code,operationDict,url,openMode,datascopeFlag,num,icon,winHeight,winWidth) values('20130307092136847346650134953381','20121217095310156774106831288143','20130111152852563549280040377382','','ex_multiSchoolScoreCount','ex_multiSchoolScoreCount','2','/ex/multiSchoolScoreCount!toMultiSchoolScoreCount.action','0','0',2,'','','');
insert into bd_operation(id,id_module,id_parent,name,nameI18n,code,operationDict,url,openMode,datascopeFlag,num,icon,winHeight,winWidth) values('20130307092136847346650134953382','20121217095310156774106831288143','20130111152852563549280040377382','N','ex_rankSegmentCount','ex_rankSegmentCount','2','/ex/multiSchoolScoreCount!toRankSegmentCount.action','0','0',3,'','','');
insert into bd_operation(id,id_module,id_parent,name,nameI18n,code,operationDict,url,openMode,datascopeFlag,num,icon,winHeight,winWidth) values('20130307092136847346650134953383','20121217095310156774106831288143','20130111152852563549280040377382','N','ex_rankSegmentAvgScore','ex_rankSegmentAvgScore','2','/ex/multiSchoolScoreCount!toRankSegmentAvgScore.action','0','0',4,'','','');
insert into bd_operation(id,id_module,id_parent,name,nameI18n,code,operationDict,url,openMode,datascopeFlag,num,icon,winHeight,winWidth) values('20130307092136847346650134953384','20121217095310156774106831288143','20130111152852563549280040377382','','ex_multiSchoolStudentRank','ex_multiSchoolStudentRank','2','/ex/multiSchoolScoreCount!toMultiSchoolStudentRank.action','0','0',5,'','','');
--
insert into bd_operation(id,id_module,id_parent,name,nameI18n,code,operationDict,url,openMode,datascopeFlag,num,icon,winHeight,winWidth) values('20130307092136847346650134953390','20121217095310156774106831288143','20130111143231075895524159135387','','ex_editPaper','ex_editPaper','2','/ex/examSubject!list.action','0','0',1,'','','');
insert into bd_operation(id,id_module,id_parent,name,nameI18n,code,operationDict,url,openMode,datascopeFlag,num,icon,winHeight,winWidth) values('20130307092136847346650134953391','20121217095310156774106831288143','20130111143231075895524159135387','','ex_paperExportScore','ex_paperExportScore','2','/ex/subjectScore!toExportScore.action','0','0',2,'','','');
insert into bd_operation(id,id_module,id_parent,name,nameI18n,code,operationDict,url,openMode,datascopeFlag,num,icon,winHeight,winWidth) values('20130307092136847346650134953392','20121217095310156774106831288143','20130111143231075895524159135387','','ex_paperEntryScore','ex_paperEntryScore','2','/ex/subjectScore!toEnterScore.action','0','0',3,'','','');
insert into bd_operation(id,id_module,id_parent,name,nameI18n,code,operationDict,url,openMode,datascopeFlag,num,icon,winHeight,winWidth) values('20130307092136847346650134953393','20121217095310156774106831288143','20130111143231075895524159135387','','ex_paperEntryTotalScore','ex_paperEntryTotalScore','2','/ex/subjectScore!toEditScoreIndex.action','0','0',4,'','','');
insert into bd_operation(id,id_module,id_parent,name,nameI18n,code,operationDict,url,openMode,datascopeFlag,num,icon,winHeight,winWidth) values('20130307092136847346650134953394','20121217095310156774106831288143','20130111143231075895524159135387','','ex_paperEditScore','ex_paperEditScore','2','/ex/subjectScore!toEditScoreIndex.action','0','0',5,'','','');
insert into bd_operation(id,id_module,id_parent,name,nameI18n,code,operationDict,url,openMode,datascopeFlag,num,icon,winHeight,winWidth) values('20130307092136847346650134953395','20121217095310156774106831288143','20130111143231075895524159135387','','ex_paperCancelSubmit','ex_paperCancelSubmit','2','/ex/subjectScore!toCancelSubmit.action','0','0',6,'','','');
insert into bd_operation(id,id_module,id_parent,name,nameI18n,code,operationDict,url,openMode,datascopeFlag,num,icon,winHeight,winWidth) values('20130307092136847346650134953396','20121217095310156774106831288143','20130111143231075895524159135387','','ex_paperAnalysis','ex_paperAnalysis','2','/ex/paperAnalysis!paperAnalysisIndex.action','0','0',7,'','','');
insert into bd_operation(id,id_module,id_parent,name,nameI18n,code,operationDict,url,openMode,datascopeFlag,num,icon,winHeight,winWidth) values('20130307092136847346650134953101','20121217095310156774106831288143','20130307092136847346650134953396','','ex_paperStudentReport','ex_paperStudentReport','2','/ex/paperAnalysis!toStudentReport.action','0','0',1,'','','');
insert into bd_operation(id,id_module,id_parent,name,nameI18n,code,operationDict,url,openMode,datascopeFlag,num,icon,winHeight,winWidth) values('20130307092136847346650134953102','20121217095310156774106831288143','20130307092136847346650134953396','','ex_paperExamSubjectRate','ex_paperExamSubjectRate','2','/ex/paperAnalysis!toExamSubjectRate.action','0','0',2,'','','');
insert into bd_operation(id,id_module,id_parent,name,nameI18n,code,operationDict,url,openMode,datascopeFlag,num,icon,winHeight,winWidth) values('20130307092136847346650134953103','20121217095310156774106831288143','20130307092136847346650134953396','','ex_paperKnowledgePointRate','ex_paperKnowledgePointRate','2','/ex/paperAnalysis!toKnowledgePointRate.action','0','0',3,'','','');
insert into bd_operation(id,id_module,id_parent,name,nameI18n,code,operationDict,url,openMode,datascopeFlag,num,icon,winHeight,winWidth) values('20130307092136847346650134953104','20121217095310156774106831288143','20130307092136847346650134953396','','ex_paperLostScore','ex_paperLostScore','2','/ex/paperAnalysis!toLostScore.action','0','0',4,'','','');
insert into bd_operation(id,id_module,id_parent,name,nameI18n,code,operationDict,url,openMode,datascopeFlag,num,icon,winHeight,winWidth) values('20130307092136847346650134953100','20121217095310156774106831288143','20130307092136847346650134953396','','ex_paperScoreDetail','ex_paperScoreDetail','2','/ex/paperAnalysis!toScoreDetail.action','0','0',5,'','','');
/*tag1.0 end*/
/*tag1.1 start*/
insert into bd_operation(id,id_module,id_parent,name,nameI18n,code,operationDict,customTypeDict,url,openMode,datascopeFlag,num,icon,winHeight,winWidth,description,ft,lt,fu,lu) values('20130506162539027296099611107780','20121217095310156774106831288143','20130111141638069699150312666123','','ex_studenthistroy','ex_studenthistroy','2',null,'/ex/scoreCount!studentHistoryIndex.action','0','0',1,'','','','','2013-05-06 16:25:39',null,null,null);
/*tag1.1 end*/
/*tag1.0 start*/
/*==============================================================*/
/* Table: er_recruitexaminfo                                    */
/*==============================================================*/
create table er_recruitexaminfo (
   id                   char(32)             not null,
   id_schoolterm        char(32)             null,
   name                 varchar(100)         null,
   startDate            char(16)             null,
   endDate              char(16)             null,
   announcement         text                 null,
   precautions          text                 null,
   status               char(1)              null,
   scoreStatus          char(1)              null,
   examRoomStatus       char(1)              null,
   ft                   char(19)             null,
   lt                   char(19)             null,
   fu                   char(32)             null,
   lu                   char(32)             null
)
go

alter table er_recruitexaminfo
   add constraint PK_ER_RECRUITEXAMINFO primary key (id)
go

/*==============================================================*/
/* Table: er_recruitexamroom                                    */
/*==============================================================*/
create table er_recruitexamroom (
   id                   char(32)             not null,
   id_recruitexaminfo   char(32)             null,
   id_recruitexamsubject char(32)             null,
   id_recruitexamsubjectgrade char(32)             null,
   subjectDict          varchar(20)          null,
   gradeDict            varchar(20)          null,
   num                  int                  null,
   capacity             int                  null,
   place                varchar(200)         null,
   remark               varchar(200)         null,
   invigilator1         varchar(200)         null,
   invigilator2         varchar(200)         null,
   patrolInvigilator    varchar(100)         null,
   ft                   char(19)             null,
   lt                   char(19)             null,
   fu                   char(32)             null,
   lu                   char(32)             null
)
go

alter table er_recruitexamroom
   add constraint PK_ER_RECRUITEXAMROOM primary key (id)
go

/*==============================================================*/
/* Table: er_recruitexamroomstudent                             */
/*==============================================================*/
create table er_recruitexamroomstudent (
   id                   char(32)             not null,
   id_recruitexaminfo   char(32)             null,
   id_recruitexamroom   char(32)             null,
   id_recruitexamstudent char(32)             null,
   id_recruitexamsubject char(32)             null,
   id_recruitexamsubjectgrade char(32)             null,
   subjectDict          varchar(20)          null,
   gradeDict            varchar(20)          null,
   examRoomNum          int                  null,
   SeatNum              int                  null,
   score                int                  null,
   ft                   char(19)             null,
   lt                   char(19)             null,
   fu                   char(32)             null,
   lu                   char(32)             null
)
go

alter table er_recruitexamroomstudent
   add constraint PK_ER_RECRUITEXAMROOMSTUDENT primary key (id)
go

/*==============================================================*/
/* Table: er_recruitexamstudent                                 */
/*==============================================================*/
create table er_recruitexamstudent (
   id                   char(32)             not null,
   id_recruitexaminfo   char(32)             null,
   name                 varchar(100)         null,
   sexDict              varchar(20)          null,
   schoolDict           varchar(20)          null,
   gradeDict            varchar(20)          null,
   classDict            varchar(20)          null,
   counselingTeacher    varchar(100)         null,
   guardianPhone        varchar(50)          null,
   email                varchar(100)         null,
   password             varchar(50)          null,
   submitStatus         char(1)              null,
   checkStatus          char(1)              null,
   checkRemark          varchar(1000)        null,
   permitNum            varchar(30)          null,
   ft                   char(19)             null,
   lt                   char(19)             null,
   fu                   char(32)             null,
   lu                   char(32)             null
)
go

alter table er_recruitexamstudent
   add constraint PK_ER_RECRUITEXAMSTUDENT primary key (id)
go

/*==============================================================*/
/* Table: er_recruitexamstudentsubject                          */
/*==============================================================*/
create table er_recruitexamstudentsubject (
   id                   char(32)             not null,
   id_recruitexaminfo   char(32)             null,
   id_recruitexamstudent char(32)             null,
   id_recruitexamsubject char(32)             null,
   id_recruitexamsubjectgrade char(32)             null,
   subjectDict          varchar(20)          null,
   gradeDict            varchar(20)          null,
   ft                   char(19)             null,
   lt                   char(19)             null,
   fu                   char(32)             null,
   lu                   char(32)             null
)
go

alter table er_recruitexamstudentsubject
   add constraint PK_ER_RECRUITEXAMSTUDENTSUBJEC primary key (id)
go

/*==============================================================*/
/* Table: er_recruitexamsubject                                 */
/*==============================================================*/
create table er_recruitexamsubject (
   id                   char(32)             not null,
   id_recruitexaminfo   char(32)             null,
   subjectDict          varchar(20)          null,
   ft                   char(19)             null,
   lt                   char(19)             null,
   fu                   char(32)             null,
   lu                   char(32)             null
)
go

alter table er_recruitexamsubject
   add constraint PK_ER_RECRUITEXAMSUBJECT primary key (id)
go

/*==============================================================*/
/* Table: er_recruitexamsubjectgrade                            */
/*==============================================================*/
create table er_recruitexamsubjectgrade (
   id                   char(32)             not null,
   id_recruitexaminfo   char(32)             null,
   id_recruitexamsubject char(32)             null,
   subjectDict          varchar(20)          null,
   gradeDict            varchar(20)          null,
   endTime              char(5)              null,
   startTime            char(5)              null,
   examDate             char(10)             null,
   ft                   char(19)             null,
   lt                   char(19)             null,
   fu                   char(32)             null,
   lu                   char(32)             null
)
go

alter table er_recruitexamsubjectgrade
   add constraint PK_ER_RECRUITEXAMSUBJECTGRADE primary key (id)
go

alter table er_recruitexaminfo
   add constraint FK_ER_RECRU_REFERENCE_BD_SCHOO foreign key (id_schoolterm)
      references bd_schoolterm (id)
go

alter table er_recruitexamroom
   add constraint FK_RECRUITEXAMROOM_RECRUITEXAMINFO foreign key (id_recruitexaminfo)
      references er_recruitexaminfo (id)
go

alter table er_recruitexamroom
   add constraint FK_RECRUITEXAMROOM_RECRUITEXAMSUBJECT foreign key (id_recruitexamsubject)
      references er_recruitexamsubject (id)
go

alter table er_recruitexamroom
   add constraint FK_RECRUITEXAMROOM_RECRUITEXAMSUBJECTGRADE foreign key (id_recruitexamsubjectgrade)
      references er_recruitexamsubjectgrade (id)
go

alter table er_recruitexamroomstudent
   add constraint FK_RECRUITEXAMROOMSTUDENT_RECRUITEXAMINFO foreign key (id_recruitexaminfo)
      references er_recruitexaminfo (id)
go

alter table er_recruitexamroomstudent
   add constraint FK_RECRUITEXAMROOMSTUDENT_RECRUITEXAMROOM foreign key (id_recruitexamroom)
      references er_recruitexamroom (id)
go

alter table er_recruitexamroomstudent
   add constraint FK_RECRUITEXAMROOMSTUDENT_RECRUITEXAMSTUDENT foreign key (id_recruitexamstudent)
      references er_recruitexamstudent (id)
go

alter table er_recruitexamroomstudent
   add constraint FK_RECRUITEXAMROOMSTUDENT_RECRUITEXAMSUBJECT foreign key (id_recruitexamsubject)
      references er_recruitexamsubject (id)
go

alter table er_recruitexamroomstudent
   add constraint FK_RECRUITEXAMROOMSTUDENT_RECRUITEXAMSUBJECTGRADE foreign key (id_recruitexamsubjectgrade)
      references er_recruitexamsubjectgrade (id)
go

alter table er_recruitexamstudent
   add constraint FK_RECRUITEXAMSTUDENT_RECRUITEXAMINFO foreign key (id_recruitexaminfo)
      references er_recruitexaminfo (id)
go

alter table er_recruitexamstudentsubject
   add constraint FK_RECRUITEXAMSTUDENTSUBJECT_RECRUITEXAMINFO foreign key (id_recruitexaminfo)
      references er_recruitexaminfo (id)
go

alter table er_recruitexamstudentsubject
   add constraint FK_RECRUITEXAMSTUDENTSUBJECT_RECRUITEXAMSTUDENT foreign key (id_recruitexamstudent)
      references er_recruitexamstudent (id)
go

alter table er_recruitexamstudentsubject
   add constraint FK_RECRUITEXAMSTUDENTSUBJECT_RECRUITEXAMSUBJECT foreign key (id_recruitexamsubject)
      references er_recruitexamsubject (id)
go

alter table er_recruitexamstudentsubject
   add constraint FK_RECRUITEXAMSTUDENTSUBJECT_RECRUITEXAMSUBJECTGRADE foreign key (id_recruitexamsubjectgrade)
      references er_recruitexamsubjectgrade (id)
go

alter table er_recruitexamsubject
   add constraint FK_RECRUITEXAMSUBJECT_RECRUITEXAMINFO foreign key (id_recruitexaminfo)
      references er_recruitexaminfo (id)
go

alter table er_recruitexamsubjectgrade
   add constraint FK_RECRUITEXAMSUBJECTGRADE_RECRUITEXAMINFO foreign key (id_recruitexaminfo)
      references er_recruitexaminfo (id)
go

alter table er_recruitexamsubjectgrade
   add constraint FK_RECRUITEXAMSUBJECTGRADE_RECRUITEXAMSUBJECT foreign key (id_recruitexamsubject)
      references er_recruitexamsubject (id)
go

---
GO
INSERT [dbo].[bd_module] ([id], [name], [nameI18n], [code], [num], [deployFlag], [ft], [lt], [fu], [lu]) VALUES (N'20130108163534958760612620730955', N'', N'bd_module_er', N'er', 8, N'1', N'2013-01-08 16:35:34', N'2013-01-08 16:36:01', N'20120507134700000110225236178825', N'20120507134700000110225236178825')

---
GO
INSERT [dbo].[bd_operation] ([id], [id_module], [id_parent], [name], [nameI18n], [code], [operationDict], [url], [openMode], [datascopeFlag], [num], [icon], [winHeight], [winWidth], [description], [ft], [lt], [fu], [lu]) VALUES (N'20130108163931959146480340449946', N'20130108163534958760612620730955', NULL, N'', N'bd_operation_er', N'er', N'0', N'/er/externalRecruitExam!index.action', N'0', N'0', 1, N'app-externalRecruitExam', N'100%', N'100%', N'', N'2013-01-08 16:39:31', N'2013-03-01 17:12:50', N'20120507134700000110225236178825', N'20120507134700000110225236178825')
go
INSERT [dbo].[bd_operation] ([id], [id_module], [id_parent], [name], [nameI18n], [code], [operationDict], [url], [openMode], [datascopeFlag], [num], [icon], [winHeight], [winWidth], [description], [ft], [lt], [fu], [lu]) VALUES (N'20130109114248485366333386950200', N'20130108163534958760612620730955', N'20130108163931959146480340449946', N'', N'bd_operation_er_recruitExamInfo', N'er_recruitExamInfo', N'2', N'', N'0', N'0', 1, N'', N'', N'', N'', N'2013-01-09 11:42:48', N'2013-01-11 17:03:20', N'20120507134700000110225236178825', N'20120507134700000110225236178825')
INSERT [dbo].[bd_operation] ([id], [id_module], [id_parent], [name], [nameI18n], [code], [operationDict], [url], [openMode], [datascopeFlag], [num], [icon], [winHeight], [winWidth], [description], [ft], [lt], [fu], [lu]) VALUES (N'20130111175752818789945326236630', N'20130108163534958760612620730955', N'20130108163931959146480340449946', N'', N'bd_operation_er_accountManagement', N'er_accountManagement', N'2', N'', N'0', N'0', 2, N'', N'', N'', N'', N'2013-01-11 17:57:52', NULL, N'20120507134700000110225236178825', NULL)
INSERT [dbo].[bd_operation] ([id], [id_module], [id_parent], [name], [nameI18n], [code], [operationDict], [url], [openMode], [datascopeFlag], [num], [icon], [winHeight], [winWidth], [description], [ft], [lt], [fu], [lu]) VALUES (N'20130111180521056271000872026986', N'20130108163534958760612620730955', N'20130108163931959146480340449946', N'', N'bd_operation_er_arrangeInvigilate', N'er_arrangeInvigilate', N'2', N'', N'0', N'0', 5, N'', N'', N'', N'', N'2013-01-11 18:05:21', NULL, N'20120507134700000110225236178825', NULL)
INSERT [dbo].[bd_operation] ([id], [id_module], [id_parent], [name], [nameI18n], [code], [operationDict], [url], [openMode], [datascopeFlag], [num], [icon], [winHeight], [winWidth], [description], [ft], [lt], [fu], [lu]) VALUES (N'20130111181013768649332947353816', N'20130108163534958760612620730955', N'20130108163931959146480340449946', N'', N'bd_operation_er_statisticalResults', N'er_statisticalResults', N'2', N'', N'0', N'0', 7, N'', N'', N'', N'', N'2013-01-11 18:10:13', NULL, N'20120507134700000110225236178825', NULL)
INSERT [dbo].[bd_operation] ([id], [id_module], [id_parent], [name], [nameI18n], [code], [operationDict], [url], [openMode], [datascopeFlag], [num], [icon], [winHeight], [winWidth], [description], [ft], [lt], [fu], [lu]) VALUES (N'20130111180037564844135941679560', N'20130108163534958760612620730955', N'20130108163931959146480340449946', N'', N'bd_operation_er_auditRegistration', N'er_auditRegistration', N'2', N'', N'0', N'0', 3, N'', N'', N'', N'', N'2013-01-11 18:00:37', NULL, N'20120507134700000110225236178825', NULL)
INSERT [dbo].[bd_operation] ([id], [id_module], [id_parent], [name], [nameI18n], [code], [operationDict], [url], [openMode], [datascopeFlag], [num], [icon], [winHeight], [winWidth], [description], [ft], [lt], [fu], [lu]) VALUES (N'20130111180409193110291860407016', N'20130108163534958760612620730955', N'20130108163931959146480340449946', N'', N'bd_operation_er_arrangeExamRoom', N'er_arrangeExamRoom', N'2', N'', N'0', N'0', 4, N'', N'', N'', N'', N'2013-01-11 18:04:09', NULL, N'20120507134700000110225236178825', NULL)
INSERT [dbo].[bd_operation] ([id], [id_module], [id_parent], [name], [nameI18n], [code], [operationDict], [url], [openMode], [datascopeFlag], [num], [icon], [winHeight], [winWidth], [description], [ft], [lt], [fu], [lu]) VALUES (N'20130111180838951700786752891080', N'20130108163534958760612620730955', N'20130108163931959146480340449946', N'', N'bd_operation_er_examResultsEntry', N'er_examResultsEntry', N'2', N'', N'0', N'0', 6, N'', N'', N'', N'', N'2013-01-11 18:08:38', NULL, N'20120507134700000110225236178825', NULL)
---
GO

INSERT [dbo].[bd_dictionary] ([id], [name], [code], [description], [kind], [enableFlag], [editableFlag], [systemFlag], [ft], [lt], [fu], [lu]) VALUES (N'20130118152719899434240383823864', N'', N'er_class', NULL, N'0', NULL, N'1', NULL, N'2013-01-18 15:27:19', NULL, N'20120507134700000110225236178825', NULL)
INSERT [dbo].[bd_dictionary] ([id], [name], [code], [description], [kind], [enableFlag], [editableFlag], [systemFlag], [ft], [lt], [fu], [lu]) VALUES (N'20130114151058155184035641703991', N'', N'er_subject', NULL, N'0', NULL, N'1', NULL, N'2013-01-14 15:10:58', N'2013-01-14 15:13:26', N'20120507134700000110225236178825', N'20120507134700000110225236178825')
INSERT [dbo].[bd_dictionary] ([id], [name], [code], [description], [kind], [enableFlag], [editableFlag], [systemFlag], [ft], [lt], [fu], [lu]) VALUES (N'20130114151312867572571926608077', N'', N'er_grade', NULL, N'0', NULL, N'1', NULL, N'2013-01-14 15:13:12', NULL, N'20120507134700000110225236178825', NULL)
INSERT [dbo].[bd_dictionary] ([id], [name], [code], [description], [kind], [enableFlag], [editableFlag], [systemFlag], [ft], [lt], [fu], [lu]) VALUES (N'20130114151411251998155652106381', N'', N'er_school', NULL, N'0', NULL, N'1', NULL, N'2013-01-14 15:14:11', NULL, N'20120507134700000110225236178825', NULL)
---
GO
INSERT [dbo].[bd_dictionaryvalue] ([id], [id_dictionary], [id_parent], [code], [value], [num], [description], [enableFlag], [editableFlag], [systemFlag], [ft], [lt], [fu], [lu]) VALUES (N'20130118152837895312174899373654', N'20130118152719899434240383823864', NULL, N'er_class_3', N'3', 3, NULL, N'1', NULL, NULL, N'2013-01-18 15:28:37', NULL, N'20120507134700000110225236178825', NULL)
INSERT [dbo].[bd_dictionaryvalue] ([id], [id_dictionary], [id_parent], [code], [value], [num], [description], [enableFlag], [editableFlag], [systemFlag], [ft], [lt], [fu], [lu]) VALUES (N'20130118152900835849664161496099', N'20130118152719899434240383823864', NULL, N'er_class_6', N'6', 6, NULL, N'1', NULL, NULL, N'2013-01-18 15:29:00', NULL, N'20120507134700000110225236178825', NULL)
INSERT [dbo].[bd_dictionaryvalue] ([id], [id_dictionary], [id_parent], [code], [value], [num], [description], [enableFlag], [editableFlag], [systemFlag], [ft], [lt], [fu], [lu]) VALUES (N'20130118152925065203548615679613', N'20130118152719899434240383823864', NULL, N'er_class_9', N'9', 9, NULL, N'1', NULL, NULL, N'2013-01-18 15:29:25', NULL, N'20120507134700000110225236178825', NULL)
INSERT [dbo].[bd_dictionaryvalue] ([id], [id_dictionary], [id_parent], [code], [value], [num], [description], [enableFlag], [editableFlag], [systemFlag], [ft], [lt], [fu], [lu]) VALUES (N'20130118152828370760156261642833', N'20130118152719899434240383823864', NULL, N'er_class_2', N'2', 2, NULL, N'1', NULL, NULL, N'2013-01-18 15:28:28', NULL, N'20120507134700000110225236178825', NULL)
INSERT [dbo].[bd_dictionaryvalue] ([id], [id_dictionary], [id_parent], [code], [value], [num], [description], [enableFlag], [editableFlag], [systemFlag], [ft], [lt], [fu], [lu]) VALUES (N'20130118152853688650011102205394', N'20130118152719899434240383823864', NULL, N'er_class_5', N'5', 5, NULL, N'1', NULL, NULL, N'2013-01-18 15:28:53', NULL, N'20120507134700000110225236178825', NULL)
INSERT [dbo].[bd_dictionaryvalue] ([id], [id_dictionary], [id_parent], [code], [value], [num], [description], [enableFlag], [editableFlag], [systemFlag], [ft], [lt], [fu], [lu]) VALUES (N'20130118152916683982592336758031', N'20130118152719899434240383823864', NULL, N'er_class_8', N'8', 8, NULL, N'1', NULL, NULL, N'2013-01-18 15:29:16', NULL, N'20120507134700000110225236178825', NULL)
INSERT [dbo].[bd_dictionaryvalue] ([id], [id_dictionary], [id_parent], [code], [value], [num], [description], [enableFlag], [editableFlag], [systemFlag], [ft], [lt], [fu], [lu]) VALUES (N'20130118153018072990905780832078', N'20130118152719899434240383823864', NULL, N'er_class_12', N'12', 12, NULL, N'1', NULL, NULL, N'2013-01-18 15:30:18', NULL, N'20120507134700000110225236178825', NULL)
INSERT [dbo].[bd_dictionaryvalue] ([id], [id_dictionary], [id_parent], [code], [value], [num], [description], [enableFlag], [editableFlag], [systemFlag], [ft], [lt], [fu], [lu]) VALUES (N'20130118152815986387551490510319', N'20130118152719899434240383823864', NULL, N'er_class_1', N'1', 1, NULL, N'1', NULL, NULL, N'2013-01-18 15:28:15', NULL, N'20120507134700000110225236178825', NULL)
INSERT [dbo].[bd_dictionaryvalue] ([id], [id_dictionary], [id_parent], [code], [value], [num], [description], [enableFlag], [editableFlag], [systemFlag], [ft], [lt], [fu], [lu]) VALUES (N'20130118152845635483100264131318', N'20130118152719899434240383823864', NULL, N'er_class_4', N'4', 4, NULL, N'1', NULL, NULL, N'2013-01-18 15:28:45', NULL, N'20120507134700000110225236178825', NULL)
INSERT [dbo].[bd_dictionaryvalue] ([id], [id_dictionary], [id_parent], [code], [value], [num], [description], [enableFlag], [editableFlag], [systemFlag], [ft], [lt], [fu], [lu]) VALUES (N'20130118152908768113307844073065', N'20130118152719899434240383823864', NULL, N'er_class_7', N'7', 7, NULL, N'1', NULL, NULL, N'2013-01-18 15:29:08', NULL, N'20120507134700000110225236178825', NULL)
INSERT [dbo].[bd_dictionaryvalue] ([id], [id_dictionary], [id_parent], [code], [value], [num], [description], [enableFlag], [editableFlag], [systemFlag], [ft], [lt], [fu], [lu]) VALUES (N'20130118153005941041384794652295', N'20130118152719899434240383823864', NULL, N'er_class_11', N'11', 11, NULL, N'1', NULL, NULL, N'2013-01-18 15:30:05', NULL, N'20120507134700000110225236178825', NULL)

INSERT [dbo].[bd_dictionaryvalue] ([id], [id_dictionary], [id_parent], [code], [value], [num], [description], [enableFlag], [editableFlag], [systemFlag], [ft], [lt], [fu], [lu]) VALUES (N'20130114151626174543840685453282', N'20130114151058155184035641703991', NULL, N'er_subject_english', N'', 3, NULL, N'1', NULL, NULL, N'2013-01-14 15:16:26', NULL, N'20120507134700000110225236178825', NULL)
INSERT [dbo].[bd_dictionaryvalue] ([id], [id_dictionary], [id_parent], [code], [value], [num], [description], [enableFlag], [editableFlag], [systemFlag], [ft], [lt], [fu], [lu]) VALUES (N'20130114151516195303806899742046', N'20130114151058155184035641703991', NULL, N'er_subject_chinese', N'', 1, NULL, N'1', NULL, NULL, N'2013-01-14 15:15:16', NULL, N'20120507134700000110225236178825', NULL)
INSERT [dbo].[bd_dictionaryvalue] ([id], [id_dictionary], [id_parent], [code], [value], [num], [description], [enableFlag], [editableFlag], [systemFlag], [ft], [lt], [fu], [lu]) VALUES (N'20130114151601601579610652581849', N'20130114151058155184035641703991', NULL, N'er_subject_mathemati', N'', 2, NULL, N'1', NULL, NULL, N'2013-01-14 15:16:01', NULL, N'20120507134700000110225236178825', NULL)

INSERT [dbo].[bd_dictionaryvalue] ([id], [id_dictionary], [id_parent], [code], [value], [num], [description], [enableFlag], [editableFlag], [systemFlag], [ft], [lt], [fu], [lu]) VALUES (N'20130114151932512636346065369517', N'20130114151312867572571926608077', NULL, N'er_grade_6', N'', 6, NULL, N'1', NULL, NULL, N'2013-01-14 15:19:32', N'2013-01-14 15:19:47', N'20120507134700000110225236178825', N'20120507134700000110225236178825')
INSERT [dbo].[bd_dictionaryvalue] ([id], [id_dictionary], [id_parent], [code], [value], [num], [description], [enableFlag], [editableFlag], [systemFlag], [ft], [lt], [fu], [lu]) VALUES (N'20130114151958178742911229296172', N'20130114151312867572571926608077', NULL, N'er_grade_7', N'', 7, NULL, N'1', NULL, NULL, N'2013-01-14 15:19:58', NULL, N'20120507134700000110225236178825', NULL)
INSERT [dbo].[bd_dictionaryvalue] ([id], [id_dictionary], [id_parent], [code], [value], [num], [description], [enableFlag], [editableFlag], [systemFlag], [ft], [lt], [fu], [lu]) VALUES (N'20130114152008598727279613267362', N'20130114151312867572571926608077', NULL, N'er_grade_8', N'', 8, NULL, N'1', NULL, NULL, N'2013-01-14 15:20:08', NULL, N'20120507134700000110225236178825', NULL)
INSERT [dbo].[bd_dictionaryvalue] ([id], [id_dictionary], [id_parent], [code], [value], [num], [description], [enableFlag], [editableFlag], [systemFlag], [ft], [lt], [fu], [lu]) VALUES (N'20130114152024585820322474692125', N'20130114151312867572571926608077', NULL, N'er_grade_9', N'', 9, NULL, N'1', NULL, NULL, N'2013-01-14 15:20:24', NULL, N'20120507134700000110225236178825', NULL)
INSERT [dbo].[bd_dictionaryvalue] ([id], [id_dictionary], [id_parent], [code], [value], [num], [description], [enableFlag], [editableFlag], [systemFlag], [ft], [lt], [fu], [lu]) VALUES (N'20130114151852182108201929085757', N'20130114151312867572571926608077', NULL, N'er_grade_2', N'', 2, NULL, N'1', NULL, NULL, N'2013-01-14 15:18:52', NULL, N'20120507134700000110225236178825', NULL)
INSERT [dbo].[bd_dictionaryvalue] ([id], [id_dictionary], [id_parent], [code], [value], [num], [description], [enableFlag], [editableFlag], [systemFlag], [ft], [lt], [fu], [lu]) VALUES (N'20130114151920444482866125287786', N'20130114151312867572571926608077', NULL, N'er_grade_5', N'', 5, NULL, N'1', NULL, NULL, N'2013-01-14 15:19:20', NULL, N'20120507134700000110225236178825', NULL)
INSERT [dbo].[bd_dictionaryvalue] ([id], [id_dictionary], [id_parent], [code], [value], [num], [description], [enableFlag], [editableFlag], [systemFlag], [ft], [lt], [fu], [lu]) VALUES (N'20130114151842038376682942921211', N'20130114151312867572571926608077', NULL, N'er_grade_1', N'', 1, NULL, N'1', NULL, NULL, N'2013-01-14 15:18:42', NULL, N'20120507134700000110225236178825', NULL)
INSERT [dbo].[bd_dictionaryvalue] ([id], [id_dictionary], [id_parent], [code], [value], [num], [description], [enableFlag], [editableFlag], [systemFlag], [ft], [lt], [fu], [lu]) VALUES (N'20130114151901336831895894474273', N'20130114151312867572571926608077', NULL, N'er_grade_3', N'', 3, NULL, N'1', NULL, NULL, N'2013-01-14 15:19:01', NULL, N'20120507134700000110225236178825', NULL)
INSERT [dbo].[bd_dictionaryvalue] ([id], [id_dictionary], [id_parent], [code], [value], [num], [description], [enableFlag], [editableFlag], [systemFlag], [ft], [lt], [fu], [lu]) VALUES (N'20130114151911969378619225125138', N'20130114151312867572571926608077', NULL, N'er_grade_4', N'', 4, NULL, N'1', NULL, NULL, N'2013-01-14 15:19:11', NULL, N'20120507134700000110225236178825', NULL)
go

insert into fw_attachmentconfig(id,code,saveDir,dirLevel,fileSize,fileCount,extension,description,ft,lt,fu,lu) values('20130118161914346823480322093212','er_studentPic','d:\temp',3,1,1,'jpg;gif;jpeg;bmp','','2013-01-18 16:19:14','2013-01-18 16:24:51','20120507134700000110225236178825','20120507134700000110225236178825');
/*tag1.0 end*/
/*tag1.0 start*/
/*==============================================================*/
/* Table: fa_applypurchaserecord                                */
/*==============================================================*/
create table fa_applypurchaserecord (
   id                   char(32)             not null,
   id_assetskind        char(32)             null,
   id_applyUser         char(32)             null,
   id_department        char(32)             null,
   applyDate            char(10)             null,
   number               int                  null,
   checkStatus          char(1)              null,
   demand               varchar(2000)        null,
   reason               varchar(2000)        null,
   checkReason          varchar(2000)        null,
   ft                   char(19)             null,
   lt                   char(19)             null,
   fu                   char(32)             null,
   lu                   char(32)             null
)
go

alter table fa_applypurchaserecord
   add constraint PK_FA_APPLYPURCHASERECORD primary key nonclustered (id)
go

/*==============================================================*/
/* Table: fa_assetskind                                         */
/*==============================================================*/
create table fa_assetskind (
   id                   char(32)             not null,
   id_parent            char(32)             null,
   code                 varchar(50)          null,
   name                 varchar(100)         null,
   usefulLife           int                  null,
   netResidualOfRate    int                  null,
   unit                 varchar(20)          null,
   ft                   char(19)             null,
   lt                   char(19)             null,
   fu                   char(32)             null,
   lu                   char(32)             null
)
go

alter table fa_assetskind
   add constraint PK_FA_ASSETSKIND primary key nonclustered (id)
go

/*==============================================================*/
/* Table: fa_borrowrecord                                       */
/*==============================================================*/
create table fa_borrowrecord (
   id                   char(32)             not null,
   id_department        char(32)             null,
   id_borrower          char(32)             null,
   id_operator          char(32)             null,
   borrowDate           char(10)             null,
   contact              varchar(100)         null,
   detail               text                 null,
   reason               varchar(2000)        null,
   ft                   char(19)             null,
   lt                   char(19)             null,
   fu                   char(32)             null,
   lu                   char(32)             null
)
go

alter table fa_borrowrecord
   add constraint PK_FA_BORROWRECORD primary key nonclustered (id)
go

/*==============================================================*/
/* Table: fa_fixedassets                                        */
/*==============================================================*/
create table fa_fixedassets (
   id                   char(32)             not null,
   id_assetsKind        char(32)             null,
   id_department        char(32)             null,
   id_user              char(32)             null,
   code                 varchar(50)          null,
   name                 varchar(100)         null,
   brandSpecifications  varchar(100)         null,
   usefulLife           int                  null,
   netResidualOfRate    int                  null,
   unit                 varchar(20)          null,
   unitPrice            int                  null,
   originalPrice        int                  null,
   increaseWay          varchar(20)          null,
   purchaseFactory      varchar(100)         null,
   warrantyPeriod       int                  null,
   contact              varchar(100)         null,
   appropriateCode      varchar(50)          null,
   purchaseDate         char(10)             null,
   registrationDate     char(10)             null,
   status               char(1)              null,
   note                 varchar(200)         null,
   ft                   char(19)             null,
   lt                   char(19)             null,
   fu                   char(32)             null,
   lu                   char(32)             null
)
go

alter table fa_fixedassets
   add constraint PK_FA_FIXEDASSETS primary key nonclustered (id)
go

/*==============================================================*/
/* Table: fa_maintenancerecord                                  */
/*==============================================================*/
create table fa_maintenancerecord (
   id                   char(32)             not null,
   id_fixedassets       char(32)             null,
   id_user              char(32)             null,
   id_operator          char(32)             null,
   cost                 int                  null,
   maintenanceDate      char(10)             null,
   maintenancePerson    varchar(200)         null,
   reason               varchar(2000)        null,
   ft                   char(19)             null,
   lt                   char(19)             null,
   fu                   char(32)             null,
   lu                   char(32)             null
)
go

alter table fa_maintenancerecord
   add constraint PK_FA_MAINTENANCERECORD primary key nonclustered (id)
go

/*==============================================================*/
/* Table: fa_reducerecord                                       */
/*==============================================================*/
create table fa_reducerecord (
   id                   char(32)             not null,
   id_fixedassets       char(32)             null,
   id_operator          char(32)             null,
   reduceDate           char(10)             null,
   reduceWay            varchar(20)          null,
   ft                   char(19)             null,
   lt                   char(19)             null,
   fu                   char(32)             null,
   lu                   char(32)             null
)
go

alter table fa_reducerecord
   add constraint PK_FA_REDUCERECORD primary key nonclustered (id)
go

/*==============================================================*/
/* Table: fa_transferrecord                                     */
/*==============================================================*/
create table fa_transferrecord (
   id                   char(32)             not null,
   id_fixedassets       char(32)             null,
   id_custodian         char(32)             null,
   id_user              char(32)             null,
   custodyStartDate     char(10)             null,
   useStartDate         char(10)             null,
   location             varchar(100)         null,
   note                 varchar(200)         null,
   ft                   char(19)             null,
   lt                   char(19)             null,
   fu                   char(32)             null,
   lu                   char(32)             null
)
go

alter table fa_transferrecord
   add constraint PK_FA_TRANSFERRECORD primary key nonclustered (id)
go

alter table fa_applypurchaserecord
   add constraint FK_APPLYPURCHASERECORD_ASSETSKIND foreign key (id_assetskind)
      references fa_assetskind (id)
go

alter table fa_applypurchaserecord
   add constraint FK_APPLYPURCHASE_DEPARTMENT foreign key (id_department)
      references bd_department (id)
go

alter table fa_applypurchaserecord
   add constraint FK_APPLYPURCHASE_USER foreign key (id_applyUser)
      references bd_user (id)
go

alter table fa_assetskind
   add constraint FK_ASSETSKIND_ASSETSKIND foreign key (id_parent)
      references fa_assetskind (id)
go

alter table fa_borrowrecord
   add constraint FK_BORROW_DEPARTMENT foreign key (id_department)
      references bd_department (id)
go

alter table fa_borrowrecord
   add constraint FK_BORROW_USER2 foreign key (id_operator)
      references bd_user (id)
go

alter table fa_borrowrecord
   add constraint FK_BORROW_USER foreign key (id_borrower)
      references bd_user (id)
go

alter table fa_fixedassets
   add constraint FK_FIXEDASSETS_ASSETSKIND foreign key (id_assetsKind)
      references fa_assetskind (id)
go

alter table fa_fixedassets
   add constraint FK_FIXEDASSETS_DEPARTMENT foreign key (id_department)
      references bd_department (id)
go

alter table fa_fixedassets
   add constraint FK_FIXEDASSETS_USER foreign key (id_user)
      references bd_user (id)
go

alter table fa_maintenancerecord
   add constraint FK_MAINTENANCE_FIXEDASSETS foreign key (id_fixedassets)
      references fa_fixedassets (id)
go

alter table fa_maintenancerecord
   add constraint FK_MAINTENANCE_USER2 foreign key (id_operator)
      references bd_user (id)
go

alter table fa_maintenancerecord
   add constraint FK_MAINTENANCE_USER foreign key (id_user)
      references bd_user (id)
go

alter table fa_reducerecord
   add constraint FK_REDUCE_FIXEDASSETS foreign key (id_fixedassets)
      references fa_fixedassets (id)
go

alter table fa_reducerecord
   add constraint FK_REDUCE_USER foreign key (id_operator)
      references bd_user (id)
go

alter table fa_transferrecord
   add constraint FK_TRANSFER_FIXEDASSETS foreign key (id_fixedassets)
      references fa_fixedassets (id)
go

alter table fa_transferrecord
   add constraint FK_TRANSFER_USER2 foreign key (id_custodian)
      references bd_user (id)
go

alter table fa_transferrecord
   add constraint FK_TRANSFER_USER foreign key (id_user)
      references bd_user (id)
go

--
INSERT [dbo].[bd_module] ([id], [name], [nameI18n], [code], [num], [deployFlag], [ft], [lt], [fu], [lu]) VALUES (N'20121226161341355053882328665302', N'', N'bd_module_fa', N'fa', NULL, N'1', N'2012-12-26 16:13:41', NULL, N'20120507134700000110225236178825', NULL)
--
INSERT [dbo].[fw_attachmentconfig] ([id], [code], [saveDir], [dirLevel], [fileSize], [fileCount], [extension], [description], [ft], [lt], [fu], [lu]) VALUES (N'20130105171434667687869835296296', N'fixedAssetsPic', N'd:/temp', 3, 10, 1, N'jpg;gif;bmp;png', N'', N'2013-01-05 17:14:34', N'2013-01-06 18:17:09', N'20120507134700000110225236178825', N'20120507134700000110225236178825')
--
INSERT [dbo].[bd_operation] ([id], [id_module], [id_parent], [name], [nameI18n], [code], [operationDict], [url], [openMode], [datascopeFlag], [num], [icon], [winHeight], [winWidth], [description], [ft], [lt], [fu], [lu]) VALUES (N'20121226161627496975444471346478', N'20121226161341355053882328665302', NULL, N'', N'bd_module_fa', N'fa', N'0', N'/fa/index!index.action', N'0', N'0', 1, N'app-assets', N'100%', N'100%', N'', N'2012-12-26 16:16:27', N'2013-01-05 15:59:03', N'20120507134700000110225236178825', N'20120507134700000110225236178825')
INSERT [dbo].[bd_operation] ([id], [id_module], [id_parent], [name], [nameI18n], [code], [operationDict], [url], [openMode], [datascopeFlag], [num], [icon], [winHeight], [winWidth], [description], [ft], [lt], [fu], [lu]) VALUES (N'20121226162201855543774797763621', N'20121226161341355053882328665302', N'20121226161627496975444471346478', N'', N'fa_assetsKind', N'assetsKind', N'2', N'/fa/assetsKind!index.action', N'0', N'0', 1, N'', N'', N'', N'', N'2012-12-26 16:22:01', NULL, N'20120507134700000110225236178825', NULL)
INSERT [dbo].[bd_operation] ([id], [id_module], [id_parent], [name], [nameI18n], [code], [operationDict], [url], [openMode], [datascopeFlag], [num], [icon], [winHeight], [winWidth], [description], [ft], [lt], [fu], [lu]) VALUES (N'20130105155847932831217065968299', N'20121226161341355053882328665302', N'20121226161627496975444471346478', N'', N'fa_fixedassets', N'fixedassets', N'2', N'fa/fixedassets!list.action', N'0', N'0', 2, N'', N'', N'', N'', N'2013-01-05 15:58:47', N'2013-01-05 15:59:10', N'20120507134700000110225236178825', N'20120507134700000110225236178825')
INSERT [dbo].[bd_operation] ([id], [id_module], [id_parent], [name], [nameI18n], [code], [operationDict], [url], [openMode], [datascopeFlag], [num], [icon], [winHeight], [winWidth], [description], [ft], [lt], [fu], [lu]) VALUES (N'20130114175428843712565552260162', N'20121226161341355053882328665302', N'20121226161627496975444471346478', N'', N'fa_borrowRecord', N'borrowRecord', N'2', N'fa/borrowRecord!list.action', N'0', N'0', 3, N'', N'', N'', N'', N'2013-01-14 17:54:28', NULL, N'20120507134700000110225236178825', NULL)
INSERT [dbo].[bd_operation] ([id], [id_module], [id_parent], [name], [nameI18n], [code], [operationDict], [url], [openMode], [datascopeFlag], [num], [icon], [winHeight], [winWidth], [description], [ft], [lt], [fu], [lu]) VALUES (N'20130115091030062958591514020150', N'20121226161341355053882328665302', N'20121226161627496975444471346478', N'', N'fa_applyPurchaseRecord', N'applyPurchaseRecord', N'2', N'fa/applyPurchaseRecord!list.action', N'0', N'0', 4, N'', N'', N'', N'', N'2013-01-15 09:10:30', N'2013-01-15 09:43:58', N'20120507134700000110225236178825', N'20120507134700000110225236178825')
INSERT [dbo].[bd_operation] ([id], [id_module], [id_parent], [name], [nameI18n], [code], [operationDict], [url], [openMode], [datascopeFlag], [num], [icon], [winHeight], [winWidth], [description], [ft], [lt], [fu], [lu]) VALUES (N'20130115091137609231981532860862', N'20121226161341355053882328665302', N'20121226161627496975444471346478', N'', N'fa_applyCheck', N'applyCheck', N'2', N'fa/applypurchaseRecord!checkList.action', N'0', N'0', 5, N'', N'', N'', N'', N'2013-01-15 09:11:37', N'2013-01-15 17:15:37', N'20120507134700000110225236178825', N'20120507134700000110225236178825')
INSERT [dbo].[bd_operation] ([id], [id_module], [id_parent], [name], [nameI18n], [code], [operationDict], [url], [openMode], [datascopeFlag], [num], [icon], [winHeight], [winWidth], [description], [ft], [lt], [fu], [lu]) VALUES (N'20130116123512187324606328144496', N'20121226161341355053882328665302', N'20121226161627496975444471346478', N'', N'fa_integratedQuery', N'integratedQuery', N'2', N'', N'0', N'0', 6, N'', N'', N'', N'', N'2013-01-16 12:35:12', NULL, N'20120507134700000110225236178825', NULL)
INSERT [dbo].[bd_operation] ([id], [id_module], [id_parent], [name], [nameI18n], [code], [operationDict], [url], [openMode], [datascopeFlag], [num], [icon], [winHeight], [winWidth], [description], [ft], [lt], [fu], [lu]) VALUES (N'20130115141342171266612382100514', N'20121226161341355053882328665302', N'20130115091137609231981532860862', N'', N'fa_applyCheck_final', N'finalCheck', N'2', N'', N'0', N'0', 2, N'', N'', N'', N'', N'2013-01-15 14:13:42', N'2013-01-17 14:49:51', N'20120507134700000110225236178825', N'20120507134700000110225236178825')
INSERT [dbo].[bd_operation] ([id], [id_module], [id_parent], [name], [nameI18n], [code], [operationDict], [url], [openMode], [datascopeFlag], [num], [icon], [winHeight], [winWidth], [description], [ft], [lt], [fu], [lu]) VALUES (N'20130116170528109040391500349078', N'20121226161341355053882328665302', N'20121226161627496975444471346478', N'', N'fa_reduceQuery', N'reduceQuery', N'2', N'', N'0', N'0', 7, N'', N'', N'', N'', N'2013-01-16 17:05:28', NULL, N'20120507134700000110225236178825', NULL)
--
INSERT [dbo].[bd_dictionary] ([id], [name], [code], [description], [kind], [enableFlag], [editableFlag], [systemFlag], [ft], [lt], [fu], [lu]) VALUES (N'20121226142909855617011752308484', N'', N'increaseWay', NULL, N'0', NULL, N'1', NULL, N'2012-12-26 14:29:09', N'2013-01-06 12:00:35', N'20120507134700000110225236178825', N'20120507134700000110225236178825')
INSERT [dbo].[bd_dictionary] ([id], [name], [code], [description], [kind], [enableFlag], [editableFlag], [systemFlag], [ft], [lt], [fu], [lu]) VALUES (N'20121226143342621879062049548944', N'', N'reduceWay', NULL, N'0', NULL, N'1', NULL, N'2012-12-26 14:33:42', N'2013-01-06 12:41:06', N'20120507134700000110225236178825', N'20120507134700000110225236178825')
--
INSERT [dbo].[bd_dictionaryvalue] ([id], [id_dictionary], [id_parent], [code], [value], [num], [description], [enableFlag], [editableFlag], [systemFlag], [ft], [lt], [fu], [lu]) VALUES (N'20121226143514168909471247717023', N'20121226142909855617011752308484', NULL, N'1', N'', 1, NULL, N'1', NULL, NULL, N'2012-12-26 14:35:14', NULL, N'20120507134700000110225236178825', NULL)
INSERT [dbo].[bd_dictionaryvalue] ([id], [id_dictionary], [id_parent], [code], [value], [num], [description], [enableFlag], [editableFlag], [systemFlag], [ft], [lt], [fu], [lu]) VALUES (N'20121226143525027127140379470390', N'20121226142909855617011752308484', NULL, N'2', N'', 2, NULL, N'1', NULL, NULL, N'2012-12-26 14:35:25', NULL, N'20120507134700000110225236178825', NULL)
INSERT [dbo].[bd_dictionaryvalue] ([id], [id_dictionary], [id_parent], [code], [value], [num], [description], [enableFlag], [editableFlag], [systemFlag], [ft], [lt], [fu], [lu]) VALUES (N'20121226143535918166785911197281', N'20121226142909855617011752308484', NULL, N'3', N'', 3, NULL, N'1', NULL, NULL, N'2012-12-26 14:35:35', NULL, N'20120507134700000110225236178825', NULL)
INSERT [dbo].[bd_dictionaryvalue] ([id], [id_dictionary], [id_parent], [code], [value], [num], [description], [enableFlag], [editableFlag], [systemFlag], [ft], [lt], [fu], [lu]) VALUES (N'20121226143544855540493138880025', N'20121226142909855617011752308484', NULL, N'4', N'', 4, NULL, N'1', NULL, NULL, N'2012-12-26 14:35:44', NULL, N'20120507134700000110225236178825', NULL)
INSERT [dbo].[bd_dictionaryvalue] ([id], [id_dictionary], [id_parent], [code], [value], [num], [description], [enableFlag], [editableFlag], [systemFlag], [ft], [lt], [fu], [lu]) VALUES (N'20121226143612402898738684772010', N'20121226143342621879062049548944', NULL, N'1', N'', 1, NULL, N'1', NULL, NULL, N'2012-12-26 14:36:12', NULL, N'20120507134700000110225236178825', NULL)
INSERT [dbo].[bd_dictionaryvalue] ([id], [id_dictionary], [id_parent], [code], [value], [num], [description], [enableFlag], [editableFlag], [systemFlag], [ft], [lt], [fu], [lu]) VALUES (N'20121226143618152709245711902369', N'20121226143342621879062049548944', NULL, N'2', N'', 2, NULL, N'1', NULL, NULL, N'2012-12-26 14:36:18', NULL, N'20120507134700000110225236178825', NULL)
INSERT [dbo].[bd_dictionaryvalue] ([id], [id_dictionary], [id_parent], [code], [value], [num], [description], [enableFlag], [editableFlag], [systemFlag], [ft], [lt], [fu], [lu]) VALUES (N'20121226143627855428840546926552', N'20121226143342621879062049548944', NULL, N'3', N'', 3, NULL, N'1', NULL, NULL, N'2012-12-26 14:36:27', NULL, N'20120507134700000110225236178825', NULL)
INSERT [dbo].[bd_dictionaryvalue] ([id], [id_dictionary], [id_parent], [code], [value], [num], [description], [enableFlag], [editableFlag], [systemFlag], [ft], [lt], [fu], [lu]) VALUES (N'20121226143636418020586266043034', N'20121226143342621879062049548944', NULL, N'4', N'', 4, NULL, N'1', NULL, NULL, N'2012-12-26 14:36:36', NULL, N'20120507134700000110225236178825', NULL)
/*tag1.0 end*/

/*tag1.0.1 start*/
update bd_module set name = '' where id = '20121226161341355053882328665302';
update bd_operation set name = '' where id = '20121226161627496975444471346478';
/*tag1.0.1 end*/
/*tag1.0 start*/
/*==============================================================*/
/* Table: ma_materials                                          */
/*==============================================================*/
create table ma_materials (
   id                   char(32)             not null,
   id_materialshandinuser char(32)             null,
   id_materialskind     char(32)             null,
   name                 varchar(200)         null,
   description          varchar(200)         null,
   handinTime           char(19)             null,
   id_approvaluser      char(32)             null,
   approvalView         varchar(200)         null,
   approvalTime         char(19)             null,
   approvalStatus       char(1)              null,
   ft                   char(19)             null,
   lt                   char(19)             null,
   fu                   char(32)             null,
   lu                   char(32)             null
)
go

alter table ma_materials
   add constraint PK_MA_MATERIALS primary key nonclustered (id)
go

/*==============================================================*/
/* Table: ma_materialsapprovaluser                              */
/*==============================================================*/
create table ma_materialsapprovaluser (
   id                   char(32)             not null,
   id_materialskind     char(32)             null,
   id_materialsnotice   char(32)             null,
   id_user              char(32)             null,
   ft                   char(19)             null,
   lt                   char(19)             null,
   fu                   char(32)             null,
   lu                   char(32)             null
)
go

alter table ma_materialsapprovaluser
   add constraint PK_MA_MATERIALSAPPROVALUSER primary key nonclustered (id)
go

/*==============================================================*/
/* Table: ma_materialshandinuser                                */
/*==============================================================*/
create table ma_materialshandinuser (
   id                   char(32)             not null,
   id_materialsnotice   char(32)             null,
   id_user              char(32)             null,
   status               char(1)              null,
   ft                   char(19)             null,
   lt                   char(19)             null,
   fu                   char(32)             null,
   lu                   char(32)             null
)
go

alter table ma_materialshandinuser
   add constraint PK_MA_MATERIALSHANDINUSER primary key nonclustered (id)
go

/*==============================================================*/
/* Table: ma_materialskind                                      */
/*==============================================================*/
create table ma_materialskind (
   id                   char(32)             not null,
   id_parent            char(32)             null,
   name                 varchar(100)         null,
   num                  int                  null,
   description          varchar(200)         null,
   enableFlag           char(1)              null,
   ft                   char(19)             null,
   lt                   char(19)             null,
   fu                   char(32)             null,
   lu                   char(32)             null
)
go

alter table ma_materialskind
   add constraint PK_MA_MATERIALSKIND primary key nonclustered (id)
go

/*==============================================================*/
/* Table: ma_materialsnotice                                    */
/*==============================================================*/
create table ma_materialsnotice (
   id                   char(32)             not null,
   id_user              char(32)             null,
   id_department        char(32)             null,
   title                varchar(200)         null,
   content              text                 null,
   sendTime             char(19)             null,
   deadline             char(10)             null,
   approvalFlag         char(1)              null,
   ft                   char(19)             null,
   lt                   char(19)             null,
   fu                   char(32)             null,
   lu                   char(32)             null
)
go

alter table ma_materialsnotice
   add constraint PK_MA_MATERIALSNOTICE primary key nonclustered (id)
go

alter table ma_materials
   add constraint FK_MA_MATER_REFERENCE_BD_USER4 foreign key (id_approvaluser)
      references bd_user (id)
go

alter table ma_materials
   add constraint FK_MA_MATER_REFERENCE_MA_MATER4 foreign key (id_materialskind)
      references ma_materialskind (id)
go

alter table ma_materials
   add constraint FK_MA_MATER_REFERENCE_MA_MATER5 foreign key (id_materialshandinuser)
      references ma_materialshandinuser (id)
go

alter table ma_materialsapprovaluser
   add constraint FK_MA_MATER_REFERENCE_BD_USER2 foreign key (id_user)
      references bd_user (id)
go

alter table ma_materialsapprovaluser
   add constraint FK_MA_MATER_REFERENCE_MA_MATER3 foreign key (id_materialskind)
      references ma_materialskind (id)
go

alter table ma_materialsapprovaluser
   add constraint FK_MA_MATER_REFERENCE_MA_MATER1 foreign key (id_materialsnotice)
      references ma_materialsnotice (id)
go

alter table ma_materialshandinuser
   add constraint FK_MA_MATER_REFERENCE_BD_USER3 foreign key (id_user)
      references bd_user (id)
go

alter table ma_materialshandinuser
   add constraint FK_MA_MATER_REFERENCE_MA_MATER2 foreign key (id_materialsnotice)
      references ma_materialsnotice (id)
go

alter table ma_materialskind
   add constraint FK_MA_MATER_REFERENCE_MA_MATER6 foreign key (id_parent)
      references ma_materialskind (id)
go

alter table ma_materialsnotice
   add constraint FK_MA_MATER_REFERENCE_BD_DEPAR foreign key (id_department)
      references bd_department (id)
go

alter table ma_materialsnotice
   add constraint FK_MA_MATER_REFERENCE_BD_USER1 foreign key (id_user)
      references bd_user (id)
go

insert into bd_module(id,name,nameI18n,code,num,deployFlag,ft,lt,fu,lu) values('20120712131535343435525409725777','','bd_module_ma','ma',7,'1','2012-07-12 13:15:35',null,'20120507134700000110225236178825',null);
insert into bd_operation(id,id_module,id_parent,name,nameI18n,code,operationDict,url,openMode,datascopeFlag,num,icon,winHeight,winWidth,description,ft,lt,fu,lu) values('20120712131717812690794002092950','20120712131535343435525409725777',null,'','bd_operation_ma','materialsmanagement','0','/ma/materialsNotice!index.action','0','1',1,'app-Materials','500','850','','2012-07-12 13:17:17','2012-07-25 09:24:43','20120507134700000110225236178825','20120507134700000110225236178825');
insert into bd_operation(id,id_module,id_parent,name,nameI18n,code,operationDict,url,openMode,datascopeFlag,num,icon,winHeight,winWidth,description,ft,lt,fu,lu) values('20120730172553242163655873035456','20120712131535343435525409725777','20120712131717812690794002092950','','ma_materialsKindMana','ma_materialsKindMana','2','/ma/materialsKind!materials.action','0','1',1,'','','','','2012-07-30 17:25:53',null,'20120507134700000110225236178825',null);
insert into bd_operation(id,id_module,id_parent,name,nameI18n,code,operationDict,url,openMode,datascopeFlag,num,icon,winHeight,winWidth,description,ft,lt,fu,lu) values('20120730172634382625304309517000','20120712131535343435525409725777','20120712131717812690794002092950','','ma_sandApprovalMater','ma_sandApprovalMater','2','/ma/materialsNotice!sendApprovalIndex.action','0','1',2,'','','','','2012-07-30 17:26:34',null,'20120507134700000110225236178825',null);
insert into bd_operation(id,id_module,id_parent,name,nameI18n,code,operationDict,url,openMode,datascopeFlag,num,icon,winHeight,winWidth,description,ft,lt,fu,lu) values('20120730172933929232764794843756','20120712131535343435525409725777','20120730172634382625304309517000','','ma_sendMaterialsNoti','ma_sendMaterialsNoti','2','/ma/materialsNotice!listOfSendMaterialsNotice.action','0','1',1,'','','','','2012-07-30 17:29:33',null,'20120507134700000110225236178825',null);
insert into bd_operation(id,id_module,id_parent,name,nameI18n,code,operationDict,url,openMode,datascopeFlag,num,icon,winHeight,winWidth,description,ft,lt,fu,lu) values('20120730173014851233013748019340','20120712131535343435525409725777','20120730172634382625304309517000','','ma_approvalMaterials','ma_approvalMaterials','2','/ma/materialsApprovalUser!listOfApprovalNotice.action','0','1',2,'','','','','2012-07-30 17:30:14',null,'20120507134700000110225236178825',null);
insert into bd_operation(id,id_module,id_parent,name,nameI18n,code,operationDict,url,openMode,datascopeFlag,num,icon,winHeight,winWidth,description,ft,lt,fu,lu) values('20120730172719757428283569716447','20120712131535343435525409725777','20120712131717812690794002092950','','ma_handinMaterials','ma_handinMaterials','2','/ma/materialsHandinUser!listOfReceiveMaterialsNotice.action','0','1',3,'','','','','2012-07-30 17:27:19',null,'20120507134700000110225236178825',null);
insert into bd_operation(id,id_module,id_parent,name,nameI18n,code,operationDict,url,openMode,datascopeFlag,num,icon,winHeight,winWidth,description,ft,lt,fu,lu) values('20120730172808023072912584566907','20120712131535343435525409725777','20120712131717812690794002092950','','ma_materialsLibray','ma_materialsLibray','2','/ma/materials!toMaterialsLibray.action','0','1',4,'','','','','2012-07-30 17:28:08',null,'20120507134700000110225236178825',null);
/*tag1.0 end*/
/*tag1.2 start*/
create table ma_viewuser (
   id_materialsnotice   char(32)             null,
   id_user              char(32)             null
)
go

alter table ma_viewuser
   add constraint FK_MA_VIEWU_REFERENCE_MA_MATER foreign key (id_materialsnotice)
      references ma_materialsnotice (id)
go

alter table ma_viewuser
   add constraint FK_MA_VIEWU_REFERENCE_BD_USER foreign key (id_user)
      references bd_user (id)
go
/*tag1.2 end*/
/*tag1.3 start*/
--
INSERT [dbo].[bd_configuration] ([id], [id_module], [kind], [configurationMode], [name], [code], [description], [visibleFlag], [ft], [lt], [fu], [lu]) VALUES (N'20130521132957420627368878461506', N'20120712131535343435525409725777', N'1', N'1', N'', N'materialsTimelimitFlag', N'', N'0', N'2013-05-21 13:29:57', N'2013-05-21 13:51:32', N'20120507134700000110225236178825', N'20120507134700000110225236178825');
INSERT [dbo].[bd_configurationitem] ([id], [id_configuration], [name], [value], [defaultFlag], [ft], [lt], [fu], [lu]) VALUES (N'20130521132957416854508121392440', N'20130521132957420627368878461506', N'', N'0', N'1', NULL, N'2013-05-21 13:51:32', NULL, N'20120507134700000110225236178825');
INSERT [dbo].[bd_configurationitem] ([id], [id_configuration], [name], [value], [defaultFlag], [ft], [lt], [fu], [lu]) VALUES (N'20130521132957416992227161439999', N'20130521132957420627368878461506', N'', N'1', NULL, NULL, N'2013-05-21 13:51:32', NULL, N'20120507134700000110225236178825');

--
alter table ma_materialsnotice  add timelimitFlag char(1);
/*tag1.3 end*/
/*tag1.0 start*/
/*==============================================================*/
/* Table: mc_checkrecord                                        */
/*==============================================================*/
create table mc_checkrecord (
   id                   char(32)             not null,
   id_subitemdetail     char(32)             null,
   id_eclass            char(32)             null,
   id_user              char(32)             null,
   recordTime           char(19)             null,
   score                int                  null,
   description          varchar(500)         null,
   ft                   char(19)             null,
   lt                   char(19)             null,
   fu                   char(32)             null,
   lu                   char(32)             null
)
go

alter table mc_checkrecord
   add constraint PK_MC_CHECKRECORD primary key nonclustered (id)
go

/*==============================================================*/
/* Table: mc_mainstandard                                       */
/*==============================================================*/
create table mc_mainstandard (
   id                   char(32)             not null,
   id_ranksign          char(32)             null,
   id_schoolterm        char(32)             null,
   name                 varchar(500)         null,
   baseScore            int                  null,
   countCycle           int                  null,
   rankScore            int                  null,
   rankMultiple         int                  null,
   ft                   char(19)             null,
   lt                   char(19)             null,
   fu                   char(32)             null,
   lu                   char(32)             null
)
go

alter table mc_mainstandard
   add constraint PK_MC_MAINSTANDARD primary key nonclustered (id)
go

/*==============================================================*/
/* Table: mc_mainstandardschoolgrade                            */
/*==============================================================*/
create table mc_mainstandardschoolgrade (
   id                   char(32)             not null,
   id_mainstandard      char(32)             null,
   id_schoolgrade       char(32)             null,
   ft                   char(19)             null,
   lt                   char(19)             null,
   fu                   char(32)             null,
   lu                   char(32)             null
)
go

alter table mc_mainstandardschoolgrade
   add constraint PK_MC_MAINSTANDARDSCHOOLGRADE primary key nonclustered (id)
go

/*==============================================================*/
/* Table: mc_ranksign                                           */
/*==============================================================*/
create table mc_ranksign (
   id                   char(32)             not null,
   code                 varchar(20)          null,
   num                  int                  null,
   ft                   char(19)             null,
   lt                   char(19)             null,
   fu                   char(32)             null,
   lu                   char(32)             null
)
go

alter table mc_ranksign
   add constraint PK_MC_RANKSIGN primary key nonclustered (id)
go

/*==============================================================*/
/* Table: mc_recorduser                                         */
/*==============================================================*/
create table mc_recorduser (
   id                   char(32)             not null,
   id_subitemstandard   char(32)             null,
   id_user              char(32)             null,
   ft                   char(19)             null,
   lt                   char(19)             null,
   fu                   char(32)             null,
   lu                   char(32)             null
)
go

alter table mc_recorduser
   add constraint PK_MC_RECORDUSER primary key nonclustered (id)
go

/*==============================================================*/
/* Table: mc_relatedstudent                                     */
/*==============================================================*/
create table mc_relatedstudent (
   id                   char(32)             not null,
   id_checkrecord       char(32)             null,
   id_student           char(32)             null,
   ft                   char(19)             null,
   lt                   char(19)             null,
   fu                   char(32)             null,
   lu                   char(32)             null
)
go

alter table mc_relatedstudent
   add constraint PK_MC_RELATEDSTUDENT primary key nonclustered (id)
go

/*==============================================================*/
/* Table: mc_scorestandard                                      */
/*==============================================================*/
create table mc_scorestandard (
   id                   char(32)             not null,
   id_subitemdetail     char(32)             null,
   minScore             int                  null,
   maxScore             int                  null,
   defaultScore         int                  null,
   intervalScore        int                  null,
   tickScore            int                  null,
   tickFlag             char(1)              null,
   ft                   char(19)             null,
   lt                   char(19)             null,
   fu                   char(32)             null,
   lu                   char(32)             null
)
go

alter table mc_scorestandard
   add constraint PK_MC_SCORESTANDARD primary key nonclustered (id)
go

/*==============================================================*/
/* Table: mc_subitemdetail                                      */
/*==============================================================*/
create table mc_subitemdetail (
   id                   char(32)             not null,
   id_subitemstandard   char(32)             null,
   id_subitemtype       char(32)             null,
   name                 varchar(500)         null,
   description          varchar(500)         null,
   ft                   char(19)             null,
   lt                   char(19)             null,
   fu                   char(32)             null,
   lu                   char(32)             null
)
go

alter table mc_subitemdetail
   add constraint PK_MC_SUBITEMDETAIL primary key nonclustered (id)
go

/*==============================================================*/
/* Table: mc_subitemstandard                                    */
/*==============================================================*/
create table mc_subitemstandard (
   id                   char(32)             not null,
   id_mainstandard      char(32)             null,
   id_ranksign          char(32)             null,
   name                 varchar(500)         null,
   checkObject          char(1)              null,
   baseScore            int                  null,
   recordMode           char(1)              null,
   description          varchar(500)         null,
   rankScore            int                  null,
   rankMultiple         int                  null,
   ft                   char(19)             null,
   lt                   char(19)             null,
   fu                   char(32)             null,
   lu                   char(32)             null
)
go

alter table mc_subitemstandard
   add constraint PK_MC_SUBITEMSTANDARD primary key nonclustered (id)
go

/*==============================================================*/
/* Table: mc_subitemstandardschoolgrade                         */
/*==============================================================*/
create table mc_subitemstandardschoolgrade (
   id                   char(32)             not null,
   id_subitemstandard   char(32)             null,
   id_schoolgrade       char(32)             null,
   ft                   char(19)             null,
   lt                   char(19)             null,
   fu                   char(32)             null,
   lu                   char(32)             null
)
go

alter table mc_subitemstandardschoolgrade
   add constraint PK_MC_SUBITEMSTANDARDSCHOOLGRA primary key nonclustered (id)
go

/*==============================================================*/
/* Table: mc_subitemtype                                        */
/*==============================================================*/
create table mc_subitemtype (
   id                   char(32)             not null,
   id_subitemstandard   char(32)             null,
   name                 varchar(500)         null,
   baseScore            int                  null,
   description          varchar(500)         null,
   ft                   char(19)             null,
   lt                   char(19)             null,
   fu                   char(32)             null,
   lu                   char(32)             null
)
go

alter table mc_subitemtype
   add constraint PK_MC_SUBITEMTYPE primary key nonclustered (id)
go

alter table mc_checkrecord
   add constraint FK_MC_CHECKRECORD_REFERENCE_MC_SUBITEMDETAIL foreign key (id_subitemdetail)
      references mc_subitemdetail (id)
go

alter table mc_checkrecord
   add constraint FK_MC_CHECKRECORD_REFERENCE_BD_ECLASS foreign key (id_eclass)
      references bd_eclass (id)
go

alter table mc_checkrecord
   add constraint FK_MC_CHECK_REFERENCE_BD_USER foreign key (id_user)
      references bd_user (id)
go

alter table mc_mainstandard
   add constraint FK_MC_MAINSTANDARD_REFERENCE_BD_SCHOOLTERM foreign key (id_schoolterm)
      references bd_schoolterm (id)
go

alter table mc_mainstandard
   add constraint FK_MC_MAINSTANDARD_REFERENCE_MC_RANKSIGN foreign key (id_ranksign)
      references mc_ranksign (id)
go

alter table mc_mainstandardschoolgrade
   add constraint FK_MC_MAINS_REFERENCE_MC_MAINSTANDARD foreign key (id_mainstandard)
      references mc_mainstandard (id)
go

alter table mc_mainstandardschoolgrade
   add constraint FK_MC_MAINS_REFERENCE_BD_SCHOO foreign key (id_schoolgrade)
      references bd_schoolgrade (id)
go

alter table mc_recorduser
   add constraint FK_MC_RECORDUSER_REFERENCE_MC_SUBITEMSTANDARD foreign key (id_subitemstandard)
      references mc_subitemstandard (id)
go

alter table mc_recorduser
   add constraint FK_MC_RECOR_REFERENCE_BD_USER foreign key (id_user)
      references bd_user (id)
go

alter table mc_relatedstudent
   add constraint FK_MC_RELATEDSTUDENT_REFERENCE_MC_CHECKRECORD foreign key (id_checkrecord)
      references mc_checkrecord (id)
go

alter table mc_relatedstudent
   add constraint FK_MC_RELATEDSTUDENT_REFERENCE_BD_STUDENT foreign key (id_student)
      references bd_student (id)
go

alter table mc_scorestandard
   add constraint FK_MC_SCORESTANDARD_REFERENCE_MC_SUBITEMDETAIL foreign key (id_subitemdetail)
      references mc_subitemdetail (id)
go

alter table mc_subitemdetail
   add constraint FK_MC_SUBITEMDETAIL_REFERENCE_MC_SUBITEMSTANDARD foreign key (id_subitemstandard)
      references mc_subitemstandard (id)
go

alter table mc_subitemdetail
   add constraint FK_MC_SUBITEMDETAIL_REFERENCE_MC_SUBITEMTYPE foreign key (id_subitemtype)
      references mc_subitemtype (id)
go

alter table mc_subitemstandard
   add constraint FK_MC_SUBITEMSTANDARD_REFERENCE_MC_MAINSTANDARD foreign key (id_mainstandard)
      references mc_mainstandard (id)
go

alter table mc_subitemstandard
   add constraint FK_MC_SUBITEMSTANDARD_REFERENCE_MC_RANKSIGN foreign key (id_ranksign)
      references mc_ranksign (id)
go

alter table mc_subitemstandardschoolgrade
   add constraint FK_MC_SUBIT_REFERENCE_MC_SUBITEMSTANDARD foreign key (id_subitemstandard)
      references mc_subitemstandard (id)
go

alter table mc_subitemstandardschoolgrade
   add constraint FK_MC_SUBIT_REFERENCE_BD_SCHOO foreign key (id_schoolgrade)
      references bd_schoolgrade (id)
go

alter table mc_subitemtype
   add constraint FK_MC_SUBITEMTYPE_REFERENCE_MC_SUBITEMSTANDARD foreign key (id_subitemstandard)
      references mc_subitemstandard (id)
go


INSERT [dbo].[bd_module] ([id], [name], [nameI18n], [code], [num], [deployFlag], [ft], [lt], [fu], [lu]) VALUES (N'20121217133739037716437117225738', N'', N'bd_module_mc', N'mc', NULL, N'1', N'2012-12-17 13:37:39', NULL, N'20120507134700000110225236178825', NULL)

go

INSERT [dbo].[bd_operation] ([id], [id_module], [id_parent], [name], [nameI18n], [code], [operationDict], [url], [openMode], [datascopeFlag], [num], [icon], [winHeight], [winWidth], [description], [ft], [lt], [fu], [lu]) VALUES (N'20121217134241257177559777330066', N'20121217133739037716437117225738', NULL, N'', N'bd_operation_mc', N'mc', N'0', N'/moralcheck/module/index.jsp', N'0', N'0', 1, N'app-moralcheck', N'100%', N'100%', N'', N'2012-12-17 13:42:41', N'2012-12-17 14:24:16', N'20120507134700000110225236178825', N'20120507134700000110225236178825')
INSERT [dbo].[bd_operation] ([id], [id_module], [id_parent], [name], [nameI18n], [code], [operationDict], [url], [openMode], [datascopeFlag], [num], [icon], [winHeight], [winWidth], [description], [ft], [lt], [fu], [lu]) VALUES (N'20121217143414340206167420591929', N'20121217133739037716437117225738', N'20121217134241257177559777330066', N'', N'mc_jcbz', N'mc_jcbz', N'2', N'/mc/mainStandard!list.action', N'0', N'0', 1, N'', N'', N'', N'', N'2012-12-17 14:34:14', NULL, N'20120507134700000110225236178825', NULL)
INSERT [dbo].[bd_operation] ([id], [id_module], [id_parent], [name], [nameI18n], [code], [operationDict], [url], [openMode], [datascopeFlag], [num], [icon], [winHeight], [winWidth], [description], [ft], [lt], [fu], [lu]) VALUES (N'20121217143557483523829054503620', N'20121217133739037716437117225738', N'20121217134241257177559777330066', N'', N'mc_jcjl', N'mc_jcjl', N'2', N'/mc/checkRecord!toRecord.action', N'0', N'0', 2, N'', N'', N'', N'', N'2012-12-17 14:35:57', NULL, N'20120507134700000110225236178825', NULL)
INSERT [dbo].[bd_operation] ([id], [id_module], [id_parent], [name], [nameI18n], [code], [operationDict], [url], [openMode], [datascopeFlag], [num], [icon], [winHeight], [winWidth], [description], [ft], [lt], [fu], [lu]) VALUES (N'20121217143716193846193860394015', N'20121217133739037716437117225738', N'20121217134241257177559777330066', N'', N'mc_jctj', N'mc_jctj', N'2', N'/mc/checkRecord!toCount.action', N'0', N'0', 3, N'', N'', N'', N'', N'2012-12-17 14:37:16', NULL, N'20120507134700000110225236178825', NULL)

go
/*tag1.0 end*/
/*tag1.0 start*/
/*==============================================================*/
/* Table: no_notice                                             */
/*==============================================================*/
create table no_notice (
   id                   char(32)             not null,
   id_user              char(32)             null,
   id_department        char(32)             null,
   noticeKindDict       varchar(20)          null,
   subject              varchar(100)         null,
   content              text                 null,
   sendTime             char(19)             null,
   priority             char(1)              null,
   replyFlag            char(1)              null,
   readReplyFlag        char(1)              null,
   attentionFlag        char(1)              null,
   status               char(1)              null,
   withdrawReason       varchar(200)         null,
   ft                   char(19)             null,
   lt                   char(19)             null,
   fu                   char(32)             null,
   lu                   char(32)             null
)
go

alter table no_notice
   add constraint PK_NO_NOTICE primary key nonclustered (id)
go

/*==============================================================*/
/* Table: no_noticereply                                        */
/*==============================================================*/
create table no_noticereply (
   id                   char(32)             not null,
   id_receivenotice     char(32)             null,
   id_user              char(32)             null,
   replyTime            char(19)             null,
   content              text                 null,
   ft                   char(19)             null,
   lt                   char(19)             null,
   fu                   char(32)             null,
   lu                   char(32)             null
)
go

alter table no_noticereply
   add constraint PK_NO_NOTICEREPLY primary key nonclustered (id)
go

/*==============================================================*/
/* Table: no_receivenotice                                      */
/*==============================================================*/
create table no_receivenotice (
   id                   char(32)             not null,
   id_notice            char(32)             null,
   id_user              char(32)             null,
   id_department        char(32)             null,
   readFlag             char(1)              null,
   readingTime          char(19)             null,
   attentionFlag        char(1)              null,
   deleteFlag           char(1)              null,
   ft                   char(19)             null,
   lt                   char(19)             null,
   fu                   char(32)             null,
   lu                   char(32)             null
)
go

alter table no_receivenotice
   add constraint PK_NO_RECEIVENOTICE primary key nonclustered (id)
go

alter table no_notice
   add constraint FK_NO_NOTIC_REFERENCE_BD_USE2 foreign key (id_user)
      references bd_user (id)
go

alter table no_notice
   add constraint FK_NO_NOTIC_REFERENCE_BD_DEPAR foreign key (id_department)
      references bd_department (id)
go

alter table no_noticereply
   add constraint FK_NO_NOTIC_REFERENCE_BD_USER foreign key (id_user)
      references bd_user (id)
go

alter table no_noticereply
   add constraint FK_NO_NOTIC_REFERENCE_NO_RECEI foreign key (id_receivenotice)
      references no_receivenotice (id)
go

alter table no_receivenotice
   add constraint FK_NO_RECEI_REFERENCE_BD_USER foreign key (id_user)
      references bd_user (id)
go

alter table no_receivenotice
   add constraint FK_NO_RECEI_REFERENCE_BD_DEPAR foreign key (id_department)
      references bd_department (id)
go

alter table no_receivenotice
   add constraint FK_NO_RECEI_REFERENCE_NO_NOTIC foreign key (id_notice)
      references no_notice (id)
go

insert into bd_module(id,name,nameI18n,code,num,deployFlag,ft,lt,fu,lu) values('20120529104254156891479285363655','','bd_module_no','no',null,'1','2012-05-19 11:27:13','2012-06-04 18:01:37','20120508122027812617823674001112','20120507134700000110225236178825');
insert into bd_operation(id,id_module,id_parent,name,nameI18n,code,operationDict,url,openMode,datascopeFlag,num,icon,winHeight,winWidth,description,ft,lt,fu,lu) values('20120529104507859253679595056027','20120529104254156891479285363655',null,'','bd_operation_no','no','0','/no/notice!index.action','0','1',null,'app-Notice','100%','100%','','2012-05-29 10:45:07','2012-06-02 12:07:47','20120507141108375575303797438921','20120507134700000110225236178825');
insert into bd_operation(id,id_module,id_parent,name,nameI18n,code,operationDict,url,openMode,datascopeFlag,num,icon,winHeight,winWidth,description,ft,lt,fu,lu) values('20120709165622590208395275554984','20120529104254156891479285363655','20120529104507859253679595056027','','no_newnotice','no_newnotice','2','/no/notice!sendNewNotice.action','0','1',1,'','','','','2012-07-09 16:56:22','2012-07-09 16:56:35','20120507134700000110225236178825','20120507134700000110225236178825');
insert into bd_operation(id,id_module,id_parent,name,nameI18n,code,operationDict,url,openMode,datascopeFlag,num,icon,winHeight,winWidth,description,ft,lt,fu,lu) values('20120709170511293026299688520568','20120529104254156891479285363655','20120529104507859253679595056027','','no_sendbox','no_sendbox','2','/no/notice!listOfSendNotice.action','0','1',3,'','','','','2012-07-09 17:05:11',null,'20120507134700000110225236178825',null);
insert into bd_operation(id,id_module,id_parent,name,nameI18n,code,operationDict,url,openMode,datascopeFlag,num,icon,winHeight,winWidth,description,ft,lt,fu,lu) values('20120709170556934124737431897482','20120529104254156891479285363655','20120529104507859253679595056027','','no_receivebox','no_receivebox','2','/no/receiveNotice!listOfReceiveNotice.action','0','1',4,'','','','','2012-07-09 17:05:56',null,'20120507134700000110225236178825',null);
insert into bd_operation(id,id_module,id_parent,name,nameI18n,code,operationDict,url,openMode,datascopeFlag,num,icon,winHeight,winWidth,description,ft,lt,fu,lu) values('20120709170408747295462167756673','20120529104254156891479285363655','20120529104507859253679595056027','','no_unread','no_unread','2','/no/receiveNotice!listOfReceiveNotice.action?actionKind=unread','0','1',2,'','','','','2012-07-09 17:04:08',null,'20120507134700000110225236178825',null);
insert into bd_operation(id,id_module,id_parent,name,nameI18n,code,operationDict,url,openMode,datascopeFlag,num,icon,winHeight,winWidth,description,ft,lt,fu,lu) values('20120709170636997858312736531917','20120529104254156891479285363655','20120529104507859253679595056027','','no_attention','no_attention','2','/no/noticeVo!myattention.action','0','1',5,'','','','','2012-07-09 17:06:37',null,'20120507134700000110225236178825',null);
/*tag1.0 end*/

/*tag1.0 start*/
/*==============================================================*/
/* Table: ol_learninganswer                                     */
/*==============================================================*/
create table ol_learninganswer (
   id                   char(32)             not null,
   id_learningsubject   char(32)             null,
   id_student           char(32)             null,
   id_teacher           char(32)             null,
   id_responsibleStudent char(32)             null,
   content              varchar(1000)        null,
   teacherReply         varchar(500)         null,
   studentReply         varchar(500)         null,
   correctFlag          char(1)              null,
   ft                   char(19)             null,
   lt                   char(19)             null,
   fu                   char(32)             null,
   lu                   char(32)             null
)
go

alter table ol_learninganswer
   add constraint PK_OL_LEARNINGANSWER primary key nonclustered (id)
go

/*==============================================================*/
/* Table: ol_learningsubject                                    */
/*==============================================================*/
create table ol_learningsubject (
   id                   char(32)             not null,
   id_learningtype      char(32)             null,
   id_teacher           char(32)             null,
   id_student           char(32)             null,
   id_attachment        char(32)             null,
   content              text                 null,
   viewOtherAnswersFlag char(1)              null,
   releaseStatus        char(1)              null,
   releaseTime          char(16)             null,
   finishlReleaseTime   char(16)             null,
   ft                   char(19)             null,
   lt                   char(19)             null,
   fu                   char(32)             null,
   lu                   char(32)             null
)
go

alter table ol_learningsubject
   add constraint PK_OL_LEARNINGSUBJECT primary key nonclustered (id)
go

/*==============================================================*/
/* Table: ol_learningsubjectclass                               */
/*==============================================================*/
create table ol_learningsubjectclass (
   id                   char(32)             not null,
   id_learningsubject   char(32)             null,
   id_eclass            char(32)             null,
   ft                   char(19)             null,
   lt                   char(19)             null,
   fu                   char(32)             null,
   lu                   char(32)             null
)
go

alter table ol_learningsubjectclass
   add constraint PK_OL_LEARNINGSUBJECTCLASS primary key nonclustered (id)
go

/*==============================================================*/
/* Table: ol_learningtype                                       */
/*==============================================================*/
create table ol_learningtype (
   id                   char(32)             not null,
   name                 varchar(200)         null,
   ft                   char(19)             null,
   lt                   char(19)             null,
   fu                   char(32)             null,
   lu                   char(32)             null
)
go

alter table ol_learningtype
   add constraint PK_OL_LEARNINGTYPE primary key nonclustered (id)
go

alter table ol_learninganswer
   add constraint FK_OL_LEARNINGANSWER_LEARNINGSUBJECT foreign key (id_learningsubject)
      references ol_learningsubject (id)
go

alter table ol_learninganswer
   add constraint Reference_627 foreign key (id_teacher)
      references bd_teacher (id)
go

alter table ol_learninganswer
   add constraint Reference_628 foreign key (id_student)
      references bd_student (id)
go

alter table ol_learninganswer
   add constraint Reference_629 foreign key (id_responsibleStudent)
      references bd_student (id)
go

alter table ol_learningsubject
   add constraint FK_OL_LEARNINGSUBJECT_LEARNINGTYPE foreign key (id_learningtype)
      references ol_learningtype (id)
go

alter table ol_learningsubject
   add constraint Reference_624 foreign key (id_teacher)
      references bd_teacher (id)
go

alter table ol_learningsubject
   add constraint Reference_625 foreign key (id_student)
      references bd_student (id)
go

alter table ol_learningsubjectclass
   add constraint FK_OL_LEARNINGSUBJECTCLASS_LEARNINGSUBJECT foreign key (id_learningsubject)
      references ol_learningsubject (id)
go

alter table ol_learningsubjectclass
   add constraint FK_OL_LEARN_REFERENCE_BD_ECLAS foreign key (id_eclass)
      references bd_eclass (id)
go

insert into bd_module(id,name,nameI18n,code,num,deployFlag,ft,lt,fu,lu) values('20130411165909850244253378505231','','bd_module_ol','ol',null,'1','2013-04-11 16:59:09',null,'20120507134700000110225236178825',null);
insert into bd_operation(id,id_module,id_parent,name,nameI18n,code,operationDict,customTypeDict,url,openMode,datascopeFlag,num,icon,winHeight,winWidth,description,ft,lt,fu,lu) values('20130411170101039931099149006558','20130411165909850244253378505231',null,'','bd_operation_ol','ol','0',null,'/ol/onlinelearning!index.action','0','0',1,'app-onlinelearning','100%','100%','','2013-04-11 17:01:01','2013-04-22 11:57:59','20120507134700000110225236178825','20120507134700000110225236178825');
insert into bd_operation(id,id_module,id_parent,name,nameI18n,code,operationDict,customTypeDict,url,openMode,datascopeFlag,num,icon,winHeight,winWidth,description,ft,lt,fu,lu) values('20130411173934189501153649684607','20130411165909850244253378505231','20130411170101039931099149006558','','bd_operation_ol_learningType','ol_learningType','2',null,'','0','0',2,'','','','','2013-04-11 17:39:34','2013-04-11 17:39:53','20120507134700000110225236178825','20120507134700000110225236178825');
insert into bd_operation(id,id_module,id_parent,name,nameI18n,code,operationDict,customTypeDict,url,openMode,datascopeFlag,num,icon,winHeight,winWidth,description,ft,lt,fu,lu) values('20130411174043654811563632247002','20130411165909850244253378505231','20130411170101039931099149006558','','bd_operation_ol_learningSubject','ol_learningSubject','2',null,'','0','0',3,'','','','','2013-04-11 17:40:43',null,'20120507134700000110225236178825',null);
insert into bd_operation(id,id_module,id_parent,name,nameI18n,code,operationDict,customTypeDict,url,openMode,datascopeFlag,num,icon,winHeight,winWidth,description,ft,lt,fu,lu) values('20130411174112761423868674351120','20130411165909850244253378505231','20130411170101039931099149006558','','bd_operation_ol_studentAnswer','ol_studentAnswer','2',null,'','0','0',4,'','','','','2013-04-11 17:41:12',null,'20120507134700000110225236178825',null);
insert into bd_operation(id,id_module,id_parent,name,nameI18n,code,operationDict,customTypeDict,url,openMode,datascopeFlag,num,icon,winHeight,winWidth,description,ft,lt,fu,lu) values('20130411174143940342826002266481','20130411165909850244253378505231','20130411170101039931099149006558','','bd_operation_ol_statisticalResults','ol_statisticalResults','2',null,'','0','0',5,'','','','','2013-04-11 17:41:43',null,'20120507134700000110225236178825',null);
insert into fw_attachmentconfig(id,code,saveDir,dirLevel,fileSize,fileCount,extension,description,ft,lt,fu,lu) values('20130415165932822475369718342875','ol_subjectPic','d:\temp','3','1','1','jpg;gif;jpeg;bmp;png','jpg;gif;jpeg;bmp;png','2013-04-15 16:59:32','2013-04-16 16:50:35','20120507134700000110225236178825','20120507134700000110225236178825');
insert into fw_attachmentconfig(id,code,saveDir,dirLevel,fileSize,fileCount,extension,description,ft,lt,fu,lu) values('20130415170226396166772412300658','ol_subjectAttachment','d:\temp','3',null,'1','','','2013-04-15 17:02:26','2013-04-16 14:19:28','20120507134700000110225236178825','20120507134700000110225236178825');

/*tag1.0 end*/
/*tag1.0 start*/
/*==============================================================*/
/* Table: ps_appraiser                                          */
/*==============================================================*/
create table ps_appraiser (
   id                   char(32)             not null,
   id_habit             char(32)             null,
   appraiser            varchar(20)          null,
   proportion           int                  null,
   ft                   char(19)             null,
   lt                   char(19)             null,
   fu                   char(32)             null,
   lu                   char(32)             null
)
go

alter table ps_appraiser
   add constraint PK_PS_APPRAISER primary key nonclustered (id)
go

/*==============================================================*/
/* Table: ps_coursedecomposition                                */
/*==============================================================*/
create table ps_coursedecomposition (
   id                   char(32)             not null,
   kind                 varchar(20)          null,
   id_course            char(32)             null,
   id_habit             char(32)             null,
   courseTask           varchar(1000)        null,
   courseForm           varchar(1000)        null,
   ft                   char(19)             null,
   lt                   char(19)             null,
   fu                   char(32)             null,
   lu                   char(32)             null
)
go

alter table ps_coursedecomposition
   add constraint PK_PS_COURSEDECOMPOSITION primary key nonclustered (id)
go

/*==============================================================*/
/* Table: ps_coursedecompositionplan                            */
/*==============================================================*/
create table ps_coursedecompositionplan (
   id                   char(32)             not null,
   id_gradeplan         char(32)             null,
   id_coursedecomposition char(32)             null,
   courseTask           varchar(1000)        null,
   courseForm           varchar(1000)        null,
   ft                   char(19)             null,
   lt                   char(19)             null,
   fu                   char(32)             null,
   lu                   char(32)             null
)
go

alter table ps_coursedecompositionplan
   add constraint PK_PS_COURSEDECOMPOSITIONPLAN primary key nonclustered (id)
go

/*==============================================================*/
/* Table: ps_cultivatedetail                                    */
/*==============================================================*/
create table ps_cultivatedetail (
   id                   char(32)             not null,
   id_habit             char(32)             null,
   id_student           char(32)             null,
   id_schoolterm        char(32)             null,
   score                int                  null,
   description          text                 null,
   caseMark             char(1)              null,
   id_appraiser         char(32)             null,
   appraiseTime         char(19)             null,
   appraisePosition     varchar(100)         null,
   editMark             char(1)              null,
   previousScore        int                  null,
   id_applicant         char(32)             null,
   applicationTime      char(19)             null,
   applicationReason    varchar(200)         null,
   id_auditor           char(32)             null,
   auditTime            char(19)             null,
   auditAdvice          varchar(200)         null,
   ft                   char(19)             null,
   lt                   char(19)             null,
   fu                   char(32)             null,
   lu                   char(32)             null
)
go

alter table ps_cultivatedetail
   add constraint PK_PS_CULTIVATEDETAIL primary key nonclustered (id)
go

/*==============================================================*/
/* Table: ps_emphasis                                           */
/*==============================================================*/
create table ps_emphasis (
   id                   char(32)             not null,
   id_grade             char(32)             null,
   id_student           char(32)             null,
   id_habit             char(32)             null,
   setTime              char(19)             null,
   mark                 char(1)              null,
   ft                   char(19)             null,
   lt                   char(19)             null,
   fu                   char(32)             null,
   lu                   char(32)             null
)
go

alter table ps_emphasis
   add constraint PK_PS_EMPHASIS primary key nonclustered (id)
go

/*==============================================================*/
/* Table: ps_gradedecomposition                                 */
/*==============================================================*/
create table ps_gradedecomposition (
   id                   char(32)             not null,
   id_habit             char(32)             null,
   id_grade             char(32)             null,
   indicator            varchar(1000)        null,
   ft                   char(19)             null,
   lt                   char(19)             null,
   fu                   char(32)             null,
   lu                   char(32)             null
)
go

alter table ps_gradedecomposition
   add constraint PK_PS_GRADEDECOMPOSITION primary key nonclustered (id)
go

/*==============================================================*/
/* Table: ps_gradeindicatorplan                                 */
/*==============================================================*/
create table ps_gradeindicatorplan (
   id                   char(32)             not null,
   id_gradeDecomposition char(32)             null,
   id_gradePlan         char(32)             null,
   startTime            int                  null,
   endTime              int                  null,
   ft                   char(19)             null,
   lt                   char(19)             null,
   fu                   char(32)             null,
   lu                   char(32)             null
)
go

alter table ps_gradeindicatorplan
   add constraint PK_PS_GRADEINDICATORPLAN primary key nonclustered (id)
go

/*==============================================================*/
/* Table: ps_gradeplan                                          */
/*==============================================================*/
create table ps_gradeplan (
   id                   char(32)             not null,
   id_grade             char(32)             null,
   id_schoolterm        char(32)             null,
   status               char(1)              null,
   id_user              char(32)             null,
   publishTime          char(19)             null,
   ft                   char(19)             null,
   lt                   char(19)             null,
   fu                   char(32)             null,
   lu                   char(32)             null
)
go

alter table ps_gradeplan
   add constraint PK_PS_GRADEPLAN primary key nonclustered (id)
go

/*==============================================================*/
/* Table: ps_habit                                              */
/*==============================================================*/
create table ps_habit (
   id                   char(32)             not null,
   name                 varchar(100)         null,
   indicator            text                 null,
   kind                 varchar(20)          null,
   way                  char(1)              null,
   veryGood             int                  null,
   good                 int                  null,
   normal               int                  null,
   bad                  int                  null,
   status               char(1)              null,
   lu                   char(32)             null,
   fu                   char(32)             null,
   lt                   char(19)             null,
   ft                   char(19)             null
)
go

alter table ps_habit
   add constraint PK_PS_HABIT primary key nonclustered (id)
go

/*==============================================================*/
/* Table: ps_teachplan                                          */
/*==============================================================*/
create table ps_teachplan (
   id                   char(32)             not null,
   id_user              char(32)             null,
   id_coursedecompositionplan char(32)             null,
   teachPlan            varchar(500)         null,
   ft                   char(19)             null,
   lt                   char(19)             null,
   fu                   char(32)             null,
   lu                   char(32)             null
)
go

alter table ps_teachplan
   add constraint PK_PS_TEACHPLAN primary key nonclustered (id)
go

alter table ps_appraiser
   add constraint FK_PS_APPRA_REFERENCE_PS_HABIT foreign key (id_habit)
      references ps_habit (id)
go

alter table ps_coursedecomposition
   add constraint FK_PS_COURS_REFERENCE_PS_HABIT foreign key (id_habit)
      references ps_habit (id)
go

alter table ps_coursedecomposition
   add constraint FK_PS_COURS_REFERENCE_BD_COURS foreign key (id_course)
      references bd_course (id)
go

alter table ps_coursedecompositionplan
   add constraint FK_PS_COURS_REFERENCE_PS_GRADE foreign key (id_gradeplan)
      references ps_gradeplan (id)
go

alter table ps_coursedecompositionplan
   add constraint FK_PS_COURS_REFERENCE_PS_COURS foreign key (id_coursedecomposition)
      references ps_coursedecomposition (id)
go

alter table ps_cultivatedetail
   add constraint FK_PS_CULTI_REFERENCE_PS_HABIT foreign key (id_habit)
      references ps_habit (id)
go

alter table ps_cultivatedetail
   add constraint FK_PS_CULTI_REFERENCE_BD_STUDE foreign key (id_student)
      references bd_student (id)
go

alter table ps_cultivatedetail
   add constraint FK_PS_CULTI_REFERENCE_BD_SCHOO foreign key (id_schoolterm)
      references bd_schoolterm (id)
go

alter table ps_cultivatedetail
   add constraint Reference_657 foreign key (id_appraiser)
      references bd_user (id)
go

alter table ps_cultivatedetail
   add constraint Reference_658 foreign key (id_applicant)
      references bd_user (id)
go

alter table ps_cultivatedetail
   add constraint Reference_659 foreign key (id_auditor)
      references bd_user (id)
go

alter table ps_emphasis
   add constraint FK_PS_EMPHA_REFERENCE_PS_HABIT foreign key (id_habit)
      references ps_habit (id)
go

alter table ps_emphasis
   add constraint FK_PS_EMPHA_REFERENCE_BD_ECLAS foreign key (id_grade)
      references bd_eclass (id)
go

alter table ps_emphasis
   add constraint FK_PS_EMPHA_REFERENCE_BD_STUDE foreign key (id_student)
      references bd_student (id)
go

alter table ps_gradedecomposition
   add constraint FK_PS_GRADE_REFERENCE_PS_HABIT foreign key (id_habit)
      references ps_habit (id)
go

alter table ps_gradedecomposition
   add constraint Reference_652 foreign key (id_grade)
      references bd_grade (id)
go

alter table ps_gradeindicatorplan
   add constraint FK_PE_gradeIndicatorPlan_REFERENCE_PE_gradePlan foreign key (id_gradePlan)
      references ps_gradeplan (id)
go

alter table ps_gradeindicatorplan
   add constraint FK_PE_gradeIndicatorPlan_REFERENCE_PE_gradeDecomposition foreign key (id_gradeDecomposition)
      references ps_gradedecomposition (id)
go

alter table ps_gradeplan
   add constraint FK_PS_GRADE_REFERENCE_BD_USER foreign key (id_user)
      references bd_user (id)
go

alter table ps_gradeplan
   add constraint Reference_650 foreign key (id_grade)
      references bd_grade (id)
go

alter table ps_gradeplan
   add constraint FK_PS_GRADE_REFERENCE_BD_SCHOO foreign key (id_schoolterm)
      references bd_schoolterm (id)
go

alter table ps_teachplan
   add constraint FK_PS_TEACH_REFERENCE_PS_COURS foreign key (id_coursedecompositionplan)
      references ps_coursedecompositionplan (id)
go

alter table ps_teachplan
   add constraint FK_PS_TEACH_REFERENCE_BD_USER foreign key (id_user)
      references bd_user (id)
go
insert into bd_module(id,name,nameI18n,code,num,deployFlag,ft,lt,fu,lu) values('20130507103402041189979325233477','','bd_module_ps','ps',null,'1','2013-05-07 10:34:02',null,'20120507134700000110225236178825',null);

insert into bd_operation(id,id_module,id_parent,name,nameI18n,code,operationDict,customTypeDict,url,openMode,datascopeFlag,num,icon,winHeight,winWidth,description,ft,lt,fu,lu) values('20130507103555993170855133950854','20130507103402041189979325233477',null,'','bd_operation_pervasive','pervasive','0',null,'ps/habitStandard!pervasive.action','0','0',1,'app-pervasive','100%','100%','','2013-05-07 10:35:55','2013-05-07 10:55:56','20120507134700000110225236178825','20120507134700000110225236178825');
insert into bd_operation(id,id_module,id_parent,name,nameI18n,code,operationDict,customTypeDict,url,openMode,datascopeFlag,num,icon,winHeight,winWidth,description,ft,lt,fu,lu) values('20130507103701103905728185991135','20130507103402041189979325233477','20130507103555993170855133950854','','ps_habitStandard','ps_habitStandard','2',null,'','0','0',1,'','','','','2013-05-07 10:37:01',null,'20120507134700000110225236178825',null);
insert into bd_operation(id,id_module,id_parent,name,nameI18n,code,operationDict,customTypeDict,url,openMode,datascopeFlag,num,icon,winHeight,winWidth,description,ft,lt,fu,lu) values('20130507104333293545495217105454','20130507103402041189979325233477','20130507103555993170855133950854','','ps_gradeHabit','ps_gradeHabit','2',null,'','0','0',2,'','','','','2013-05-07 10:43:33','2013-05-08 17:24:33','20120507134700000110225236178825','20120507134700000110225236178825');
insert into bd_operation(id,id_module,id_parent,name,nameI18n,code,operationDict,customTypeDict,url,openMode,datascopeFlag,num,icon,winHeight,winWidth,description,ft,lt,fu,lu) values('20130507104401370820655831503829','20130507103402041189979325233477','20130507103555993170855133950854','','ps_classHabit','ps_classHabit','2',null,'','0','0',3,'','','','','2013-05-07 10:44:01',null,'20120507134700000110225236178825',null);
insert into bd_operation(id,id_module,id_parent,name,nameI18n,code,operationDict,customTypeDict,url,openMode,datascopeFlag,num,icon,winHeight,winWidth,description,ft,lt,fu,lu) values('20130507104427802705579729684918','20130507103402041189979325233477','20130507103555993170855133950854','','ps_habitCultivate','ps_habitCultivate','2',null,'','0','0',4,'','','','','2013-05-07 10:44:27',null,'20120507134700000110225236178825',null);
insert into bd_operation(id,id_module,id_parent,name,nameI18n,code,operationDict,customTypeDict,url,openMode,datascopeFlag,num,icon,winHeight,winWidth,description,ft,lt,fu,lu) values('20130507104447842308446775121560','20130507103402041189979325233477','20130507103555993170855133950854','','ps_studentHabit','ps_studentHabit','2',null,'','0','0',5,'','','','','2013-05-07 10:44:47',null,'20120507134700000110225236178825',null);
insert into bd_operation(id,id_module,id_parent,name,nameI18n,code,operationDict,customTypeDict,url,openMode,datascopeFlag,num,icon,winHeight,winWidth,description,ft,lt,fu,lu) values('20130522174930119172079266278899','20130507103402041189979325233477','20130507104447842308446775121560','','studentHabit_studentHabit','studentHabit_studentHabit','2',null,'','0','0',1,'','','','','2013-05-22 17:49:30',null,'20120507134700000110225236178825',null);
insert into bd_operation(id,id_module,id_parent,name,nameI18n,code,operationDict,customTypeDict,url,openMode,datascopeFlag,num,icon,winHeight,winWidth,description,ft,lt,fu,lu) values('20130522175002752944502741647141','20130507103402041189979325233477','20130507104447842308446775121560','','studentHabit_editAudit','studentHabit_editAudit','2',null,'','0','0',2,'','','','','2013-05-22 17:50:02',null,'20120507134700000110225236178825',null);
insert into bd_operation(id,id_module,id_parent,name,nameI18n,code,operationDict,customTypeDict,url,openMode,datascopeFlag,num,icon,winHeight,winWidth,description,ft,lt,fu,lu) values('20130522175026168483941677583132','20130507103402041189979325233477','20130507104447842308446775121560','','studentHabit_myHabit','studentHabit_myHabit','2',null,'','0','0',2,'','','','','2013-05-22 17:50:26','2013-05-23 13:42:53','20120507134700000110225236178825','20120507134700000110225236178825');
insert into bd_operation(id,id_module,id_parent,name,nameI18n,code,operationDict,customTypeDict,url,openMode,datascopeFlag,num,icon,winHeight,winWidth,description,ft,lt,fu,lu) values('20130527090323316203050931584804','20130507103402041189979325233477','20130507104333293545495217105454','','ps_pervasive_trainingPlan','gradeHabit_trainingPlan','2',null,'','0','0',1,'','','','','2013-05-27 09:03:23','2013-05-27 09:04:28','20120507134700000110225236178825','20120507134700000110225236178825');
insert into bd_operation(id,id_module,id_parent,name,nameI18n,code,operationDict,customTypeDict,url,openMode,datascopeFlag,num,icon,winHeight,winWidth,description,ft,lt,fu,lu) values('20130527090415617694681107278058','20130507103402041189979325233477','20130507104333293545495217105454','','ps_pervasive_gradeContribution','gradeHabit_gradeContribution','2',null,'','0','0',2,'','','','','2013-05-27 09:04:15',null,'20120507134700000110225236178825',null);

insert into bd_dictionary(id,name,code,description,kind,enableFlag,editableFlag,systemFlag,ft,lt,fu,lu) values('20130507105804158570136212746460','','habitKind',null,'0',null,'1',null,'2013-05-07 10:58:04',null,'20120507134700000110225236178825',null);
insert into bd_dictionaryvalue(id,id_dictionary,id_parent,code,value,valueI18n,num,description,enableFlag,editableFlag,systemFlag,ft,lt,fu,lu) values('20130507105839813263795686972704','20130507105804158570136212746460',null,'zsxx','','',1,null,'1',null,null,'2013-05-07 10:58:39',null,'20120507134700000110225236178825',null);
insert into bd_dictionaryvalue(id,id_dictionary,id_parent,code,value,valueI18n,num,description,enableFlag,editableFlag,systemFlag,ft,lt,fu,lu) values('20130507105850997969016907129516','20130507105804158570136212746460',null,'xyxx','','',2,null,'1',null,null,'2013-05-07 10:58:50',null,'20120507134700000110225236178825',null);
insert into bd_dictionary(id,name,code,description,kind,enableFlag,editableFlag,systemFlag,ft,lt,fu,lu) values('20130508100157311030624726775567','','courseKind',null,'0',null,'1',null,'2013-05-08 10:01:57',null,'20120507134700000110225236178825',null);
insert into bd_dictionaryvalue(id,id_dictionary,id_parent,code,value,valueI18n,num,description,enableFlag,editableFlag,systemFlag,ft,lt,fu,lu) values('20130508100251583093705252631755','20130508100157311030624726775567',null,'sykc','','',1,null,'1',null,null,'2013-05-08 10:02:51',null,'20120507134700000110225236178825',null);
insert into bd_dictionaryvalue(id,id_dictionary,id_parent,code,value,valueI18n,num,description,enableFlag,editableFlag,systemFlag,ft,lt,fu,lu) values('20130508100303318110653947970255','20130508100157311030624726775567',null,'gjkc','','',2,null,'1',null,null,'2013-05-08 10:03:03',null,'20120507134700000110225236178825',null);
insert into bd_dictionaryvalue(id,id_dictionary,id_parent,code,value,valueI18n,num,description,enableFlag,editableFlag,systemFlag,ft,lt,fu,lu) values('20130508100330985444293367266073','20130508100157311030624726775567',null,'xbkc','','',3,null,'1',null,null,'2013-05-08 10:03:30',null,'20120507134700000110225236178825',null);
insert into bd_dictionaryvalue(id,id_dictionary,id_parent,code,value,valueI18n,num,description,enableFlag,editableFlag,systemFlag,ft,lt,fu,lu) values('20130508100340637699437941085566','20130508100157311030624726775567',null,'qtkc','','',4,null,'1',null,null,'2013-05-08 10:03:40',null,'20120507134700000110225236178825',null);
/*tag1.0 end*/
/*tag1.0 start*/
/*==============================================================*/
/* Table: pl_annotation                                         */
/*==============================================================*/
create table pl_annotation (
   id                   char(32)             not null,
   id_teachingplan      char(32)             null,
   comment              varchar(500)         null,
   lu                   char(32)             null,
   fu                   char(32)             null,
   lt                   char(19)             null,
   ft                   char(19)             null
)
go

alter table pl_annotation
   add constraint PK_PL_ANNOTATION primary key nonclustered (id)
go

/*==============================================================*/
/* Table: pl_floweruser                                         */
/*==============================================================*/
create table pl_floweruser (
   id                   char(32)             not null,
   id_teachingplan      char(32)             null,
   id_user              char(32)             null,
   lu                   char(32)             null,
   fu                   char(32)             null,
   lt                   char(19)             null,
   ft                   char(19)             null
)
go

alter table pl_floweruser
   add constraint PK_PL_FLOWERUSER primary key nonclustered (id)
go

/*==============================================================*/
/* Table: pl_plcourseware                                       */
/*==============================================================*/
create table pl_plcourseware (
   id                   char(32)             not null,
   id_teachingplan      char(32)             null,
   name                 varchar(50)          null,
   lu                   char(32)             null,
   fu                   char(32)             null,
   lt                   char(19)             null,
   ft                   char(19)             null
)
go

alter table pl_plcourseware
   add constraint PK_PL_PLCOURSEWARE primary key nonclustered (id)
go

/*==============================================================*/
/* Table: pl_plknowledge                                        */
/*==============================================================*/
create table pl_plknowledge (
   id                   char(32)             not null,
   id_teachingplan      char(32)             null,
   id_knowledge         char(32)             null,
   lu                   char(32)             null,
   fu                   char(32)             null,
   lt                   char(19)             null,
   ft                   char(19)             null
)
go

alter table pl_plknowledge
   add constraint PK_PL_PLKNOWLEDGE primary key nonclustered (id)
go

/*==============================================================*/
/* Table: pl_plotherresource                                    */
/*==============================================================*/
create table pl_plotherresource (
   id                   char(32)             not null,
   id_teachingplan      char(32)             null,
   name                 varchar(50)          null,
   lu                   char(32)             null,
   fu                   char(32)             null,
   lt                   char(19)             null,
   ft                   char(19)             null,
   content              text                 null
)
go

alter table pl_plotherresource
   add constraint PK_PL_PLOTHERRESOURCE primary key nonclustered (id)
go

/*==============================================================*/
/* Table: pl_plwork                                             */
/*==============================================================*/
create table pl_plwork (
   id                   char(32)             not null,
   id_teachingplan      char(32)             null,
   name                 varchar(50)          null,
   lu                   char(32)             null,
   fu                   char(32)             null,
   lt                   char(19)             null,
   ft                   char(19)             null,
   content              text                 null
)
go

alter table pl_plwork
   add constraint PK_PL_PLWORK primary key nonclustered (id)
go

/*==============================================================*/
/* Table: pl_practice                                           */
/*==============================================================*/
create table pl_practice (
   id                   char(32)             not null,
   id_teachingplan      char(32)             null,
   name                 varchar(50)          null,
   lu                   char(32)             null,
   fu                   char(32)             null,
   lt                   char(19)             null,
   ft                   char(19)             null,
   question             text                 null,
   answer               text                 null
)
go

alter table pl_practice
   add constraint PK_PL_PRACTICE primary key nonclustered (id)
go

/*==============================================================*/
/* Table: pl_shareuser                                          */
/*==============================================================*/
create table pl_shareuser (
   id                   char(32)             not null,
   id_teachingplan      char(32)             null,
   id_user              char(32)             null,
   lu                   char(32)             null,
   fu                   char(32)             null,
   lt                   char(19)             null,
   ft                   char(19)             null
)
go

alter table pl_shareuser
   add constraint PK_PL_SHAREUSER primary key nonclustered (id)
go

/*==============================================================*/
/* Table: pl_teachingplan                                       */
/*==============================================================*/
create table pl_teachingplan (
   id                   char(32)             not null,
   id_teachingmaterial  char(32)             null,
   id_user              char(32)             null,
   id_grade             char(32)             null,
   id_course            char(32)             null,
   chapter              int                  null,
   section              int                  null,
   title                varchar(100)         null,
   keyWord              varchar(100)         null,
   time                 char(19)             null,
   shareScope           char(1)              null,
   resourceFlag         char(1)              null,
   fileFlag             char(1)              null,
   excellentFlag        char(1)              null,
   id_excellentUser     char(32)             null,
   excellentTime        char(19)             null,
   prepareFlag          char(1)              null,
   flowerAmount         int                  null,
   lu                   char(32)             null,
   fu                   char(32)             null,
   lt                   char(19)             null,
   ft                   char(19)             null
)
go

alter table pl_teachingplan
   add constraint PK_PL_TEACHINGPLAN primary key nonclustered (id)
go

alter table pl_annotation
   add constraint FK_PL_ANNOT_REFERENCE_PL_TEACH foreign key (id_teachingplan)
      references pl_teachingplan (id)
go

alter table pl_floweruser
   add constraint FK_PL_FLOWE_REFERENCE_PL_TEACH foreign key (id_teachingplan)
      references pl_teachingplan (id)
go

alter table pl_floweruser
   add constraint FK_PL_FLOWE_REFERENCE_BD_USER foreign key (id_user)
      references bd_user (id)
go

alter table pl_plcourseware
   add constraint FK_PL_PLCOU_REFERENCE_PL_TEACH foreign key (id_teachingplan)
      references pl_teachingplan (id)
go

alter table pl_plknowledge
   add constraint FK_PL_PLKNO_REFERENCE_PL_TEACH foreign key (id_teachingplan)
      references pl_teachingplan (id)
go

alter table pl_plknowledge
   add constraint FK_PL_PLKNO_REFERENCE_BD_KNOWL foreign key (id_knowledge)
      references bd_knowledgepoint (id)
go

alter table pl_plotherresource
   add constraint FK_PL_PLOTH_REFERENCE_PL_TEACH foreign key (id_teachingplan)
      references pl_teachingplan (id)
go

alter table pl_plwork
   add constraint FK_PL_PLWOR_REFERENCE_PL_TEACH foreign key (id_teachingplan)
      references pl_teachingplan (id)
go

alter table pl_practice
   add constraint FK_PL_PRACT_REFERENCE_PL_TEACH foreign key (id_teachingplan)
      references pl_teachingplan (id)
go

alter table pl_shareuser
   add constraint FK_PL_SHARE_REFERENCE_PL_TEACH foreign key (id_teachingplan)
      references pl_teachingplan (id)
go

alter table pl_shareuser
   add constraint FK_PL_SHARE_REFERENCE_BD_USER foreign key (id_user)
      references bd_user (id)
go

alter table pl_teachingplan
   add constraint FK_PL_TEACH_REFERENCE_BD_USE2 foreign key (id_excellentUser)
      references bd_user (id)
go

alter table pl_teachingplan
   add constraint FK_PL_TEACH_REFERENCE_BD_USER foreign key (id_user)
      references bd_user (id)
go

alter table pl_teachingplan
   add constraint FK_PL_TEACH_REFERENCE_BD_TEACH foreign key (id_teachingmaterial)
      references bd_teachingmaterial (id)
go

alter table pl_teachingplan
   add constraint FK_PL_TEACH_REFERENCE_BD_GRADE foreign key (id_grade)
      references bd_grade (id)
go

alter table pl_teachingplan
   add constraint FK_PL_TEACH_REFERENCE_BD_COURS foreign key (id_course)
      references bd_course (id)
go

insert into bd_module(id,name,nameI18n,code,num,deployFlag,ft,lt,fu,lu) values('20130410161947084607867596720976','','bd_module_pl','pl',null,'1','2013-04-10 16:19:47',null,'20120507134700000110225236178825',null);
insert into bd_operation(id,id_module,id_parent,name,nameI18n,code,operationDict,customTypeDict,url,openMode,datascopeFlag,num,icon,winHeight,winWidth,description,ft,lt,fu,lu) values('20130410162224101361132915122564','20130410161947084607867596720976',null,'','bd_opration_pl','pl','0',null,'/pl/index!index.action','0','0',1,'app-preparelesson','100%','100%','','2013-04-10 16:22:24','2013-04-10 16:24:52','20120507134700000110225236178825','20120507134700000110225236178825');
insert into bd_operation(id,id_module,id_parent,name,nameI18n,code,operationDict,customTypeDict,url,openMode,datascopeFlag,num,icon,winHeight,winWidth,description,ft,lt,fu,lu) values('20130410163338295244901367345824','20130410161947084607867596720976','20130410162224101361132915122564','','pl_personalspace','pl_personalspace','2',null,'/pl/index!personalSpace.action','0','0',1,'','','','','2013-04-10 16:33:38','2013-04-10 16:35:40','20120507134700000110225236178825','20120507134700000110225236178825');
insert into bd_operation(id,id_module,id_parent,name,nameI18n,code,operationDict,customTypeDict,url,openMode,datascopeFlag,num,icon,winHeight,winWidth,description,ft,lt,fu,lu) values('20130410163526095270714753014192','20130410161947084607867596720976','20130410162224101361132915122564','','pl_preparelessonmanage','pl_preparelessonmanage','2',null,'/pl/index!prepareLessonManage.action','0','0',2,'','','','','2013-04-10 16:35:26',null,'20120507134700000110225236178825',null);
insert into bd_operation(id,id_module,id_parent,name,nameI18n,code,operationDict,customTypeDict,url,openMode,datascopeFlag,num,icon,winHeight,winWidth,description,ft,lt,fu,lu) values('20130410163638165907747270537648','20130410161947084607867596720976','20130410162224101361132915122564','','pl_resourcelist','pl_resourcelist','2',null,'/pl/index!resourceList.action','0','0',3,'','','','','2013-04-10 16:36:38',null,'20120507134700000110225236178825',null);
insert into fw_attachmentconfig(id,code,saveDir,dirLevel,fileSize,fileCount,extension,description,ft,lt,fu,lu) values('20130411092502953302072080379333','prepareLesson','D:/temp','3',null,'1','','','2013-04-11 09:25:02','2013-04-27 09:02:47','20120507134700000110225236178825','20120507134700000110225236178825');
insert into fw_attachmentconfig(id,code,saveDir,dirLevel,fileSize,fileCount,extension,description,ft,lt,fu,lu) values('20130427090344640214907171763035','prepareLesson_teachingPla','d:/temp','1',null,'1','doc;docx','Word','2013-04-27 09:03:44','2013-04-27 09:05:43','20120507134700000110225236178825','20120507134700000110225236178825');
insert into fw_attachmentconfig(id,code,saveDir,dirLevel,fileSize,fileCount,extension,description,ft,lt,fu,lu) values('20130427090433362132586620656436','prepareLesson_courseware','d:/temp','1',null,'1','ppt;pptx','ppt','2013-04-27 09:04:33','2013-04-27 09:13:04','20120507134700000110225236178825','20120507134700000110225236178825');

/*tag1.0 end*/
/*tag1.0 start*/
/*==============================================================*/
/* Table: pu_publicity                                          */
/*==============================================================*/
create table pu_publicity (
   id                   char(32)             not null,
   id_publishuser       char(32)             null,
   id_department        char(32)             null,
   receiveRange         varchar(20)          null,
   title                varchar(100)         null,
   content              text                 null,
   createTime           char(19)             null,
   startDate            char(10)             null,
   endDate              char(10)             null,
   status               char(1)              null,
   feedbackFlag         char(1)              null,
   approvalFlag         char(1)              null,
   id_dealuser          char(32)             null,
   ft                   char(19)             null,
   lt                   char(19)             null,
   fu                   char(32)             null,
   lu                   char(32)             null
)
go

alter table pu_publicity
   add constraint PK_PU_PUBLICITY primary key nonclustered (id)
go

/*==============================================================*/
/* Table: pu_publicityapproval                                  */
/*==============================================================*/
create table pu_publicityapproval (
   id                   char(32)             not null,
   id_publicity         char(32)             null,
   id_user              char(32)             null,
   num                  varchar(10)          null,
   status               char(1)              null,
   approvalView         varchar(200)         null,
   approvalTime         char(19)             null,
   ft                   char(19)             null,
   lt                   char(19)             null,
   fu                   char(32)             null,
   lu                   char(32)             null
)
go

alter table pu_publicityapproval
   add constraint PK_PU_PUBLICITYAPPROVAL primary key nonclustered (id)
go

/*==============================================================*/
/* Table: pu_publicityfeedback                                  */
/*==============================================================*/
create table pu_publicityfeedback (
   id                   char(32)             not null,
   id_publicity         char(32)             null,
   id_user              char(32)             null,
   content              varchar(200)         null,
   feedbackTime         char(19)             null,
   ft                   char(19)             null,
   lt                   char(19)             null,
   fu                   char(32)             null,
   lu                   char(32)             null
)
go

alter table pu_publicityfeedback
   add constraint PK_PU_PUBLICITYFEEDBACK primary key nonclustered (id)
go

alter table pu_publicity
   add constraint FK_PU_PUBLI_REFERENCE_BD_USER1 foreign key (id_publishuser)
      references bd_user (id)
go

alter table pu_publicity
   add constraint FK_PU_PUBLI_REFERENCE_BD_USER2 foreign key (id_dealuser)
      references bd_user (id)
go

alter table pu_publicity
   add constraint FK_PU_PUBLI_REFERENCE_BD_DEPAR foreign key (id_department)
      references bd_department (id)
go

alter table pu_publicityapproval
   add constraint FK_PU_PUBLI_REFERENCE_PU_PUBL2 foreign key (id_publicity)
      references pu_publicity (id)
go

alter table pu_publicityapproval
   add constraint FK_PU_PUBLI_REFERENCE_BD_USER3 foreign key (id_user)
      references bd_user (id)
go

alter table pu_publicityfeedback
   add constraint FK_PU_PUBLI_REFERENCE_PU_PUBL1 foreign key (id_publicity)
      references pu_publicity (id)
go

alter table pu_publicityfeedback
   add constraint FK_PU_PUBLI_REFERENCE_BD_USER4 foreign key (id_user)
      references bd_user (id)
go


insert into bd_module(id,name,nameI18n,code,num,deployFlag,ft,lt,fu,lu) values('20120625100340941484799592086291','','bd_module_pu','pu',null,'1','2012-06-25 10:03:40',null,'20120507134700000110225236178825',null);
insert into bd_operation(id,id_module,id_parent,name,nameI18n,code,operationDict,url,openMode,datascopeFlag,num,icon,winHeight,winWidth,description,ft,lt,fu,lu) values('20120625100452925775166825931630','20120625100340941484799592086291',null,'','bd_operation_publicity','pu','0','/pu/publicity!index.action','0','1',null,'app-Publicity','100%','100%','','2012-06-25 10:04:52','2012-07-05 13:03:19','20120507134700000110225236178825','20120507134700000110225236178825');
insert into bd_operation(id,id_module,id_parent,name,nameI18n,code,operationDict,url,openMode,datascopeFlag,num,icon,winHeight,winWidth,description,ft,lt,fu,lu) values('20120709171359575032327055774120','20120625100340941484799592086291','20120625100452925775166825931630','','pu_newpublicity','pu_newpublicity','2','/pu/publicity!input.action?option=add','0','1',1,'','','','','2012-07-09 17:13:59',null,'20120507134700000110225236178825',null);
insert into bd_operation(id,id_module,id_parent,name,nameI18n,code,operationDict,url,openMode,datascopeFlag,num,icon,winHeight,winWidth,description,ft,lt,fu,lu) values('20120709171434059848985314933082','20120625100340941484799592086291','20120625100452925775166825931630','','pu_publicitymanage','pu_publicitymanage','2','/pu/publicity!listOfPublicity.action','0','1',2,'','','','','2012-07-09 17:14:34',null,'20120507134700000110225236178825',null);
insert into bd_operation(id,id_module,id_parent,name,nameI18n,code,operationDict,url,openMode,datascopeFlag,num,icon,winHeight,winWidth,description,ft,lt,fu,lu) values('20120709171513825183952083057304','20120625100340941484799592086291','20120625100452925775166825931630','','pu_publicityapproval','pu_publicityapproval','2','/pu/publicityApproval!listOfApproval.action','0','1',3,'','','','','2012-07-09 17:15:13',null,'20120507134700000110225236178825',null);
insert into bd_operation(id,id_module,id_parent,name,nameI18n,code,operationDict,url,openMode,datascopeFlag,num,icon,winHeight,winWidth,description,ft,lt,fu,lu) values('20120709171552028040878358465898','20120625100340941484799592086291','20120625100452925775166825931630','','pu_publicitycolumn','pu_publicitycolumn','2','/pu/publicity!listOfColumn.action','0','1',4,'','','','','2012-07-09 17:15:52',null,'20120507134700000110225236178825',null);

ALTER TABLE pu_publicity ALTER COLUMN title VARCHAR(500);
/*tag1.0 end*/
/*tag1.0 start*/
/*==============================================================*/
/* Table: qn_option                                             */
/*==============================================================*/
create table qn_option (
   id                   char(32)             not null,
   id_question          char(32)             null,
   num                  int                  null,
   viewNum              varchar(10)          null,
   name                 varchar(100)         null,
   fillinFlag           char(1)              null,
   alternativeFlag      char(1)              null,
   format               char(1)              null,
   minimumWords         varchar(10)          null,
   maximumWords         varchar(10)          null,
   score                int                  null,
   pictureFlag          char(1)              null,
   ft                   char(19)             null,
   lt                   char(19)             null,
   fu                   char(32)             null,
   lu                   char(32)             null
)
go

alter table qn_option
   add constraint PK_QN_OPTION primary key nonclustered (id)
go

/*==============================================================*/
/* Table: qn_optionresults                                      */
/*==============================================================*/
create table qn_optionresults (
   id                   char(32)             not null,
   id_questionresults   char(32)             null,
   id_option            char(32)             null,
   result               varchar(2000)        null,
   score                int                  null,
   ft                   char(19)             null,
   lt                   char(19)             null,
   fu                   char(32)             null,
   lu                   char(32)             null
)
go

alter table qn_optionresults
   add constraint PK_QN_OPTIONRESULTS primary key nonclustered (id)
go

/*==============================================================*/
/* Table: qn_participatenaire                                   */
/*==============================================================*/
create table qn_participatenaire (
   id                   char(32)             not null,
   id_questionnaire     char(32)             null,
   id_participant       char(32)             null,
   id_evaluateduser     char(32)             null,
   participantKind      char(1)              null,
   id_participantschool char(32)             null,
   id_participantgrade  char(32)             null,
   id_participanteclass char(32)             null,
   evaluatedKind        char(1)              null,
   id_evaluatedschool   char(32)             null,
   id_evaluatedgrade    char(32)             null,
   id_evaluatedeclass   char(32)             null,
   id_evaluatedcourse   char(32)             null,
   completeFlag         char(1)              null,
   completeTime         char(19)             null,
   ft                   char(19)             null,
   lt                   char(19)             null,
   fu                   char(32)             null,
   lu                   char(32)             null
)
go

alter table qn_participatenaire
   add constraint PK_QN_PARTICIPATENAIRE primary key nonclustered (id)
go

/*==============================================================*/
/* Table: qn_question                                           */
/*==============================================================*/
create table qn_question (
   id                   char(32)             not null,
   id_questionnaire     char(32)             null,
   id_parent            char(32)             null,
   kind                 char(1)              null,
   num                  int                  null,
   viewNum              int                  null,
   name                 varchar(100)         null,
   mandatoryFlag        char(1)              null,
   description          varchar(200)         null,
   descriptionFlag      char(1)              null,
   orientation          char(1)              null,
   minimumChoices       varchar(10)          null,
   maximumChoices       varchar(10)          null,
   minimumWords         varchar(10)          null,
   maximumWords         varchar(10)          null,
   ft                   char(19)             null,
   lt                   char(19)             null,
   fu                   char(32)             null,
   lu                   char(32)             null
)
go

alter table qn_question
   add constraint PK_QN_QUESTION primary key nonclustered (id)
go

/*==============================================================*/
/* Table: qn_questionnaire                                      */
/*==============================================================*/
create table qn_questionnaire (
   id                   char(32)             not null,
   id_schoolTerm        char(32)             null,
   id_user              char(32)             null,
   name                 varchar(100)         null,
   kind                 char(1)              null,
   status               char(1)              null,
   welcomeRemarksFlag   char(1)              null,
   welcomeRemarks       varchar(200)         null,
   thanksRemarksFlag    char(1)              null,
   thanksRemarks        varchar(200)         null,
   deadline             char(19)             null,
   dimension            char(1)              null,
   range                char(1)              null,
   createTime           char(19)             null,
   updateTime           char(19)             null,
   anonymousFlag        char(1)              null,
   scoreFlag            char(1)              null,
   remindFlag           char(1)              null,
   remindContent        varchar(200)         null,
   skin                 char(1)              null,
   ft                   char(19)             null,
   lt                   char(19)             null,
   fu                   char(32)             null,
   lu                   char(32)             null
)
go

alter table qn_questionnaire
   add constraint PK_QN_QUESTIONNAIRE primary key nonclustered (id)
go

/*==============================================================*/
/* Table: qn_questionresults                                    */
/*==============================================================*/
create table qn_questionresults (
   id                   char(32)             not null,
   id_participatenaire  char(32)             null,
   id_question          char(32)             null,
   result               varchar(2000)        null,
   score                int                  null,
   ft                   char(19)             null,
   lt                   char(19)             null,
   fu                   char(32)             null,
   lu                   char(32)             null
)
go

alter table qn_questionresults
   add constraint PK_QN_QUESTIONRESULTS primary key nonclustered (id)
go

alter table qn_option
   add constraint FK_QN_OPTIO_REFERENCE_QN_QUEST foreign key (id_question)
      references qn_question (id)
go

alter table qn_optionresults
   add constraint FK_QN_OPTIO_REFERENCE_QN_QUES9 foreign key (id_questionresults)
      references qn_questionresults (id)
go

alter table qn_optionresults
   add constraint FK_QN_OPTIO_REFERENCE_QN_OPTIO foreign key (id_option)
      references qn_option (id)
go

alter table qn_participatenaire
   add constraint FK_QN_PARTI_REFERENCE_BD_SCHO1 foreign key (id_participantschool)
      references bd_school (id)
go

alter table qn_participatenaire
   add constraint FK_QN_PARTI_REFERENCE_BD_USE1 foreign key (id_participant)
      references bd_user (id)
go

alter table qn_participatenaire
   add constraint FK_QN_PARTI_REFERENCE_BD_GRAD2 foreign key (id_participantgrade)
      references bd_grade (id)
go

alter table qn_participatenaire
   add constraint FK_QN_PARTI_REFERENCE_BD_ECLA3 foreign key (id_participanteclass)
      references bd_eclass (id)
go

alter table qn_participatenaire
   add constraint FK_QN_PARTI_REFERENCE_BD_USER foreign key (id_evaluateduser)
      references bd_user (id)
go

alter table qn_participatenaire
   add constraint FK_QN_PARTI_REFERENCE_BD_ECLA4 foreign key (id_evaluatedeclass)
      references bd_eclass (id)
go

alter table qn_participatenaire
   add constraint FK_QN_PARTI_REFERENCE_BD_GRAD5 foreign key (id_evaluatedgrade)
      references bd_grade (id)
go

alter table qn_participatenaire
   add constraint FK_QN_PARTI_REFERENCE_BD_SCHOO foreign key (id_evaluatedschool)
      references bd_school (id)
go

alter table qn_participatenaire
   add constraint FK_QN_PARTI_REFERENCE_BD_COURS foreign key (id_evaluatedcourse)
      references bd_course (id)
go

alter table qn_participatenaire
   add constraint FK_QN_PARTI_REFERENCE_QN_QUEST foreign key (id_questionnaire)
      references qn_questionnaire (id)
go

alter table qn_question
   add constraint FK_QN_QUEST_REFERENCE_QN_QUES7 foreign key (id_parent)
      references qn_question (id)
go

alter table qn_question
   add constraint FK_QN_QUEST_REFERENCE_QN_QUES6 foreign key (id_questionnaire)
      references qn_questionnaire (id)
go

alter table qn_questionnaire
   add constraint FK_QN_QUEST_REFERENCE_BD_SCHOO foreign key (id_schoolTerm)
      references bd_schoolterm (id)
go

alter table qn_questionnaire
   add constraint FK_QN_QUEST_REFERENCE_BD_USER foreign key (id_user)
      references bd_user (id)
go

alter table qn_questionresults
   add constraint FK_QN_QUEST_REFERENCE_QN_PARTI foreign key (id_participatenaire)
      references qn_participatenaire (id)
go

alter table qn_questionresults
   add constraint FK_QN_QUEST_REFERENCE_QN_QUES8 foreign key (id_question)
      references qn_question (id)
go

INSERT [dbo].[bd_module] ([id], [name], [nameI18n], [code], [num], [deployFlag], [ft], [lt], [fu], [lu]) VALUES (N'20121115105005796486107811382326', N'', N'bd_module_qn', N'qn', 11, N'1', N'2012-11-15 10:50:05', NULL, N'20120507134700000110225236178825', NULL)

INSERT [dbo].[bd_operation] ([id], [id_module], [id_parent], [name], [nameI18n], [code], [operationDict], [url], [openMode], [datascopeFlag], [num], [icon], [winHeight], [winWidth], [description], [ft], [lt], [fu], [lu]) VALUES (N'20121115105457343460735454436083', N'20121115105005796486107811382326', NULL, N'', N'bd_operation_questionnaire', N'qn', N'0', N'/qn/questionnaire!index.action', N'0', N'1', 1, N'questionnaire-apply', N'100%', N'100%', N'', N'2012-11-15 10:54:57', N'2012-12-06 10:53:29', N'20120507134700000110225236178825', N'20120507134700000110225236178825')
INSERT [dbo].[bd_operation] ([id], [id_module], [id_parent], [name], [nameI18n], [code], [operationDict], [url], [openMode], [datascopeFlag], [num], [icon], [winHeight], [winWidth], [description], [ft], [lt], [fu], [lu]) VALUES (N'20121115110218468523081799438457', N'20121115105005796486107811382326', N'20121115105457343460735454436083', N'', N'qn_qnCentre', N'qn_qnCentre', N'2', N'/qn/questionnaire!toQuestionnaireCentre.action', N'0', N'1', 1, N'', N'', N'', N'', N'2012-11-15 11:02:18', N'2012-12-06 10:53:52', N'20120507134700000110225236178825', N'20120507134700000110225236178825')
INSERT [dbo].[bd_operation] ([id], [id_module], [id_parent], [name], [nameI18n], [code], [operationDict], [url], [openMode], [datascopeFlag], [num], [icon], [winHeight], [winWidth], [description], [ft], [lt], [fu], [lu]) VALUES (N'20121127092000323915593644264017', N'20121115105005796486107811382326', N'20121115105457343460735454436083', N'', N'qn_statisticalResult', N'qn_statisticalResult', N'2', N'/qn/questionnaire!toStatisticalResult.action', N'0', N'1', 3, N'', N'', N'', N'', N'2012-11-27 09:20:00', NULL, N'20120507134700000110225236178825', NULL)
INSERT [dbo].[bd_operation] ([id], [id_module], [id_parent], [name], [nameI18n], [code], [operationDict], [url], [openMode], [datascopeFlag], [num], [icon], [winHeight], [winWidth], [description], [ft], [lt], [fu], [lu]) VALUES (N'20121121111224437220234505726915', N'20121115105005796486107811382326', N'20121115105457343460735454436083', N'', N'qn_participation', N'qn_participation', N'2', N'/qn/questionnaire!toParticipation.action', N'0', N'1', 2, N'', N'', N'', N'', N'2012-11-21 11:12:24', N'2012-11-21 11:30:36', N'20120507134700000110225236178825', N'20120507134700000110225236178825')
INSERT [dbo].[fw_attachmentconfig] ([id], [code], [saveDir], [dirLevel], [fileSize], [fileCount], [extension], [description], [ft], [lt], [fu], [lu]) VALUES (N'20121211104239687222667627382876', N'Questionnaire', N'd:\temp', 3, NULL, 1, N'jpg;.gif;bmp;png;jpeg;BMP;PNG;JPG;GIF;JPEG', N'', N'2012-12-11 10:42:39', N'2012-12-11 10:43:03', N'20120507134700000110225236178825', N'20120507134700000110225236178825')
/*tag1.0 end*/
/*tag1.1 start*/
INSERT [dbo].[bd_operation] ([id], [id_module], [id_parent], [name], [nameI18n], [code], [operationDict], [url], [openMode], [datascopeFlag], [num], [icon], [winHeight], [winWidth], [description], [ft], [lt], [fu], [lu], [customTypeDict]) VALUES (N'20130416180004237614410886239591', N'20121115105005796486107811382326', N'20121115105457343460735454436083', N'', N'qn_myResult', N'qn_myResult', N'2', N'/qn/questionnaire!toMyResult.action', N'0', N'1', 4, N'', N'', N'', N'', N'2013-04-16 18:00:04', N'2013-04-16 18:00:38', N'20120507134700000110225236178825', N'20120507134700000110225236178825', null);
/*tag1.1 end*/

/*tag1.0 start*/
/*==============================================================*/
/* Table: sd_activity                                           */
/*==============================================================*/
create table sd_activity (
   id                   char(32)             not null,
   id_schoolterm        char(32)             null,
   name                 varchar(50)          null,
   kind                 varchar(20)          null,
   startDate            char(10)             null,
   endDate              char(10)             null,
   status               char(1)              null,
   ft                   char(19)             null,
   lt                   char(19)             null,
   fu                   char(32)             null,
   lu                   char(32)             null
)
go

alter table sd_activity
   add constraint PK_SD_ACTIVITY primary key (id)
go

/*==============================================================*/
/* Table: sd_activitygrade                                      */
/*==============================================================*/
create table sd_activitygrade (
   id                   char(32)             not null,
   id_activity          char(32)             null,
   id_school            char(32)             null,
   id_grade             char(32)             null,
   ft                   char(19)             null,
   lt                   char(19)             null,
   fu                   char(32)             null,
   lu                   char(32)             null
)
go

alter table sd_activitygrade
   add constraint PK_SD_ACTIVITYGRADE primary key (id)
go

/*==============================================================*/
/* Table: sd_works                                              */
/*==============================================================*/
create table sd_works (
   id                   char(32)             not null,
   id_activity          char(32)             null,
   id_student           char(32)             null,
   id_eclass            char(32)             null,
   name                 varchar(50)          null,
   kind                 varchar(20)          null,
   score                int                  null,
   status               char(1)              null,
   note                 varchar(200)         null,
   preview              char(32)             null,
   ft                   char(19)             null,
   lt                   char(19)             null,
   fu                   char(32)             null,
   lu                   char(32)             null
)
go

alter table sd_works
   add constraint PK_SD_WORKS primary key (id)
go

/*==============================================================*/
/* Table: sd_worksscore                                         */
/*==============================================================*/
create table sd_worksscore (
   id                   char(32)             not null,
   id_works             char(32)             null,
   id_user              char(32)             null,
   ft                   char(19)             null,
   lt                   char(19)             null,
   fu                   char(32)             null,
   lu                   char(32)             null
)
go

alter table sd_worksscore
   add constraint PK_SD_WORKSSCORE primary key (id)
go

alter table sd_activity
   add constraint FK_SD_ACTIV_REFERENCE_BD_SCHO2 foreign key (id_schoolterm)
      references bd_schoolterm (id)
go

alter table sd_activitygrade
   add constraint FK_SD_ACTIV_REFERENCE_SD_ACTIV foreign key (id_activity)
      references sd_activity (id)
go

alter table sd_activitygrade
   add constraint FK_SD_ACTIV_REFERENCE_BD_GRADE foreign key (id_grade)
      references bd_grade (id)
go

alter table sd_activitygrade
   add constraint FK_SD_ACTIV_REFERENCE_BD_SCHOO foreign key (id_school)
      references bd_school (id)
go

alter table sd_works
   add constraint FK_SD_WORKS_REFERENCE_SD_ACTIV foreign key (id_activity)
      references sd_activity (id)
go

alter table sd_works
   add constraint FK_SD_WORKS_REFERENCE_BD_ECLAS foreign key (id_eclass)
      references bd_eclass (id)
go

alter table sd_works
   add constraint FK_SD_WORKS_REFERENCE_BD_STUDE foreign key (id_student)
      references bd_student (id)
go

alter table sd_worksscore
   add constraint FK_SD_WORKS_REFERENCE_SD_WORKS foreign key (id_works)
      references sd_works (id)
go

alter table sd_worksscore
   add constraint FK_SD_WORKS_REFERENCE_BD_USER foreign key (id_user)
      references bd_user (id)
go

GO
/****** Object:  Table [dbo].[bd_module]    Script Date: 03/12/2013 10:58:37 ******/
INSERT [dbo].[bd_module] ([id], [name], [nameI18n], [code], [num], [deployFlag], [ft], [lt], [fu], [lu]) VALUES (N'20130219105013456382814803111164', N'', N'bd_module_sd', N'sd', NULL, N'1', N'2013-02-19 10:50:13', N'2013-02-21 16:45:59', N'20120507134700000110225236178825', N'20120507134700000110225236178825')
/****** Object:  Table [dbo].[bd_operation]    Script Date: 03/12/2013 10:58:37 ******/
INSERT [dbo].[bd_operation] ([id], [id_module], [id_parent], [name], [nameI18n], [code], [operationDict], [url], [openMode], [datascopeFlag], [num], [icon], [winHeight], [winWidth], [description], [ft], [lt], [fu], [lu]) VALUES (N'20130106154616242737365986019615', N'20130219105013456382814803111164', NULL, N'', N'bd_operation_sd', N'sd', N'0', N'sd/activity!index.action', N'0', N'0', 1, N'app-activity', N'85%', N'80%', N'', N'2013-01-06 15:46:16', N'2013-02-21 16:46:36', N'20120507134700000110225236178825', N'20120507134700000110225236178825')
INSERT [dbo].[bd_operation] ([id], [id_module], [id_parent], [name], [nameI18n], [code], [operationDict], [url], [openMode], [datascopeFlag], [num], [icon], [winHeight], [winWidth], [description], [ft], [lt], [fu], [lu]) VALUES (N'20130219114342109670327928580009', N'20130219105013456382814803111164', N'20130106154616242737365986019615', N'', N'sd_selfList', N'sd_selfList', N'2', N'', N'0', N'0', 1, N'', N'', N'', N'', N'2013-02-19 11:43:42', N'2013-02-19 11:46:39', N'20120507134700000110225236178825', N'20120507134700000110225236178825')
INSERT [dbo].[bd_operation] ([id], [id_module], [id_parent], [name], [nameI18n], [code], [operationDict], [url], [openMode], [datascopeFlag], [num], [icon], [winHeight], [winWidth], [description], [ft], [lt], [fu], [lu]) VALUES (N'20130219141011175779988411401136', N'20130219105013456382814803111164', N'20130106154616242737365986019615', N'', N'sd_worksAudit', N'sd_worksAudit', N'2', N'', N'0', N'0', 3, N'', N'', N'', N'', N'2013-02-19 14:10:11', NULL, N'20120507134700000110225236178825', NULL)
INSERT [dbo].[bd_operation] ([id], [id_module], [id_parent], [name], [nameI18n], [code], [operationDict], [url], [openMode], [datascopeFlag], [num], [icon], [winHeight], [winWidth], [description], [ft], [lt], [fu], [lu]) VALUES (N'20130219141040874489062095778400', N'20130219105013456382814803111164', N'20130106154616242737365986019615', N'', N'sd_activityList', N'sd_activityList', N'2', N'', N'0', N'0', 4, N'', N'', N'', N'', N'2013-02-19 14:10:40', NULL, N'20120507134700000110225236178825', NULL)
INSERT [dbo].[bd_operation] ([id], [id_module], [id_parent], [name], [nameI18n], [code], [operationDict], [url], [openMode], [datascopeFlag], [num], [icon], [winHeight], [winWidth], [description], [ft], [lt], [fu], [lu]) VALUES (N'20130219140946286393623830562535', N'20130219105013456382814803111164', N'20130106154616242737365986019615', N'', N'sd_worksList', N'sd_worksList', N'2', N'', N'0', N'0', 2, N'', N'', N'', N'', N'2013-02-19 14:09:46', NULL, N'20120507134700000110225236178825', NULL)
GO

insert into bd_dictionary(id,name,code,description,kind,enableFlag,editableFlag,systemFlag,ft,lt,fu,lu) values('20130325093455760970461594020323','','activityKindDict',null,'0',null,'1',null,'2013-03-25 09:34:55',null,'20120507134700000110225236178825',null);
insert into bd_dictionaryvalue(id,id_dictionary,id_parent,code,value,valueI18n,num,description,enableFlag,editableFlag,systemFlag,ft,lt,fu,lu) values('20130325093522206388546788767792','20130325093455760970461594020323',null,'0','','',1,null,'1',null,null,'2013-03-25 09:35:22',null,'20120507134700000110225236178825',null);

insert into fw_attachmentconfig(id,code,saveDir,dirLevel,fileSize,fileCount,extension,description,ft,lt,fu,lu) values('20130325093903028431953317548224','selfDisplay','d:/temp',1,null,1,'flv;mp3;doc;docx;xls;xlsx;ppt;pptx;pdf;jpg;gif;bmp;png;jpeg','','2013-03-25 09:39:03','2013-03-25 09:55:30','20120507134700000110225236178825','20120507134700000110225236178825');
/*tag1.0 end*/


/*tag1.0 start*/
/*==============================================================*/
/* Table: so_society                                            */
/*==============================================================*/
create table so_society (
   id                   char(32)             not null,
   name                 varchar(50)          null,
   id_startschoolterm   char(32)             null,
   id_endschoolterm     char(32)             null,
   startDate            char(10)             null,
   endDate              char(10)             null,
   status               char(1)              null,
   note                 varchar(200)         null,
   ft                   char(19)             null,
   lt                   char(19)             null,
   fu                   char(32)             null,
   lu                   char(32)             null
)
go

alter table so_society
   add constraint PK_SO_SOCIETY primary key (id)
go

/*==============================================================*/
/* Table: so_societyActivity                                    */
/*==============================================================*/
create table so_societyActivity (
   id                   char(32)             not null,
   name                 varchar(50)          null,
   id_society           char(32)             null,
   id_schoolTerm        char(32)             null,
   kind                 char(1)              null,
   startDate            char(10)             null,
   endDate              char(10)             null,
   place                varchar(100)         null,
   number               int                  null,
   status               char(1)              null,
   icon                 char(32)             null,
   note                 varchar(200)         null,
   auditNote            varchar(200)         null,
   id_user              char(32)             null,
   ft                   char(19)             null,
   lt                   char(19)             null,
   fu                   char(32)             null,
   lu                   char(32)             null
)
go

alter table so_societyActivity
   add constraint PK_SO_SOCIETYACTIVITY primary key (id)
go

/*==============================================================*/
/* Table: so_societyAssessment                                  */
/*==============================================================*/
create table so_societyAssessment (
   id                   char(32)             not null,
   id_schoolTerm        char(32)             null,
   id_society           char(32)             null,
   status               char(1)              null,
   score                char(1)              null,
   ft                   char(19)             null,
   lt                   char(19)             null,
   fu                   char(32)             null,
   lu                   char(32)             null
)
go

alter table so_societyAssessment
   add constraint PK_SO_SOCIETYASSESSMENT primary key (id)
go

/*==============================================================*/
/* Table: so_societyMaterial                                    */
/*==============================================================*/
create table so_societyMaterial (
   id                   char(32)             not null,
   name                 varchar(50)          null,
   id_society           char(32)             null,
   id_societyActivity   char(32)             null,
   icon                 char(32)             null,
   preview              char(32)             null,
   materialKind         char(1)              null,
   attachmentKind       char(1)              null,
   ft                   char(19)             null,
   lt                   char(19)             null,
   fu                   char(32)             null,
   lu                   char(32)             null
)
go

alter table so_societyMaterial
   add constraint PK_SO_SOCIETYMATERIAL primary key (id)
go

/*==============================================================*/
/* Table: so_societyMember                                      */
/*==============================================================*/
create table so_societyMember (
   id                   char(32)             not null,
   id_society           char(32)             null,
   id_societyRecruitActivity char(32)             null,
   id_user              char(32)             null,
   id_eclass            char(32)             null,
   id_tenureSchoolTerm  char(32)             null,
   id_enterSchoolTerm   char(32)             null,
   tenureDate           char(10)             null,
   outgoingDate         char(10)             null,
   enterDate            char(10)             null,
   exitDate             char(10)             null,
   position             char(1)              null,
   kind                 char(1)              null,
   auditStatus          char(1)              null,
   status               char(1)              null,
   auditNote            varchar(200)         null,
   exitNote             varchar(200)         null,
   note                 varchar(200)         null,
   ft                   char(19)             null,
   lt                   char(19)             null,
   fu                   char(32)             null,
   lu                   char(32)             null
)
go

alter table so_societyMember
   add constraint PK_SO_SOCIETYMEMBER primary key (id)
go

/*==============================================================*/
/* Table: so_societyRecruitActivity                             */
/*==============================================================*/
create table so_societyRecruitActivity (
   id                   char(32)             not null,
   id_society           char(32)             null,
   id_schoolTerm        char(32)             null,
   name                 varchar(50)          null,
   status               char(1)              null,
   maxNumber            int                  null,
   minNumber            int                  null,
   startDate            char(10)             null,
   endDate              char(10)             null,
   ft                   char(19)             null,
   lt                   char(19)             null,
   fu                   char(32)             null,
   lu                   char(32)             null
)
go

alter table so_societyRecruitActivity
   add constraint PK_SO_SOCIETYRECRUITACTIVITY primary key (id)
go

alter table so_society
   add constraint FK_SO_SOCIE_REFERENCE_BD_SCHO2 foreign key (id_startschoolterm)
      references bd_schoolterm (id)
go

alter table so_society
   add constraint FK_SO_SOCIE_REFERENCE_BD_SCHOO foreign key (id_endschoolterm)
      references bd_schoolterm (id)
go

alter table so_societyActivity
   add constraint FK_SO_activity_REFERENCE_SO_SOCIE foreign key (id_society)
      references so_society (id)
go

alter table so_societyActivity
   add constraint FK_SO_SOCIE_REFERENCE_BD_SCHO9 foreign key (id_schoolTerm)
      references bd_schoolterm (id)
go

alter table so_societyAssessment
   add constraint FK_SO_Assessment_REFERENCE_SO_SOCIE foreign key (id_society)
      references so_society (id)
go

alter table so_societyAssessment
   add constraint FK_SO_SOCIE_REFERENCE_BD_SCHO3 foreign key (id_schoolTerm)
      references bd_schoolterm (id)
go

alter table so_societyMaterial
   add constraint FK_SO_SOCIE_REFERENCE_SO_activity foreign key (id_societyActivity)
      references so_societyActivity (id)
go

alter table so_societyMaterial
   add constraint FK_SO_SOCIE_REFERENCE_SO_SOCIE foreign key (id_society)
      references so_society (id)
go

alter table so_societyMember
   add constraint FK_SO_member_REFERENCE_SO_SOCIE foreign key (id_society)
      references so_society (id)
go

alter table so_societyMember
   add constraint FK_SO_member_REFERENCE_SO_activity foreign key (id_societyRecruitActivity)
      references so_societyRecruitActivity (id)
go

alter table so_societyMember
   add constraint FK_SO_SOCIE_REFERENCE_BD_SCHO5 foreign key (id_tenureSchoolTerm)
      references bd_schoolterm (id)
go

alter table so_societyMember
   add constraint FK_SO_SOCIE_REFERENCE_BD_SCHO6 foreign key (id_enterSchoolTerm)
      references bd_schoolterm (id)
go

alter table so_societyMember
   add constraint FK_SO_SOCIE_REFERENCE_BD_USE2 foreign key (id_user)
      references bd_user (id)
go

alter table so_societyMember
   add constraint FK_SO_SOCIE_REFERENCE_BD_ECLAS foreign key (id_eclass)
      references bd_eclass (id)
go

alter table so_societyRecruitActivity
   add constraint FK_SO_Recruit_REFERENCE_SO_SOCIE foreign key (id_society)
      references so_society (id)
go

alter table so_societyRecruitActivity
   add constraint FK_SO_SOCIE_REFERENCE_BD_SCHO4 foreign key (id_schoolTerm)
      references bd_schoolterm (id)
go


GO
/****** Object:  Table [dbo].[bd_module]    Script Date: 03/14/2013 17:32:26 ******/
INSERT [dbo].[bd_module] ([id], [name], [nameI18n], [code], [num], [deployFlag], [ft], [lt], [fu], [lu]) VALUES (N'20130222104848234942337728992829', N'', N'bd_module_so', N'so', NULL, N'1', N'2013-02-22 10:48:48', N'2013-03-12 09:01:12', N'20120507134700000110225236178825', N'20120507134700000110225236178825')
/****** Object:  Table [dbo].[bd_dictionary]    Script Date: 03/14/2013 17:32:26 ******/
INSERT [dbo].[bd_dictionary] ([id], [name], [code], [description], [kind], [enableFlag], [editableFlag], [systemFlag], [ft], [lt], [fu], [lu]) VALUES (N'20130312092845230787871815282123', N'', N'societyActivityKind', NULL, N'0', NULL, N'1', NULL, N'2013-03-12 09:28:45', NULL, N'20120507134700000110225236178825', NULL)
/****** Object:  Table [dbo].[bd_operation]    Script Date: 03/14/2013 17:32:26 ******/
INSERT [dbo].[bd_operation] ([id], [id_module], [id_parent], [name], [nameI18n], [code], [operationDict], [url], [openMode], [datascopeFlag], [num], [icon], [winHeight], [winWidth], [description], [ft], [lt], [fu], [lu], [customTypeDict]) VALUES (N'20130222104947917793425968440941', N'20130222104848234942337728992829', NULL, N'', N'bd_operation_so', N'so', N'0', N'so/society!index.action', N'0', N'0', 1, N'app-society', N'100%', N'100%', N'', N'2013-02-22 10:49:48', N'2013-03-12 09:02:03', N'20120507134700000110225236178825', N'20120507134700000110225236178825', NULL)
INSERT [dbo].[bd_operation] ([id], [id_module], [id_parent], [name], [nameI18n], [code], [operationDict], [url], [openMode], [datascopeFlag], [num], [icon], [winHeight], [winWidth], [description], [ft], [lt], [fu], [lu], [customTypeDict]) VALUES (N'20130222105154266429788673005170', N'20130222104848234942337728992829', N'20130222104947917793425968440941', N'', N'so_societyManage', N'so_societyManage', N'2', N'', N'0', N'0', 1, N'', N'', N'', N'', N'2013-02-22 10:51:54', NULL, N'20120507134700000110225236178825', NULL, NULL)
INSERT [dbo].[bd_operation] ([id], [id_module], [id_parent], [name], [nameI18n], [code], [operationDict], [url], [openMode], [datascopeFlag], [num], [icon], [winHeight], [winWidth], [description], [ft], [lt], [fu], [lu], [customTypeDict]) VALUES (N'20130222105220243421094031993280', N'20130222104848234942337728992829', N'20130222104947917793425968440941', N'', N'so_mySociety', N'so_mySociety', N'2', N'', N'0', N'0', 2, N'', N'', N'', N'', N'2013-02-22 10:52:20', NULL, N'20120507134700000110225236178825', NULL, NULL)
INSERT [dbo].[bd_operation] ([id], [id_module], [id_parent], [name], [nameI18n], [code], [operationDict], [url], [openMode], [datascopeFlag], [num], [icon], [winHeight], [winWidth], [description], [ft], [lt], [fu], [lu], [customTypeDict]) VALUES (N'20130222105248345905096412396142', N'20130222104848234942337728992829', N'20130222104947917793425968440941', N'', N'so_societyApply', N'so_societyApply', N'2', N'', N'0', N'0', 3, N'', N'', N'', N'', N'2013-02-22 10:52:48', NULL, N'20120507134700000110225236178825', NULL, NULL)
INSERT [dbo].[bd_operation] ([id], [id_module], [id_parent], [name], [nameI18n], [code], [operationDict], [url], [openMode], [datascopeFlag], [num], [icon], [winHeight], [winWidth], [description], [ft], [lt], [fu], [lu], [customTypeDict]) VALUES (N'20130222105322621305426685731920', N'20130222104848234942337728992829', N'20130222104947917793425968440941', N'', N'so_societyEvaluation', N'so_societyEvaluation', N'2', N'', N'0', N'0', 4, N'', N'', N'', N'', N'2013-02-22 10:53:22', NULL, N'20120507134700000110225236178825', NULL, NULL)
INSERT [dbo].[bd_operation] ([id], [id_module], [id_parent], [name], [nameI18n], [code], [operationDict], [url], [openMode], [datascopeFlag], [num], [icon], [winHeight], [winWidth], [description], [ft], [lt], [fu], [lu], [customTypeDict]) VALUES (N'20130222105343108761700721083316', N'20130222104848234942337728992829', N'20130222104947917793425968440941', N'', N'so_statistics', N'so_statistics', N'2', N'', N'0', N'0', 5, N'', N'', N'', N'', N'2013-02-22 10:53:43', NULL, N'20120507134700000110225236178825', NULL, NULL)


insert into fw_attachmentconfig(id,code,saveDir,dirLevel,fileSize,fileCount,extension,description,ft,lt,fu,lu) values('20130325093826632314147331000314','society','d:/temp',1,null,null,'','','2013-03-25 09:38:26',null,'20120507134700000110225236178825',null);
/*tag1.0 end*/
/*tag1.0.1 start*/
alter table so_societyActivity alter column kind varchar(20);
/*tag1.0.1 end*/
/*tag1.0 start*/
/*==============================================================*/
/* Table: ss_guidanceteacher                                    */
/*==============================================================*/
create table ss_guidanceteacher (
   id                   char(32)             not null,
   id_specialstudent    char(32)             null,
   id_teacher           char(32)             null,
   ft                   char(19)             null,
   lt                   char(19)             null,
   fu                   char(32)             null,
   lu                   char(32)             null
)
go

alter table ss_guidanceteacher
   add constraint PK_SS_GUIDANCETEACHER primary key nonclustered (id)
go

/*==============================================================*/
/* Table: ss_specialstudent                                     */
/*==============================================================*/
create table ss_specialstudent (
   id                   char(32)             not null,
   id_student           char(32)             null,
   kindDict             varchar(200)         null,
   nominateDate         char(10)             null,
   id_nominateUser      char(32)             null,
   checkDate            char(10)             null,
   checkStatus          char(1)              null,
   id_checkUser         char(32)             null,
   checkOpinion         varchar(200)         null,
   cancelDate           char(10)             null,
   cancelStatus         char(1)              null,
   id_cancelUser        char(32)             null,
   nominateReason       varchar(200)         null,
   ft                   char(19)             null,
   lt                   char(19)             null,
   fu                   char(32)             null,
   lu                   char(32)             null
)
go

alter table ss_specialstudent
   add constraint PK_SS_SPECIALSTUDENT primary key nonclustered (id)
go

alter table ss_guidanceteacher
   add constraint FK_SS_GUIDA_REFERENCE_SS_SPECI foreign key (id_specialstudent)
      references ss_specialstudent (id)
go

alter table ss_guidanceteacher
   add constraint FK_SS_GUIDA_REFERENCE_BD_TEACH foreign key (id_teacher)
      references bd_teacher (id)
go

alter table ss_specialstudent
   add constraint FK_SS_SPECI_REFERENCE_BD_USE1 foreign key (id_checkUser)
      references bd_user (id)
go

alter table ss_specialstudent
   add constraint FK_SS_SPECI_REFERENCE_BD_USE2 foreign key (id_cancelUser)
      references bd_user (id)
go

alter table ss_specialstudent
   add constraint FK_SS_SPECI_REFERENCE_BD_USE3 foreign key (id_nominateUser)
      references bd_user (id)
go

alter table ss_specialstudent
   add constraint FK_SS_SPECI_REFERENCE_BD_STUDE foreign key (id_student)
      references bd_student (id)
go

INSERT [dbo].[bd_module] ([id], [name], [nameI18n], [code], [num], [deployFlag], [ft], [lt], [fu], [lu]) VALUES (N'20121012174452640699270820820362', N'', N'bd_module_ss', N'ss', NULL, N'1', N'2012-10-12 17:44:52', N'2012-10-22 12:01:05', N'20120507134700000110225236178825', N'20120507134700000110225236178825')
/*=================================================================*/
/****** Object:  Table [dbo].[bd_operation]    Script Date: 10/22/2012 14:06:32 ******/
INSERT [dbo].[bd_operation] ([id], [id_module], [id_parent], [name], [nameI18n], [code], [operationDict], [url], [openMode], [datascopeFlag], [num], [icon], [winHeight], [winWidth], [description], [ft], [lt], [fu], [lu]) VALUES (N'20121012174756210541288700185221', N'20121012174452640699270820820362', NULL, N'', N'bd_operation_ss', N'ss', N'0', N'/ss/specialstudent!index.action', N'0', N'0', 1, N'app-Special', N'100%', N'100%', N'', N'2012-10-12 17:47:56', N'2012-10-22 13:50:19', N'20120507134700000110225236178825', N'20120507134700000110225236178825')
INSERT [dbo].[bd_operation] ([id], [id_module], [id_parent], [name], [nameI18n], [code], [operationDict], [url], [openMode], [datascopeFlag], [num], [icon], [winHeight], [winWidth], [description], [ft], [lt], [fu], [lu]) VALUES (N'20121022135251564189999513948674', N'20121012174452640699270820820362', N'20121012174756210541288700185221', N'', N'ss_specialstudent_index_nominate', N'ss_nominate', N'2', N'/ss/specialstudent!ssNominateList.action', N'0', N'0', 2, N'', N'', N'', N'', N'2012-10-22 13:52:51', N'2012-10-22 13:53:43', N'20120507134700000110225236178825', N'20120507134700000110225236178825')
INSERT [dbo].[bd_operation] ([id], [id_module], [id_parent], [name], [nameI18n], [code], [operationDict], [url], [openMode], [datascopeFlag], [num], [icon], [winHeight], [winWidth], [description], [ft], [lt], [fu], [lu]) VALUES (N'20121022135501508343429184733171', N'20121012174452640699270820820362', N'20121012174756210541288700185221', N'', N'ss_specialstudent_index_manage', N'ss_manage', N'2', N'/ss/specialstudent!ssManageList.action', N'0', N'0', 3, N'', N'', N'', N'', N'2012-10-22 13:55:01', NULL, N'20120507134700000110225236178825', NULL)
INSERT [dbo].[bd_operation] ([id], [id_module], [id_parent], [name], [nameI18n], [code], [operationDict], [url], [openMode], [datascopeFlag], [num], [icon], [winHeight], [winWidth], [description], [ft], [lt], [fu], [lu]) VALUES (N'20121022135556531748139382788575', N'20121012174452640699270820820362', N'20121012174756210541288700185221', N'', N'ss_specialstudent_index_query', N'ss_query', N'2', N'/ss/specialstudent!ssQueryList.action', N'0', N'0', 4, N'', N'', N'', N'', N'2012-10-22 13:55:56', NULL, N'20120507134700000110225236178825', NULL)

/****** Object:  Table [dbo].[bd_dictionary]    Script Date: 11/07/2012 11:25:07 ******/
INSERT [dbo].[bd_dictionary] ([id], [name], [code], [description], [kind], [enableFlag], [editableFlag], [systemFlag], [ft], [lt], [fu], [lu]) VALUES (N'20121015164821139161273534930864', N'', N'specialStudentKind', NULL, N'0', NULL, N'1', NULL, N'2012-10-15 16:48:21', NULL, N'20120507134700000110225236178825', NULL)

/****** Object:  Table [dbo].[bd_dictionaryvalue]    Script Date: 11/07/2012 11:25:07 ******/
INSERT [dbo].[bd_dictionaryvalue] ([id], [id_dictionary], [id_parent], [code], [value], [num], [description], [enableFlag], [editableFlag], [systemFlag], [ft], [lt], [fu], [lu]) VALUES (N'20121015165029715006341034659129', N'20121015164821139161273534930864', NULL, N'1', N'', 2, NULL, N'1', NULL, NULL, N'2012-10-15 16:50:29', N'2012-11-07 11:20:31', N'20120507134700000110225236178825', N'20120507134700000110225236178825')
INSERT [dbo].[bd_dictionaryvalue] ([id], [id_dictionary], [id_parent], [code], [value], [num], [description], [enableFlag], [editableFlag], [systemFlag], [ft], [lt], [fu], [lu]) VALUES (N'20121107111941613278797555045795', N'20121015164821139161273534930864', NULL, N'3', N'', 4, NULL, N'1', NULL, NULL, N'2012-11-07 11:19:41', NULL, N'20120507134700000110225236178825', NULL)
INSERT [dbo].[bd_dictionaryvalue] ([id], [id_dictionary], [id_parent], [code], [value], [num], [description], [enableFlag], [editableFlag], [systemFlag], [ft], [lt], [fu], [lu]) VALUES (N'20121015165036289322079572648382', N'20121015164821139161273534930864', NULL, N'0', N'', 1, NULL, N'1', NULL, NULL, N'2012-10-15 16:50:36', N'2012-11-07 11:20:26', N'20120507134700000110225236178825', N'20120507134700000110225236178825')
INSERT [dbo].[bd_dictionaryvalue] ([id], [id_dictionary], [id_parent], [code], [value], [num], [description], [enableFlag], [editableFlag], [systemFlag], [ft], [lt], [fu], [lu]) VALUES (N'20121015165043301233113197393274', N'20121015164821139161273534930864', NULL, N'2', N'', 3, NULL, N'1', NULL, NULL, N'2012-10-15 16:50:43', NULL, N'20120507134700000110225236178825', NULL)
/*tag1.0 end*/
/*tag1.0 start*/
/*==============================================================*/
/* Table: sa_assessmentitem                                     */
/*==============================================================*/
create table sa_assessmentitem (
   id                   char(32)             not null,
   id_assessmentkind    char(32)             null,
   name                 varchar(20)          null,
   frequency            char(1)              null,
   description          varchar(200)         null,
   enableFlag           char(1)              null,
   maxScore             int                  null,
   minScore             int                  null,
   ft                   char(19)             null,
   lt                   char(19)             null,
   fu                   char(32)             null,
   lu                   char(32)             null
)
go

alter table sa_assessmentitem
   add constraint PK_SA_ASSESSMENTITEM primary key nonclustered (id)
go

/*==============================================================*/
/* Table: sa_assessmentitempostion                              */
/*==============================================================*/
create table sa_assessmentitempostion (
   id_assessmentitem    char(32)             null,
   id_position          char(32)             null
)
go

/*==============================================================*/
/* Table: sa_assessmentkind                                     */
/*==============================================================*/
create table sa_assessmentkind (
   id                   char(32)             not null,
   name                 varchar(20)          null,
   note                 varchar(200)         null,
   num                  int                  null,
   ft                   char(19)             null,
   lt                   char(19)             null,
   fu                   char(32)             null,
   lu                   char(32)             null
)
go

alter table sa_assessmentkind
   add constraint PK_SA_ASSESSMENTKIND primary key nonclustered (id)
go

/*==============================================================*/
/* Table: sa_assessmentlevel                                    */
/*==============================================================*/
create table sa_assessmentlevel (
   id                   char(32)             not null,
   id_assessmentitem    char(32)             null,
   name                 varchar(20)          null,
   num                  int                  null,
   ft                   char(19)             null,
   lt                   char(19)             null,
   fu                   char(32)             null,
   lu                   char(32)             null
)
go

alter table sa_assessmentlevel
   add constraint PK_SA_ASSESSMENTLEVEL primary key nonclustered (id)
go

/*==============================================================*/
/* Table: sa_assessmentreply                                    */
/*==============================================================*/
create table sa_assessmentreply (
   id                   char(32)             not null,
   id_studentassessment char(32)             null,
   id_assessmentreply   char(32)             null,
   id_user              char(32)             null,
   content              varchar(200)         null,
   num                  int                  null,
   replyTime            char(19)             null,
   readFlag             char(1)              null,
   ft                   char(19)             null,
   lt                   char(19)             null,
   fu                   char(32)             null,
   lu                   char(32)             null
)
go

alter table sa_assessmentreply
   add constraint PK_SA_ASSESSMENTREPLY primary key nonclustered (id)
go

/*==============================================================*/
/* Table: sa_studentassessment                                  */
/*==============================================================*/
create table sa_studentassessment (
   id                   char(32)             not null,
   id_assessmentitem    char(32)             null,
   id_user              char(32)             null,
   id_student           char(32)             null,
   content              text                 null,
   id_assessmentlevel   char(32)             null,
   score                int                  null,
   createTime           char(19)             null,
   ft                   char(19)             null,
   lt                   char(19)             null,
   fu                   char(32)             null,
   lu                   char(32)             null
)
go

alter table sa_studentassessment
   add constraint PK_SA_STUDENTASSESSMENT primary key nonclustered (id)
go

alter table sa_assessmentitem
   add constraint FK_SA_ASSES_REFERENCE_SA_ASSE7 foreign key (id_assessmentkind)
      references sa_assessmentkind (id)
go

alter table sa_assessmentitempostion
   add constraint FK_SA_ASSES_REFERENCE_BD_POSIT foreign key (id_position)
      references bd_position (id)
go

alter table sa_assessmentitempostion
   add constraint FK_SA_ASSES_REFERENCE_SA_ASSES foreign key (id_assessmentitem)
      references sa_assessmentitem (id)
go

alter table sa_assessmentlevel
   add constraint FK_SA_ASSES_REFERENCE_SA_ASSE5 foreign key (id_assessmentitem)
      references sa_assessmentitem (id)
go

alter table sa_assessmentreply
   add constraint FK_SA_ASSES_REFERENCE_BD_USER foreign key (id_user)
      references bd_user (id)
go

alter table sa_assessmentreply
   add constraint FK_SA_ASSES_REFERENCE_SA_ASSE6 foreign key (id_studentassessment)
      references sa_studentassessment (id)
go

alter table sa_assessmentreply
   add constraint FK_SA_ASSES_REFERENCE_SA_ASSE2 foreign key (id_assessmentreply)
      references sa_assessmentreply (id)
go

alter table sa_studentassessment
   add constraint FK_SA_ASSES_REFERENCE_SA_ASSE3 foreign key (id_assessmentitem)
      references sa_assessmentitem (id)
go

alter table sa_studentassessment
   add constraint FK_SA_STUDE_REFERENCE_BD_USER foreign key (id_user)
      references bd_user (id)
go

alter table sa_studentassessment
   add constraint FK_SA_STUDE_REFERENCE_BD_STUDE foreign key (id_student)
      references bd_student (id)
go

alter table sa_studentassessment
   add constraint FK_SA_ASSES_REFERENCE_SA_ASSE4 foreign key (id_assessmentlevel)
      references sa_assessmentlevel (id)
go

insert into bd_module(id,name,nameI18n,code,num,deployFlag,ft,lt,fu,lu) values('20120702162242734606888080152550','','bd_module_sa','sa',null,'1','2012-07-02 16:22:42','2012-07-25 10:23:44','20120507134700000110225236178825','20120507134700000110225236178825');
insert into bd_operation(id,id_module,id_parent,name,nameI18n,code,operationDict,url,openMode,datascopeFlag,num,icon,winHeight,winWidth,description,ft,lt,fu,lu) values('20120702162440140724702086570722','20120702162242734606888080152550',null,'','bd_operation_sa','sa','0','/sa/module/studentAssessment/jsp/index.jsp','0','0',1,'app-StudentAssessment','500','1000','','2012-07-02 16:24:40','2012-07-25 09:32:51','20120507134700000110225236178825','20120507134700000110225236178825');
insert into bd_operation(id,id_module,id_parent,name,nameI18n,code,operationDict,url,openMode,datascopeFlag,num,icon,winHeight,winWidth,description,ft,lt,fu,lu) values('20120710092634234725651132794552','20120702162242734606888080152550','20120702162440140724702086570722','','sa_pjxgl','sa_pjxgl','2','/sa/assessmentItem!toIndex.action','0','0',1,'','','','','2012-07-10 09:26:34',null,'20120507134700000110225236178825',null);
insert into bd_operation(id,id_module,id_parent,name,nameI18n,code,operationDict,url,openMode,datascopeFlag,num,icon,winHeight,winWidth,description,ft,lt,fu,lu) values('20120710093418703349054712392268','20120702162242734606888080152550','20120702162440140724702086570722','','sa_jlpj','sa_jlpj','2','/sa/studentAssessment!toIndex.action','0','0',2,'','','','','2012-07-10 09:34:18',null,'20120507134700000110225236178825',null);
insert into bd_operation(id,id_module,id_parent,name,nameI18n,code,operationDict,url,openMode,datascopeFlag,num,icon,winHeight,winWidth,description,ft,lt,fu,lu) values('20120710093521359796289075292332','20120702162242734606888080152550','20120702162440140724702086570722','','sa_pjcx','sa_pjcx','2','/sa/studentAssessment!studentAssessmentByStudent.action','0','0',3,'','','','','2012-07-10 09:35:21',null,'20120507134700000110225236178825',null);
insert into bd_operation(id,id_module,id_parent,name,nameI18n,code,operationDict,url,openMode,datascopeFlag,num,icon,winHeight,winWidth,description,ft,lt,fu,lu) values('20120710093836250468410453701836','20120702162242734606888080152550','20120702162440140724702086570722','','sa_cxpj','sa_cxpj','2','/sa/studentAssessment!toStudentAssessmentForParent.action','0','0',4,'','','','','2012-07-10 09:38:36',null,'20120507134700000110225236178825',null);
/*tag1.0 end*/
/*tag1.0 start*/
insert into bd_module(id,name,nameI18n,code,num,deployFlag,ft,lt,fu,lu) values('20130327150002234771381496294791','','bd_module_sf','sf',null,'1','2013-03-27 15:00:02',null,'20120507134700000110225236178825',null);
insert into bd_operation(id,id_module,id_parent,name,nameI18n,code,operationDict,customTypeDict,url,openMode,datascopeFlag,num,icon,winHeight,winWidth,description,ft,lt,fu,lu) values('20130327170624406790575762212630','20130327150002234771381496294791',null,'','bd_module_sf','sf','0',null,'/sf/studentfiles!index.action','0','0',1,'app-studentfiles','100%','100%','','2013-03-27 17:06:24','2013-03-27 17:32:01','20120507134700000110225236178825','20120507134700000110225236178825');
insert into bd_operation(id,id_module,id_parent,name,nameI18n,code,operationDict,customTypeDict,url,openMode,datascopeFlag,num,icon,winHeight,winWidth,description,ft,lt,fu,lu) values('20130327170831421796671509593426','20130327150002234771381496294791','20130327170624406790575762212630','','sf_studentFiles','studentFiles','2',null,'','0','0',1,'','','','','2013-03-27 17:08:31','2013-03-27 17:09:27','20120507134700000110225236178825','20120507134700000110225236178825');
/*tag1.0 end*/
/*tag1.0 start*/
/*==============================================================*/
/* Table: ns_entrancetestcourse                                 */
/*==============================================================*/
create table ns_entrancetestcourse (
   id                   char(32)             not null,
   id_course            char(32)             null,
   entranceYear         char(10)             null,
   ft                   char(19)             null,
   lt                   char(19)             null,
   fu                   char(32)             null,
   lu                   char(32)             null
)
go

alter table ns_entrancetestcourse
   add constraint PK_NS_ENTRANCETESTCOURSE primary key nonclustered (id)
go

/*==============================================================*/
/* Table: ns_entrancetestscore                                  */
/*==============================================================*/
create table ns_entrancetestscore (
   id                   char(32)             not null,
   id_studentregistration char(32)             null,
   id_entrancetestcourse char(32)             null,
   kind                 char(32)             null,
   score                int                  null,
   description          varchar(500)         null,
   ft                   char(19)             null,
   lt                   char(19)             null,
   fu                   char(32)             null,
   lu                   char(32)             null
)
go

alter table ns_entrancetestscore
   add constraint PK_NS_ENTRANCETESTSCORE primary key nonclustered (id)
go

alter table ns_entrancetestcourse
   add constraint FK_NS_ENTRA_REFERENCE_BD_COURS foreign key (id_course)
      references bd_course (id)
go

alter table ns_entrancetestscore
   add constraint FK_NS_ENTRA_REFERENCE_BD_STUDE foreign key (id_studentregistration)
      references bd_studentregistration (id)
go

alter table ns_entrancetestscore
   add constraint FK_NS_ENTRA_REFERENCE_NS_ENTRA foreign key (id_entrancetestcourse)
      references ns_entrancetestcourse (id)
go

insert into bd_module(id,name,nameI18n,code,num,deployFlag,ft,lt,fu,lu) values('20120530094924734209116975889427','','bd_module_ns','ns',null,'1','2012-05-30 09:49:24',null,'20120507134700000110225236178825',null);
insert into bd_operation(id,id_module,id_parent,name,nameI18n,code,operationDict,url,openMode,datascopeFlag,num,icon,winHeight,winWidth,description,ft,lt,fu,lu) values('20120530095312218920822007508881','20120530094924734209116975889427',null,'','bd_operation_ns','ns','0','/ns/entranceTestCourse!index.action','0','1',null,'app-Enrollment','100%','100%','','2012-05-30 09:53:12','2012-05-30 09:54:12','20120507134700000110225236178825','20120507134700000110225236178825');
insert into bd_operation(id,id_module,id_parent,name,nameI18n,code,operationDict,url,openMode,datascopeFlag,num,icon,winHeight,winWidth,description,ft,lt,fu,lu) values('20120730160426867817362344372679','20120530094924734209116975889427','20120530095312218920822007508881','','ns_newStudentManage','ns_newStudentManage','2','/bd/studentRegistration!listOfStudentRegistration.action','0','1',1,'','','','','2012-07-30 16:04:26','2012-07-30 16:04:55','20120507134700000110225236178825','20120507134700000110225236178825');
insert into bd_operation(id,id_module,id_parent,name,nameI18n,code,operationDict,url,openMode,datascopeFlag,num,icon,winHeight,winWidth,description,ft,lt,fu,lu) values('20120730163907289550429552905106','20120530094924734209116975889427','20120530095312218920822007508881','','ns_newStudentView','ns_newStudentView','2','/bd/studentRegistration!listOfStudentRegistration.action?flag=leader','0','1',2,'','','','','2012-07-30 16:39:07',null,'20120507134700000110225236178825',null);
insert into bd_operation(id,id_module,id_parent,name,nameI18n,code,operationDict,url,openMode,datascopeFlag,num,icon,winHeight,winWidth,description,ft,lt,fu,lu) values('20120730171738585008148789957893','20120530094924734209116975889427','20120530095312218920822007508881','','ns_newStudentStatist','ns_newStudentStatist','2','/bd/studentRegistration!performanceStatistics.action','0','1',3,'','','','','2012-07-30 17:17:38',null,'20120507134700000110225236178825',null);
insert into bd_operation(id,id_module,id_parent,name,nameI18n,code,operationDict,url,openMode,datascopeFlag,num,icon,winHeight,winWidth,description,ft,lt,fu,lu) values('20120730171823945771406478996784','20120530094924734209116975889427','20120530095312218920822007508881','','ns_entranceTestCours','ns_entranceTestCours','2','/ns/entranceTestCourseVo!list.action','0','1',4,'','','','','2012-07-30 17:18:23',null,'20120507134700000110225236178825',null);
insert into bd_operation(id,id_module,id_parent,name,nameI18n,code,operationDict,url,openMode,datascopeFlag,num,icon,winHeight,winWidth,description,ft,lt,fu,lu) values('20120730171905570414987538061167','20120530094924734209116975889427','20120530095312218920822007508881','','ns_entranceTestScore','ns_entranceTestScore','2','/bd/studentRegistration!listOfInputScore.action','0','1',5,'','','','','2012-07-30 17:19:05',null,'20120507134700000110225236178825',null);
/*tag1.0 end*/
/*tag1.0 start*/
/*==============================================================*/
/* Table: ce_evaluationactivity                                 */
/*==============================================================*/
create table ce_evaluationactivity (
   id                   char(32)             not null,
   id_semester          char(32)             null,
   id_evaluationstandard char(32)             null,
   name                 varchar(100)         null,
   type                 char(1)              null,
   releaseDate          char(10)             null,
   closeDate            char(10)             null,
   scoreFlag            char(1)              null,
   detailFlag           char(1)              null,
   statusFlag           char(1)              null,
   ft                   char(19)             null,
   lt                   char(19)             null,
   fu                   char(32)             null,
   lu                   char(32)             null
)
go

alter table ce_evaluationactivity
   add constraint PK_CE_EVALUATIONACTIVITY primary key nonclustered (id)
go

/*==============================================================*/
/* Table: ce_evaluationdetail                                   */
/*==============================================================*/
create table ce_evaluationdetail (
   id                   char(32)             not null,
   id_evaluationstandard char(32)             null,
   id_parent            char(32)             null,
   name                 varchar(100)         null,
   minScore             int                  null,
   maxScore             int                  null,
   orderNum             int                  null,
   note                 varchar(500)         null,
   ft                   char(19)             null,
   lt                   char(19)             null,
   fu                   char(32)             null,
   lu                   char(32)             null
)
go

alter table ce_evaluationdetail
   add constraint PK_CE_EVALUATIONDETAIL primary key nonclustered (id)
go

/*==============================================================*/
/* Table: ce_evaluationrank                                     */
/*==============================================================*/
create table ce_evaluationrank (
   id                   char(32)             not null,
   id_evaluationdetail  char(32)             null,
   name                 varchar(100)         null,
   minScore             int                  null,
   maxScore             int                  null,
   ft                   char(19)             null,
   lt                   char(19)             null,
   fu                   char(32)             null,
   lu                   char(32)             null
)
go

alter table ce_evaluationrank
   add constraint PK_CE_EVALUATIONRANK primary key nonclustered (id)
go

/*==============================================================*/
/* Table: ce_evaluationresult                                   */
/*==============================================================*/
create table ce_evaluationresult (
   id                   char(32)             not null,
   id_reviewer          char(32)             null,
   id_evalueUser        char(32)             null,
   id_evaluationdetail  char(32)             null,
   id_evaluationactivity char(32)             null,
   reviewDate           char(10)             null,
   note                 varchar(500)         null,
   score                int                  null,
   ft                   char(19)             null,
   lt                   char(19)             null,
   fu                   char(32)             null,
   lu                   char(32)             null
)
go

alter table ce_evaluationresult
   add constraint PK_CE_EVALUATIONRESULT primary key nonclustered (id)
go

/*==============================================================*/
/* Table: ce_evaluationstandard                                 */
/*==============================================================*/
create table ce_evaluationstandard (
   id                   char(32)             not null,
   name                 varchar(100)         null,
   statusFlag           char(1)              null,
   note                 varchar(500)         null,
   releaseTime          char(19)             null,
   ft                   char(19)             null,
   lt                   char(19)             null,
   fu                   char(32)             null,
   lu                   char(32)             null
)
go

alter table ce_evaluationstandard
   add constraint PK_CE_EVALUATIONSTANDARD primary key nonclustered (id)
go

/*==============================================================*/
/* Table: ce_modelsetting                                       */
/*==============================================================*/
create table ce_modelsetting (
   id                   char(32)             not null,
   id_statisticalmodel  char(32)             null,
   id_evaluationactivity char(32)             null,
   coefficient          int                  null,
   orderNum             int                  null,
   ft                   char(19)             null,
   lt                   char(19)             null,
   fu                   char(32)             null,
   lu                   char(32)             null
)
go

alter table ce_modelsetting
   add constraint PK_CE_MODELSETTING primary key nonclustered (id)
go

/*==============================================================*/
/* Table: ce_reviewed                                           */
/*==============================================================*/
create table ce_reviewed (
   id                   char(32)             not null,
   id_evaluationactivity char(32)             null,
   id_user              char(32)             null,
   lt                   char(19)             null,
   ft                   char(19)             null,
   fu                   char(32)             null,
   lu                   char(32)             null
)
go

alter table ce_reviewed
   add constraint PK_CE_REVIEWED primary key nonclustered (id)
go

/*==============================================================*/
/* Table: ce_reviewer                                           */
/*==============================================================*/
create table ce_reviewer (
   id                   char(32)             not null,
   id_evaluationactivity char(32)             null,
   id_user              char(32)             null,
   coefficient          int                  null,
   orderNum             int                  null,
   ft                   char(19)             null,
   lt                   char(19)             null,
   fu                   char(32)             null,
   lu                   char(32)             null
)
go

alter table ce_reviewer
   add constraint PK_CE_REVIEWER primary key nonclustered (id)
go

/*==============================================================*/
/* Table: ce_statisticalmodel                                   */
/*==============================================================*/
create table ce_statisticalmodel (
   id                   char(32)             not null,
   name                 varchar(200)         null,
   ft                   char(19)             null,
   lt                   char(19)             null,
   fu                   char(32)             null,
   lu                   char(32)             null
)
go

alter table ce_statisticalmodel
   add constraint PK_CE_STATISTICALMODEL primary key nonclustered (id)
go

/*==============================================================*/
/* Table: ce_statisticalmodel_user                              */
/*==============================================================*/
create table ce_statisticalmodel_user (
   id_statisticalmodel  char(32)             null,
   id_user              char(32)             null
)
go

alter table ce_evaluationactivity
   add constraint FK_EVALUATIONACTIVITY_ITEM foreign key (id_evaluationstandard)
      references ce_evaluationstandard (id)
go

alter table ce_evaluationactivity
   add constraint FK_CE_EVALU_REFERENCE_BD_SCHOO foreign key (id_semester)
      references bd_schoolterm (id)
go

alter table ce_evaluationdetail
   add constraint FK_EVALUATIONDETAIL_EVALUATIONDETAIL foreign key (id_parent)
      references ce_evaluationdetail (id)
go

alter table ce_evaluationdetail
   add constraint FK_EVALUATIONDETAIL_EVALUATIONSTANDARD foreign key (id_evaluationstandard)
      references ce_evaluationstandard (id)
go

alter table ce_evaluationrank
   add constraint FK_EVALUATIONRANK_EVALUATIONDETAIL foreign key (id_evaluationdetail)
      references ce_evaluationdetail (id)
go

alter table ce_evaluationresult
   add constraint FK_EVALUATIONRESULT_EVALUATIONDETAIL foreign key (id_evaluationdetail)
      references ce_evaluationdetail (id)
go

alter table ce_evaluationresult
   add constraint FK_EVALUATIONRESULT_REVIEWER foreign key (id_reviewer)
      references ce_reviewer (id)
go

alter table ce_evaluationresult
   add constraint FK_CE_EVALU_REFERENCE_CE_REVIE foreign key (id_evalueUser)
      references ce_reviewed (id)
go

alter table ce_evaluationresult
   add constraint FK_CE_EVALU_REFERENCE_CE_EVALU foreign key (id_evaluationactivity)
      references ce_evaluationactivity (id)
go

alter table ce_modelsetting
   add constraint FK_MODELSETTING_EVALUATIONACTIVITY foreign key (id_evaluationactivity)
      references ce_evaluationactivity (id)
go

alter table ce_modelsetting
   add constraint FK_MODELSETTING_STATISTICALMODEL foreign key (id_statisticalmodel)
      references ce_statisticalmodel (id)
go

alter table ce_reviewed
   add constraint FK_REVIEWED_EVALUATIONACTIVITY foreign key (id_evaluationactivity)
      references ce_evaluationactivity (id)
go

alter table ce_reviewed
   add constraint FK_CE_REVIE_REFERENCE_BD_USER foreign key (id_user)
      references bd_user (id)
go

alter table ce_reviewer
   add constraint FK_REVIEWER_EVALUATIONACTIVITY foreign key (id_evaluationactivity)
      references ce_evaluationactivity (id)
go

alter table ce_reviewer
   add constraint Reference_232 foreign key (id_user)
      references bd_user (id)
go

alter table ce_statisticalmodel_user
   add constraint FK_STATISTICALMODELUSER_STATISTICALMODEL foreign key (id_statisticalmodel)
      references ce_statisticalmodel (id)
go

alter table ce_statisticalmodel_user
   add constraint FK_CE_STATI_REFERENCE_BD_USER foreign key (id_user)
      references bd_user (id)
go

insert into bd_module(id,name,nameI18n,code,num,deployFlag,ft,lt,fu,lu) values('20130318095651327516078606182828','','bd_module_ce','ce',null,'1','2013-03-18 09:56:51','2013-03-18 10:27:47','20120507134700000110225236178825','20120507134700000110225236178825');
insert into bd_operation(id,id_module,id_parent,name,nameI18n,code,operationDict,url,openMode,datascopeFlag,num,icon,winHeight,winWidth,description,ft,lt,fu,lu) values('20130318100015516439030113407708','20130318095651327516078606182828',null,'','ce_teacherEvaluation','ce_teacherEvaluation','0','ce/module/teacherEvaluation/page/teacherEvaluationIndex.jsp','0','0',1,'app-teacherEvaluation','100%','100%','','2013-03-18 10:00:15','2013-04-08 09:16:28','20120507134700000110225236178825','20120507134700000110225236178825');
insert into bd_operation(id,id_module,id_parent,name,nameI18n,code,operationDict,url,openMode,datascopeFlag,num,icon,winHeight,winWidth,description,ft,lt,fu,lu) values('20130318101232684914151574396140','20130318095651327516078606182828','20130318100015516439030113407708','','ce_teacherEvaluation_Standard','ce_evaluationStandard','2','/ce/evaluationStandard!index.action','0','0',1,'','','','','2013-03-18 10:12:32','2013-04-08 09:19:45','20120507134700000110225236178825','20120507134700000110225236178825');
insert into bd_operation(id,id_module,id_parent,name,nameI18n,code,operationDict,url,openMode,datascopeFlag,num,icon,winHeight,winWidth,description,ft,lt,fu,lu) values('20130408091914137977936223294445','20130318095651327516078606182828','20130318100015516439030113407708','','ce_teacherEvaluation_Activity','ce_evaluationActivity','2','/ce/evaluationActivity!index.action','0','0',2,'','','','','2013-04-08 09:19:14','2013-04-08 09:19:29','20120507134700000110225236178825','20120507134700000110225236178825');
insert into bd_operation(id,id_module,id_parent,name,nameI18n,code,operationDict,url,openMode,datascopeFlag,num,icon,winHeight,winWidth,description,ft,lt,fu,lu) values('20130408092045221005184324573027','20130318095651327516078606182828','20130318100015516439030113407708','','ce_teacherEvaluation_DoEvaluation','ce_doEvaluation','2','/ce/evaluationActivity!markIndex.action','0','0',3,'','','','','2013-04-08 09:20:45',null,'20120507134700000110225236178825',null);
insert into bd_operation(id,id_module,id_parent,name,nameI18n,code,operationDict,url,openMode,datascopeFlag,num,icon,winHeight,winWidth,description,ft,lt,fu,lu) values('20130408092158011203095947529628','20130318095651327516078606182828','20130318100015516439030113407708','','ce_teacherEvaluation_Score','ce_evaluationScore','2','/ce/evaluationResult!index.action','0','0',4,'','','','','2013-04-08 09:21:58',null,'20120507134700000110225236178825',null);
insert into bd_operation(id,id_module,id_parent,name,nameI18n,code,operationDict,url,openMode,datascopeFlag,num,icon,winHeight,winWidth,description,ft,lt,fu,lu) values('20130408092240939393708693122212','20130318095651327516078606182828','20130318100015516439030113407708','','ce_teacherEvaluation_StatisticsModel','ce_statisticsModel','2','/ce/evaluationModel!index.action','0','0',5,'','','','','2013-04-08 09:22:40',null,'20120507134700000110225236178825',null);
insert into bd_operation(id,id_module,id_parent,name,nameI18n,code,operationDict,url,openMode,datascopeFlag,num,icon,winHeight,winWidth,description,ft,lt,fu,lu) values('20130408092728961775342961285234','20130318095651327516078606182828','20130318100015516439030113407708','','ce_teacherEvaluation_ScoreModel','ce_evaluationScoreModel','2','/ce/scoreModelIndex!index.action','0','0',6,'','','','','2013-04-08 09:27:28',null,'20120507134700000110225236178825',null);
insert into bd_operation(id,id_module,id_parent,name,nameI18n,code,operationDict,url,openMode,datascopeFlag,num,icon,winHeight,winWidth,description,ft,lt,fu,lu) values('20130408092812080810653680356619','20130318095651327516078606182828','20130318100015516439030113407708','','ce_teacherEvaluation_MyScore','ce_evaluationMyScore','2','/ce/evaluationResult!index.action','0','0',7,'','','','','2013-04-08 09:28:12',null,'20120507134700000110225236178825',null);
insert into bd_operation(id,id_module,id_parent,name,nameI18n,code,operationDict,url,openMode,datascopeFlag,num,icon,winHeight,winWidth,description,ft,lt,fu,lu) values('20130408093021187919509362838107','20130318095651327516078606182828','20130318100015516439030113407708','','ce_teacherEvaluation_MyStatisticsModel','cd_evaluationMyStatisticsModel','2','/ce/scoreModelIndex!index.action','0','0',8,'','','','','2013-04-08 09:30:21',null,'20120507134700000110225236178825',null);

/*tag1.0 end*/


/*tag1.0 start*/
/*==============================================================*/
/* Table: tf_abroadstudy                                        */
/*==============================================================*/
create table tf_abroadstudy (
   id                   char(32)             not null,
   id_teacher           char(32)             null,
   name                 varchar(50)          null,
   abroadDate           char(10)             null,
   countryCode          varchar(20)          null,
   enname               varchar(50)          null,
   zhname               varchar(50)          null,
   sendingUnits         varchar(50)          null,
   partName             varchar(50)          null,
   abroadFunds          varchar(20)          null,
   approvalUnits        varchar(50)          null,
   actualDate           char(10)             null,
   auditType            char(1)              null,
   advice               varchar(200)         null,
   lu                   char(32)             null,
   fu                   char(32)             null,
   lt                   char(19)             null,
   ft                   char(19)             null,
   id_auditteacher      char(32)             null,
   id_schoolitemAdd     char(32)             null
)
go

alter table tf_abroadstudy
   add constraint PK_TF_ABROADSTUDY primary key nonclustered (id)
go

/*==============================================================*/
/* Table: tf_awardwining                                        */
/*==============================================================*/
create table tf_awardwining (
   id                   char(32)             not null,
   id_teacher           char(32)             null,
   id_subject           char(32)             null,
   name                 varchar(50)          null,
   date                 char(10)             null,
   type                 varchar(20)          null,
   level                varchar(20)          null,
   grade                varchar(20)          null,
   grantedunit          varchar(100)         null,
   note                 text                 null,
   auditType            char(1)              null,
   advice               varchar(200)         null,
   lu                   char(32)             null,
   fu                   char(32)             null,
   lt                   char(19)             null,
   ft                   char(19)             null,
   id_auditteacher      char(32)             null,
   id_schoolitemAdd     char(32)             null
)
go

alter table tf_awardwining
   add constraint PK_TF_AWARDWINING primary key nonclustered (id)
go

/*==============================================================*/
/* Table: tf_courseware                                         */
/*==============================================================*/
create table tf_courseware (
   id                   char(32)             not null,
   id_teacher           char(32)             null,
   id_schoolitem        char(32)             null,
   id_course            char(32)             null,
   teachingdate         char(10)             null,
   date                 char(10)             null,
   teachingsection      varchar(50)          null,
   name                 varchar(50)          null,
   auditType            char(1)              null,
   advice               varchar(200)         null,
   lu                   char(32)             null,
   fu                   char(32)             null,
   lt                   char(19)             null,
   ft                   char(19)             null,
   id_auditteacher      char(32)             null,
   id_schoolitemAdd     char(32)             null
)
go

alter table tf_courseware
   add constraint PK_TF_COURSEWARE primary key nonclustered (id)
go

/*==============================================================*/
/* Table: tf_coursewareeclass                                   */
/*==============================================================*/
create table tf_coursewareeclass (
   id                   char(32)             not null,
   id_courseware        char(32)             null,
   id_eclass            char(32)             null,
   lu                   char(32)             null,
   fu                   char(32)             null,
   lt                   char(19)             null,
   ft                   char(19)             null
)
go

alter table tf_coursewareeclass
   add constraint PK_TF_COURSEWAREECLASS primary key nonclustered (id)
go

/*==============================================================*/
/* Table: tf_customdetail                                       */
/*==============================================================*/
create table tf_customdetail (
   id                   char(32)             not null,
   id_filesitem         char(32)             null,
   id_teacher           char(32)             null,
   name                 varchar(50)          null,
   auditType            char(1)              null,
   advice               varchar(200)         null,
   lu                   char(32)             null,
   fu                   char(32)             null,
   lt                   char(19)             null,
   ft                   char(19)             null,
   id_auditteacher      char(32)             null,
   id_schoolitemAdd     char(32)             null
)
go

alter table tf_customdetail
   add constraint PK_TF_CUSTOMDETAIL primary key nonclustered (id)
go

/*==============================================================*/
/* Table: tf_developmentplan                                    */
/*==============================================================*/
create table tf_developmentplan (
   id                   char(32)             not null,
   id_teacher           char(32)             null,
   id_auditteacher      char(32)             null,
   id_schoolyear        char(32)             null,
   date                 char(10)             null,
   content              text                 null,
   auditType            char(1)              null,
   advice               varchar(200)         null,
   lu                   char(32)             null,
   fu                   char(32)             null,
   lt                   char(19)             null,
   ft                   char(19)             null,
   id_schoolitemAdd     char(32)             null,
   name                 varchar(50)          null
)
go

alter table tf_developmentplan
   add constraint PK_TF_DEVELOPMENTPLAN primary key nonclustered (id)
go

/*==============================================================*/
/* Table: tf_domesticstudy                                      */
/*==============================================================*/
create table tf_domesticstudy (
   id                   char(32)             not null,
   id_teacher           char(32)             null,
   name                 varchar(50)          null,
   trainingtype         varchar(20)          null,
   studytype            varchar(20)          null,
   startTime            char(7)              null,
   endTime              char(7)              null,
   totalPeriod          int                  null,
   classname            varchar(50)          null,
   sponsorUnit          varchar(100)         null,
   auditType            char(1)              null,
   advice               varchar(200)         null,
   lu                   char(32)             null,
   fu                   char(32)             null,
   lt                   char(19)             null,
   ft                   char(19)             null,
   id_auditteacher      char(32)             null,
   id_schoolitemAdd     char(32)             null
)
go

alter table tf_domesticstudy
   add constraint PK_TF_DOMESTICSTUDY primary key nonclustered (id)
go

/*==============================================================*/
/* Table: tf_examinationsubject                                 */
/*==============================================================*/
create table tf_examinationsubject (
   id                   char(32)             not null,
   id_teacher           char(32)             null,
   name                 varchar(50)          null,
   id_schoolitem        char(32)             null,
   id_course            char(32)             null,
   auditType            char(1)              null,
   advice               varchar(200)         null,
   lu                   char(32)             null,
   fu                   char(32)             null,
   lt                   char(19)             null,
   ft                   char(19)             null,
   id_auditteacher      char(32)             null,
   id_schoolitemAdd     char(32)             null,
   examType             varchar(20)          null,
   date                 char(10)             null,
   id_grade             char(32)             null
)
go

alter table tf_examinationsubject
   add constraint PK_TF_EXAMINATIONSUBJECT primary key nonclustered (id)
go

/*==============================================================*/
/* Table: tf_examsubjecteclass                                  */
/*==============================================================*/
create table tf_examsubjecteclass (
   id                   char(32)             not null,
   id_examinationsubject char(32)             null,
   id_eclass            char(32)             null,
   lu                   char(32)             null,
   fu                   char(32)             null,
   lt                   char(19)             null,
   ft                   char(19)             null
)
go

alter table tf_examsubjecteclass
   add constraint PK_TF_EXAMSUBJECTECLASS primary key nonclustered (id)
go

/*==============================================================*/
/* Table: tf_filesitem                                          */
/*==============================================================*/
create table tf_filesitem (
   id                   char(32)             not null,
   name                 varchar(50)          null,
   id_parent            char(32)             null,
   syscode              varchar(20)          null,
   type                 char(1)              null,
   kind                 char(1)              null,
   iswrite              char(1)              null,
   isaudit              char(1)              null,
   note                 text                 null,
   lu                   char(32)             null,
   fu                   char(32)             null,
   lt                   char(19)             null,
   ft                   char(19)             null
)
go

alter table tf_filesitem
   add constraint PK_TF_FILESITEM primary key nonclustered (id)
go

/*==============================================================*/
/* Table: tf_filesitemteacher                                   */
/*==============================================================*/
create table tf_filesitemteacher (
   id_filesitem         char(32)             null,
   id_teacher           char(32)             null
)
go

/*==============================================================*/
/* Table: tf_honorarytitle                                      */
/*==============================================================*/
create table tf_honorarytitle (
   id                   char(32)             not null,
   id_teacher           char(32)             null,
   name                 varchar(50)          null,
   level                varchar(20)          null,
   date                 char(10)             null,
   grantedunit          varchar(100)         null,
   note                 text                 null,
   auditType            char(1)              null,
   advice               varchar(200)         null,
   lu                   char(32)             null,
   fu                   char(32)             null,
   lt                   char(19)             null,
   ft                   char(19)             null,
   id_auditteacher      char(32)             null,
   id_schoolitemAdd     char(32)             null
)
go

alter table tf_honorarytitle
   add constraint PK_TF_HONORARYTITLE primary key nonclustered (id)
go

/*==============================================================*/
/* Table: tf_publicclass                                        */
/*==============================================================*/
create table tf_publicclass (
   id                   char(32)             not null,
   id_teacher           char(32)             null,
   id_schoolitem        char(32)             null,
   name                 varchar(50)          null,
   courseLevel          varchar(20)          null,
   courseType           varchar(20)          null,
   locale               varchar(30)          null,
   date                 char(10)             null,
   studentNum           int                  null,
   auditType            char(1)              null,
   advice               varchar(200)         null,
   lu                   char(32)             null,
   fu                   char(32)             null,
   lt                   char(19)             null,
   ft                   char(19)             null,
   id_auditteacher      char(32)             null,
   id_schoolitemAdd     char(32)             null
)
go

alter table tf_publicclass
   add constraint PK_TF_PUBLICCLASS primary key nonclustered (id)
go

/*==============================================================*/
/* Table: tf_readingessay                                       */
/*==============================================================*/
create table tf_readingessay (
   id                   char(32)             not null,
   id_teacher           char(32)             null,
   bookname             varchar(30)          null,
   date                 char(10)             null,
   author               varchar(20)          null,
   notes                text                 null,
   auditType            char(1)              null,
   advice               varchar(200)         null,
   lu                   char(32)             null,
   fu                   char(32)             null,
   lt                   char(19)             null,
   ft                   char(19)             null,
   id_auditteacher      char(32)             null,
   id_schoolitemAdd     char(32)             null
)
go

alter table tf_readingessay
   add constraint PK_TF_READINGESSAY primary key nonclustered (id)
go

/*==============================================================*/
/* Table: tf_sbcd                                               */
/*==============================================================*/
create table tf_sbcd (
   id                   char(32)             not null,
   name                 varchar(50)          null,
   id_teacher           char(32)             null,
   id_subject           char(32)             null,
   id_schoolitemAdd     char(32)             null,
   id_auditteacher      char(32)             null,
   courseType           varchar(20)          null,
   minNum               int                  null,
   maxNum               int                  null,
   credit               int                  null,
   auditType            char(1)              null,
   advice               varchar(200)         null,
   lu                   char(32)             null,
   fu                   char(32)             null,
   lt                   char(19)             null,
   ft                   char(19)             null
)
go

alter table tf_sbcd
   add constraint PK_TF_SBCD primary key nonclustered (id)
go

/*==============================================================*/
/* Table: tf_subjectstudy                                       */
/*==============================================================*/
create table tf_subjectstudy (
   id                   char(32)             not null,
   id_teacher           char(32)             null,
   name                 varchar(50)          null,
   startTime            char(10)             null,
   endTime              char(10)             null,
   subjectLevel         varchar(20)          null,
   roles                varchar(20)          null,
   auditType            char(1)              null,
   advice               varchar(200)         null,
   lu                   char(32)             null,
   fu                   char(32)             null,
   lt                   char(19)             null,
   ft                   char(19)             null,
   id_auditteacher      char(32)             null,
   id_schoolitemAdd     char(32)             null
)
go

alter table tf_subjectstudy
   add constraint PK_TF_SUBJECTSTUDY primary key nonclustered (id)
go

/*==============================================================*/
/* Table: tf_teachingdesign                                     */
/*==============================================================*/
create table tf_teachingdesign (
   id                   char(32)             not null,
   id_teacher           char(32)             null,
   id_schoolitem        char(32)             null,
   id_course            char(32)             null,
   teachingdate         char(10)             null,
   date                 char(10)             null,
   teachingsection      varchar(100)         null,
   name                 varchar(50)          null,
   auditType            char(1)              null,
   advice               varchar(200)         null,
   lu                   char(32)             null,
   fu                   char(32)             null,
   lt                   char(19)             null,
   ft                   char(19)             null,
   id_auditteacher      char(32)             null,
   id_schoolitemAdd     char(32)             null
)
go

alter table tf_teachingdesign
   add constraint PK_TF_TEACHINGDESIGN primary key nonclustered (id)
go

/*==============================================================*/
/* Table: tf_teachingeclass                                     */
/*==============================================================*/
create table tf_teachingeclass (
   id                   char(32)             not null,
   id_teachingdesign    char(32)             null,
   id_eclass            char(32)             null,
   lu                   char(32)             null,
   fu                   char(32)             null,
   lt                   char(19)             null,
   ft                   char(19)             null
)
go

alter table tf_teachingeclass
   add constraint PK_TF_TEACHINGECLASS primary key nonclustered (id)
go

/*==============================================================*/
/* Table: tf_teachingnotes                                      */
/*==============================================================*/
create table tf_teachingnotes (
   id                   char(32)             not null,
   id_teacher           char(32)             null,
   name                 varchar(50)          null,
   id_schoolitem        char(32)             null,
   date                 char(10)             null,
   content              text                 null,
   auditType            char(1)              null,
   advice               varchar(200)         null,
   lu                   char(32)             null,
   fu                   char(32)             null,
   lt                   char(19)             null,
   ft                   char(19)             null,
   id_auditteacher      char(32)             null,
   id_schoolitemAdd     char(32)             null
)
go

alter table tf_teachingnotes
   add constraint PK_TF_TEACHINGNOTES primary key nonclustered (id)
go

/*==============================================================*/
/* Table: tf_teachingprogram                                    */
/*==============================================================*/
create table tf_teachingprogram (
   id                   char(32)             not null,
   id_teacher           char(32)             null,
   id_schoolitem        char(32)             null,
   date                 char(10)             null,
   id_course            char(32)             null,
   id_grade             char(32)             null,
   auditType            char(1)              null,
   advice               varchar(200)         null,
   lu                   char(32)             null,
   fu                   char(32)             null,
   lt                   char(19)             null,
   ft                   char(19)             null,
   id_auditteacher      char(32)             null,
   id_schoolitemAdd     char(32)             null,
   name                 varchar(50)          null
)
go

alter table tf_teachingprogram
   add constraint PK_TF_TEACHINGPROGRAM primary key nonclustered (id)
go

/*==============================================================*/
/* Table: tf_teachingreflection                                 */
/*==============================================================*/
create table tf_teachingreflection (
   id                   char(32)             not null,
   id_teacher           char(32)             null,
   name                 varchar(50)          null,
   id_schoolitem        char(32)             null,
   date                 char(10)             null,
   content              text                 null,
   auditType            char(1)              null,
   advice               varchar(200)         null,
   lu                   char(32)             null,
   fu                   char(32)             null,
   lt                   char(19)             null,
   ft                   char(19)             null,
   id_auditteacher      char(32)             null,
   id_schoolitemAdd     char(32)             null
)
go

alter table tf_teachingreflection
   add constraint PK_TF_TEACHINGREFLECTION primary key nonclustered (id)
go

/*==============================================================*/
/* Table: tf_tutorteaching                                      */
/*==============================================================*/
create table tf_tutorteaching (
   id                   char(32)             not null,
   id_teacher           char(32)             null,
   startTime            char(10)             null,
   endTime              char(10)             null,
   note                 text                 null,
   auditType            char(1)              null,
   advice               varchar(200)         null,
   lu                   char(32)             null,
   fu                   char(32)             null,
   lt                   char(19)             null,
   ft                   char(19)             null,
   id_auditteacher      char(32)             null,
   id_schoolitemAdd     char(32)             null
)
go

alter table tf_tutorteaching
   add constraint PK_TF_TUTORTEACHING primary key nonclustered (id)
go

/*==============================================================*/
/* Table: tf_tutorteachingteacher                               */
/*==============================================================*/
create table tf_tutorteachingteacher (
   id_teacher           char(32)             null,
   id_tutorteaching     char(32)             null
)
go

/*==============================================================*/
/* Table: tf_worksummary                                        */
/*==============================================================*/
create table tf_worksummary (
   id                   char(32)             not null,
   id_teacher           char(32)             null,
   name                 varchar(50)          null,
   id_schoolitem        char(32)             null,
   date                 char(10)             null,
   content              text                 null,
   auditType            char(1)              null,
   advice               varchar(200)         null,
   lu                   char(32)             null,
   fu                   char(32)             null,
   lt                   char(19)             null,
   ft                   char(19)             null,
   id_auditteacher      char(32)             null,
   id_schoolitemAdd     char(32)             null
)
go

alter table tf_worksummary
   add constraint PK_TF_WORKSUMMARY primary key nonclustered (id)
go

alter table tf_abroadstudy
   add constraint Reference_495 foreign key (id_teacher)
      references bd_teacher (id)
go

alter table tf_abroadstudy
   add constraint Reference_539 foreign key (id_auditteacher)
      references bd_teacher (id)
go

alter table tf_abroadstudy
   add constraint FK_TF_ABROA_REFERENCE_BD_SCHOO foreign key (id_schoolitemAdd)
      references bd_schoolterm (id)
go

alter table tf_awardwining
   add constraint Reference_502 foreign key (id_teacher)
      references bd_teacher (id)
go

alter table tf_awardwining
   add constraint Reference_546 foreign key (id_auditteacher)
      references bd_teacher (id)
go

alter table tf_awardwining
   add constraint FK_TF_AWARD_REFERENCE_BD_SCHOO foreign key (id_schoolitemAdd)
      references bd_schoolterm (id)
go

alter table tf_awardwining
   add constraint FK_TF_AWARD_REFERENCE_BD_SUBJE foreign key (id_subject)
      references bd_subject (id)
go

alter table tf_courseware
   add constraint Reference_493 foreign key (id_teacher)
      references bd_teacher (id)
go

alter table tf_courseware
   add constraint Reference_516 foreign key (id_schoolitem)
      references bd_schoolterm (id)
go

alter table tf_courseware
   add constraint FK_TF_COURS_REFERENCE_BD_COURS foreign key (id_course)
      references bd_course (id)
go

alter table tf_courseware
   add constraint Reference_536 foreign key (id_auditteacher)
      references bd_teacher (id)
go

alter table tf_courseware
   add constraint Reference_555 foreign key (id_schoolitemAdd)
      references bd_schoolterm (id)
go

alter table tf_coursewareeclass
   add constraint FK_TF_COURS_REFERENCE_TF_COURS foreign key (id_courseware)
      references tf_courseware (id)
go

alter table tf_coursewareeclass
   add constraint FK_TF_COURS_REFERENCE_BD_ECLAS foreign key (id_eclass)
      references bd_eclass (id)
go

alter table tf_customdetail
   add constraint FK_TF_CUSTO_REFERENCE_BD_TEAC2 foreign key (id_teacher)
      references bd_teacher (id)
go

alter table tf_customdetail
   add constraint FK_TF_CUSTO_REFERENCE_BD_TEAC3 foreign key (id_auditteacher)
      references bd_teacher (id)
go

alter table tf_customdetail
   add constraint FK_TF_CUSTO_REFERENCE_BD_SCHOO foreign key (id_schoolitemAdd)
      references bd_schoolterm (id)
go

alter table tf_customdetail
   add constraint FK_TF_CUSTO_CUSTOMITE_TF_FILES foreign key (id_filesitem)
      references tf_filesitem (id)
go

alter table tf_developmentplan
   add constraint Reference_490 foreign key (id_teacher)
      references bd_teacher (id)
go

alter table tf_developmentplan
   add constraint Reference_522 foreign key (id_schoolyear)
      references bd_schoolyear (id)
go

alter table tf_developmentplan
   add constraint Reference_533 foreign key (id_auditteacher)
      references bd_teacher (id)
go

alter table tf_developmentplan
   add constraint Reference_552 foreign key (id_schoolitemAdd)
      references bd_schoolterm (id)
go

alter table tf_domesticstudy
   add constraint Reference_494 foreign key (id_teacher)
      references bd_teacher (id)
go

alter table tf_domesticstudy
   add constraint Reference_538 foreign key (id_auditteacher)
      references bd_teacher (id)
go

alter table tf_domesticstudy
   add constraint FK_TF_DOMES_REFERENCE_BD_SCHOO foreign key (id_schoolitemAdd)
      references bd_schoolterm (id)
go

alter table tf_examinationsubject
   add constraint Reference_517 foreign key (id_schoolitem)
      references bd_schoolterm (id)
go

alter table tf_examinationsubject
   add constraint FK_TF_EXAMI_REFERENCE_BD_COURS foreign key (id_course)
      references bd_course (id)
go

alter table tf_examinationsubject
   add constraint Reference_537 foreign key (id_auditteacher)
      references bd_teacher (id)
go

alter table tf_examinationsubject
   add constraint Reference_556 foreign key (id_schoolitemAdd)
      references bd_schoolterm (id)
go

alter table tf_examinationsubject
   add constraint Reference_570 foreign key (id_teacher)
      references bd_teacher (id)
go

alter table tf_examsubjecteclass
   add constraint FK_TF_EXAMS_REFERENCE_TF_EXAMI foreign key (id_examinationsubject)
      references tf_examinationsubject (id)
go

alter table tf_examsubjecteclass
   add constraint FK_TF_EXAMS_REFERENCE_BD_ECLAS foreign key (id_eclass)
      references bd_eclass (id)
go

alter table tf_filesitem
   add constraint FK_TF_FILES_REFERENCE_TF_FILE2 foreign key (id_parent)
      references tf_filesitem (id)
go

alter table tf_filesitemteacher
   add constraint FK_TF_FILES_REFERENCE_BD_TEACH foreign key (id_teacher)
      references bd_teacher (id)
go

alter table tf_filesitemteacher
   add constraint Reference_531 foreign key (id_filesitem)
      references tf_filesitem (id)
go

alter table tf_honorarytitle
   add constraint Reference_501 foreign key (id_teacher)
      references bd_teacher (id)
go

alter table tf_honorarytitle
   add constraint Reference_545 foreign key (id_auditteacher)
      references bd_teacher (id)
go

alter table tf_honorarytitle
   add constraint FK_TF_HONOR_REFERENCE_BD_SCHOO foreign key (id_schoolitemAdd)
      references bd_schoolterm (id)
go

alter table tf_publicclass
   add constraint Reference_505 foreign key (id_teacher)
      references bd_teacher (id)
go

alter table tf_publicclass
   add constraint Reference_532 foreign key (id_schoolitem)
      references bd_schoolterm (id)
go

alter table tf_publicclass
   add constraint Reference_549 foreign key (id_auditteacher)
      references bd_teacher (id)
go

alter table tf_publicclass
   add constraint Reference_566 foreign key (id_schoolitemAdd)
      references bd_schoolterm (id)
go

alter table tf_readingessay
   add constraint Reference_496 foreign key (id_teacher)
      references bd_teacher (id)
go

alter table tf_readingessay
   add constraint Reference_540 foreign key (id_auditteacher)
      references bd_teacher (id)
go

alter table tf_readingessay
   add constraint FK_TF_READI_REFERENCE_BD_SCHOO foreign key (id_schoolitemAdd)
      references bd_schoolterm (id)
go

alter table tf_sbcd
   add constraint FK_TF_SBCD_REFERENCE_BD_SCHOO foreign key (id_schoolitemAdd)
      references bd_schoolterm (id)
go

alter table tf_sbcd
   add constraint Reference_572 foreign key (id_teacher)
      references bd_teacher (id)
go

alter table tf_sbcd
   add constraint FK_TF_SBCD_REFERENCE_BD_SUBJE foreign key (id_subject)
      references bd_subject (id)
go

alter table tf_sbcd
   add constraint Reference_574 foreign key (id_auditteacher)
      references bd_teacher (id)
go

alter table tf_subjectstudy
   add constraint Reference_497 foreign key (id_teacher)
      references bd_teacher (id)
go

alter table tf_subjectstudy
   add constraint Reference_541 foreign key (id_auditteacher)
      references bd_teacher (id)
go

alter table tf_subjectstudy
   add constraint FK_TF_SUBJE_REFERENCE_BD_SCHOO foreign key (id_schoolitemAdd)
      references bd_schoolterm (id)
go

alter table tf_teachingdesign
   add constraint FK_TF_TEACH_REFERENCE_BD_TEAC2 foreign key (id_teacher)
      references bd_teacher (id)
go

alter table tf_teachingdesign
   add constraint FK_TF_TEACH_REFERENCE_BD_SCHO3 foreign key (id_schoolitem)
      references bd_schoolterm (id)
go

alter table tf_teachingdesign
   add constraint FK_TF_TEACH_REFERENCE_BD_COUR4 foreign key (id_course)
      references bd_course (id)
go

alter table tf_teachingdesign
   add constraint FK_TF_TEACH_REFERENCE_BD_TEAC4 foreign key (id_auditteacher)
      references bd_teacher (id)
go

alter table tf_teachingdesign
   add constraint Reference_554 foreign key (id_schoolitemAdd)
      references bd_schoolterm (id)
go

alter table tf_teachingeclass
   add constraint FK_TF_TEACH_REFERENCE_TF_TEACH foreign key (id_teachingdesign)
      references tf_teachingdesign (id)
go

alter table tf_teachingeclass
   add constraint FK_TF_TEACH_REFERENCE_BD_ECLAS foreign key (id_eclass)
      references bd_eclass (id)
go

alter table tf_teachingnotes
   add constraint FK_TF_TEACH_REFERENCE_BD_TEA5H foreign key (id_teacher)
      references bd_teacher (id)
go

alter table tf_teachingnotes
   add constraint FK_TF_TEACH_REFERENCE_BD_SCH6O foreign key (id_schoolitem)
      references bd_schoolterm (id)
go

alter table tf_teachingnotes
   add constraint Reference_543 foreign key (id_auditteacher)
      references bd_teacher (id)
go

alter table tf_teachingnotes
   add constraint Reference_562 foreign key (id_schoolitemAdd)
      references bd_schoolterm (id)
go

alter table tf_teachingprogram
   add constraint FK_TF_TEACH_REFERENCE_BD_TEAC5 foreign key (id_teacher)
      references bd_teacher (id)
go

alter table tf_teachingprogram
   add constraint FK_TF_TEACH_REFERENCE_BD_SCHO6 foreign key (id_schoolitem)
      references bd_schoolterm (id)
go

alter table tf_teachingprogram
   add constraint FK_TF_TEACH_REFERENCE_BD_COUR2 foreign key (id_course)
      references bd_course (id)
go

alter table tf_teachingprogram
   add constraint Reference_534 foreign key (id_auditteacher)
      references bd_teacher (id)
go

alter table tf_teachingprogram
   add constraint Reference_553 foreign key (id_schoolitemAdd)
      references bd_schoolterm (id)
go

alter table tf_teachingreflection
   add constraint FK_TF_TEACH_REFERENCE_BD_TEA2H foreign key (id_teacher)
      references bd_teacher (id)
go

alter table tf_teachingreflection
   add constraint FK_TF_TEACH_REFERENCE_BD_SCH3O foreign key (id_schoolitem)
      references bd_schoolterm (id)
go

alter table tf_teachingreflection
   add constraint Reference_542 foreign key (id_auditteacher)
      references bd_teacher (id)
go

alter table tf_teachingreflection
   add constraint Reference_563 foreign key (id_schoolitemAdd)
      references bd_schoolterm (id)
go

alter table tf_tutorteaching
   add constraint FK_TF_TUTOR_REFERENCE_BD_TEA3H foreign key (id_teacher)
      references bd_teacher (id)
go

alter table tf_tutorteaching
   add constraint FK_TF_TUTOR_REFERENCE_BD_TEACH foreign key (id_auditteacher)
      references bd_teacher (id)
go

alter table tf_tutorteaching
   add constraint FK_TF_TUTOR_REFERENCE_BD_SCHOO foreign key (id_schoolitemAdd)
      references bd_schoolterm (id)
go

alter table tf_tutorteachingteacher
   add constraint FK_TF_TUTOR_REFERENCE_BD_TEA4H foreign key (id_teacher)
      references bd_teacher (id)
go

alter table tf_tutorteachingteacher
   add constraint FK_TF_TUTOR_REFERENCE_TF_TUTOR foreign key (id_tutorteaching)
      references tf_tutorteaching (id)
go

alter table tf_worksummary
   add constraint Reference_500 foreign key (id_teacher)
      references bd_teacher (id)
go

alter table tf_worksummary
   add constraint Reference_520 foreign key (id_schoolitem)
      references bd_schoolterm (id)
go

alter table tf_worksummary
   add constraint Reference_544 foreign key (id_auditteacher)
      references bd_teacher (id)
go

alter table tf_worksummary
   add constraint Reference_561 foreign key (id_schoolitemAdd)
      references bd_schoolterm (id)
go


insert into bd_module(id,name,nameI18n,code,num,deployFlag,ft,lt,fu,lu) values('20130402151056114260802308952529','','tf_teacherfiles','tf_teacherfiles',null,'1','2013-04-02 15:10:56','2013-04-08 11:48:29','20120507134700000110225236178825','20120507134700000110225236178825');
insert into bd_operation(id,id_module,id_parent,name,nameI18n,code,operationDict,customTypeDict,url,openMode,datascopeFlag,num,icon,winHeight,winWidth,description,ft,lt,fu,lu) values('20130402151315875669664701474929','20130402151056114260802308952529',null,'','bd_operation_tf','tf_teacherfiles','0',null,'/tf/filesitem!index.action','0','0',1,'app-teacherFiles','80%','80%','','2013-04-02 15:13:15','2013-04-08 11:49:40','20120507134700000110225236178825','20120507134700000110225236178825');
insert into bd_operation(id,id_module,id_parent,name,nameI18n,code,operationDict,customTypeDict,url,openMode,datascopeFlag,num,icon,winHeight,winWidth,description,ft,lt,fu,lu) values('20130423164542875837993849415280','20130402151056114260802308952529','20130402151315875669664701474929','','tf_teacherFiles_index_auditManage','tf_auditManage','2',null,'/tf/filesitem!toAuditManage.action','0','0',1,'','','','','2013-04-23 16:45:42',null,'20120507134700000110225236178825',null);
insert into bd_operation(id,id_module,id_parent,name,nameI18n,code,operationDict,customTypeDict,url,openMode,datascopeFlag,num,icon,winHeight,winWidth,description,ft,lt,fu,lu) values('20130423164729335143676194436941','20130402151056114260802308952529','20130402151315875669664701474929','','tf_teacherFiles_index_myFiles','tf_myFiles','2',null,'/tf/filesitem!toMyFiles.action','0','0',2,'','','','','2013-04-23 16:47:29',null,'20120507134700000110225236178825',null);
insert into bd_operation(id,id_module,id_parent,name,nameI18n,code,operationDict,customTypeDict,url,openMode,datascopeFlag,num,icon,winHeight,winWidth,description,ft,lt,fu,lu) values('20130423165021245280864771461277','20130402151056114260802308952529','20130402151315875669664701474929','','tf_teacherFiles_index_teacherFilesView','tf_teacherFilesView','2',null,'/tf/filesitem!toTeacherFiles.action','0','0',3,'','','','','2013-04-23 16:50:21',null,'20120507134700000110225236178825',null);
insert into bd_operation(id,id_module,id_parent,name,nameI18n,code,operationDict,customTypeDict,url,openMode,datascopeFlag,num,icon,winHeight,winWidth,description,ft,lt,fu,lu) values('20130423165156917767533947376510','20130402151056114260802308952529','20130402151315875669664701474929','','tf_teacherFiles_index_teacherFilesAudit','tf_teacherFileAudit','2',null,'/tf/filesitem!toAuditTeacherFiles.action','0','0',4,'','','','','2013-04-23 16:51:56',null,'20120507134700000110225236178825',null);
insert into bd_operation(id,id_module,id_parent,name,nameI18n,code,operationDict,customTypeDict,url,openMode,datascopeFlag,num,icon,winHeight,winWidth,description,ft,lt,fu,lu) values('20130423165429431443472814740847','20130402151056114260802308952529','20130402151315875669664701474929','','tf_teacherFile_index_statistics','tf_statistics','2',null,'/tf/filesitem!toStatistics.action','0','0',5,'','','','','2013-04-23 16:54:29',null,'20120507134700000110225236178825',null);
insert into fw_attachmentconfig(id,code,saveDir,dirLevel,fileSize,fileCount,extension,description,ft,lt,fu,lu) values('20130409141249481039051157014129','teacherFiles','d:/teacherFiles','3',null,null,'rar;doc;docx;xls;','','2013-04-09 14:12:49',null,'20120507134700000110225236178825',null);

insert into bd_dictionary(id,name,code,description,kind,enableFlag,editableFlag,systemFlag,ft,lt,fu,lu) values('20130412091255661336738777179657','','examMode',null,'0',null,'1',null,'2013-04-12 09:12:55',null,'20120507134700000110225236178825',null);
insert into bd_dictionaryvalue(id,id_dictionary,id_parent,code,value,valueI18n,num,description,enableFlag,editableFlag,systemFlag,ft,lt,fu,lu) values('20130412091454127983296749740911','20130412091255661336738777179657',null,'1','','',1,null,'1',null,null,'2013-04-12 09:14:54',null,'20120507134700000110225236178825',null);
insert into bd_dictionaryvalue(id,id_dictionary,id_parent,code,value,valueI18n,num,description,enableFlag,editableFlag,systemFlag,ft,lt,fu,lu) values('20130412091506793442985021141455','20130412091255661336738777179657',null,'2','','',2,null,'1',null,null,'2013-04-12 09:15:06',null,'20120507134700000110225236178825',null);
insert into bd_dictionaryvalue(id,id_dictionary,id_parent,code,value,valueI18n,num,description,enableFlag,editableFlag,systemFlag,ft,lt,fu,lu) values('20130412091518502949081489819738','20130412091255661336738777179657',null,'3','','',3,null,'1',null,null,'2013-04-12 09:15:18',null,'20120507134700000110225236178825',null);
insert into bd_dictionaryvalue(id,id_dictionary,id_parent,code,value,valueI18n,num,description,enableFlag,editableFlag,systemFlag,ft,lt,fu,lu) values('20130412091533000256606577589292','20130412091255661336738777179657',null,'4','','',4,null,'1',null,null,'2013-04-12 09:15:33',null,'20120507134700000110225236178825',null);
insert into bd_dictionaryvalue(id,id_dictionary,id_parent,code,value,valueI18n,num,description,enableFlag,editableFlag,systemFlag,ft,lt,fu,lu) values('20130412091541251926569042169186','20130412091255661336738777179657',null,'5','','',5,null,'1',null,null,'2013-04-12 09:15:41',null,'20120507134700000110225236178825',null);
insert into bd_dictionaryvalue(id,id_dictionary,id_parent,code,value,valueI18n,num,description,enableFlag,editableFlag,systemFlag,ft,lt,fu,lu) values('20130412091550842309957160568013','20130412091255661336738777179657',null,'6','','',6,null,'1',null,null,'2013-04-12 09:15:50',null,'20120507134700000110225236178825',null);
insert into bd_dictionaryvalue(id,id_dictionary,id_parent,code,value,valueI18n,num,description,enableFlag,editableFlag,systemFlag,ft,lt,fu,lu) values('20130412091639799570285092733692','20130412091255661336738777179657',null,'7','','',7,null,'1',null,null,'2013-04-12 09:16:39',null,'20120507134700000110225236178825',null);
insert into bd_dictionaryvalue(id,id_dictionary,id_parent,code,value,valueI18n,num,description,enableFlag,editableFlag,systemFlag,ft,lt,fu,lu) values('20130412091655740770554451502984','20130412091255661336738777179657',null,'8','','',8,null,'1',null,null,'2013-04-12 09:16:55',null,'20120507134700000110225236178825',null);
insert into bd_dictionary(id,name,code,description,kind,enableFlag,editableFlag,systemFlag,ft,lt,fu,lu) values('20130412100715979482402006825904','','publicClassLevel',null,'0',null,'1',null,'2013-04-12 10:07:15',null,'20120507134700000110225236178825',null);
insert into bd_dictionaryvalue(id,id_dictionary,id_parent,code,value,valueI18n,num,description,enableFlag,editableFlag,systemFlag,ft,lt,fu,lu) values('20130412100747249175314180301863','20130412100715979482402006825904',null,'1','','',1,null,'1',null,null,'2013-04-12 10:07:47',null,'20120507134700000110225236178825',null);
insert into bd_dictionaryvalue(id,id_dictionary,id_parent,code,value,valueI18n,num,description,enableFlag,editableFlag,systemFlag,ft,lt,fu,lu) values('20130412100756239969118034682574','20130412100715979482402006825904',null,'2','','',2,null,'1',null,null,'2013-04-12 10:07:56',null,'20120507134700000110225236178825',null);
insert into bd_dictionaryvalue(id,id_dictionary,id_parent,code,value,valueI18n,num,description,enableFlag,editableFlag,systemFlag,ft,lt,fu,lu) values('20130412100814007331815284734623','20130412100715979482402006825904',null,'3','','',3,null,'1',null,null,'2013-04-12 10:08:14',null,'20120507134700000110225236178825',null);
insert into bd_dictionary(id,name,code,description,kind,enableFlag,editableFlag,systemFlag,ft,lt,fu,lu) values('20130412100846176626252596482728','','publicClassType',null,'0',null,'1',null,'2013-04-12 10:08:46',null,'20120507134700000110225236178825',null);
insert into bd_dictionaryvalue(id,id_dictionary,id_parent,code,value,valueI18n,num,description,enableFlag,editableFlag,systemFlag,ft,lt,fu,lu) values('20130412100913959865482333559373','20130412100846176626252596482728',null,'1','','',1,null,'1',null,null,'2013-04-12 10:09:13',null,'20120507134700000110225236178825',null);
insert into bd_dictionaryvalue(id,id_dictionary,id_parent,code,value,valueI18n,num,description,enableFlag,editableFlag,systemFlag,ft,lt,fu,lu) values('20130412100923119336045942301430','20130412100846176626252596482728',null,'2','','',2,null,'1',null,null,'2013-04-12 10:09:23',null,'20120507134700000110225236178825',null);
insert into bd_dictionaryvalue(id,id_dictionary,id_parent,code,value,valueI18n,num,description,enableFlag,editableFlag,systemFlag,ft,lt,fu,lu) values('20130412100932141877847988890919','20130412100846176626252596482728',null,'3','','',3,null,'1',null,null,'2013-04-12 10:09:32',null,'20120507134700000110225236178825',null);
insert into bd_dictionary(id,name,code,description,kind,enableFlag,editableFlag,systemFlag,ft,lt,fu,lu) values('20130415114226512145686297348991','','bearRoles',null,'0',null,'1',null,'2013-04-15 11:42:26',null,'20120507134700000110225236178825',null);
insert into bd_dictionaryvalue(id,id_dictionary,id_parent,code,value,valueI18n,num,description,enableFlag,editableFlag,systemFlag,ft,lt,fu,lu) values('20130415114247761120658633150422','20130415114226512145686297348991',null,'1','','',1,null,'1',null,null,'2013-04-15 11:42:47',null,'20120507134700000110225236178825',null);
insert into bd_dictionaryvalue(id,id_dictionary,id_parent,code,value,valueI18n,num,description,enableFlag,editableFlag,systemFlag,ft,lt,fu,lu) values('20130415114255385633236470587764','20130415114226512145686297348991',null,'2','','',2,null,'1',null,null,'2013-04-15 11:42:55',null,'20120507134700000110225236178825',null);
insert into bd_dictionary(id,name,code,description,kind,enableFlag,editableFlag,systemFlag,ft,lt,fu,lu) values('20130416150323802265423605949551','','winningGrade',null,'0',null,'1',null,'2013-04-16 15:03:23',null,'20120507134700000110225236178825',null);
insert into bd_dictionaryvalue(id,id_dictionary,id_parent,code,value,valueI18n,num,description,enableFlag,editableFlag,systemFlag,ft,lt,fu,lu) values('20130416150845191744936881908206','20130416150323802265423605949551',null,'1','','',1,null,'1',null,null,'2013-04-16 15:08:45',null,'20120507134700000110225236178825',null);
insert into bd_dictionaryvalue(id,id_dictionary,id_parent,code,value,valueI18n,num,description,enableFlag,editableFlag,systemFlag,ft,lt,fu,lu) values('20130416150855817096132596040731','20130416150323802265423605949551',null,'2','','',2,null,'1',null,null,'2013-04-16 15:08:55',null,'20120507134700000110225236178825',null);
insert into bd_dictionaryvalue(id,id_dictionary,id_parent,code,value,valueI18n,num,description,enableFlag,editableFlag,systemFlag,ft,lt,fu,lu) values('20130416150911099896216619455619','20130416150323802265423605949551',null,'3','','',3,null,'1',null,null,'2013-04-16 15:09:11',null,'20120507134700000110225236178825',null);
insert into bd_dictionaryvalue(id,id_dictionary,id_parent,code,value,valueI18n,num,description,enableFlag,editableFlag,systemFlag,ft,lt,fu,lu) values('20130416150924862808935953686168','20130416150323802265423605949551',null,'4','','',4,null,'1',null,null,'2013-04-16 15:09:24',null,'20120507134700000110225236178825',null);
insert into bd_dictionaryvalue(id,id_dictionary,id_parent,code,value,valueI18n,num,description,enableFlag,editableFlag,systemFlag,ft,lt,fu,lu) values('20130416150934691495308944213786','20130416150323802265423605949551',null,'5','','',5,null,'1',null,null,'2013-04-16 15:09:34',null,'20120507134700000110225236178825',null);
insert into bd_dictionaryvalue(id,id_dictionary,id_parent,code,value,valueI18n,num,description,enableFlag,editableFlag,systemFlag,ft,lt,fu,lu) values('20130416150954501325552475135839','20130416150323802265423605949551',null,'6','','',6,null,'1',null,null,'2013-04-16 15:09:54',null,'20120507134700000110225236178825',null);
insert into bd_dictionary(id,name,code,description,kind,enableFlag,editableFlag,systemFlag,ft,lt,fu,lu) values('20130416150405651164632164488243','','winningLevel',null,'1',null,'1',null,'2013-04-16 15:04:05',null,'20120507134700000110225236178825',null);
insert into bd_dictionaryvalue(id,id_dictionary,id_parent,code,value,valueI18n,num,description,enableFlag,editableFlag,systemFlag,ft,lt,fu,lu) values('20130416150457794192818637073309','20130416150405651164632164488243',null,'1','',null,1,null,'1',null,null,'2013-04-16 15:04:57',null,'20120507134700000110225236178825',null);
insert into bd_dictionaryvalue(id,id_dictionary,id_parent,code,value,valueI18n,num,description,enableFlag,editableFlag,systemFlag,ft,lt,fu,lu) values('20130416150555734534254345638043','20130416150405651164632164488243',null,'2','',null,2,null,'1',null,null,'2013-04-16 15:05:55',null,'20120507134700000110225236178825',null);
insert into bd_dictionaryvalue(id,id_dictionary,id_parent,code,value,valueI18n,num,description,enableFlag,editableFlag,systemFlag,ft,lt,fu,lu) values('20130416150728279193973238100073','20130416150405651164632164488243','20130416150555734534254345638043','9','',null,1,null,'1',null,null,'2013-04-16 15:07:28',null,'20120507134700000110225236178825',null);
insert into bd_dictionaryvalue(id,id_dictionary,id_parent,code,value,valueI18n,num,description,enableFlag,editableFlag,systemFlag,ft,lt,fu,lu) values('20130423183103030284945346806866','20130416150405651164632164488243',null,'3','',null,3,null,'1',null,null,'2013-04-23 18:31:03',null,'20120507134700000110225236178825',null);
insert into bd_dictionaryvalue(id,id_dictionary,id_parent,code,value,valueI18n,num,description,enableFlag,editableFlag,systemFlag,ft,lt,fu,lu) values('20130423183140657503780325056505','20130416150405651164632164488243',null,'4','',null,4,null,'1',null,null,'2013-04-23 18:31:40',null,'20120507134700000110225236178825',null);
insert into bd_dictionaryvalue(id,id_dictionary,id_parent,code,value,valueI18n,num,description,enableFlag,editableFlag,systemFlag,ft,lt,fu,lu) values('20130423183157040784930919095845','20130416150405651164632164488243',null,'5','',null,5,null,'1',null,null,'2013-04-23 18:31:57',null,'20120507134700000110225236178825',null);
insert into bd_dictionaryvalue(id,id_dictionary,id_parent,code,value,valueI18n,num,description,enableFlag,editableFlag,systemFlag,ft,lt,fu,lu) values('20130423183210528801391593769827','20130416150405651164632164488243',null,'6','',null,6,null,'1',null,null,'2013-04-23 18:32:10',null,'20120507134700000110225236178825',null);
insert into bd_dictionaryvalue(id,id_dictionary,id_parent,code,value,valueI18n,num,description,enableFlag,editableFlag,systemFlag,ft,lt,fu,lu) values('20130423183223722891834109311862','20130416150405651164632164488243',null,'7','',null,7,null,'1',null,null,'2013-04-23 18:32:23',null,'20120507134700000110225236178825',null);
insert into bd_dictionaryvalue(id,id_dictionary,id_parent,code,value,valueI18n,num,description,enableFlag,editableFlag,systemFlag,ft,lt,fu,lu) values('20130423183236334679593122771905','20130416150405651164632164488243',null,'8','',null,8,null,'1',null,null,'2013-04-23 18:32:36',null,'20120507134700000110225236178825',null);
insert into bd_dictionaryvalue(id,id_dictionary,id_parent,code,value,valueI18n,num,description,enableFlag,editableFlag,systemFlag,ft,lt,fu,lu) values('20130423183314548307618479902542','20130416150405651164632164488243','20130416150555734534254345638043','10','',null,2,null,'1',null,null,'2013-04-23 18:33:14',null,'20120507134700000110225236178825',null);
insert into bd_dictionaryvalue(id,id_dictionary,id_parent,code,value,valueI18n,num,description,enableFlag,editableFlag,systemFlag,ft,lt,fu,lu) values('20130423183331626065183172463866','20130416150405651164632164488243',null,'11','',null,9,null,'1',null,null,'2013-04-23 18:33:31',null,'20120507134700000110225236178825',null);
insert into bd_dictionaryvalue(id,id_dictionary,id_parent,code,value,valueI18n,num,description,enableFlag,editableFlag,systemFlag,ft,lt,fu,lu) values('20130423183406098960426465392617','20130416150405651164632164488243','20130423183103030284945346806866','12','',null,1,null,'1',null,null,'2013-04-23 18:34:06',null,'20120507134700000110225236178825',null);
insert into bd_dictionaryvalue(id,id_dictionary,id_parent,code,value,valueI18n,num,description,enableFlag,editableFlag,systemFlag,ft,lt,fu,lu) values('20130423183428464846464767859208','20130416150405651164632164488243','20130423183103030284945346806866','13','',null,2,null,'1',null,null,'2013-04-23 18:34:28',null,'20120507134700000110225236178825',null);
insert into bd_dictionaryvalue(id,id_dictionary,id_parent,code,value,valueI18n,num,description,enableFlag,editableFlag,systemFlag,ft,lt,fu,lu) values('20130423183447570930012968556316','20130416150405651164632164488243','20130423183103030284945346806866','14','',null,10,null,'1',null,null,'2013-04-23 18:34:47','2013-04-23 18:35:00','20120507134700000110225236178825','20120507134700000110225236178825');
insert into bd_dictionaryvalue(id,id_dictionary,id_parent,code,value,valueI18n,num,description,enableFlag,editableFlag,systemFlag,ft,lt,fu,lu) values('20130423183525055015615662027786','20130416150405651164632164488243','20130423183140657503780325056505','15','',null,10,null,'1',null,null,'2013-04-23 18:35:25','2013-04-23 18:35:37','20120507134700000110225236178825','20120507134700000110225236178825');
insert into bd_dictionaryvalue(id,id_dictionary,id_parent,code,value,valueI18n,num,description,enableFlag,editableFlag,systemFlag,ft,lt,fu,lu) values('20130423183558599448909927982054','20130416150405651164632164488243','20130423183140657503780325056505','16','',null,11,null,'1',null,null,'2013-04-23 18:35:58',null,'20120507134700000110225236178825',null);
insert into bd_dictionaryvalue(id,id_dictionary,id_parent,code,value,valueI18n,num,description,enableFlag,editableFlag,systemFlag,ft,lt,fu,lu) values('20130423183610155080796797428266','20130416150405651164632164488243','20130423183140657503780325056505','17','',null,10,null,'1',null,null,'2013-04-23 18:36:10','2013-04-23 18:36:21','20120507134700000110225236178825','20120507134700000110225236178825');
insert into bd_dictionaryvalue(id,id_dictionary,id_parent,code,value,valueI18n,num,description,enableFlag,editableFlag,systemFlag,ft,lt,fu,lu) values('20130423183659017174295308113426','20130416150405651164632164488243','20130423183157040784930919095845','18','',null,1,null,'1',null,null,'2013-04-23 18:36:59',null,'20120507134700000110225236178825',null);
insert into bd_dictionaryvalue(id,id_dictionary,id_parent,code,value,valueI18n,num,description,enableFlag,editableFlag,systemFlag,ft,lt,fu,lu) values('20130423183713409022289550038383','20130416150405651164632164488243','20130423183157040784930919095845','19','',null,10,null,'1',null,null,'2013-04-23 18:37:13','2013-04-23 18:37:24','20120507134700000110225236178825','20120507134700000110225236178825');
insert into bd_dictionaryvalue(id,id_dictionary,id_parent,code,value,valueI18n,num,description,enableFlag,editableFlag,systemFlag,ft,lt,fu,lu) values('20130423183748993339150862388089','20130416150405651164632164488243','20130423183157040784930919095845','20','',null,11,null,'1',null,null,'2013-04-23 18:37:48',null,'20120507134700000110225236178825',null);
insert into bd_dictionary(id,name,code,description,kind,enableFlag,editableFlag,systemFlag,ft,lt,fu,lu) values('20130414153809370288182278335407','','trainingType',null,'0',null,'1',null,'2013-04-14 15:38:09',null,'20120507134700000110225236178825',null);
insert into bd_dictionaryvalue(id,id_dictionary,id_parent,code,value,valueI18n,num,description,enableFlag,editableFlag,systemFlag,ft,lt,fu,lu) values('20130414153917906659736832270535','20130414153809370288182278335407',null,'1','','',1,null,'1',null,null,'2013-04-14 15:39:17',null,'20120507134700000110225236178825',null);
insert into bd_dictionaryvalue(id,id_dictionary,id_parent,code,value,valueI18n,num,description,enableFlag,editableFlag,systemFlag,ft,lt,fu,lu) values('20130414153929283131440548553634','20130414153809370288182278335407',null,'2','','',2,null,'1',null,null,'2013-04-14 15:39:29',null,'20120507134700000110225236178825',null);
insert into bd_dictionary(id,name,code,description,kind,enableFlag,editableFlag,systemFlag,ft,lt,fu,lu) values('20130414170315629939586940896498','','abroadFundsCode',null,'0',null,'1',null,'2013-04-14 17:03:15',null,'20120507134700000110225236178825',null);
insert into bd_dictionaryvalue(id,id_dictionary,id_parent,code,value,valueI18n,num,description,enableFlag,editableFlag,systemFlag,ft,lt,fu,lu) values('20130414170348357113850404471983','20130414170315629939586940896498',null,'1','','',1,null,'1',null,null,'2013-04-14 17:03:48',null,'20120507134700000110225236178825',null);
insert into bd_dictionaryvalue(id,id_dictionary,id_parent,code,value,valueI18n,num,description,enableFlag,editableFlag,systemFlag,ft,lt,fu,lu) values('20130414170400072254158163872483','20130414170315629939586940896498',null,'2','','',2,null,'1',null,null,'2013-04-14 17:04:00',null,'20120507134700000110225236178825',null);
insert into bd_dictionaryvalue(id,id_dictionary,id_parent,code,value,valueI18n,num,description,enableFlag,editableFlag,systemFlag,ft,lt,fu,lu) values('20130414170415476417007626765424','20130414170315629939586940896498',null,'3','','',3,null,'1',null,null,'2013-04-14 17:04:15',null,'20120507134700000110225236178825',null);
insert into bd_dictionaryvalue(id,id_dictionary,id_parent,code,value,valueI18n,num,description,enableFlag,editableFlag,systemFlag,ft,lt,fu,lu) values('20130414170425427721145318694208','20130414170315629939586940896498',null,'4','','',4,null,'1',null,null,'2013-04-14 17:04:25',null,'20120507134700000110225236178825',null);
insert into bd_dictionaryvalue(id,id_dictionary,id_parent,code,value,valueI18n,num,description,enableFlag,editableFlag,systemFlag,ft,lt,fu,lu) values('20130414170436016139337935153938','20130414170315629939586940896498',null,'5','','',5,null,'1',null,null,'2013-04-14 17:04:36',null,'20120507134700000110225236178825',null);
insert into bd_dictionary(id,name,code,description,kind,enableFlag,editableFlag,systemFlag,ft,lt,fu,lu) values('20130415114033271151594461452267','','subjectLevel',null,'0',null,'1',null,'2013-04-15 11:40:33',null,'20120507134700000110225236178825',null);
insert into bd_dictionaryvalue(id,id_dictionary,id_parent,code,value,valueI18n,num,description,enableFlag,editableFlag,systemFlag,ft,lt,fu,lu) values('20130415114101896014436088959224','20130415114033271151594461452267',null,'1','','',1,null,'1',null,null,'2013-04-15 11:41:01',null,'20120507134700000110225236178825',null);
insert into bd_dictionaryvalue(id,id_dictionary,id_parent,code,value,valueI18n,num,description,enableFlag,editableFlag,systemFlag,ft,lt,fu,lu) values('20130415114111371373887367599705','20130415114033271151594461452267',null,'2','','',2,null,'1',null,null,'2013-04-15 11:41:11',null,'20120507134700000110225236178825',null);
insert into bd_dictionaryvalue(id,id_dictionary,id_parent,code,value,valueI18n,num,description,enableFlag,editableFlag,systemFlag,ft,lt,fu,lu) values('20130415114123225000753756327396','20130415114033271151594461452267',null,'3','','',3,null,'1',null,null,'2013-04-15 11:41:23',null,'20120507134700000110225236178825',null);
insert into bd_dictionaryvalue(id,id_dictionary,id_parent,code,value,valueI18n,num,description,enableFlag,editableFlag,systemFlag,ft,lt,fu,lu) values('20130415114135227018954261566755','20130415114033271151594461452267',null,'4','','',4,null,'1',null,null,'2013-04-15 11:41:35',null,'20120507134700000110225236178825',null);
insert into bd_dictionary(id,name,code,description,kind,enableFlag,editableFlag,systemFlag,ft,lt,fu,lu) values('20130416113009994879081916019564','','honoraryLevel',null,'0',null,'1',null,'2013-04-16 11:30:09',null,'20120507134700000110225236178825',null);
insert into bd_dictionaryvalue(id,id_dictionary,id_parent,code,value,valueI18n,num,description,enableFlag,editableFlag,systemFlag,ft,lt,fu,lu) values('20130416113038172782621700898448','20130416113009994879081916019564',null,'1','','',1,null,'1',null,null,'2013-04-16 11:30:38',null,'20120507134700000110225236178825',null);
insert into bd_dictionaryvalue(id,id_dictionary,id_parent,code,value,valueI18n,num,description,enableFlag,editableFlag,systemFlag,ft,lt,fu,lu) values('20130416113057377794365901021147','20130416113009994879081916019564',null,'2','','',2,null,'1',null,null,'2013-04-16 11:30:57',null,'20120507134700000110225236178825',null);
insert into bd_dictionaryvalue(id,id_dictionary,id_parent,code,value,valueI18n,num,description,enableFlag,editableFlag,systemFlag,ft,lt,fu,lu) values('20130416113115717023547811364763','20130416113009994879081916019564',null,'3','','',3,null,'1',null,null,'2013-04-16 11:31:15',null,'20120507134700000110225236178825',null);
insert into bd_dictionaryvalue(id,id_dictionary,id_parent,code,value,valueI18n,num,description,enableFlag,editableFlag,systemFlag,ft,lt,fu,lu) values('20130416113130521434736893510413','20130416113009994879081916019564',null,'4','','',4,null,'1',null,null,'2013-04-16 11:31:30',null,'20120507134700000110225236178825',null);
insert into bd_dictionaryvalue(id,id_dictionary,id_parent,code,value,valueI18n,num,description,enableFlag,editableFlag,systemFlag,ft,lt,fu,lu) values('20130416113146981272405698131484','20130416113009994879081916019564',null,'5','','',5,null,'1',null,null,'2013-04-16 11:31:46',null,'20120507134700000110225236178825',null);
insert into bd_dictionaryvalue(id,id_dictionary,id_parent,code,value,valueI18n,num,description,enableFlag,editableFlag,systemFlag,ft,lt,fu,lu) values('20130416113202896448214894636987','20130416113009994879081916019564',null,'6','','',6,null,'1',null,null,'2013-04-16 11:32:02',null,'20120507134700000110225236178825',null);
insert into bd_dictionaryvalue(id,id_dictionary,id_parent,code,value,valueI18n,num,description,enableFlag,editableFlag,systemFlag,ft,lt,fu,lu) values('20130416113222353757585575850292','20130416113009994879081916019564',null,'7','','',7,null,'1',null,null,'2013-04-16 11:32:22',null,'20120507134700000110225236178825',null);
insert into bd_dictionary(id,name,code,description,kind,enableFlag,editableFlag,systemFlag,ft,lt,fu,lu) values('20130416150232924939583731357763','','winningType',null,'0',null,'1',null,'2013-04-16 15:02:32',null,'20120507134700000110225236178825',null);
insert into bd_dictionaryvalue(id,id_dictionary,id_parent,code,value,valueI18n,num,description,enableFlag,editableFlag,systemFlag,ft,lt,fu,lu) values('20130416150813045540883094848880','20130416150232924939583731357763',null,'1','','',1,null,'1',null,null,'2013-04-16 15:08:13',null,'20120507134700000110225236178825',null);
insert into bd_dictionaryvalue(id,id_dictionary,id_parent,code,value,valueI18n,num,description,enableFlag,editableFlag,systemFlag,ft,lt,fu,lu) values('20130416150819838829694634386335','20130416150232924939583731357763',null,'2','','',2,null,'1',null,null,'2013-04-16 15:08:19',null,'20120507134700000110225236178825',null);
insert into bd_dictionaryvalue(id,id_dictionary,id_parent,code,value,valueI18n,num,description,enableFlag,editableFlag,systemFlag,ft,lt,fu,lu) values('20130423182049247306148145346460','20130416150232924939583731357763',null,'3','','',3,null,'1',null,null,'2013-04-23 18:20:49',null,'20120507134700000110225236178825',null);
insert into bd_dictionaryvalue(id,id_dictionary,id_parent,code,value,valueI18n,num,description,enableFlag,editableFlag,systemFlag,ft,lt,fu,lu) values('20130423182105764480757617420209','20130416150232924939583731357763',null,'4','','',4,null,'1',null,null,'2013-04-23 18:21:05',null,'20120507134700000110225236178825',null);
insert into bd_dictionaryvalue(id,id_dictionary,id_parent,code,value,valueI18n,num,description,enableFlag,editableFlag,systemFlag,ft,lt,fu,lu) values('20130423182120933775722826586087','20130416150232924939583731357763',null,'5','','',5,null,'1',null,null,'2013-04-23 18:21:20',null,'20120507134700000110225236178825',null);
insert into bd_dictionaryvalue(id,id_dictionary,id_parent,code,value,valueI18n,num,description,enableFlag,editableFlag,systemFlag,ft,lt,fu,lu) values('20130423182136236335116414063314','20130416150232924939583731357763',null,'6','','',6,null,'1',null,null,'2013-04-23 18:21:36',null,'20120507134700000110225236178825',null);
insert into bd_dictionaryvalue(id,id_dictionary,id_parent,code,value,valueI18n,num,description,enableFlag,editableFlag,systemFlag,ft,lt,fu,lu) values('20130423182201734657991316484361','20130416150232924939583731357763',null,'7','','',7,null,'1',null,null,'2013-04-23 18:22:01',null,'20120507134700000110225236178825',null);
insert into bd_dictionaryvalue(id,id_dictionary,id_parent,code,value,valueI18n,num,description,enableFlag,editableFlag,systemFlag,ft,lt,fu,lu) values('20130423182215680169440177555832','20130416150232924939583731357763',null,'8','','',8,null,'1',null,null,'2013-04-23 18:22:15',null,'20120507134700000110225236178825',null);
insert into bd_dictionaryvalue(id,id_dictionary,id_parent,code,value,valueI18n,num,description,enableFlag,editableFlag,systemFlag,ft,lt,fu,lu) values('20130423182229577756257320766395','20130416150232924939583731357763',null,'9','','',9,null,'1',null,null,'2013-04-23 18:22:29',null,'20120507134700000110225236178825',null);
insert into bd_dictionaryvalue(id,id_dictionary,id_parent,code,value,valueI18n,num,description,enableFlag,editableFlag,systemFlag,ft,lt,fu,lu) values('20130423182241532610071950695099','20130416150232924939583731357763',null,'10','','',10,null,'1',null,null,'2013-04-23 18:22:41',null,'20120507134700000110225236178825',null);
insert into bd_dictionaryvalue(id,id_dictionary,id_parent,code,value,valueI18n,num,description,enableFlag,editableFlag,systemFlag,ft,lt,fu,lu) values('20130423182254685480137186965569','20130416150232924939583731357763',null,'11','','',11,null,'1',null,null,'2013-04-23 18:22:54',null,'20120507134700000110225236178825',null);
insert into bd_dictionaryvalue(id,id_dictionary,id_parent,code,value,valueI18n,num,description,enableFlag,editableFlag,systemFlag,ft,lt,fu,lu) values('20130423182635162913050711395274','20130416150232924939583731357763',null,'12','','',12,null,'1',null,null,'2013-04-23 18:26:35',null,'20120507134700000110225236178825',null);
insert into bd_dictionaryvalue(id,id_dictionary,id_parent,code,value,valueI18n,num,description,enableFlag,editableFlag,systemFlag,ft,lt,fu,lu) values('20130423182650797447643321037162','20130416150232924939583731357763',null,'13','','',13,null,'1',null,null,'2013-04-23 18:26:50',null,'20120507134700000110225236178825',null);
insert into bd_dictionary(id,name,code,description,kind,enableFlag,editableFlag,systemFlag,ft,lt,fu,lu) values('20130414153847503069369209944347','','studyType',null,'0',null,'1',null,'2013-04-14 15:38:47',null,'20120507134700000110225236178825',null);
insert into bd_dictionaryvalue(id,id_dictionary,id_parent,code,value,valueI18n,num,description,enableFlag,editableFlag,systemFlag,ft,lt,fu,lu) values('20130414153959550515858395253029','20130414153847503069369209944347',null,'1','','',1,null,'1',null,null,'2013-04-14 15:39:59',null,'20120507134700000110225236178825',null);
insert into bd_dictionaryvalue(id,id_dictionary,id_parent,code,value,valueI18n,num,description,enableFlag,editableFlag,systemFlag,ft,lt,fu,lu) values('20130414154020722298631371668162','20130414153847503069369209944347',null,'2','','',2,null,'1',null,null,'2013-04-14 15:40:20',null,'20120507134700000110225236178825',null);
insert into bd_dictionaryvalue(id,id_dictionary,id_parent,code,value,valueI18n,num,description,enableFlag,editableFlag,systemFlag,ft,lt,fu,lu) values('20130414154044205990989685207672','20130414153847503069369209944347',null,'3','','',3,null,'1',null,null,'2013-04-14 15:40:44',null,'20120507134700000110225236178825',null);

insert into tf_filesitem(id,name,id_parent,syscode,type,kind,iswrite,isaudit,note,lu,fu,lt,ft) values('20130402152151586870930843189650','',null,'GRJJ','2','1','0','1','','20120507134700000110225236178825','20120507134700000110225236178825','2013-04-07 16:23:47','2013-04-02 15:21:51');
insert into tf_filesitem(id,name,id_parent,syscode,type,kind,iswrite,isaudit,note,lu,fu,lt,ft) values('20130402153229929136626701296899','',null,'FZGH','1','1','0','1','','20120507134700000110225236178825','20120507134700000110225236178825','2013-04-23 15:34:02','2013-04-02 15:32:29');
insert into tf_filesitem(id,name,id_parent,syscode,type,kind,iswrite,isaudit,note,lu,fu,lt,ft) values('20130402153253407170675409611007','',null,null,'1','0','0','0','',null,'20120507134700000110225236178825',null,'2013-04-02 15:32:53');
insert into tf_filesitem(id,name,id_parent,syscode,type,kind,iswrite,isaudit,note,lu,fu,lt,ft) values('20130402153312582073474115046508','',null,null,'1','0','0','0','','20120507134700000110225236178825','20120507134700000110225236178825','2013-04-07 15:54:25','2013-04-02 15:33:12');
insert into tf_filesitem(id,name,id_parent,syscode,type,kind,iswrite,isaudit,note,lu,fu,lt,ft) values('20130402153330748631007629447983','',null,null,'1','0','0','0','',null,'20120507134700000110225236178825',null,'2013-04-02 15:33:30');
insert into tf_filesitem(id,name,id_parent,syscode,type,kind,iswrite,isaudit,note,lu,fu,lt,ft) values('20130402153506069236732043977563','',null,'DSDJ','1','1','0','0','','20120507134700000110225236178825','20120507134700000110225236178825','2013-04-07 16:16:21','2013-04-02 15:35:06');
insert into tf_filesitem(id,name,id_parent,syscode,type,kind,iswrite,isaudit,note,lu,fu,lt,ft) values('20130402154055564361991633614376','','20130402153253407170675409611007','JXGZL','2','1','0','0','','20120507134700000110225236178825','20120507134700000110225236178825','2013-04-08 15:31:10','2013-04-02 15:40:55');
insert into tf_filesitem(id,name,id_parent,syscode,type,kind,iswrite,isaudit,note,lu,fu,lt,ft) values('20130402154143420520071383727027','','20130402153253407170675409611007','JA','1','1','0','0','','20120507134700000110225236178825','20120507134700000110225236178825','2013-04-08 15:31:23','2013-04-02 15:41:43');
insert into tf_filesitem(id,name,id_parent,syscode,type,kind,iswrite,isaudit,note,lu,fu,lt,ft) values('20130402154155530843871894301152','','20130402153253407170675409611007','ST','1','1','0','0','','20120507134700000110225236178825','20120507134700000110225236178825','2013-04-11 18:24:10','2013-04-02 15:41:55');
insert into tf_filesitem(id,name,id_parent,syscode,type,kind,iswrite,isaudit,note,lu,fu,lt,ft) values('20130402154405155054331124150395','','20130402153253407170675409611007','GKK','1','1','0','0','','20120507134700000110225236178825','20120507134700000110225236178825','2013-04-12 10:50:44','2013-04-02 15:44:05');
insert into tf_filesitem(id,name,id_parent,syscode,type,kind,iswrite,isaudit,note,lu,fu,lt,ft) values('20130402154751623854621664085850','','20130402153330748631007629447983','HJ','1','1','0','0','','20120507134700000110225236178825','20120507134700000110225236178825','2013-04-15 16:04:12','2013-04-02 15:47:51');
insert into tf_filesitem(id,name,id_parent,syscode,type,kind,iswrite,isaudit,note,lu,fu,lt,ft) values('20130402153304281191645210281288','',null,null,'1','0','0','0','',null,'20120507134700000110225236178825',null,'2013-04-02 15:33:04');
insert into tf_filesitem(id,name,id_parent,syscode,type,kind,iswrite,isaudit,note,lu,fu,lt,ft) values('20130402153324852892305396952064','',null,null,'1','0','0','0','',null,'20120507134700000110225236178825',null,'2013-04-02 15:33:24');
insert into tf_filesitem(id,name,id_parent,syscode,type,kind,iswrite,isaudit,note,lu,fu,lt,ft) values('20130402154027845097677770241717','','20130402153253407170675409611007','JXJH','1','1','0','0','','20120507134700000110225236178825','20120507134700000110225236178825','2013-04-11 14:33:16','2013-04-02 15:40:27');
insert into tf_filesitem(id,name,id_parent,syscode,type,kind,iswrite,isaudit,note,lu,fu,lt,ft) values('20130402154120072726903913232798','','20130402153253407170675409611007','JXCJ','2','1','0','0','','20120507134700000110225236178825','20120507134700000110225236178825','2013-04-08 15:31:16','2013-04-02 15:41:20');
insert into tf_filesitem(id,name,id_parent,syscode,type,kind,iswrite,isaudit,note,lu,fu,lt,ft) values('20130402154149069546064987057405','','20130402153253407170675409611007','KJ','1','1','0','0','','20120507134700000110225236178825','20120507134700000110225236178825','2013-04-11 17:19:09','2013-04-02 15:41:49');
insert into tf_filesitem(id,name,id_parent,syscode,type,kind,iswrite,isaudit,note,lu,fu,lt,ft) values('20130402154434302920571875974804','','20130402153304281191645210281288','JXXX','1','1','0','0','','20120507134700000110225236178825','20120507134700000110225236178825','2013-04-14 14:07:43','2013-04-02 15:44:34');
insert into tf_filesitem(id,name,id_parent,syscode,type,kind,iswrite,isaudit,note,lu,fu,lt,ft) values('20130402154526984708616886095494','','20130402153312582073474115046508','KTYJ','1','1','0','0','','20120507134700000110225236178825','20120507134700000110225236178825','2013-04-12 10:51:20','2013-04-02 15:45:27');
insert into tf_filesitem(id,name,id_parent,syscode,type,kind,iswrite,isaudit,note,lu,fu,lt,ft) values('20130402154553305665105866483427','','20130402153312582073474115046508','XBKCKF','1','1','0','0','','20120507134700000110225236178825','20120507134700000110225236178825','2013-04-12 10:51:27','2013-04-02 15:45:53');
insert into tf_filesitem(id,name,id_parent,syscode,type,kind,iswrite,isaudit,note,lu,fu,lt,ft) values('20130402154653335763530887171118','','20130402153324852892305396952064','JYJXSB','1','1','0','0','','20120507134700000110225236178825','20120507134700000110225236178825','2013-04-15 16:03:51','2013-04-02 15:46:53');
insert into tf_filesitem(id,name,id_parent,syscode,type,kind,iswrite,isaudit,note,lu,fu,lt,ft) values('20130402154741558895802727024319','','20130402153330748631007629447983','RYCH','1','1','0','0','','20120507134700000110225236178825','20120507134700000110225236178825','2013-04-15 16:04:05','2013-04-02 15:47:41');
insert into tf_filesitem(id,name,id_parent,syscode,type,kind,iswrite,isaudit,note,lu,fu,lt,ft) values('20130402154454473342561083150550','','20130402153304281191645210281288','DSSB','1','1','0','0','','20120507134700000110225236178825','20120507134700000110225236178825','2013-04-12 10:51:00','2013-04-02 15:44:54');
insert into tf_filesitem(id,name,id_parent,syscode,type,kind,iswrite,isaudit,note,lu,fu,lt,ft) values('20130402154628624113654600696756','','20130402153324852892305396952064','JXFS','1','1','0','0','','20120507134700000110225236178825','20120507134700000110225236178825','2013-04-15 16:03:45','2013-04-02 15:46:28');
insert into tf_filesitem(id,name,id_parent,syscode,type,kind,iswrite,isaudit,note,lu,fu,lt,ft) values('20130402154708781560580137449900','','20130402153324852892305396952064','GZZJ','1','1','0','0','','20120507134700000110225236178825','20120507134700000110225236178825','2013-04-15 16:03:56','2013-04-02 15:47:08');

/*tag1.0 end*/


/*tag1.0 start*/
insert into bd_module(id,name,nameI18n,code,num,deployFlag,ft,lt,fu,lu) values('20130420145358535521119306477530','','bd_module_tm','tm',null,'1','2013-04-20 14:53:58',null,'20120507134700000110225236178825',null);
insert into bd_operation(id,id_module,id_parent,name,nameI18n,code,operationDict,customTypeDict,url,openMode,datascopeFlag,num,icon,winHeight,winWidth,description,ft,lt,fu,lu) values('20130420145540411423211572588563','20130420145358535521119306477530',null,'','bd_operation_tm','tm','0',null,'/tm/teacherManual!index.action','0','0',1,'app-TeacherManual','100%','100%','','2013-04-20 14:55:40','2013-04-20 15:36:13','20120507134700000110225236178825','20120507134700000110225236178825');
insert into bd_operation(id,id_module,id_parent,name,nameI18n,code,operationDict,customTypeDict,url,openMode,datascopeFlag,num,icon,winHeight,winWidth,description,ft,lt,fu,lu) values('20130420145706251714391483511635','20130420145358535521119306477530','20130420145540411423211572588563','','tm_teacherManual_index_teacherManual','tm_teacherManual','2',null,'/tm/teacherManual!teacherManualIndex.action','0','0',1,'','','','','2013-04-20 14:57:06','2013-04-20 15:32:40','20120507134700000110225236178825','20120507134700000110225236178825');

/*tag1.0 end*/
/*tag1.0 start*/
/*==============================================================*/
/* Table: tr_issueguide                                         */
/*==============================================================*/
create table tr_issueguide (
   id                   char(32)             not null,
   id_user              char(32)             null,
   name                 varchar(100)         null,
   level                varchar(20)          null,
   issueUnit            varchar(100)         null,
   issueDate            char(10)             null,
   content              text                 null,
   ft                   char(19)             null,
   lt                   char(19)             null,
   fu                   char(32)             null,
   lu                   char(32)             null
)
go

alter table tr_issueguide
   add constraint PK_TR_ISSUEGUIDE primary key nonclustered (id)
go

/*==============================================================*/
/* Table: tr_issuemember                                        */
/*==============================================================*/
create table tr_issuemember (
   id                   char(32)             not null,
   id_teachingissue     char(32)             null,
   id_user              char(32)             null,
   id_course            char(32)             null,
   title                varchar(20)          null,
   ft                   char(19)             null,
   lt                   char(19)             null,
   fu                   char(32)             null,
   lu                   char(32)             null
)
go

alter table tr_issuemember
   add constraint PK_TR_ISSUEMEMBER primary key nonclustered (id)
go

/*==============================================================*/
/* Table: tr_issueresource                                      */
/*==============================================================*/
create table tr_issueresource (
   id                   char(32)             not null,
   id_teachingissue     char(32)             null,
   id_user              char(32)             null,
   resourceKind         char(1)              null,
   resourceName         varchar(100)         null,
   resourceDate         char(10)             null,
   resourceContent      text                 null,
   ft                   char(19)             null,
   lt                   char(19)             null,
   fu                   char(32)             null,
   lu                   char(32)             null
)
go

alter table tr_issueresource
   add constraint PK_TR_ISSUERESOURCE primary key nonclustered (id)
go

/*==============================================================*/
/* Table: tr_teachingissue                                      */
/*==============================================================*/
create table tr_teachingissue (
   id                   char(32)             not null,
   id_issueguide        char(32)             null,
   name                 varchar(100)         null,
   issueNum             varchar(20)          null,
   declareDate          char(10)             null,
   content              text                 null,
   status               char(1)              null,
   advice               varchar(200)         null,
   projectNotice        varchar(100)         null,
   projectDate          char(10)             null,
   projectContent       text                 null,
   projectFile          char(32)             null,
   ft                   char(19)             null,
   lt                   char(19)             null,
   fu                   char(32)             null,
   lu                   char(32)             null,
   middleStatus         char(1)              null,
   middleAdvice         varchar(500)         null,
   middleTime           char(19)             null,
   endTime              char(19)             null,
   endStatus            char(1)              null,
   endAdvice            varchar(500)         null
)
go

alter table tr_teachingissue
   add constraint PK_TR_TEACHINGISSUE primary key nonclustered (id)
go

alter table tr_issueguide
   add constraint FK_TR_ISSUE_REFERENCE_BD_US7R foreign key (id_user)
      references bd_user (id)
go

alter table tr_issuemember
   add constraint FK_TR_ISSUE_REFERENCE_TR_TEACH foreign key (id_teachingissue)
      references tr_teachingissue (id)
go

alter table tr_issuemember
   add constraint FK_TR_ISSUE_REFERENCE_BD_USER foreign key (id_user)
      references bd_user (id)
go

alter table tr_issueresource
   add constraint FK_TR_ISSUE_REFERENCE_TR_TEAC2 foreign key (id_teachingissue)
      references tr_teachingissue (id)
go

alter table tr_issueresource
   add constraint FK_TR_ISSUE_REFERENCE_BD_US8R foreign key (id_user)
      references bd_user (id)
go

alter table tr_teachingissue
   add constraint FK_TR_TEACH_REFERENCE_TR_ISSUE foreign key (id_issueguide)
      references tr_issueguide (id)
go

insert into bd_module(id,name,nameI18n,code,num,deployFlag,ft,lt,fu,lu) values('20130326093757042791253955709489','','bd_module_tr','tr',null,'1','2013-03-26 09:37:57',null,'20120507134700000110225236178825',null);
insert into bd_operation(id,id_module,id_parent,name,nameI18n,code,operationDict,customTypeDict,url,openMode,datascopeFlag,num,icon,winHeight,winWidth,description,ft,lt,fu,lu) values('20130326100156872882821809457511','20130326093757042791253955709489',null,'','bd_module_tr','tr','0',null,'/tr/issueGuide!index.action','0','0',1,'app-teachingresearch','90%','100%','','2013-03-26 10:01:56','2013-03-29 09:16:09','20120507134700000110225236178825','20120507134700000110225236178825');
insert into bd_operation(id,id_module,id_parent,name,nameI18n,code,operationDict,customTypeDict,url,openMode,datascopeFlag,num,icon,winHeight,winWidth,description,ft,lt,fu,lu) values('20130326103507645362512890749210','20130326093757042791253955709489','20130326100156872882821809457511','','tr_ktzn','tr_ktzn','2',null,'/tr/ktzn!list.action','0','0',1,'','','','','2013-03-26 10:35:07','2013-03-26 11:52:42','20120507134700000110225236178825','20120507134700000110225236178825');
insert into bd_operation(id,id_module,id_parent,name,nameI18n,code,operationDict,customTypeDict,url,openMode,datascopeFlag,num,icon,winHeight,winWidth,description,ft,lt,fu,lu) values('20130326103940001245327220441913','20130326093757042791253955709489','20130326100156872882821809457511','','tr_sykt','tr_sykt','2',null,'/tr/sykt!list.action','0','0',2,'','','','','2013-03-26 10:39:40','2013-03-26 11:53:18','20120507134700000110225236178825','20120507134700000110225236178825');
insert into bd_operation(id,id_module,id_parent,name,nameI18n,code,operationDict,customTypeDict,url,openMode,datascopeFlag,num,icon,winHeight,winWidth,description,ft,lt,fu,lu) values('20130326104238226241803995781492','20130326093757042791253955709489','20130326100156872882821809457511','','tr_wdkt','tr_wdkt','2',null,'/tr/wdkt!list.action','0','0',3,'','','','','2013-03-26 10:42:38','2013-04-01 11:45:29','20120507134700000110225236178825','20120507134700000110225236178825');
insert into bd_dictionary(id,name,code,description,kind,enableFlag,editableFlag,systemFlag,ft,lt,fu,lu) values('20130413095955614355173865355701','','title',null,'0',null,'1',null,'2013-04-13 09:59:55','2013-04-13 10:00:28','20120507134700000110225236178825','20120507134700000110225236178825');
insert into bd_dictionary(id,name,code,description,kind,enableFlag,editableFlag,systemFlag,ft,lt,fu,lu) values('20130407093819889604334413509003','','issueguidelevel',null,'0',null,'1',null,'2013-04-07 09:38:19','2013-04-07 09:46:35','20120507134700000110225236178825','20120507134700000110225236178825');
insert into bd_dictionaryvalue(id,id_dictionary,id_parent,code,value,valueI18n,num,description,enableFlag,editableFlag,systemFlag,ft,lt,fu,lu) values('20130407094322542132603464115278','20130407093819889604334413509003',null,'1','','','2',null,'1',null,null,'2013-04-07 09:43:22',null,'20120507134700000110225236178825',null);
insert into bd_dictionaryvalue(id,id_dictionary,id_parent,code,value,valueI18n,num,description,enableFlag,editableFlag,systemFlag,ft,lt,fu,lu) values('20130407094353285003153094715121','20130407093819889604334413509003',null,'3','','','4',null,'1',null,null,'2013-04-07 09:43:53',null,'20120507134700000110225236178825',null);
insert into bd_dictionaryvalue(id,id_dictionary,id_parent,code,value,valueI18n,num,description,enableFlag,editableFlag,systemFlag,ft,lt,fu,lu) values('20130413100149383486027268976666','20130413095955614355173865355701',null,'1','','','2',null,'1',null,null,'2013-04-13 10:01:49',null,'20120507134700000110225236178825',null);
insert into bd_dictionaryvalue(id,id_dictionary,id_parent,code,value,valueI18n,num,description,enableFlag,editableFlag,systemFlag,ft,lt,fu,lu) values('20130407094339004138207141062250','20130407093819889604334413509003',null,'2','','','3',null,'1',null,null,'2013-04-07 09:43:39',null,'20120507134700000110225236178825',null);
insert into bd_dictionaryvalue(id,id_dictionary,id_parent,code,value,valueI18n,num,description,enableFlag,editableFlag,systemFlag,ft,lt,fu,lu) values('20130407094411080452758756507109','20130407093819889604334413509003',null,'4','','','5',null,'1',null,null,'2013-04-07 09:44:11','2013-04-23 15:08:12','20120507134700000110225236178825','20120507134700000110225236178825');
insert into bd_dictionaryvalue(id,id_dictionary,id_parent,code,value,valueI18n,num,description,enableFlag,editableFlag,systemFlag,ft,lt,fu,lu) values('20130413100127114346330692059667','20130413095955614355173865355701',null,'0','','','1',null,'1',null,null,'2013-04-13 10:01:27',null,'20120507134700000110225236178825',null);
insert into fw_attachmentconfig(id,code,saveDir,dirLevel,fileSize,fileCount,extension,description,ft,lt,fu,lu) values('20130418173756313544724235051657','issuesourceFile','d:/temp','3',null,'1','','','2013-04-18 17:37:56','2013-04-22 17:16:38','20120507134700000110225236178825','20120507134700000110225236178825');
/*tag1.0 end*/
/*tag1.0.1 start*/
alter table tr_teachingissue add id_declareUser char(32);
go
alter table tr_teachingissue add constraint FK_TR_TEACH_REFERENCE_BD_USER foreign key (id_declareUser) references bd_user (id)
go
/*tag1.0.1 end*/
/*tag1.0.2 start*/
insert into bd_operation(id,id_module,id_parent,name,nameI18n,code,operationDict,customTypeDict,url,openMode,datascopeFlag,num,icon,winHeight,winWidth,description,ft,lt,fu,lu) values('20130427160224838573484216067771','20130326093757042791253955709489','20130326100156872882821809457511','','tr_glktzn','tr_glktzn','2',null,'','0','0',1,'','','','','2013-04-27 16:02:24','2013-05-06 08:51:21','20120507134700000110225236178825','20130325105633721936330412684101');
insert into bd_operation(id,id_module,id_parent,name,nameI18n,code,operationDict,customTypeDict,url,openMode,datascopeFlag,num,icon,winHeight,winWidth,description,ft,lt,fu,lu) values('20130428182812042562277095857647','20130326093757042791253955709489','20130326100156872882821809457511','','tr_zlgl','tr_zlgl','2',null,'','0','0',7,'','','','','2013-04-28 18:28:12','2013-05-06 08:51:43','20120507134700000110225236178825','20130325105633721936330412684101');
insert into bd_operation(id,id_module,id_parent,name,nameI18n,code,operationDict,customTypeDict,url,openMode,datascopeFlag,num,icon,winHeight,winWidth,description,ft,lt,fu,lu) values('20130502103504845612789717841759','20130326093757042791253955709489','20130326100156872882821809457511','','tr_sczl','tr_sczl','2',null,'','0','0',8,'','','','','2013-05-02 10:35:04','2013-05-06 08:52:09','20120507134700000110225236178825','20130325105633721936330412684101');
insert into bd_operation(id,id_module,id_parent,name,nameI18n,code,operationDict,customTypeDict,url,openMode,datascopeFlag,num,icon,winHeight,winWidth,description,ft,lt,fu,lu) values('20130502105817589592030860974298','20130326093757042791253955709489','20130326100156872882821809457511','','tr_sh','tr_sh','2',null,'','0','0',9,'','','','','2013-05-02 10:58:17','2013-05-06 08:52:28','20130325105856997717730973100094','20130325105633721936330412684101');
insert into bd_operation(id,id_module,id_parent,name,nameI18n,code,operationDict,customTypeDict,url,openMode,datascopeFlag,num,icon,winHeight,winWidth,description,ft,lt,fu,lu) values('20130506102541410116552544875663','20130326093757042791253955709489','20130326100156872882821809457511','','tr_sbkt','tr_sbkt','2',null,'','0','0',10,'','','','','2013-05-06 10:25:41',null,'20130325105633721936330412684101',null);
/*tag1.0.2 end*/
/*tag1.0 start*/
/*==============================================================*/
/* Table: fi_wage                                               */
/*==============================================================*/
create table fi_wage (
   id                   char(32)             not null,
   id_teacher           char(32)             null,
   payDate              char(10)             null,
   total                int                  null,
   detail               text                 null,
   ft                   char(19)             null,
   lt                   char(19)             null,
   fu                   char(32)             null,
   lu                   char(32)             null
)
go

alter table fi_wage
   add constraint PK_FI_WAGE primary key nonclustered (id)
go

alter table fi_wage
   add constraint FK_FI_WAGE_REFERENCE_BD_TEACH foreign key (id_teacher)
      references bd_teacher (id)
go

insert into bd_module(id,name,nameI18n,code,num,deployFlag,ft,lt,fu,lu) values('20121015085922826707592361934822','','bd_module_fi','fi',null,'1','2012-10-15 08:59:22',null,'20120507134700000110225236178825',null);
insert into bd_operation(id,id_module,id_parent,name,nameI18n,code,operationDict,url,openMode,datascopeFlag,num,icon,winHeight,winWidth,description,ft,lt,fu,lu) values('20121015090244531817719388193489','20121015085922826707592361934822',null,'','bd_module_fi','fi','0','/fi/wage!index.action','0','0',1,'app-Wage','100%','100%','','2012-10-15 09:02:44','2012-10-16 16:26:07','20120507134700000110225236178825','20120507134700000110225236178825');
insert into bd_operation(id,id_module,id_parent,name,nameI18n,code,operationDict,url,openMode,datascopeFlag,num,icon,winHeight,winWidth,description,ft,lt,fu,lu) values('20121017174730600595508902768712','20121015085922826707592361934822','20121015090244531817719388193489','','fi_fbgz','fi_fbgz','2','/fi/wage!list.action','0','0',1,'','','','','2012-10-17 17:47:30',null,'20120507134700000110225236178825',null);
insert into bd_operation(id,id_module,id_parent,name,nameI18n,code,operationDict,url,openMode,datascopeFlag,num,icon,winHeight,winWidth,description,ft,lt,fu,lu) values('20121017174822274328293583317182','20121015085922826707592361934822','20121015090244531817719388193489','','fi_wdgz','fi_wdgz','2','/fi/myWage!list.action','0','0',2,'','','','','2012-10-17 17:48:22',null,'20120507134700000110225236178825',null);
/*tag1.0 end*/
/*tag1.1 start*/
alter table fi_wage add wageKind varchar(50);
/*tag1.1 end*/


/*tag1.0 start*/
/*==============================================================*/
/* Table: es_program                                            */
/*==============================================================*/
create table es_program (
   id                   char(32)             not null,
   id_user              char(32)             null,
   name                 varchar(50)          null,
   discription          varchar(200)         null,
   pkgId                varchar(100)         null,
   versionName          varchar(20)          null,
   versionNum           int                  null,
   iconId               char(32)             null,
   ft                   char(19)             null,
   lt                   char(19)             null,
   fu                   char(32)             null,
   lu                   char(32)             null
)
go

alter table es_program
   add constraint PK_ES_PROGRAM primary key nonclustered (id)
go
/*tag1.0 end*/

/*tag1.0 start*/
/*==============================================================*/
/* Table: mo_mood                                               */
/*==============================================================*/
create table mo_mood (
   id                   char(32)             not null,
   id_user              char(32)             null,
   note                 varchar(500)         null,
   loginTime            char(19)             null,
   loginStatus          char(1)              null,
   loginIp              char(15)             null,
   ft                   char(19)             null,
   lt                   char(19)             null,
   fu                   char(32)             null,
   lu                   char(32)             null
)
go

alter table mo_mood
   add constraint PK_MO_MOOD primary key nonclustered (id)
go

/*==============================================================*/
/* Table: mo_moodkind                                           */
/*==============================================================*/
create table mo_moodkind (
   id                   char(32)             not null,
   name                 varchar(20)          null,
   description          varchar(500)         null,
   ft                   char(19)             null,
   lt                   char(19)             null,
   fu                   char(32)             null,
   lu                   char(32)             null
)
go

alter table mo_moodkind
   add constraint PK_MO_MOODKIND primary key nonclustered (id)
go

/*==============================================================*/
/* Table: mo_moodmoodkind                                       */
/*==============================================================*/
create table mo_moodmoodkind (
   id_mood              char(32)             null,
   id_moodkind          char(32)             null
)
go

alter table mo_mood
   add constraint FK_MO_MOOD_REFERENCE_BD_USER foreign key (id_user)
      references bd_user (id)
go

alter table mo_moodmoodkind
   add constraint FK_SP_MOODMOODCATEGORY_SP_MOOD foreign key (id_mood)
      references mo_mood (id)
go

alter table mo_moodmoodkind
   add constraint FK_MOODMOODCATEG_MOODCATEG foreign key (id_moodkind)
      references mo_moodkind (id)
go

insert into bd_module(id,name,nameI18n,code,num,deployFlag,ft,lt,fu,lu) values('20120620172813369920105922727032','','bd_module_mo','mo',10,'1','2012-06-20 17:28:13',null,'20120507134700000110225236178825',null);
insert into bd_operation(id,id_module,id_parent,name,nameI18n,code,operationDict,url,openMode,datascopeFlag,num,icon,winHeight,winWidth,description,ft,lt,fu,lu) values('20120620171958638082253439131067','20120620172813369920105922727032',null,'','bd_operation_mo','mo','0','/mo/mood!index.action','0','1',0,'app-Mood','100%','100%','','2012-06-20 17:19:58','2012-07-25 10:31:48','20120507134700000110225236178825','20120507134700000110225236178825');
insert into bd_operation(id,id_module,id_parent,name,nameI18n,code,operationDict,url,openMode,datascopeFlag,num,icon,winHeight,winWidth,description,ft,lt,fu,lu) values('20120628135449713275379753459643','20120620172813369920105922727032',null,'Widget','bd_operation_mo_widget','123','1','/mo/mood!todayMoodWidget.action','0','1',0,'widget-mood','100','100','','2012-06-28 13:54:49','2012-07-25 10:32:13','20120507134700000110225236178825','20120507134700000110225236178825');
insert into bd_operation(id,id_module,id_parent,name,nameI18n,code,operationDict,url,openMode,datascopeFlag,num,icon,winHeight,winWidth,description,ft,lt,fu,lu) values('20120629110856110074363176844684','20120620172813369920105922727032','20120620171958638082253439131067','','mo_ssss','op_mo_type','2','','0','0',0,'','','','','2012-06-29 11:08:56',null,'20120507134700000110225236178825',null);
insert into bd_operation(id,id_module,id_parent,name,nameI18n,code,operationDict,url,openMode,datascopeFlag,num,icon,winHeight,winWidth,description,ft,lt,fu,lu) values('20120711085421918407344994090335','20120620172813369920105922727032','20120620171958638082253439131067','','mo_bb','op_mo_record','2','','0','0',1,'','','','','2012-07-11 08:54:21','2012-07-11 08:56:41','20120507134700000110225236178825','20120507134700000110225236178825');
insert into bd_operation(id,id_module,id_parent,name,nameI18n,code,operationDict,url,openMode,datascopeFlag,num,icon,winHeight,winWidth,description,ft,lt,fu,lu) values('20120711090419769525351565094921','20120620172813369920105922727032','20120620171958638082253439131067','','mo_cc','op_mo_today','2','','0','0',2,'','','','','2012-07-11 09:04:19',null,'20120507134700000110225236178825',null);
insert into bd_operation(id,id_module,id_parent,name,nameI18n,code,operationDict,url,openMode,datascopeFlag,num,icon,winHeight,winWidth,description,ft,lt,fu,lu) values('20120711090729732495663990064479','20120620172813369920105922727032','20120620171958638082253439131067','','mo_dd','op_mo_statistics','2','','0','0',3,'','','','','2012-07-11 09:07:29',null,'20120507134700000110225236178825',null);
/*tag1.0 end*/




